,0,1,2
TCACACCCAGGTGTGA-1-38_s3,1.1601497,-0.3445898,-0.73876023
TAGTGCATCACCGGTG-1-43_s3,-1.2576225,2.1485996,-0.40056044
TCGGGTGAGACATCCT-1-39_s3,1.3499482,-0.7836639,-0.8917511
GTCTAGACATCTCCCA-1-40_s3,7.653339,-0.39006633,-1.0195817
CTCACTGTCCTCTAAT-1-43_s3,-1.4387426,2.2954633,-0.050679803
TGAGGGAAGGCTAACG-1-36_s3,1.1548702,-0.17887156,-0.6982235
ACTACGAAGCCTGGAA-1-38_s3,7.8913336,-0.903199,-1.2058905
AAGTTCGAGCGATTCT-1-36_s3,8.413696,-0.3431819,-0.8137261
GTAGAAAGTCGATTTG-1-40_s3,8.84113,-0.49420005,-0.33503067
ATATCCTAGCGACATG-1-37_s3,1.0896816,-0.17281798,-0.6290157
TCGAACATCGCTGACG-1-36_s3,8.80719,-0.48565772,-0.8244152
TTAATCCGTGTTCGTA-1-40_s3,-0.6777129,2.7024384,0.14721103
GGTAACTGTGAGTTGG-1-36_s3,7.9116616,0.10314711,-1.5180054
CATCAAGAGTGATTCC-1-37_s3,1.9938903,-0.33667028,-0.9021826
GGAGATGGTACACGTT-1-39_s3,0.59148383,-0.57487833,-0.08382383
TGCACGGAGAGCCATG-1-41_s3,-2.995787,2.5121694,-0.65605605
ATTTACCGTGGCAGAT-1-43_s3,6.721977,-0.0022896081,-1.3309548
TGATGGTGTCATCAGT-1-41_s3,7.8396144,-0.027778588,-1.5240524
GTGAGCCCAGCGCTTG-1-38_s3,9.330578,-0.9669548,-1.457794
ACATGCATCTTACACT-1-38_s3,7.0370426,-1.1430924,0.95686877
GAGGGATCACGTCGGT-1-41_s3,5.581741,0.35817885,2.2760587
GGGTCTGTCACATCAG-1-37_s3,0.98105246,0.43108335,-0.74698335
CATTGCCAGCATGCAG-1-37_s3,-1.5089161,2.3310266,0.18916608
GATTTCTTCGCTTGCT-1-42_s3,-1.9855496,2.6554012,0.68078923
AATTCCTGTTGCATAC-1-42_s3,6.8088784,-0.09484489,-1.0181897
TGGAGAGTCGAAACAA-1-43_s3,7.630619,-0.3037433,-0.972606
TCATTACGTGGTAATA-1-40_s3,0.102631375,-0.50121737,-0.31903782
AATAGAGAGCTGTTCA-1-36_s3,8.745991,-0.12096423,0.02507236
CAAGCTACATAACGGG-1-38_s3,0.17493096,-0.23432119,0.24968453
CAACCTCTCATAGGCT-1-37_s3,8.239768,0.14293209,-1.414676
GATGATCGTAACAGGC-1-40_s3,0.9407763,-0.60501575,-0.623633
CTACATTGTTCGGGTC-1-40_s3,0.4355831,-0.10430955,-0.06607498
TTTCGATGTACCTAGT-1-40_s3,0.73898953,-0.69306856,-0.7700515
TGCGATACATGTCTAG-1-39_s3,0.14086069,-0.49316877,-0.16427214
GTGTGATCAAATGGTA-1-42_s3,7.321379,-1.0227609,0.45713338
GATTCTTGTGATATAG-1-37_s3,8.502356,-0.6864426,-1.6903447
TCAATCTGTACTGCCG-1-36_s3,0.3669024,0.13048217,-0.6105398
TATTGGGCAACAAGTA-1-42_s3,0.52265173,-0.13996193,-0.23995724
TTTAGTCAGTCACACT-1-41_s3,-0.4390838,-0.23684013,-0.57876277
AACAACCCAATCTCGA-1-38_s3,-0.9524491,2.85664,0.07760684
AGTCACATCAGGAACG-1-38_s3,0.5336094,0.28566012,-1.254564
CGGAATTTCTGCTAGA-1-37_s3,0.9807947,-0.32600734,-0.7166956
AGACCATGTCGTACTA-1-36_s3,0.022542968,-0.29889432,0.32262254
TGTGATGCACCTCTAC-1-36_s3,0.81735325,-0.23349623,-1.079782
GGAATGGAGACATATG-1-43_s3,9.02686,-1.0284255,-0.76092106
AGTCATGCAAGCGCTC-1-36_s3,-0.33966422,1.0725936,-0.10837995
TACGGGCGTTCTTAGG-1-42_s3,0.09281269,-0.038842715,-0.7314905
ACCCTTGTCCCTCATG-1-40_s3,1.1345919,-0.6505114,-0.4573252
CTATCCGAGCTACGTT-1-39_s3,-0.9590815,2.4081361,-0.12894021
GATCACATCGTGTGGC-1-38_s3,9.1765,-0.5893644,-1.1284282
TCTTGCGAGGGTGGGA-1-38_s3,5.6883893,0.06662828,-1.0395445
CTTGAGAGTACAACGG-1-39_s3,8.268679,-0.68069816,-1.1126554
TTTCGATTCGTCCTCA-1-36_s3,1.3809452,-0.1831267,-1.2121187
GGGACTCGTCACTGAT-1-38_s3,7.9404106,-0.27328163,0.011684351
GGAGGTAAGACCGCCT-1-40_s3,0.6004895,-0.49929518,0.6494293
CCGGGTATCGGACTGC-1-40_s3,-1.9839113,2.205679,1.1537267
CATTGAGGTATCCTTT-1-36_s3,0.8098585,-0.5004025,-0.31198072
GTACAGTCACAACGTT-1-40_s3,7.7297854,-0.0514607,-1.3653214
GGCACGTGTTCTCGCT-1-39_s3,-2.3373508,2.648742,-0.6646399
TCTCCGAAGGTCATCT-1-38_s3,0.24294543,-0.31384858,0.4762872
GAGTCTAAGAGCCTGA-1-42_s3,0.77690196,-0.46563518,-0.2799162
CAGCACGGTATGTGTC-1-40_s3,7.72984,-0.5959275,-0.52630335
CAATCGATCCTTTGAT-1-37_s3,6.416407,0.04997863,1.6337738
TCATGGAAGTAACGAT-1-41_s3,8.136355,-0.16885585,-0.8228566
GTTATGGGTCTTTCAT-1-39_s3,8.022915,-0.15381554,-1.3535607
TCTTCCTGTCCTCAGG-1-36_s3,5.761945,-0.2865539,2.113577
TACTTCACAAGTGTCT-1-40_s3,8.526421,-0.35089996,0.62777895
ATGCGATTCGTCTAAG-1-39_s3,0.9500841,-0.614783,0.40987614
GATGGAGCACGCAAAG-1-43_s3,0.29868478,-0.4094754,-0.5107769
CATCCACGTGACCGTC-1-43_s3,-0.579197,2.3879092,0.32839674
AGTTCGAAGGAACGCT-1-40_s3,0.34667528,-0.15699984,-0.055805042
GTGTAACGTAAGGTCG-1-41_s3,7.1717606,-0.43855402,-1.1400261
CAATTTCCAGGGACTA-1-38_s3,-1.519406,1.944972,0.21592742
GTAGTACAGACACACG-1-43_s3,-1.6927243,2.3474615,-0.8564774
CAGGGCTCACGACCTG-1-42_s3,7.9426517,0.27176586,-0.66309017
TCCAGAACATGCAGGA-1-41_s3,7.698873,-0.47235632,-0.6934957
CGGGACTGTCCTGAAT-1-37_s3,-1.7248771,2.3700159,0.13652201
GGGCTCACAAGAGTGC-1-38_s3,1.036866,-0.4385698,-0.9948645
CCAATGACAAGCCATT-1-38_s3,-2.2528536,2.2565386,0.009202704
ATCACAGTCCGGACGT-1-37_s3,5.4523,-0.30191475,2.792115
GTGTGGCAGTGTTCAC-1-37_s3,6.203258,-0.8766628,1.7279094
CCAATTTTCATTCATC-1-40_s3,-0.052289438,-0.38553458,-0.50438493
GAAGCCCCATAGACTC-1-38_s3,-1.5877802,2.9997835,0.03689491
ACCAAACGTCGTGATT-1-42_s3,3.7737048,0.1764018,-0.44381732
TGTCCCAAGGTAACTA-1-40_s3,0.608273,-0.26471516,-0.088411085
CGACAGCAGGCACAAC-1-42_s3,-0.09865037,2.072657,0.552129
ACAAAGACATGCCGAC-1-37_s3,8.590819,-0.51546663,-1.2732967
GGATGTTTCCGTGCGA-1-39_s3,0.50457084,-0.55983645,-1.2489665
TACAACGGTACCTTCC-1-43_s3,6.769196,-0.52017707,-0.7481701
TCCTAATGTCACTCAA-1-42_s3,0.15009779,-0.18219778,-0.3312962
GTCACGGTCTGTAACG-1-39_s3,0.110303946,0.034291364,-0.719411
ATCAGGTGTCCGAAAG-1-43_s3,0.8147633,-0.3374208,-0.24746145
CGCCAGATCCCTTGGT-1-41_s3,-1.3620082,2.63225,0.9254496
TTGTTCAGTTCGCGTG-1-36_s3,1.1812437,-0.636153,-0.96052015
TAAGTCGAGGCGCTCT-1-42_s3,7.5394564,-0.23862879,-1.0188912
CTCATGCAGTAAACAC-1-37_s3,9.111568,-1.0160741,-1.1827294
GTCAAACGTAGCGTTT-1-39_s3,-2.17636,3.3846607,0.8585194
GTTTACTCATCCGGCA-1-42_s3,0.23385486,-0.030954741,-0.5561354
TCCGATCGTTCTCTAT-1-37_s3,0.12913209,0.012711439,-0.82148176
CCTACGTGTATCACGT-1-42_s3,0.31484833,-0.70497525,-0.6193567
TGGTTAGAGGTCGTAG-1-40_s3,0.7826512,-0.09891997,0.050600402
GCGATCGAGAGCCTGA-1-41_s3,-1.6443642,1.013932,-0.15396269
GACGCTGGTGCTGCAC-1-42_s3,-0.01920621,0.06701201,-0.3538234
GCACGGTTCACATACG-1-39_s3,6.6003203,0.06567006,0.1747085
ACTGCAACAACATCGT-1-41_s3,0.28075695,-0.53829384,0.111394614
GGCTGTGTCCAAGAGG-1-41_s3,6.884569,-0.2395568,-0.4762258
TCTATACAGAGCAACC-1-39_s3,8.443211,-0.17783776,-0.7576653
CACTTCGTCTGCGGCA-1-39_s3,0.5707189,-0.27739802,-1.1606729
CAGTGCGTCCGTGCGA-1-36_s3,8.41281,-0.15247574,-1.1759198
AGACCCGTCGACCACG-1-43_s3,0.8067026,-0.4130871,-1.1841298
AACGTCATCCTAGCCT-1-43_s3,-0.75611633,1.7492377,-0.027428027
TATTGCTGTCGAAGCA-1-42_s3,8.329733,0.0076068565,-0.5606084
GGGACAACAGTGCGCT-1-41_s3,0.949185,-0.6569555,0.19738163
TTTAGTCCATTAGGAA-1-43_s3,1.6618885,-0.6486198,-0.31847158
ACCAACAAGGAAGTCC-1-38_s3,8.126143,-0.32877547,-1.2570577
TCGGATAAGCAGCCTC-1-42_s3,7.242368,-0.26782283,-1.2341821
GGTTAACAGGGCAGTT-1-41_s3,0.6079771,-0.104811944,-0.73172545
CTTAGGAAGCGCATCC-1-36_s3,1.1677644,-0.0024577677,-2.0417542
CTGCCTAAGCTGAGTG-1-38_s3,-2.684089,3.278915,-0.4150479
TTGTGGATCAGGGTAG-1-36_s3,0.15046519,-0.45117512,0.4326199
AGTAGCTTCGTCACCT-1-37_s3,0.9861641,-0.14016065,-0.29523915
CCTTGTGGTATCATGC-1-43_s3,0.4383463,0.12611477,0.13004431
TGCATGAAGACGAAGA-1-37_s3,8.446032,-0.25975215,-1.473739
GTCCACTTCTTAGCAG-1-40_s3,0.28643626,-0.5278299,-0.15920942
TACCGAAGTCACGTGC-1-42_s3,-0.18325922,-0.2555885,0.46742606
TACTTGTCAGACCTAT-1-37_s3,6.901328,-0.93661714,-0.5669205
TTTACCATCCACAAGT-1-39_s3,-1.6301904,2.322971,-0.7532605
GTAGAAAGTCTTGCGG-1-41_s3,-2.272711,3.5173228,-0.04419218
TGTCCTGTCCACAGCG-1-36_s3,0.7630848,-0.52225566,0.049401507
TAGCACAGTCGCGTTG-1-38_s3,0.64953077,-0.38317466,-0.08335783
ACAAAGACACCCTAGG-1-36_s3,1.440245,-0.25942025,-0.6272583
TCGTGCTAGGAATGTT-1-40_s3,6.301833,0.24476624,-0.22281338
GATGATCGTCCGTACG-1-41_s3,0.33936897,-0.6950248,0.06908906
TGGAGAGAGCGTGCCT-1-43_s3,7.561562,-0.45798314,-0.6660142
TTCTAACCAACCACAT-1-39_s3,1.7443004,-0.29121065,-0.4758224
TACGGGCGTCACAGTT-1-40_s3,7.188402,-0.5233542,-0.9080885
CCTCCTCTCTTAGCTT-1-39_s3,8.063314,-0.16669215,-0.34689054
TTGAACGGTCCCTGTT-1-40_s3,0.39087698,-0.5537255,0.21273153
ATCGTAGGTGCATTTG-1-38_s3,7.9829607,-0.3359613,-0.93634486
TTCTGTACAGGGAATC-1-40_s3,0.15936731,-0.51938623,-0.62005806
TCGTGGGCAAGTAGTA-1-36_s3,0.7593806,-0.5259757,-0.79344547
TACCGAAAGGGTACGT-1-40_s3,0.8514422,-0.1976156,0.39899725
GACGCTGCACAAGCTT-1-40_s3,0.29586047,-0.42483503,-0.26611894
AAATGGAAGGGACAGG-1-42_s3,0.8116217,-0.01709202,-1.3865923
TCTGTCGTCGACGATT-1-38_s3,0.17920753,-0.44123045,-0.009857921
GTCGAATGTGAATGAT-1-38_s3,-1.7069515,3.402742,-0.21187858
GTGAGCCTCGCTTTAT-1-43_s3,0.87044895,-0.90858006,-0.26873928
GAGGGTAAGGAATGTT-1-36_s3,0.95744574,-0.36662942,-0.09246115
TGGGCTGAGGGAGATA-1-41_s3,8.902558,-1.1481037,-0.78663003
GGTGTCGTCCAGCCTT-1-36_s3,7.5797067,-0.5902151,-0.9604395
CCTCCTCAGGTATAGT-1-43_s3,0.67128617,-0.17415786,-0.34045488
TTCAGGATCCAACTGA-1-38_s3,7.90718,-0.39704454,-0.5217182
CTCTCAGAGCCGTTGC-1-39_s3,8.307075,-0.4959414,-1.6427119
CGTAATGTCCCATTCG-1-36_s3,-0.92863417,2.7033134,-0.76832765
GAGACTTAGAGTAACT-1-36_s3,1.4657322,-0.6126959,-1.4586028
CCATAAGAGGCAGTCA-1-37_s3,0.73777866,0.21380453,-0.48679015
ATTCAGGCACCAACAT-1-37_s3,0.21104291,-0.57561713,0.0031813625
GCCGTGACATGTTCGA-1-43_s3,7.69945,-0.7198164,-1.7699649
ACACAGTGTGCGAGTA-1-40_s3,7.268556,0.41462106,-1.0130597
TGAGTCATCTTCGTGC-1-38_s3,-0.45785806,0.1505637,0.45768452
CAACGATCAGCAGGAT-1-40_s3,8.1778145,-0.17959255,-1.2053815
CCGGACAAGGTGCAGT-1-43_s3,0.6920991,-0.33283773,-0.6544319
GTCTCACTCGCAACAT-1-40_s3,0.22957364,-0.29642236,0.043241546
TCCATGCTCGTGGGTC-1-39_s3,-0.26043296,-0.34735847,-0.31299925
TTCGATTCACGACGCT-1-41_s3,7.2100554,-0.2962548,-0.7944969
TGGTGATAGCACGGAT-1-36_s3,0.054658167,-0.50451446,-0.037532076
AGACCATAGGGAGGTG-1-43_s3,-1.2446152,2.449228,-0.17662185
CGGAACCGTTGCACGC-1-42_s3,6.520331,-1.6420544,0.4046873
AGTCTCCCAGACAAGC-1-36_s3,0.92189413,-0.9078109,-0.26515466
GGATCTACATAACAGA-1-36_s3,-2.1105232,3.3334093,1.0274755
CTAGACACATCCTGTC-1-40_s3,-1.2859156,2.9651742,-0.10704102
GGGTATTAGCCTCACG-1-42_s3,7.8968344,-0.33003134,-1.5588995
GCGTTTCTCAGTCATG-1-40_s3,-0.03713481,0.033575922,-0.588438
TACTTACCAAATCGGG-1-38_s3,7.990467,-0.5858382,-1.2444773
TTGCCTGGTCGCATGC-1-40_s3,-1.2659688,2.3813136,-0.4056758
TCAGCCTTCAACCCGG-1-42_s3,-2.4224787,2.1234725,0.24009314
AAGTTCGCACGTATAC-1-38_s3,0.58185005,-0.40639073,-0.80917007
CAATTTCCAGAAATCA-1-38_s3,8.638523,-0.1466557,-0.86881846
CCTTGTGCAGCCATTA-1-41_s3,0.5241088,-0.37576947,0.29148975
AGACCCGTCGTTGCCT-1-40_s3,7.251815,0.14067203,-1.225892
TGCTCGTAGACATATG-1-42_s3,0.9868073,-1.1588572,-0.60324943
TTCGGTCTCAGCCTCT-1-37_s3,7.1766496,-1.1420765,-1.0656967
AACGAAATCGCTGACG-1-43_s3,0.52928346,-0.3127713,0.7670998
ATGAGTCTCCTAAACG-1-37_s3,7.8892016,-0.066767134,-1.7011731
CACTGGGAGCTGCCTG-1-38_s3,7.7877874,-0.21072897,-1.2949253
GAACTGTAGTAACCTC-1-43_s3,-1.3282062,2.531277,-0.4593892
TGATGGTCACACCGAC-1-37_s3,-0.7117176,0.9035651,1.2920793
AGTACCAGTACAATAG-1-41_s3,8.351848,-0.25524107,-0.7290228
AGTTCCCAGGCTAACG-1-41_s3,8.347547,-0.15247282,0.54140234
CGAAGTTCAATTTCCT-1-41_s3,0.6667061,-0.4397937,-0.09496295
CTGTACCTCTAGGAAA-1-43_s3,-1.9501777,2.1529782,0.08591665
CATAAGCGTCACAATC-1-37_s3,0.77318245,-0.15900566,-0.14587297
GCACGTGGTACAGTAA-1-42_s3,6.8530107,0.77611226,-1.3891656
GGTTAACGTCTACAAC-1-42_s3,8.255953,-0.25660884,-1.6131546
AGTGCCGAGCCTCAGC-1-36_s3,-0.36615232,2.1109204,1.6019187
ACAGGGACAGCAAGAC-1-37_s3,0.17685796,-0.1759949,-0.17294173
TTGTTCACAAATGATG-1-36_s3,0.6995675,-0.7840823,0.45645747
GGAACCCAGTTGCGCC-1-36_s3,0.9141608,-0.63277066,0.0016080998
TATTCCATCCAATCTT-1-42_s3,-1.5231816,2.5442283,-0.06242408
AGGCATTCAGAGAAAG-1-43_s3,8.144943,0.010214835,-0.6733959
GAGTCATCATTGACCA-1-40_s3,-0.51419455,-0.32012618,-0.18157408
GGAGGTAAGAGCATAT-1-43_s3,0.19645062,2.50814,-0.37279585
TTGACCCGTCGTTGCG-1-38_s3,-1.3461868,2.2328184,-1.1255528
CTGTCGTTCGCCGAAC-1-40_s3,1.8144814,-0.94347924,-0.4405639
AATCGACTCATCTGTT-1-39_s3,1.4538594,-0.13569999,0.7057775
GAGCTGCTCGAGAGAC-1-41_s3,0.27274635,-0.66478777,0.056093324
ACTGTCCAGATGAACT-1-36_s3,8.266696,-0.6751151,-0.84143656
GTCTGTCCACCGTCTT-1-39_s3,0.74963194,-0.22436926,-0.19751246
TGGTGATAGGCTAGCA-1-40_s3,0.25621152,-0.024096731,-0.16801412
CATCAAGAGTTCTCTT-1-38_s3,-2.9129903,2.959291,-0.1332866
TTCCTTCAGTCAGAGC-1-40_s3,7.202142,-0.96891016,-0.6693541
CATTCATAGCACCGAA-1-42_s3,-0.4078079,-0.27944356,0.284707
TCGGGCAGTAATTAGG-1-36_s3,0.8449051,-0.18297988,-0.5439024
GTTACAGGTCGCCACA-1-37_s3,0.9036445,-0.6552024,-0.60054916
GTCTAGATCAGTGTTG-1-38_s3,8.5683,-0.47065035,-0.3583453
AGGGTCCTCGCGTGAC-1-37_s3,0.3718278,-0.7401383,-0.73014677
GCCGATGCATCCTTGC-1-41_s3,8.230944,0.15652876,-0.3426771
CAATACGGTTTGGAAA-1-42_s3,-0.09892602,-0.26554477,0.4454456
CCTCATGAGATACGAT-1-43_s3,0.5769959,-0.088170245,0.29487175
CTTAGGACACAATGCT-1-37_s3,1.5637554,-0.4616282,0.06780499
TCTATACAGGTCTACT-1-36_s3,8.284885,-0.32063982,-0.80892205
CATGGTAGTATTAAGG-1-36_s3,1.6763572,-0.007853985,-1.1316617
GAATCACCAAGTCCCG-1-41_s3,1.042279,-0.45113137,0.27146798
ACACGCGAGTAGCATA-1-36_s3,8.675554,-0.06778768,-1.0964224
GACCTTCAGCACTAGG-1-36_s3,-1.6061056,2.6145353,-0.62085533
CTGAGGCCAACAGTGG-1-43_s3,8.791147,-0.36297056,-0.9601371
GAGTTTGTCCCAACTC-1-36_s3,7.826371,-0.8158271,-1.1213154
TGAGACTCACAGTCAT-1-42_s3,0.6991737,0.15352511,-0.19500375
TCATCATAGTATGAGT-1-36_s3,-0.7096226,2.652054,1.2550598
GAGCTGCGTATGAGAT-1-42_s3,1.115269,-0.28024137,-0.7790018
TGGGAAGGTGCCTACG-1-39_s3,8.0358,-0.63979083,-0.8692777
TGAACGTAGCCAAGCA-1-37_s3,7.796992,-0.2858035,0.02625477
TTCATGTTCGCGGACT-1-43_s3,0.8074371,-0.45969206,0.52922624
CTCCAACAGGTCCCTG-1-43_s3,-1.7945591,2.9599369,0.5449999
TGTGTGAAGTAACCTC-1-41_s3,8.404917,-0.2974334,-1.0976336
CAGATTGCATACAGCT-1-43_s3,8.105764,-0.107615545,-1.0741961
CGTAAGTTCTTCTGGC-1-37_s3,0.8392574,-0.42042053,-0.39200997
CAACCAACATGAGATA-1-42_s3,7.9458647,-0.790431,-0.6460495
AGAGAATCAGCTGTGC-1-43_s3,0.1706443,-0.24924757,-0.5691866
TCATACTGTGGCAGAT-1-36_s3,8.009927,-0.7010645,-1.0568832
CCAATGAGTCGATTAC-1-40_s3,0.54516804,-0.11367257,-0.10458576
CAACGATTCTAGTCAG-1-41_s3,-1.149134,2.502746,0.8097635
TTCTAACGTAAGATAC-1-39_s3,0.06258998,-0.6794687,-0.9705005
GGACGTCTCGAGTGGA-1-40_s3,0.6165312,0.3118262,-0.44772872
GTTACAGTCGCTAAAC-1-42_s3,-1.5102761,2.8039973,0.8453852
CTATCCGAGTTGTAAG-1-37_s3,-0.4207074,2.0724018,0.08320446
TAGGTACTCTGCATAG-1-43_s3,0.9919877,-0.258548,-0.005811693
ACATGCAGTTGACTGT-1-40_s3,0.17331395,-0.6409159,-1.1038952
TCTAACTCAGGTTCCG-1-40_s3,0.36384434,-0.628531,0.27044544
TCACGCTCAGCTACAT-1-42_s3,8.462233,-0.5937001,-1.0982726
TCACTATTCTATTTCG-1-40_s3,-0.008342564,-0.49680054,0.28639323
ATTATCCTCTGCCTCA-1-41_s3,8.656472,-1.031859,-0.7825815
GAGGCAAGTACTCGAT-1-40_s3,0.3364228,-0.24743158,-0.5890162
CGAGGCTGTGCTGATT-1-42_s3,8.364999,-0.87678075,-1.2262781
GAAGAATAGCCTTTGA-1-42_s3,0.3918774,-0.48032933,-0.3588142
TCGCTCATCGCAACAT-1-37_s3,0.90860695,-0.32925335,-0.25955504
GAACACTTCTTGTTAC-1-38_s3,0.81766397,-0.441872,0.7071297
CCGGACAAGCCTGTCG-1-37_s3,7.889755,-0.14575452,-1.0224915
TAGAGTCAGAGTGTGC-1-37_s3,0.4931864,-0.27687973,-0.098225646
GACTCTCAGAATCGCG-1-38_s3,-1.6203563,2.4077094,0.8518018
GTGTTAGTCAAGTGTC-1-36_s3,-1.0027509,3.2459986,-0.2696048
AAAGGGCGTTAGTTCG-1-42_s3,0.019130107,-0.5172726,0.621917
TTGTGTTGTTTATGCG-1-38_s3,-2.117754,1.9249947,0.28989106
GAGGGTACAGAGTCTT-1-39_s3,0.62044793,-0.30262363,-0.32741117
CTCAGAATCCTAAGTG-1-37_s3,-0.52640355,2.855646,-0.2725648
ACCTACCTCCTGCTAC-1-39_s3,0.17327154,-0.4620212,0.2085405
ATTTCACAGGATACAT-1-36_s3,0.6784558,-0.27035475,-0.13163908
CAACGGCTCGACCAAT-1-41_s3,7.5267687,0.15027322,-1.1002064
ATTTACCCATCATTGG-1-41_s3,-1.3129901,2.902403,0.9125361
CATCCCAAGCATGCGA-1-42_s3,6.9257927,-0.6275937,-1.1021401
TTGAACGGTATTGGCT-1-37_s3,0.75186443,-0.49560374,0.2145621
ATTCGTTCAGCTATAC-1-37_s3,0.0032295622,-0.2682208,-1.0152024
GAAGGACAGGACTATA-1-41_s3,-1.6716703,2.2949004,-0.29694396
TGAACGTTCATTCCTA-1-37_s3,7.4884233,-0.35612404,-1.1406788
CATCCACAGGTTGGAC-1-40_s3,-1.5058181,2.1113353,-0.3617571
CTCAACCTCCGAGGCT-1-37_s3,-2.1981645,2.571525,0.74172026
CATCGCTTCAATCTCT-1-41_s3,8.33277,-0.36518437,-0.02677942
ATTCCCGAGGATACAT-1-40_s3,0.46890977,-0.32345435,-0.6535564
TTCCTCTAGGTCTTTG-1-36_s3,8.144424,-0.21045312,-1.3878759
GTAGGAGGTGACATCT-1-38_s3,0.9447062,-0.5242254,-0.3964791
GGGAAGTCAAGAGGCT-1-41_s3,0.054487567,0.0058640465,-0.5677026
CAGCCAGGTATACAGA-1-38_s3,8.124388,-0.18140802,-2.1156445
CCGTTCAGTCTTCCGT-1-36_s3,0.51297563,-0.44305533,-1.0022985
CGATGCGCAAATACGA-1-42_s3,7.322489,-0.36292237,-0.62935746
CTATCTAGTCGGCCTA-1-37_s3,0.5973553,-0.43232206,-0.74845904
GCACATAGTTGGACTT-1-43_s3,6.749703,-0.8572688,-0.3866075
CCCATTGAGACCTCCG-1-38_s3,0.118905604,-0.4363371,-0.8630493
ATGATCGAGAGGTCGT-1-37_s3,0.3906019,-0.6571691,0.39827532
CTCCTCCCAGTCCCGA-1-37_s3,7.2087216,-0.85114413,-1.0273567
AGTAACCAGTAGCAAT-1-41_s3,8.927578,-0.062876746,-1.5188228
ACAAAGAAGGAACGAA-1-42_s3,7.475004,-0.20659228,-0.5017343
CAATGACAGCAAATCA-1-39_s3,0.9477464,-0.7360257,-0.8622371
ACCAAACTCTGGACTA-1-39_s3,8.207792,-0.70919305,-0.75417024
GTAACCAAGTATTCCG-1-37_s3,0.9079901,-0.6270788,-0.50221854
TCTGCCAGTTGCATAC-1-40_s3,-2.578156,3.080886,0.18687695
AGATGAAGTCGTCTCT-1-37_s3,8.192808,-0.056126073,-1.0291106
GACATCAAGGCTCACC-1-39_s3,0.31319228,-0.031661794,-0.7205794
CCTCACAGTGTGCCTG-1-40_s3,7.547311,-0.066766165,-1.2886404
GTGCACGAGTCTTCGA-1-41_s3,0.4146922,-0.496265,-0.5552276
TACCTCGCAACTGTGT-1-36_s3,-1.456579,2.47848,0.20249285
TCCTCTTCAGACAAAT-1-43_s3,8.13727,-0.64702433,-1.0338699
AATCGACTCGAACCAT-1-39_s3,0.09114101,-0.5564545,-0.3191053
AGATCCATCCCGTTGT-1-37_s3,7.347285,-0.051769488,-0.4757938
TAACACGTCTCGCAGG-1-43_s3,-0.22386593,-0.05453743,-0.14234607
AAGGTAATCTGTGCAA-1-40_s3,8.611981,-0.73789227,-1.0698452
GGTGTCGGTACGACAG-1-39_s3,-2.4155943,2.9690034,-0.9684823
AGTCAACGTATGCGTT-1-42_s3,6.702302,-0.42237115,0.7345595
CATTCTAGTTCGGCCA-1-41_s3,8.60448,-0.1327865,-1.3847696
GGTGTCGGTATGTCAC-1-40_s3,0.2612644,-0.3693054,-0.13837525
TTGAGTGTCTGCTAGA-1-41_s3,-1.5253754,2.0819247,1.277608
AGTACTGTCAGACATC-1-41_s3,0.8800367,-0.3250008,-0.7543179
GACACGCAGTCGTCTA-1-41_s3,0.85223,-0.44274375,-0.20274055
AGCCAATAGATAGGGA-1-37_s3,8.510751,0.0275466,0.6393237
AACCATGGTCTGTGAT-1-40_s3,-1.736808,2.8145423,0.23776144
TTGCCTGGTCGCATCG-1-36_s3,7.830227,-0.5487895,-1.7255663
ATCGGATCACGACAGA-1-42_s3,-2.315846,3.1079638,0.2229935
TGAGGGAAGTAGACAT-1-42_s3,-2.3526452,2.7651274,0.3807351
ACGGTTAAGCCTCAAT-1-40_s3,-2.1721654,2.5142722,0.4781954
GAGTTACGTCCTGTTC-1-38_s3,0.029394716,0.02408792,0.09341179
CTCAAGATCAACTCTT-1-41_s3,7.671429,-0.6051012,-1.2051295
GCAACATAGGAGGGTG-1-43_s3,0.7996395,-0.5655684,0.22517908
CATGAGTTCGGAGTGA-1-38_s3,7.8628707,-0.70645976,-1.1702776
TCCGATCGTGGCTGCT-1-36_s3,8.208029,-0.36923727,-0.84256244
AGTCACAAGAAGTCTA-1-43_s3,7.83829,-0.6330928,-0.93189335
TTACGTTGTATGTCTG-1-39_s3,0.41427347,0.3303334,-0.030073484
CACTGGGTCCTTACCG-1-43_s3,0.3931246,-0.12947588,-0.5796107
AGAACAAGTGTATTCG-1-42_s3,-1.1611471,2.868062,0.31183285
GTGAGTTAGTCAATCC-1-42_s3,-0.21115541,0.08109704,-0.7979321
GCCAGTGCACCCATAA-1-38_s3,-2.5774124,2.7532175,0.16172552
TTTGATCTCATGTCAG-1-36_s3,0.61804044,-0.7637982,-0.44372135
CCTAAGAAGAATTGCA-1-39_s3,0.9242532,-0.377415,-0.27160996
CCCGAAGGTTAGGGAC-1-41_s3,0.8097809,-0.59868,-0.4745421
GTCTAGATCTCCGCAT-1-38_s3,8.753229,-0.9545464,-0.9715797
TGATGGTCACGACAGA-1-43_s3,8.5081,-0.0051923245,-1.0232836
TGTCCCAAGACGTCCC-1-39_s3,7.805225,-0.3131678,-0.835281
AGGCATTAGTTGGCTT-1-41_s3,0.24399377,-0.5392625,0.063752025
ACCATTTTCCAAGAGG-1-38_s3,7.0658655,-0.3848425,-0.8526231
ATTGGGTGTGCATTAC-1-41_s3,0.68240005,0.093554005,-0.08326267
GTAACCAGTAGGTAGC-1-43_s3,7.138575,0.30212104,-1.1782318
CTCATTAAGAGACAAG-1-36_s3,0.87576455,-0.4651525,0.14628582
TTCATTGTCCCAATAG-1-43_s3,8.025246,-0.22209693,-1.3006983
GTCTAGAAGATGTTAG-1-41_s3,2.1243575,-0.12637869,-0.41428778
AACAACCAGTACAGAT-1-41_s3,0.110258006,0.38907707,-0.5366907
CGAAGTTTCTCTATAC-1-42_s3,0.9072304,-0.4988778,-0.5168554
TCTGCCAAGAGCAGAA-1-36_s3,0.6394755,-0.27942815,-0.47149742
TGACCCTGTGCCCGTA-1-38_s3,-3.133443,2.859039,0.92947304
AGGATAATCTCCTGAC-1-40_s3,8.123569,-0.32582164,-1.2883749
TGGATCAGTTCAAAGA-1-37_s3,-1.4386382,2.218577,-0.55896664
ACTGTCCGTCCGATCG-1-36_s3,0.7217079,-0.63806117,0.19134259
ACCAAACAGACCAAAT-1-38_s3,0.7459629,-0.26076987,-0.21707352
CGTAAGTAGATAGCAT-1-40_s3,5.1839705,-0.7148649,-0.9099994
TGAGGGAGTGGGCTCT-1-36_s3,8.441441,-0.9467146,-1.0322148
TGTGAGTAGAGAGTTT-1-41_s3,6.9974465,-0.64196384,-1.0729277
AGCGCTGGTACAAACA-1-40_s3,-0.043331016,-0.7175954,-0.112638265
ACATCCCCAGGCGTTC-1-42_s3,-0.83127016,0.1322968,-0.6137134
CAGCCAGTCTTACGGA-1-42_s3,-0.041388858,-0.1666283,0.33843857
CTTGAGATCCTTCTTC-1-41_s3,8.775547,-0.1546603,-1.6027446
CCACTTGTCCACGTGG-1-37_s3,0.024893917,-0.26077473,-0.62389046
GGATGTTAGACCTCCG-1-42_s3,8.130698,0.33290803,-1.0609771
AACAGGGTCCCTCTTT-1-37_s3,5.9079304,-0.29808885,0.067247316
CACTGGGCAGGTTACT-1-41_s3,-1.9078825,2.1632338,-0.55701053
AAGCCATCAGGACTTT-1-43_s3,1.0061349,-0.3518424,-0.4582997
TAGACCATCTAACGGT-1-37_s3,6.341806,-0.48391923,-1.283121
TGTAAGCCATAACCCA-1-42_s3,7.3428907,-0.26136112,1.5519953
TCTCACGTCGCGGACT-1-43_s3,8.49486,0.20087384,-1.2539345
TTCCGTGGTCTTGAAC-1-42_s3,0.4132357,-0.34447253,-0.5285312
AACAACCAGACTTAAG-1-43_s3,0.71679974,-0.28322893,-0.26181766
GCTTCACGTATCTCGA-1-38_s3,7.181194,-0.77516615,-1.1235056
CCACAAAGTGCTCTTC-1-43_s3,8.128799,-0.56860167,-1.6549833
GCTACCTAGGGTCTTT-1-42_s3,0.24158566,-0.39910495,-0.27369112
TTCACGCTCGCAGAGA-1-39_s3,0.51407254,-0.7400388,0.107744075
CACAGGCCAAATCAGA-1-37_s3,1.5262669,-0.38566747,-1.0691628
TTTACCAGTGCCTTCT-1-39_s3,7.185071,-0.027164891,-1.4847443
ATCGTAGCACGATAGG-1-41_s3,7.8948975,-0.85990816,-1.4607381
GTGAGCCCAAAGCAAT-1-43_s3,-2.444366,2.5073757,0.34153894
GCTTCACCACAACGAG-1-39_s3,1.088587,-0.5817892,0.15941107
ATCTTCATCTGCACCT-1-42_s3,0.5029738,-0.45958573,-0.23481181
ATTACCTGTATAATGG-1-37_s3,1.41356,0.13758165,-0.69457775
AGCGCCAAGTCGAAGC-1-39_s3,0.24611485,-0.34660327,0.052780047
GGTGGCTAGTTCATGC-1-43_s3,8.130331,-1.00137,-1.127118
TTACCATGTGTTACAC-1-43_s3,-2.221099,2.8996713,1.0321437
GGCTTTCAGCTCCATA-1-36_s3,8.186144,-0.7770027,-1.3958254
CACGAATAGTACCATC-1-36_s3,0.8124841,-0.79362655,-0.17389335
GGTTCTCTCGCTATTT-1-36_s3,-1.1480973,2.3817804,-0.35535416
ATTCCATAGTTTCTTC-1-40_s3,1.0142063,-0.4086902,0.3387954
AGTCACACATAACAGA-1-43_s3,-1.2887157,2.83202,0.33524704
AAGTTCGAGAATCGCG-1-39_s3,0.5468644,-0.4975449,-0.7808359
TCTCACGAGTGTACAA-1-43_s3,7.936724,-0.29148874,-0.7662922
CGGACACCAAAGTGTA-1-42_s3,-2.1198912,2.192853,1.0828589
ATCGTGAAGAGCAAGA-1-36_s3,0.32282338,-0.36846858,-1.2233249
TCTCAGCGTCGAATTC-1-42_s3,8.545765,-0.20837864,-0.3704666
CTCCCTCTCTGCTCTG-1-41_s3,-0.4677512,-0.31261152,0.094709724
GACTCTCTCTCGCTCA-1-39_s3,0.37430236,-0.48164806,-0.38550526
CATACAGGTTAAGGAT-1-39_s3,5.0068564,0.8062365,1.9214554
AGTCTCCAGTAGGCCA-1-37_s3,-1.2664626,2.5693038,0.5837382
ACCAACAAGTCCCAGC-1-40_s3,0.74642086,0.10025678,0.9314142
ACACCAAGTCTTGCGG-1-37_s3,-0.53240746,2.6350253,1.0529511
CTGGTCTAGCTCTGTA-1-37_s3,0.72744036,-0.4638497,-0.058729142
ACTTCCGCAAGAGTAT-1-43_s3,4.9873343,0.063876465,1.8564758
TACGCTCTCGTGGCGT-1-40_s3,0.69177663,1.7348446,-0.47946894
CAGTTCCAGGAGAGTA-1-43_s3,0.4963704,-0.20934868,-0.50715965
GACTGATGTCGTCTCT-1-43_s3,-1.382351,2.5745163,-0.13884363
GTCAAACCACGACAAG-1-43_s3,0.7761358,-0.6997398,-1.3192616
GGAGGTACATGGATCT-1-36_s3,-0.6660583,2.3068817,0.4544504
GGTAATCGTCCACTCT-1-42_s3,0.12962669,-0.2112078,-0.35787237
TCTCTGGAGCAATAAC-1-42_s3,0.4814845,0.00584431,0.7038453
ACGTAACTCGAAGCAG-1-36_s3,-1.5380968,2.6791248,1.4435896
TTGAGTGAGCAATAGT-1-42_s3,0.39516243,-0.37579164,-0.43372464
TCAGTCCCAGCCGTCA-1-36_s3,6.0149336,-0.43913287,1.8441272
GTCACGGGTGTCCATA-1-40_s3,-1.5382711,1.9405845,-0.32462722
GTCAAGTCACTCCGGA-1-42_s3,4.938034,-0.26539478,1.942009
CTTCAATCACCGTGGT-1-36_s3,0.17527208,-0.16709574,-0.17763653
ATGGGAGCAGGAATCG-1-36_s3,0.0754906,-0.20099255,-0.28918853
GAAGGGTAGTAGAGTT-1-39_s3,1.0949991,-0.7935577,0.0029019043
TCATGAGCATCTATCT-1-39_s3,1.0072421,-0.23148218,0.48684987
TACCCACAGGCCGCTT-1-40_s3,-2.6486208,3.1025758,0.23143438
GGATCTATCACCATCC-1-38_s3,8.1035,-1.3101599,-1.3926623
GTCGTTCGTGATTGGG-1-41_s3,7.768114,-0.56718266,-0.63708043
CCTCAACAGCTCCGAC-1-40_s3,7.4702134,-0.2110177,-1.3864506
TTCCACGTCGACATCA-1-39_s3,0.47600046,-0.9375511,-0.109261386
TTTACCACATGATCTG-1-40_s3,1.1364279,-0.5531243,0.10644401
CCTTCAGGTAGACACG-1-43_s3,0.7422677,-0.1534817,-0.097112894
CATCGCTAGCGTATAA-1-37_s3,8.352425,-0.6791171,-0.48373476
TTCCACGCACTCCGAG-1-36_s3,1.6546223,-0.75569147,-0.019195424
AAAGGGCTCCTTTGAT-1-36_s3,1.2319306,-0.62164736,-0.6406952
AGGGTCCTCAAGTGTC-1-40_s3,0.5054125,-0.012829557,-0.60919493
AAGTACCAGGCAATGC-1-43_s3,8.080249,-0.317812,-0.59594095
GCAACCGGTCTACGTA-1-36_s3,7.635507,-0.07383034,-1.4145318
GCACATAAGCCTATTG-1-43_s3,-2.156355,2.6714678,0.15189064
GCTACAAGTCTCAGAT-1-39_s3,7.712439,-0.24529728,-1.186938
CATTCCGGTCTTGTCC-1-39_s3,-1.4967678,2.8058362,-0.22448738
GATGCTAGTATAGGGC-1-42_s3,-0.12880296,-0.693596,-0.7821801
CACTGTCCATGGGTCC-1-38_s3,1.0481118,-0.5310109,-0.49418345
CGGGACTGTCTTCAAG-1-36_s3,5.850501,-0.88294464,1.4490812
AGATCGTGTGTTTCTT-1-39_s3,0.74344814,-0.36456853,-1.1314243
ACTACGACAGAGGACT-1-42_s3,0.04756538,-0.004137732,-0.24607769
ATCATTCAGTTCATCG-1-38_s3,1.046015,-0.3254449,0.30003417
CTCATTATCCCAGTGG-1-36_s3,0.7791016,-0.15209872,-0.9437962
TGAATGCTCAGCGTCG-1-40_s3,8.411901,-0.4353298,-1.131083
TGGCGTGCACGGTCTG-1-37_s3,-0.08151887,0.48659855,0.16671006
CATCCCACATTGCTTT-1-42_s3,5.424368,-0.23779345,-0.33507347
AGGTCTAGTCCAAGAG-1-38_s3,0.29397795,-0.20154047,-0.55210096
GTGCTTCTCATTTGCT-1-37_s3,0.57481736,-0.366085,-0.964304
GACCCTTTCATCCTGC-1-43_s3,8.34441,-0.19922534,-0.8733803
TTGCTGCAGTAACGTA-1-42_s3,-2.9886777,2.8010976,0.79006004
GTTAGTGAGCATCCCG-1-36_s3,0.34321642,-0.41442487,0.15380432
CGATGCGAGGCTATCT-1-37_s3,-0.5740664,3.0505407,0.15715462
TTGTGTTAGGTGCATG-1-37_s3,-2.27281,2.6532214,-0.31210107
AGATAGAGTGCTGATT-1-37_s3,8.441653,-0.14377199,-1.1667659
CGTGATATCAAGGACG-1-40_s3,7.4872375,-0.33849448,-0.8803503
TGCTTGCGTCTCGGAC-1-37_s3,0.43487123,-0.46818447,-0.1264752
ACTATTCGTCGCGGTT-1-43_s3,0.30798984,-0.1664845,0.31264058
TCGATTTCACCCAATA-1-41_s3,-1.1417723,2.595738,0.8619506
TACGGGCCAGGCAATG-1-41_s3,8.581783,-0.8429186,-0.93495136
CAATACGCAGAGGCTA-1-41_s3,7.500928,-0.3796189,-1.2791041
TCATGAGCACGGCGTT-1-38_s3,9.015091,-0.97215515,-0.58939964
ACGTACATCGGTCATA-1-43_s3,-2.1545703,2.1448686,0.0745974
GCCAACGTCACCATAG-1-37_s3,8.151102,-0.32978773,-1.0309007
GCCAGCAGTGCACGCT-1-37_s3,6.5706654,0.8335892,-1.5073217
CATTGAGCACGACAAG-1-36_s3,8.164082,-0.17639449,-1.245061
TATTTCGGTGTTCATG-1-43_s3,-1.6436458,2.5315287,0.7237812
AGTACCAAGACGTCGA-1-39_s3,8.998036,-0.25678262,-1.1336968
TCGCACTTCTCATGCC-1-40_s3,8.607151,-0.6898488,-0.65867054
AGAGCCCGTTTCACAG-1-43_s3,7.335306,0.013890967,-1.4780959
TTACCATTCATCTATC-1-43_s3,8.223531,0.11513323,-1.1486465
CACAACACAGTGGCTC-1-40_s3,0.24277608,-0.5120164,-0.24740678
ATTCTACAGGGTGGGA-1-39_s3,1.3057774,0.075758494,-0.5319505
ATTCAGGAGGACTATA-1-37_s3,8.556362,-0.6030837,0.23936553
CTACCTGGTACCCACG-1-40_s3,7.308281,-0.023080364,-0.6132296
ATCACGATCGACCCAG-1-38_s3,-0.021548154,-0.19523326,-0.44177443
TTTCAGTGTTTACACG-1-37_s3,7.3245754,-0.75419295,-1.7085198
CGGGCATAGGGTACGT-1-36_s3,8.256922,0.18454096,-1.3724686
TACCCGTGTCGAGTTT-1-43_s3,6.3186207,0.22902328,-0.5768336
GGAGGTAAGTTGGACG-1-43_s3,-1.3431745,2.3854575,0.106072046
CACAACATCTGAACGT-1-43_s3,-1.9225566,2.1822848,0.9400092
AAGCCATAGGGTAATT-1-36_s3,1.2529722,-0.64910066,-1.0050496
CGGAGAACAAGAAATC-1-38_s3,8.260366,-0.27495348,-1.3162307
GCAGCCATCATGCCGG-1-40_s3,-2.3808856,3.2013614,-0.03223263
AGGTGTTTCGACGCGT-1-38_s3,0.16042915,-0.3500937,-0.14299494
GGTGAAGGTGTTTCTT-1-38_s3,8.228047,-1.3335443,-0.7977249
CGGCAGTGTGAGTTGG-1-43_s3,0.65078354,-0.12339392,0.3304659
GGTGAAGAGGACCCAA-1-42_s3,-1.531597,2.6851516,-0.15716301
AAGAACATCGTTCTAT-1-39_s3,1.1487335,-0.4230385,-0.5311153
GGTTGTATCATTTACC-1-41_s3,-1.6313969,2.6900601,-0.7581823
GGTGATTGTAAGGAGA-1-39_s3,7.103689,-0.7714503,-0.3558021
CGTAGTACACGCTGCA-1-41_s3,-1.8378333,2.9469335,0.08487471
CGTGATATCGATTGGT-1-43_s3,1.0051401,-0.52980703,-0.11536895
GGAATGGAGTATGTAG-1-42_s3,0.73583543,-0.5687375,0.027705103
TATATCCAGGGTACAC-1-43_s3,8.04835,-0.41392577,-0.9619742
GCTTTCGCACGTTGGC-1-42_s3,7.3288803,-0.0677236,-1.0521173
CGAGGCTAGTCCGCGT-1-40_s3,0.46410358,-0.29403,-0.5980392
GCACATAAGTGCTCAT-1-41_s3,-1.4421861,2.2660012,-0.5993208
TGAACGTAGCCTCTTC-1-36_s3,0.9579876,0.1800268,0.2704692
TACTGCCCAGAAATCA-1-41_s3,-1.8883717,2.8065114,1.3687038
GACCGTGCAACATACC-1-42_s3,8.348928,-0.55141693,-0.69139314
TCACATTCACCTCTAC-1-36_s3,-2.5668716,2.5906718,-0.08821498
GGTTCTCCAACAAGAT-1-36_s3,-1.3729452,2.6007957,-0.4279778
GGTGGCTAGAGGCGTT-1-42_s3,-2.3908327,2.583219,0.39886433
GGTCTGGGTGTTCGTA-1-43_s3,9.3816,-0.73115396,-1.1431409
ACTTCGCAGCTTAGTC-1-39_s3,7.5440226,-0.856417,-0.7884205
ACAGAAACAAAGCAAT-1-43_s3,7.826823,0.038335226,-1.3277774
ATCGGATTCAGGACAG-1-41_s3,0.21959671,-0.2049314,-0.8409809
TCGTGCTTCATATGGC-1-40_s3,0.02297574,-0.3618479,-0.3874759
GTGAGCCAGGCACCAA-1-42_s3,-1.9212155,2.7556365,0.58138585
GTTCCGTCAGTAGTTC-1-41_s3,7.893303,-0.3014291,-1.4707472
GAGGCAACAAATGGAT-1-42_s3,0.5614623,-0.17080337,-0.70404464
ATTTCTGCAAGGTCGA-1-36_s3,0.39683464,-0.27745697,0.19394839
ACATGCACATAACCCA-1-42_s3,0.47398978,-0.76257503,-0.33559763
TCAGTGATCCAAACCA-1-41_s3,-0.043865707,-0.09812598,-0.48447624
GGAGGTATCTAGATCG-1-42_s3,-2.438964,3.4258666,-0.021342658
TAGAGTCAGGTAAACT-1-41_s3,0.3337398,0.029887516,0.19551355
AGATGCTTCTTCTTCC-1-37_s3,1.5428975,-0.24399671,-0.12965941
AAGGAATTCCGCACGA-1-36_s3,0.6965476,-0.3521456,0.8204087
CAGTGCGGTGACTATC-1-37_s3,1.3262328,-0.38074827,-1.014459
GGGAAGTAGTCCTGCG-1-38_s3,-0.02025558,-0.38572454,-0.5340095
TTCACGCAGACCAGAC-1-41_s3,-2.422047,3.3249161,1.0764083
TCGCTTGGTACAGAAT-1-40_s3,-1.1243005,3.4098058,0.3790377
TACAACGTCCGAGATT-1-43_s3,0.85230976,-0.23241359,-0.6064641
TATCTGTAGAGGTCAC-1-38_s3,7.697932,-0.49241036,-0.8299525
CGAATTGGTTCTCCCA-1-41_s3,6.3312817,-0.55263317,1.8129421
GACGTTAGTTAAGTCC-1-38_s3,7.235522,0.18691686,-0.99630255
CTGATCCTCGTGCGAC-1-38_s3,-0.4006903,2.1322873,-0.12017881
TTCCGGTGTGAGTAAT-1-37_s3,7.7385364,-0.77300686,-0.83392435
TTAGGGTCATCATTTC-1-36_s3,0.6369941,-0.25881416,-0.56156737
CGAGGCTTCCATGATG-1-39_s3,8.5235615,-0.25011778,-0.79959136
AAACGAAAGACCCGCT-1-39_s3,-0.047611363,-0.110079765,-0.15079334
CTTAGGATCTGGACTA-1-39_s3,-1.8764536,3.0441828,0.5124964
AAGCATCCAGGTGTGA-1-42_s3,0.08851023,-0.3738624,0.5289027
GGTAATCGTGTGTTTG-1-41_s3,0.55716884,-0.38515675,0.25602487
ACGTAACCAGCAGACA-1-43_s3,9.190752,-0.43487424,-0.9463422
CTTCCTTAGTGCGTCC-1-42_s3,0.7189558,-0.33186275,0.6632207
GAAGGACGTGAGAACC-1-38_s3,0.40851438,-0.17488593,0.4392435
TGTGAGTTCGATTCCC-1-39_s3,0.63820857,-0.48513383,0.30681533
GTAGAAAGTACAGTCT-1-40_s3,1.4618393,0.41627356,-0.7905126
CTACAGAAGATAGTCA-1-39_s3,7.9596357,-0.20054233,-1.1500223
TGTCCTGTCCAAACCA-1-38_s3,0.85821086,-0.17601314,-0.7384232
CTCAAGAGTACGTGAG-1-37_s3,0.9405389,-0.49921876,0.7858985
AGACTCATCTAGATCG-1-41_s3,0.51123697,-0.2942328,-0.92607033
CCTCTAGGTGTCCCTT-1-37_s3,7.987954,-0.52293843,-1.2749087
TTAATCCAGGCGTTAG-1-38_s3,5.9767265,0.8084847,-0.55440223
GGTAACTCATACAGCT-1-40_s3,0.75378525,-0.28283775,-0.37814835
CGCAGGTGTTTGTTCT-1-42_s3,7.5275135,-0.667267,-0.9099221
ATATCCTTCGGAAGGT-1-39_s3,7.5787883,-0.29832515,-1.246093
CCCTCTCCAATTCTTC-1-42_s3,-1.7916405,3.082567,0.87232655
TGGATGTCAACACGTT-1-41_s3,-0.2984642,-0.3191212,-0.22977553
TTCCTTCAGACAGTCG-1-42_s3,0.07463151,-0.6797613,-0.979072
TCACGGGTCTGAGTCA-1-37_s3,1.3110588,-0.37366268,0.39533737
AGGCATTCAAACCATC-1-37_s3,9.004249,-0.632632,-1.1480596
AGGAATATCCCAGGAC-1-40_s3,7.495774,-0.13168341,-1.1567401
GGGACTCTCTACCTTA-1-41_s3,5.436919,0.18895885,2.461893
GGCTGTGAGCTCCGAC-1-40_s3,-2.2454102,2.4365363,-1.5353276
TACGTCCGTGACGCCT-1-40_s3,-0.04882019,-0.29897627,0.10022162
GGGTTTATCTTCGTAT-1-39_s3,0.893505,-0.5016964,-0.76539284
CCCGGAATCACTTATC-1-41_s3,-0.030069858,0.029544383,1.0854416
ACCTGTCGTAGTCCTA-1-42_s3,0.5363749,-0.40888104,-0.5856836
CCTGTTGTCATAGAGA-1-36_s3,7.721004,-0.23365471,-1.532102
TCGCAGGTCACGAGGA-1-40_s3,8.537769,-1.13522,-0.7112289
TTACTGTAGTCGGGAT-1-39_s3,-0.0519994,0.25778276,-0.98183435
TAGACCAAGTTACGTC-1-42_s3,-1.7177358,2.279028,-0.6195469
TATTTCGCAGAGGGTT-1-43_s3,7.70986,-0.37119487,-0.0027312916
GCTCAAAGTCTCAGAT-1-42_s3,0.9501925,-0.41115,0.7635749
ACGCACGAGGGATCTG-1-36_s3,1.0576873,-0.04777499,0.2667101
GTATTGGAGGCTATCT-1-38_s3,-1.713376,2.0558345,-0.8563912
ACGCACGGTTCACGAT-1-41_s3,-1.0593513,2.8660228,-0.5365131
GGTTAACGTAACGATA-1-39_s3,7.2478833,-0.2845808,-1.7348229
CAACAGTTCCAACTGA-1-42_s3,7.66713,-0.57962847,-0.5426229
TGGGCGTTCTAAGCGT-1-38_s3,0.22949804,-0.0145275295,-0.8417153
TCGAAGTGTTCAGCGC-1-40_s3,-2.3451817,2.5084085,1.2141379
TACGCTCCATATAGCC-1-38_s3,0.4203536,-0.83815145,0.265578
GTGTGATGTATCACGT-1-40_s3,7.602599,-0.6639213,-0.40676257
ACGATGTCACAATGCT-1-42_s3,-2.9448044,2.5356183,-0.17102902
TCAGTCCAGCTAGAGC-1-43_s3,5.1443787,-0.20308028,1.8942769
TTGGGCGTCGGTCGAC-1-41_s3,8.035386,-1.0578449,-1.8656865
TGGTACAGTTAATGAG-1-37_s3,0.8768484,-0.06788928,-0.025588283
ACATTTCCACCTATCC-1-40_s3,-0.088209026,-0.2139194,-0.504574
ACTGTCCAGGGTTAGC-1-41_s3,4.899028,0.320767,-1.0663756
TACCCGTGTTGCAACT-1-40_s3,7.5532775,-0.22077075,-0.39749756
GTGAGCCGTGGCCTCA-1-42_s3,8.853186,-0.7195764,-0.7507259
TCAGGGCCACTTTAGG-1-38_s3,0.20551497,-0.4804058,-0.27200484
TATTCCATCGGTCGGT-1-40_s3,0.69930863,-0.40597394,-0.62653816
TGTGGCGAGATCGCCC-1-43_s3,-0.028396308,0.1085461,-0.015768567
AGCCACGGTAGACACG-1-37_s3,0.74973226,-0.41679358,0.023071174
GGTGATTTCATAAGGA-1-39_s3,7.94262,-1.1396574,-0.9921272
CCACAAACAACCGTAT-1-37_s3,7.4797955,-0.67525566,-1.3998067
ACGGTTACACTCTAGA-1-42_s3,8.254924,-0.43942723,-0.3913646
GTTCTATTCGTGGACC-1-36_s3,-1.1092056,2.197594,0.202311
AACCCAAGTGACCGTC-1-36_s3,-2.0217416,3.0553088,-0.60800445
GAAATGACACTACCCT-1-43_s3,0.86577183,-0.36958486,-0.87236965
ACTTTGTAGACTCGAG-1-41_s3,-0.08258634,2.4545462,-0.06187641
ATTCTACTCTACGGTA-1-36_s3,2.0008001,-0.30078268,-0.47180602
CCAATTTAGGTGTGAC-1-36_s3,6.8280935,-0.24146107,-1.3245509
ACGATGTTCTGGGCCA-1-42_s3,8.419262,-0.51223904,-0.43983328
CCGGACACATGTAACC-1-37_s3,1.4670887,-0.5314713,-0.61189353
GTGACGCGTAGTCCTA-1-42_s3,0.090807274,-0.14353548,-0.57284296
CAACAGTAGTCATAGA-1-42_s3,0.39444304,-0.12224193,-0.30987954
GGCGTCATCAGCCTTC-1-37_s3,6.4398055,-0.6140142,-0.51223236
TGTCCTGTCAATCTCT-1-43_s3,7.10336,-0.8607698,-0.82963884
ACAAAGATCGGCTTGG-1-37_s3,6.857704,-0.42813253,-0.13605532
GCATGATTCGTTCTAT-1-43_s3,0.5482622,-0.436724,-0.81035227
CGAGTGCTCATGGATC-1-42_s3,8.822496,-0.23147471,-1.4650903
GGGTTTAAGGTATAGT-1-41_s3,9.162005,-0.43545547,-0.8946754
CTCAATTTCTGATTCT-1-41_s3,7.7940426,-0.30756477,-1.4568014
CGATGGCTCCACGGGT-1-43_s3,0.26171857,-0.11405078,-0.7430149
GGAATGGTCAGCGGAA-1-37_s3,-1.0175068,2.1549265,-0.81615317
ATGCGATCACGCTATA-1-42_s3,0.36347026,-0.28002283,-0.37399694
GCAACATAGGTGAGCT-1-42_s3,-2.9999332,2.478083,-0.29788256
CAGTTAGGTACGACAG-1-37_s3,-1.8873867,2.9763837,0.2780301
CTACCTGCACACAGCC-1-38_s3,7.836408,-1.0674852,0.5511442
CGCCAGAAGACTTAAG-1-38_s3,1.2550384,-0.035603877,-1.593263
TATATCCGTGGGTATG-1-43_s3,7.4997535,-0.89623964,-0.98849654
ATCGCCTCAATGTCAC-1-38_s3,7.115904,-0.83703345,-0.026637604
TCTTAGTCAAATCAGA-1-38_s3,-1.3352858,2.7090077,0.8134803
TAAGCACCACATAACC-1-42_s3,8.585152,-0.4463662,-1.4061126
AAGGAATGTTATGGTC-1-43_s3,7.6701074,-0.13069086,-0.83139676
TTGTTGTCAAATGCTC-1-40_s3,0.14886314,-0.68221873,0.022807337
TCGTGCTGTGCTTCAA-1-38_s3,0.039116688,-0.596512,-0.9442061
TGTTTGTGTCGTGGAA-1-38_s3,0.0185638,-0.16961586,-0.39797962
AGCCACGGTTCAGGTT-1-40_s3,0.72299045,-0.45323777,-0.026813237
ATCACAGGTAGGAAAG-1-42_s3,-0.13275689,-0.13053289,0.2673745
AGCCAGCAGGTAGTAT-1-42_s3,6.5813665,-0.3904931,-0.5353069
CATCGTCTCCCAGGAC-1-40_s3,-0.4188274,3.0375593,-0.82859993
TCCTGCACAAATGAGT-1-40_s3,1.6593541,-0.5919215,-0.5556773
TTCCTCTGTGTTCCAA-1-40_s3,-1.448347,3.150193,0.5272469
TGCAGATTCGGTATGT-1-39_s3,8.9129925,-0.45604688,-1.3499767
AGATCGTCACCCATAA-1-42_s3,0.29657117,-0.5191708,-1.7698556
CTACCTGAGGTGGTTG-1-37_s3,9.001546,-0.2498842,-0.29093826
TCTGGCTCACGGTGTC-1-37_s3,0.36398366,-0.013173625,-0.6224593
ATGAAAGGTGATCATC-1-39_s3,0.10364282,-0.4000463,-0.3517417
AGGCCACGTCTTAGTG-1-37_s3,2.0449824,-0.63280106,-0.12595764
ATGTCCCGTACCCGAC-1-43_s3,0.5558084,-0.57256806,-0.1522775
GATGACTTCCGTATGA-1-43_s3,7.649145,-0.34579965,-0.84078795
CTATCTAGTATCTTCT-1-40_s3,8.260684,-0.64870363,-1.1279291
CATTCTACAGTTAAAG-1-43_s3,8.094803,-1.0610565,-1.3237427
TGACTCCGTCACTACA-1-37_s3,-0.88346034,1.9542716,0.028722683
AGTAGCTTCATGCCAA-1-38_s3,6.7864738,0.09711656,-0.85064214
CCGGTAGCAGAGGTTG-1-42_s3,-2.6072788,3.150884,0.76882786
GCCAGGTAGCTCGTGC-1-42_s3,7.1628428,-0.39704806,-1.0775089
CATGAGTAGTAACGAT-1-41_s3,-0.48582906,2.6663907,-0.46407732
TTGCGTCGTAGCTGTT-1-41_s3,-0.38590163,-0.15138945,-0.079800375
CATAGACGTGCGCTCA-1-36_s3,0.37013364,-0.04466918,-0.40148303
CATTGAGTCTGTCGTC-1-40_s3,1.7317483,-0.47609863,-0.2764499
TCGGATAAGTGTACCT-1-43_s3,7.715612,-0.60860395,-0.96759933
ACATGCAGTCATCGCG-1-37_s3,-1.4340068,1.9497055,-0.08962126
CCTCATGCAGCTGTGC-1-41_s3,8.684009,-0.5402545,-0.5111501
AAGAACAGTCGTACTA-1-38_s3,1.7802168,-0.79881704,-0.47161806
GTTCGCTCAAACACGG-1-39_s3,1.1342759,-0.5941474,0.3369233
CCCTCAAAGCCTCTCT-1-43_s3,7.7960334,-0.4598352,-1.4045216
ATGGAGGAGCGCATCC-1-38_s3,0.20793709,0.7305911,1.0438857
TCCGATCCATTCGATG-1-43_s3,8.317278,0.48643428,-1.3188359
CATGCTCAGCTTGTTG-1-40_s3,0.14572823,-0.37669036,0.1086863
GTAGGTTTCTGGCCGA-1-38_s3,7.2917733,-0.15384023,-0.8043299
ATTTCACTCGGTGTAT-1-38_s3,0.78872836,-0.5559335,0.33727354
GTGGTTACAGGCATGA-1-41_s3,1.1226827,-0.6650371,-0.40578872
CTCCCTCTCCTTCTTC-1-42_s3,0.461599,-0.59291375,-0.044308145
CCTTGTGAGCTGAGTG-1-39_s3,-2.2709663,2.989573,0.1272069
TAATTCCTCATTACTC-1-42_s3,7.4206066,-0.19445647,-0.8003523
TGGGAGACATGGTACT-1-40_s3,0.1492351,-0.14551045,0.12661536
TAGCACATCCGTAATG-1-37_s3,1.2039303,0.28033727,-0.89203656
ATACCGAGTCCACGCA-1-40_s3,0.29554844,1.3664523,0.58344597
ACGTAACGTGAGAACC-1-41_s3,6.6492143,-1.1573937,-1.1707131
AACAAGAAGTTGCGCC-1-41_s3,8.16874,-0.9298576,-1.4635247
GATCCCTTCTGAATGC-1-37_s3,8.592142,0.32002524,-1.3193082
AGGGTTTCATAATCGC-1-40_s3,1.5986488,-0.5416475,-0.27793345
TCATCCGTCTCTTGCG-1-41_s3,0.2795923,-0.8703457,-0.5419142
ATGCATGAGGAGAGGC-1-38_s3,-2.2963703,2.7480266,-1.4518206
AAAGGTAGTTCAGTAC-1-41_s3,1.3390832,-0.40242773,0.8601472
AGTGATCTCTTCTGTA-1-37_s3,-1.9260892,2.4861448,0.2271411
CTGAGCGGTTCAAACC-1-37_s3,1.133054,-0.7402262,0.1671798
GCAACCGTCAGTCAGT-1-37_s3,-1.868705,2.4889455,1.1458799
CAGCAGCTCACTACGA-1-38_s3,-1.4845285,3.7952542,0.6445953
GACTTCCAGGTTAAAC-1-37_s3,6.9322176,-0.75990194,-1.5988971
GGTTAACAGCCAAGCA-1-43_s3,8.085812,-0.6978281,-0.8144514
TGATTTCCAACTCGTA-1-42_s3,-2.01611,2.1148412,0.07932031
GTCAGCGCACCGTGAC-1-43_s3,-1.9034132,2.8369064,-0.4325663
TATTTCGTCACTGCTC-1-38_s3,0.6386967,-0.35727584,0.5717629
GAGGCCTTCCGTAGGC-1-43_s3,0.47874224,0.04679914,-0.07403152
CCTCATGTCCGACATA-1-38_s3,1.0970061,-0.30583596,-1.0332507
CTCTCAGTCATCGCTC-1-43_s3,0.1422936,-0.45718,-0.90707976
AATCGTGGTGACCGAA-1-40_s3,0.9151587,-0.5824653,-0.080504
TCTCCGATCCGCAGTG-1-42_s3,0.27920234,-0.012100697,-0.5828648
ACGGTTATCGCGTCGA-1-41_s3,8.202756,-0.23497087,-1.2315809
AGGCTGCAGAAACTCA-1-38_s3,6.248363,0.07356252,-1.6963563
GGGCGTTCAACGTAAA-1-39_s3,-2.8154488,2.6562395,-0.39908758
CAGTGCGGTGTAACGG-1-40_s3,0.47447973,-0.41190445,-0.83994305
GATCACAGTGGTCCGT-1-39_s3,0.44665712,-0.20424832,-0.6738324
GTCACTCCAAGAGATT-1-39_s3,-1.7128134,3.1504076,0.8840612
CGCGTGACACTCAGAT-1-38_s3,8.130794,-0.6085417,-1.2727059
GTGTGGCTCGCTGTTC-1-38_s3,0.7268424,1.6327808,-0.94404566
TTCACGCCATATCTGG-1-42_s3,0.8225225,-0.4997742,0.8151487
AGGGCCTAGTTGCCTA-1-43_s3,0.46287754,-0.20149298,-0.1657599
TGTTGGAGTGACGTCC-1-39_s3,8.520615,-0.5696794,-1.445353
ACCCAAATCATCTACT-1-41_s3,0.19942671,-0.047757454,-0.87661684
GTGCAGCCAGCATACT-1-42_s3,0.13648283,-0.4726014,0.21978332
CCCGAAGTCGCGGACT-1-37_s3,-0.13022421,-0.18483028,-0.2548773
CTGAATGCATTGGATC-1-36_s3,1.265012,-0.58039063,-1.0742124
TGACAGTTCGTCGACG-1-40_s3,8.208259,-0.563116,-1.8067765
TGCAGGCTCTAGTGAC-1-38_s3,-0.11002433,0.039670467,0.03540421
ATTCCCGAGCAACAAT-1-37_s3,1.3439214,-0.5074742,-0.7076807
GTTGAACTCCAATCCC-1-38_s3,0.49181974,-0.06979723,-1.1674383
ACACCAAGTACCCAGC-1-41_s3,6.8330092,-0.0899727,-0.47656342
TGCAGGCGTGGTCCGT-1-39_s3,0.23386374,-0.23396397,-0.15898138
ATCCGTCTCCATTTAC-1-40_s3,0.40427715,-0.2844551,0.0096498
GTCTTTAGTTGTTTGG-1-36_s3,1.5103365,-0.25970334,-0.9456523
CTCCCTCCAGTCGGAA-1-40_s3,7.662113,-0.19652274,-0.77832437
AGATAGAGTAAGTTAG-1-42_s3,8.291212,-0.63334846,-1.4184579
GTTGTAGGTATGGAGC-1-40_s3,5.0690274,0.39464635,-1.236775
GGGCCATAGAACAGGA-1-40_s3,0.80768913,-0.30570012,-0.033500176
AGTTCGACATAGAAAC-1-36_s3,1.3622292,-0.14812204,-0.5843715
AAATGGAGTATGGGAC-1-41_s3,8.392891,-0.44986445,-1.2218423
AGGGCTCGTACTCGAT-1-37_s3,1.2163115,-0.3081946,-0.0809032
CAGGGCTAGTACAGCG-1-37_s3,0.778192,-0.75958014,-0.82319576
GTCGTAAGTTTACTGG-1-41_s3,0.023662236,-0.3052704,-0.31257713
CAACCTCAGATTAGCA-1-38_s3,1.0836126,-0.46161819,-0.42701802
AGATAGATCGATGGAG-1-41_s3,7.6629624,-0.10219283,-0.6223185
ACCCAAATCCATTCGC-1-36_s3,8.98463,-0.44344404,-0.031898417
TCATGGACACACCTGG-1-41_s3,8.793685,-0.24076387,-1.3145009
ATTCAGGTCATAAGGA-1-38_s3,7.926851,-0.57140344,-1.1733516
TGATCAGGTAGATTGA-1-38_s3,0.13471639,-0.55190265,-1.0027225
ATTTCACTCCACAGGC-1-38_s3,0.2148259,-0.4297556,-0.6832417
CACAACAGTGGGCTTC-1-36_s3,8.150366,-0.51718235,-0.8529251
GGTCACGGTAGATGTA-1-39_s3,1.742427,-0.58265007,0.40432465
TTTCATGGTGACAGCA-1-38_s3,5.75206,-0.058589146,0.15212022
GGACGTCGTCTAACTG-1-40_s3,-2.5072985,2.6326833,0.16712773
GAGTCTAAGATTACCC-1-37_s3,-1.390571,2.6390567,-0.6336541
CAGCAGCAGCGCCTCA-1-43_s3,-1.0969689,3.0736632,-0.5601217
TAACCAGAGCCATTGT-1-43_s3,0.18688112,-0.1020959,-0.20304593
TCAGCCTAGGGTTGCA-1-38_s3,-1.2686394,2.084638,-0.24588063
CGAGAAGCAAGTATAG-1-43_s3,1.1032294,0.039583445,-1.2681475
AGCCAATAGTAACCTC-1-42_s3,0.79046965,-0.29024827,-0.10892917
TCATACTCAGCGTTTA-1-41_s3,-2.044622,2.4857264,1.498081
TTAATCCAGAAGGTAG-1-36_s3,0.9862363,-0.48310956,-0.77008945
TATCCTAGTTTGTGGT-1-42_s3,9.038599,-1.0499147,-1.4632665
GTGGGAATCCCAGCGA-1-37_s3,0.9953806,-0.8093094,-0.24151611
CACATGAGTTGCTGAT-1-43_s3,-2.2047575,3.0790434,0.39426646
TTGGGTAGTCCTATAG-1-37_s3,7.2620916,-0.5076863,-0.6659212
GAACTGTGTAGGCAAC-1-43_s3,-2.4785182,2.6256526,-0.23624551
ACGATGTCATGCACTA-1-37_s3,0.23820117,2.1338,-0.745652
ACGGTCGGTTCTATCT-1-40_s3,0.8464375,-0.39017332,0.4907952
GGTTGTATCACCCTTG-1-43_s3,-1.1476706,2.8255417,0.21686785
AGAAGCGAGCACTCGC-1-42_s3,0.34734532,-0.50375986,-0.68883383
TGAGGTTAGTGGTTAA-1-42_s3,9.018191,-1.0112467,-0.4065288
GCCAACGAGTCATGCT-1-38_s3,-2.3548226,2.9718535,0.57743853
GTCCTCAAGGATACAT-1-36_s3,6.2263756,0.9338383,0.7751632
GATAGCTAGATTAGTG-1-38_s3,8.257127,-0.6922038,-0.6872187
CACGTGGGTTCAAGTC-1-41_s3,0.46248522,-0.65339273,-0.16697106
TAGATCGTCGATCCCT-1-38_s3,8.319803,-0.22326723,-0.84159863
CCCTCAAAGAGAGCGG-1-43_s3,0.7796096,-0.4668241,-0.7005749
CCGTAGGAGAGTATAC-1-43_s3,1.3717031,-0.8578994,0.05655316
TCGCTCACATGTCTAG-1-38_s3,-1.6539418,2.8492792,-0.46685922
TACCCACTCGTAGGAG-1-38_s3,-2.382789,3.2172205,0.8669754
ATGTCTTCAGAGAGGG-1-43_s3,0.37731442,-0.46550265,-0.23322839
GCTACAAAGCAAATGT-1-42_s3,-0.27197558,2.8154511,0.6443633
AGCCAATGTATGACAA-1-42_s3,0.24923739,-0.36415702,-0.32663792
TTGAGTGAGTGAGCCA-1-42_s3,6.984597,-0.7571911,-1.0089362
TGAGACTGTCACTCTC-1-37_s3,-0.51523685,-0.22493994,-0.40610152
ATCCCTGCATCAGCTA-1-39_s3,0.5273628,-0.36043018,-0.92933285
TCAAGTGTCATCGCCT-1-41_s3,1.0343235,-0.37635475,0.1832376
GACCAATTCAAACTGC-1-40_s3,-0.044884987,-0.27286482,-0.8032088
TGATGGTTCCAGTGTA-1-43_s3,8.145983,-0.46881208,-0.5219406
AATGGAAAGGTGGGTT-1-40_s3,0.41104296,-0.20676836,-0.5995577
GGGTTTAGTATTCCTT-1-40_s3,8.31632,0.30602184,-0.75321174
TTTATGCCAGACCCGT-1-41_s3,0.14508514,-0.417619,-1.349932
ACAAAGACAATTGAGA-1-42_s3,0.26611808,-0.13851108,-0.21709122
ATGGATCCAATGAGCG-1-43_s3,7.254708,-0.6161025,-1.2447478
GTGATGTAGGTCGTGA-1-41_s3,9.536107,-0.7974349,0.33111748
GTCTGTCAGGACTGGT-1-40_s3,8.568815,-0.14436579,-0.8582878
TCAGTTTTCCACTTCG-1-39_s3,0.13197394,-0.44263467,-0.1325893
ACAGGGATCGGTCTGG-1-40_s3,9.070639,-0.3110382,-1.0082579
AAGCGTTCACGGTCTG-1-38_s3,0.8905411,0.042024035,0.09271133
TTCCGGTCAGTTCCAA-1-36_s3,-0.53109074,1.783393,0.38809913
GCGGATCGTAGGGAGG-1-41_s3,8.405676,0.09898628,-1.2759715
GCATGATAGTAGAGTT-1-36_s3,1.236215,-0.71690917,0.18704863
CGATGGCGTCGTAATC-1-40_s3,6.366019,-0.60728127,-0.7853422
TCAGGTAGTTCTCCAC-1-43_s3,8.5178175,-0.6335055,-1.41999
TCTTAGTCAGTGTGGA-1-39_s3,7.1404104,-0.037947387,-0.44082746
CGAGTTATCTTCCAGC-1-43_s3,0.85534155,-0.45230868,0.029994287
GTCAAACCAATCGCGC-1-40_s3,8.147591,-0.6293445,-0.8402943
ACCATTTAGACTACCT-1-38_s3,1.1127119,-0.43964,-1.3098067
TAGGAGGTCGCTGATA-1-37_s3,1.6904576,-0.37041244,-1.019056
TACATTCCATTGTAGC-1-41_s3,0.38104752,1.533227,-0.1533298
CCACGTTTCGCCTAGG-1-42_s3,-2.3344612,2.8893561,-0.1665069
TTGCATTAGTAATACG-1-43_s3,0.11118109,2.1495008,0.26168996
CACTGAAAGTCGAAGC-1-40_s3,-0.88772905,2.2588766,0.2627578
GAGTCTATCTGCTAGA-1-36_s3,1.7262611,-0.48584765,-0.8437033
CTTAGGAAGACGCAGT-1-41_s3,0.67703605,-0.82958937,-1.2259723
GTCTGTCAGAATCGTA-1-37_s3,8.174357,-0.9359919,-0.81139326
CAGCAATAGGATGCGT-1-37_s3,0.08718617,-0.16883397,-0.20302097
TCATGTTCAGCATTGT-1-43_s3,0.37685236,-0.02940043,0.16202796
GCATTAGGTGGTATGG-1-42_s3,0.7347564,-0.4511468,0.0007292051
CTCTGGTAGGCTATCT-1-43_s3,-1.2661645,2.8512836,0.5666172
CACCAAATCCGTGGGT-1-42_s3,-0.29150918,-0.40968806,0.08290386
GGTGTTAGTACACGCC-1-43_s3,8.623396,-0.7606993,-0.9757843
GGAACCCGTGCTTATG-1-43_s3,0.078878425,-0.12566984,0.20755525
TTCTTCCTCTAACGGT-1-37_s3,1.3107988,-0.82816064,-0.32628962
AATGGAATCTTCCAGC-1-42_s3,0.81648964,-0.1672082,-0.21553618
GGTGAAGCAAATTGGA-1-42_s3,-1.7531142,2.8279278,0.86320835
GAGACTTTCCTCACCA-1-36_s3,1.3372384,-0.11799647,0.13044384
GATGGAGGTTAATCGC-1-43_s3,0.011759169,-0.36068195,-0.13086894
CTGTGAACAGACCAGA-1-37_s3,-1.7539756,2.682581,-0.44969457
TTGATGGCAACCGCCA-1-38_s3,-0.022860559,-0.38883,-0.87053984
AAAGTCCTCCGATGCG-1-43_s3,0.8232775,0.17866631,-0.235244
CCGTAGGAGTGGTGAC-1-42_s3,0.0046940558,-0.76195514,0.1525338
TGAGCGCAGCATGCAG-1-40_s3,0.4232129,-0.45980933,-0.8113876
TGACAGTGTGCCGGTT-1-36_s3,-1.6866618,2.585617,0.33043826
GCATCTCCAACTGAAA-1-42_s3,4.5724797,1.455787,-2.1359522
AGGGTTTTCATGGAGG-1-37_s3,0.5553573,-0.4621923,-1.0048517
ATAGACCTCATACGGT-1-41_s3,0.19861206,-0.7504159,-0.97986615
ACCACAAAGTGGAAGA-1-38_s3,-0.41961268,-0.0045665763,-1.304182
GCTGGGTCAGACAATA-1-39_s3,-0.04505958,-0.09254583,-0.12751211
AGCGCTGGTCCACATA-1-42_s3,8.760715,-0.3937525,-1.2337942
GTCTCACAGAGCATTA-1-37_s3,-1.592953,2.586915,0.62644625
GACACGCGTCTTCTAT-1-43_s3,6.692221,-0.65178955,-1.2367616
GTGTAACGTGAGCAGT-1-40_s3,-0.19679071,-0.10791691,0.7029437
ATTGGGTGTTGGCCTG-1-43_s3,0.5168539,0.03768728,-0.4277665
CTGCTCAGTTTCACAG-1-42_s3,-0.03335149,-0.42010805,-0.38879356
GGGCTCAAGAGCAAGA-1-40_s3,-2.027654,2.7747245,0.45813528
CTAAGTGAGATTGATG-1-41_s3,0.78697383,-0.809863,0.63013774
GGGTGTCTCTGGCTGG-1-36_s3,0.2817651,-0.34982383,-1.1632626
CGGGTCAGTGGCTACC-1-37_s3,-0.88392204,0.16225888,-1.0037189
CCTTTGGCAGTTTCGA-1-37_s3,6.6153903,-0.61993223,-1.0521586
TCAAGCAGTGCATGTT-1-43_s3,0.71743786,-0.22378585,-0.032212034
GTTGTCCGTTTCGCTC-1-39_s3,0.4848878,-0.47730878,0.05601968
ATCAGGTCACTACTTT-1-39_s3,-1.8325647,2.9420016,-0.7165337
CGTAAGTTCAGCAGAG-1-43_s3,7.0606766,-0.48813906,-0.49675855
AACACACGTTCCGCTT-1-39_s3,8.3300295,0.24299735,-1.3843889
AGTCAACTCCCTCGAT-1-42_s3,7.0504236,-0.616856,-1.167638
CCGTTCAAGTCGGCCT-1-41_s3,-2.7120645,3.055441,0.014414521
GAAATGAGTTAGGCTT-1-43_s3,8.445524,-0.5306094,-1.164429
GCAGCCATCTAGGCCG-1-43_s3,-0.0786985,-0.19590937,-0.7536229
GACTCAAAGTCATAGA-1-40_s3,-0.11196949,0.6863576,-1.3125236
GATGCTATCGTTAGTG-1-36_s3,7.988208,-0.35206705,-1.154361
GAAGGGTGTACTAACC-1-42_s3,-0.2719319,-0.33749732,-0.8337779
TGATTCTCATTCTCCG-1-36_s3,-0.6913977,2.2144942,0.25909808
ACTTCCGCACTCTCGT-1-41_s3,0.5248786,-0.6552868,0.33529672
GTAACACTCCTGGCTT-1-39_s3,0.9159614,-0.106055185,0.035709545
CCGGTGATCCTGTAGA-1-41_s3,3.8228965,-0.66143763,2.3328667
ACTATTCTCGCTAAAC-1-38_s3,8.624673,-0.065531075,-0.31953424
TGTCCTGCATCATGAC-1-41_s3,8.294595,-0.5796238,-0.9166848
GGAGGTATCATGCTAG-1-40_s3,8.012399,-0.83735687,-0.6377292
TTACGTTCATGGACAG-1-43_s3,0.00646206,-0.31628644,-0.14702138
TTCAATCCATAGCTGT-1-40_s3,-1.6812102,2.9086409,-1.0541004
GGGTATTGTAAGGAGA-1-39_s3,-1.5062413,2.5755847,0.08754039
GTGACGCGTCGATGCC-1-39_s3,-1.6878039,2.6522472,0.5004052
TGCGGGTTCCGATGTA-1-43_s3,-1.0516979,1.3875803,-0.40013546
GCCCAGAGTTGAAGTA-1-39_s3,0.9537576,-0.8213285,-0.76011753
CCCTAACAGTGTGTTC-1-41_s3,7.6235523,-0.3706197,-1.1346263
AATGAAGTCGACCACG-1-36_s3,-2.4863625,3.1557357,-0.09645372
ACCAAACCATCCGTTC-1-43_s3,0.36899808,-0.5422093,-0.42932636
TTACAGGAGACCGTTT-1-36_s3,1.6240344,-0.48239395,-0.6429353
GGAGCAAAGCTGCGAA-1-39_s3,6.7151628,-0.22648513,2.404871
TCTTTGACAATGCTCA-1-39_s3,0.9954675,-0.25543016,-0.8379681
AATGAAGTCAGTGCGC-1-36_s3,1.6965134,-0.3564514,0.5931844
ATTTACCAGTAGTCAA-1-40_s3,6.910397,-0.8204971,-1.0024034
CTACCTGGTAGCGTCC-1-43_s3,1.4900188,-0.48861444,0.23714668
AATTTCCTCGCATAGT-1-41_s3,6.8107724,-0.1717473,-0.9384998
TGTGGCGCATACAGCT-1-37_s3,-0.7572199,2.3589602,1.213362
CGCATGGAGAGGCTGT-1-41_s3,0.6670182,-0.33582368,0.3298044
AGGCTGCCAACGGGTA-1-36_s3,7.372539,-0.7727358,-1.0295738
ATCGTAGTCGTCCATC-1-42_s3,7.9428854,-0.35908818,-0.43946084
AATGGCTAGGTACTGG-1-39_s3,-1.6070024,1.7635761,-0.2979689
GTCATTTCACGATAGG-1-36_s3,-1.9488611,2.492465,0.26165405
GCGGAAAGTTGTACGT-1-36_s3,8.2175,-0.37757623,-1.2020555
GGAGCAAAGGCCTTGC-1-42_s3,-1.5302569,2.9282281,0.06368949
AGGTGTTGTCGGTGTC-1-39_s3,-2.4380941,3.1901257,0.5332749
GCATGATGTTTGGAAA-1-39_s3,9.245481,-0.17396805,-0.76179516
GATCACAGTGTCTAAC-1-36_s3,0.98310405,-0.14333642,0.06589798
CGGAACCTCGTCGGGT-1-42_s3,6.167826,0.05137227,0.61779994
CTGCCATGTCACTCGG-1-41_s3,-0.6143582,-0.17575784,-0.7100913
CAGATCACAGATTTCG-1-38_s3,0.66162694,-0.25893497,-0.57535124
TTACGCCAGGTGCTTT-1-36_s3,0.6644926,-0.8703073,0.5496275
TCAGTGATCGGAAGGT-1-41_s3,0.7487868,-0.3964259,0.62558633
GAAGGGTAGTGCACTT-1-40_s3,7.9525204,-0.8196574,-0.31144273
TACAGGTAGGACAACC-1-42_s3,-0.5596409,-0.07004537,-0.7380935
TCATTCATCTAGTCAG-1-40_s3,1.0388,-0.5940093,-0.42202017
ACGATCAGTCCACATA-1-39_s3,0.770777,-0.7534921,-0.07430604
AGAGAGCAGCTGTGCC-1-39_s3,0.49742782,-0.5191697,0.6458204
GCCCAGAAGGGCAGGA-1-42_s3,0.9413668,-0.5380137,-0.2694004
AGGACGAGTTCCTACC-1-42_s3,0.20190397,-0.3953907,-0.82560736
ATTACTCGTATAGGAT-1-42_s3,8.315813,0.09223357,-0.4793787
AGAAATGAGAAGTGTT-1-39_s3,1.0251524,-0.25533184,-1.013253
TCCATCGGTCAGACGA-1-42_s3,-0.020878151,-0.12597004,0.15002945
TTCATGTGTCTAACGT-1-37_s3,1.0482113,-0.27173862,-0.35135597
CAATACGGTCCTCCAT-1-37_s3,1.1108316,-0.3264915,-0.25413725
CAGCAGCCACTTCTCG-1-36_s3,0.63258165,-0.22718006,-0.35697484
CTCTGGTAGGGCAAGG-1-36_s3,8.143665,0.2063948,-1.4744447
ACAAGCTTCCATACTT-1-36_s3,0.593308,-0.15022166,-0.4599418
CCTAAGATCGTCGACG-1-43_s3,5.330381,0.17841685,1.8336846
GTGAGGAGTTGTATGC-1-36_s3,6.8053393,-0.12158118,-0.6182749
TCGACGGTCCATGAGT-1-42_s3,0.6542456,-0.5802948,-0.2756189
GAACACTTCCGATAAC-1-41_s3,0.9634132,-0.42200094,-0.8013977
ATCGTAGCAGGTACGA-1-40_s3,-0.04191882,0.2699972,-0.1976255
GGGACCTAGCGAACTG-1-36_s3,0.87203413,-0.64840466,-0.42066076
TGTTACTGTTTCGCTC-1-43_s3,0.7021177,-0.26304197,-0.9874732
GCTGGGTAGCGCCGTT-1-37_s3,-0.056839984,2.8171613,0.7105584
ACTGTCCCATTGCCGG-1-39_s3,1.1841254,-0.7878471,0.46480712
AGAGCCCAGTCTGTAC-1-40_s3,0.01603089,-0.1503883,0.70795757
GTACAGTGTCTCAGAT-1-40_s3,8.627091,-0.4779526,-0.31281933
ATGGATCAGCAATAGT-1-40_s3,-1.4283105,3.2327363,-0.42778546
GAATCACAGGTCATTC-1-41_s3,8.451049,-0.560506,-0.90778446
CAATACGTCACAGAGG-1-42_s3,-0.14557022,-0.3741636,-0.59380054
TCGGTCTCAGAGTCAG-1-36_s3,0.49140278,-0.6271476,-0.5292567
GCGTGCAAGCCAAGGT-1-39_s3,7.2860703,0.25771737,-1.0309604
TTAGGCATCACGTAGT-1-39_s3,7.66032,-1.1176664,-1.6578329
TTCCGGTTCCGTGTAA-1-42_s3,0.58862525,-0.35503817,-0.04316073
ATTCCCGAGGGAGATA-1-43_s3,0.7381371,-0.24230269,-0.93137044
ATCATTCAGACGGAAA-1-42_s3,7.1646395,-0.27363265,0.31175485
GATCACAGTGTCATGT-1-39_s3,8.544965,-0.19184428,-1.0684793
CGTGTCTTCTGACGCG-1-43_s3,0.95173216,-0.51353097,0.1105603
TGCTGAAAGGTCACTT-1-40_s3,-1.8192964,2.9879115,-0.17140475
GTCATGACAAACTAAG-1-38_s3,0.9686054,-0.4549363,-0.14751276
CTCAGAAGTCTGTCAA-1-38_s3,9.14689,-0.1435373,-0.99532473
GGAACCCTCCTAGAGT-1-41_s3,9.164611,-0.82810664,-0.31995797
TCGGGTGAGAGCATCG-1-41_s3,8.29611,-1.0591295,-1.5588524
TACCTGCCAACTGCCG-1-41_s3,0.67408735,-0.27463883,0.55610794
GCGATCGAGATACAGT-1-39_s3,0.89128196,-0.68803686,-1.5645288
CCACACTAGGGCTAAC-1-42_s3,-0.059505828,0.26260293,0.563861
GTTGAACGTCCAGCAC-1-42_s3,-0.17670259,-0.33290103,0.290378
TTCTCTCAGTATTGCC-1-38_s3,7.6274457,-0.15925577,-0.9496416
AGGGAGTCATCGCCTT-1-39_s3,0.7949583,-0.61735636,0.1196679
CCTGCATGTGAGTAGC-1-42_s3,6.2902603,-0.56505615,-1.5594996
TACTGCCTCAATCTCT-1-43_s3,7.8708887,-0.8099769,-1.0962949
AATCACGAGAGGGTCT-1-39_s3,9.061377,-0.14733773,-0.38224867
TATTCCAGTTCGAACT-1-36_s3,-0.16129567,-0.11869268,-0.55231833
GCATGATCATGGACAG-1-43_s3,0.109755136,0.11861983,0.55701125
CATTCATGTTAACCTG-1-37_s3,0.7792468,-0.42591643,-0.51210374
CGGGTCACAGTTGGTT-1-36_s3,-1.7957991,2.6773431,0.30984992
ACCTGTCGTTTAAGGA-1-41_s3,-1.8895503,2.6455238,-0.027777543
TTGTTCATCCGTGTAA-1-40_s3,8.173898,-0.107001,-0.8494562
ATCGCCTAGTCATTGC-1-37_s3,8.063958,-1.0875511,-0.7530385
CATACTTGTCCACACG-1-43_s3,-2.137317,3.3514338,0.25949588
CCGATGGTCTGTGCTC-1-42_s3,-0.06841214,-0.40790093,-0.6322196
CACAACATCACCATAG-1-39_s3,0.4336084,-0.52866715,-0.6782552
TAGGTACAGATCACCT-1-37_s3,0.8575208,-0.64206433,-0.57117546
AAACGAAAGTCCTGTA-1-38_s3,0.87918115,-0.29827952,-0.9104505
CTTTCAAGTTGCATCA-1-43_s3,0.613991,-0.018503778,-0.77600664
GATCACAGTCAGGTAG-1-38_s3,0.5748739,-0.3787847,-0.9222946
GTTACCCAGCGATGAC-1-41_s3,8.844317,-0.22304305,-0.5779003
CCAAGCGCAAATGGAT-1-38_s3,0.6480152,-0.2687122,-0.53809834
TTTGGAGAGAGTCAGC-1-42_s3,-0.11665571,-0.24325463,0.2670446
AACACACTCCTTCAGC-1-40_s3,7.864261,-0.59650236,-0.8782163
GAATCACTCATCGCTC-1-42_s3,0.5356704,-0.79481053,-0.4170733
ACAGAAATCTCACGAA-1-39_s3,1.2301148,-0.6503991,0.884264
AGACCCGCACGCAAAG-1-43_s3,-2.3303633,2.8607726,0.8613466
AGATGCTAGACCACGA-1-42_s3,8.026246,-0.63901013,-0.8396507
TTTGATCGTTTACGAC-1-37_s3,0.12925985,0.014487613,0.7038286
CACTTCGCAACGCATT-1-42_s3,0.41800135,-0.18323009,-0.12633915
CATTTCACAATTGCGT-1-41_s3,0.2534386,-0.14858031,-0.893799
CACACAAGTAACGGTG-1-37_s3,0.6252477,0.21770912,-0.075165
GTAGGAGAGGGTAGCT-1-38_s3,-1.3251754,1.6334912,-0.007986411
GCAGTTACACTCTAGA-1-36_s3,7.9143023,0.0050884634,-1.1483996
ACATTTCTCGGACTGC-1-41_s3,0.21692148,-0.26004136,-0.56384706
CTACAGATCCAAGCAT-1-43_s3,-1.1487129,2.5142813,-0.06777509
CCACGTTAGGCATGGT-1-41_s3,8.379697,-0.49938008,-0.8363147
CCGTTCATCCGCACTT-1-41_s3,7.3396244,-0.9521418,-1.4148182
GGTCACGCACTAACCA-1-36_s3,-1.6117357,2.0248117,0.32780948
GTAGGAGTCAGGAACG-1-40_s3,0.45395344,-0.16646734,0.34666723
GGATGTTCACCCAATA-1-42_s3,-0.012822621,-0.14716525,-0.57963
AAGACAAGTAAGCAAT-1-40_s3,0.6402405,-0.47390014,0.49603212
GTCGAATCACTGCGTG-1-42_s3,6.187099,-0.5682859,-1.035423
CAACCTCCAAGGTTGG-1-41_s3,-1.9662571,2.3288221,1.224761
GCACATATCCCAATAG-1-38_s3,7.3629265,0.01956112,-1.5219245
AAGCCATCATCGAAGG-1-37_s3,1.1406672,0.093095504,-0.46694422
CCATAAGGTCGCTTGG-1-41_s3,0.4072032,-0.47198033,-0.03995054
CTGTGAACAGCACCCA-1-37_s3,0.8978497,-0.38920993,0.018558826
TATCTTGTCCCTCTTT-1-37_s3,-0.8716386,2.3969982,0.8150318
ATCACTTGTTCTCGTC-1-40_s3,4.166487,-0.08190406,-0.73865515
ACTTCGCTCCTTGACC-1-36_s3,-1.5307904,2.7023041,0.50553834
GCCCAGATCTAGTTCT-1-37_s3,7.782174,-0.5230933,-1.2086762
TATCTGTAGCCTGGAA-1-36_s3,-1.0662836,2.6819267,0.9431771
TGCTTCGTCTACGCGG-1-38_s3,-1.7502007,1.9185624,-0.4522884
GTGAGTTCAAGGCAAC-1-37_s3,1.1779135,-0.43811902,0.3385075
TTCTTCCAGGCCACTC-1-39_s3,8.892275,-0.5296667,-1.0611506
GACCGTGCAATTCTCT-1-42_s3,-0.03211706,-0.63375145,0.4153237
TGAGGGATCTGGCCAG-1-39_s3,1.0005953,-0.43652877,-0.38403058
GATGTTGTCATGGATC-1-37_s3,-0.744637,2.5380602,-0.41094765
CGCATAAAGGAACTAT-1-37_s3,7.113713,-0.2996679,-1.0277506
ATGCCTCTCGGAGATG-1-41_s3,7.0357327,-0.3373478,-1.675813
AGGAAATAGCAGGCTA-1-43_s3,8.745932,-0.33460772,-1.253652
GCATGATGTCAGTCTA-1-36_s3,-0.98964345,2.104157,-1.0209435
TAATTCCAGGTATTGA-1-37_s3,1.4081955,-0.82722116,-1.216157
AGAGCCCAGTCTGCAT-1-40_s3,-0.4334295,3.1194303,0.49636072
GAACTGTTCTTGAACG-1-43_s3,-0.24312522,-0.01998008,-0.4196393
CTACCCACACTACGGC-1-41_s3,0.38307142,-0.81438816,-0.2579335
CACAGATTCAATCTCT-1-42_s3,8.11534,-0.49592996,0.63477623
AGGTTGTAGCGCGTTC-1-39_s3,-2.2730486,2.38716,0.57721174
CATCGGGTCAACGAGG-1-40_s3,-1.9336747,2.6348474,0.22015196
GTTCATTCAACCAGAG-1-38_s3,0.88573277,0.112235054,-0.5445473
TAATTCCTCGAAGCAG-1-37_s3,1.4273579,-0.45392993,-1.2144339
ATTGTTCCATGGATCT-1-38_s3,-0.18925206,0.09416994,0.2731776
ACAACCAGTGTTCCTC-1-37_s3,1.7462606,-0.3247568,0.463155
AACCTGACATCATCCC-1-42_s3,-0.18875751,-0.6002355,0.13080846
TGGGAAGCAGCTCTGG-1-41_s3,0.3018432,-0.2182973,-0.6266021
GTCTACCGTCAAAGAT-1-42_s3,0.5871242,-0.1719425,0.67619175
TGATCTTGTACGGTTT-1-36_s3,8.579845,0.13864371,-1.1776695
AACAGGGAGGTAGTAT-1-42_s3,5.8802643,0.26742956,2.7930813
CATACCCTCTACGGGC-1-39_s3,-1.7991918,2.820492,-0.10606766
ATGGAGGCAGCTGCCA-1-42_s3,0.3023167,-0.53633785,0.22661573
CCCTCAAAGCATGATA-1-42_s3,8.168888,-0.99349904,0.63800055
AGGTTACGTACAAGTA-1-36_s3,-1.5052953,2.9460216,-0.4906105
CATACCCCAGCTAACT-1-42_s3,-0.91981626,1.9325231,-1.1061934
AACAAGAAGGTGAGCT-1-40_s3,4.7733264,0.12737724,-1.8127944
AAGTACCGTACGTGAG-1-38_s3,7.313599,0.017828807,-1.2280945
AACGGGAGTAGTGGCA-1-38_s3,0.6520795,-0.43712944,0.36662
TCTACCGAGGTTGGTG-1-41_s3,0.2189731,-0.59473014,0.29521185
ATCTTCACAGCGACAA-1-42_s3,0.76252455,-0.46598187,-0.6589154
AGTGACTAGGATACAT-1-37_s3,1.50417,-0.18789765,-1.6712137
CGGACACCAGCGACCT-1-41_s3,-2.4224381,3.0204763,-0.79887277
GTCATTTGTCAAATCC-1-37_s3,8.052976,-0.8898309,-0.7929429
CCGGACACAGTTGTCA-1-36_s3,0.07757932,-0.1465992,-0.18828422
TTGGTTTCAGCACGAA-1-37_s3,3.8479233,-0.28421423,-1.8076506
AGGATAATCCGAGAAG-1-38_s3,0.8511654,-0.23266432,-1.3872303
GTGTGGCGTTCGCGTG-1-40_s3,-0.15497248,-0.04156424,-0.13784261
GTATTGGTCGTAACAC-1-37_s3,0.89219165,-0.44479862,-0.31703138
AGATCGTGTCGTTTCC-1-39_s3,7.5652575,0.13995463,-1.2284211
CAGGCCAGTATGGAAT-1-43_s3,-1.7412041,2.5025415,0.3295851
CAACAGTAGGCACTCC-1-36_s3,0.7327986,2.1753652,0.6642942
GTTGAACAGCCAAGGT-1-36_s3,8.555423,-0.90340585,-1.4197373
CCTACGTGTCCTGTCT-1-38_s3,7.8739715,-1.0584705,0.2704794
AGGTCTACATAATCCG-1-38_s3,7.317884,0.4560291,0.0052843057
GGAGAACTCGCTCTCA-1-38_s3,8.52,-0.49352616,-1.0198747
AGGTCATTCTCAGTCC-1-42_s3,-2.4161181,2.8354518,0.065536834
TCACGGGAGCATGGGT-1-42_s3,0.39188427,-0.3696813,-0.774968
CGCCAGATCGGTCACG-1-39_s3,-0.1891868,-0.50727344,-1.0438144
TTCCAATAGGTCGTCC-1-37_s3,0.77732325,-0.51204276,-0.14864717
GTCGTTCCACTGCATA-1-41_s3,7.1851134,-0.31557572,-1.0502145
ACATCCCTCCAAGCCG-1-38_s3,9.129184,-0.80683726,-1.8167336
GTGCTGGCACGGTAGA-1-43_s3,0.7536921,-0.5886992,0.44497645
GAACGTTGTCGGTGTC-1-41_s3,8.341157,-1.5093492,-0.62183356
AGGTAGGCACGTAACT-1-43_s3,1.3073994,-0.05709662,-0.123468325
CTCTGGTGTGGTCTTA-1-42_s3,0.3323267,-0.6915803,0.20514674
CGGACACTCGCCATAA-1-39_s3,0.2671955,-0.35474968,-0.56195456
TGTGAGTAGGCCATAG-1-43_s3,-1.151417,2.385672,-0.11338528
TTTACTGGTTGACTAC-1-41_s3,0.14612147,-0.2950801,-0.6305099
CCTTCAGCAGCTACCG-1-43_s3,-1.9334376,2.4089684,-0.09322648
TCCTTTCCAGGCGTTC-1-38_s3,-1.0580397,3.1202574,-0.31394404
GCGAGAATCGCTGATA-1-43_s3,8.363181,-0.46522015,-1.3757731
CTTCCTTGTAGCTGTT-1-43_s3,-2.6785884,2.496871,-0.12736958
CAGTTCCCATAATCGC-1-40_s3,-2.0343523,2.8546152,0.32337326
CGTTGGGGTAGCGTTT-1-41_s3,0.31299454,-0.1902611,-0.6863288
TCCCAGTAGTAGGAAG-1-42_s3,-0.026411854,-0.5551271,-0.700914
GGGCGTTTCCCGTTGT-1-37_s3,-1.2426155,2.8268578,-1.714746
TAGGAGGCAGAACTAA-1-41_s3,0.66760075,-0.34245962,-0.14184201
TTTATGCCAGCTGTAT-1-40_s3,1.2330315,-0.2304914,-0.47068954
TCGGTCTGTTCTCCTG-1-39_s3,1.1067796,-0.45798206,0.51476294
AATGGAAAGGGTTAAT-1-39_s3,0.11423898,-0.038680565,-0.15235667
CATGCCTTCACTGATG-1-41_s3,-0.35118076,-0.34879988,-0.63262933
AGAGCCCGTCGAAGCA-1-43_s3,0.8442751,-0.36350477,-0.8334304
TACCCACCAATACGAA-1-40_s3,1.3187441,1.1571312,-1.355244
CGGGTCATCTCCTGCA-1-39_s3,7.7876062,-0.5886577,-0.50675476
TCCGGGAGTTGAGGAC-1-37_s3,0.7941239,-0.5532145,0.14672609
ATTGTTCTCGTCTACC-1-38_s3,8.189177,-0.72504914,-1.0321339
ACGTACAAGAGGGTCT-1-42_s3,0.2893645,-0.5413623,0.0962773
TACCGAACATGAAAGT-1-43_s3,-1.0857536,2.3578026,1.4004467
CACCGTTAGGGTTTCT-1-42_s3,8.300636,-0.28489375,-0.4859287
GAGCCTGCAGAACATA-1-38_s3,8.502342,-0.6156434,-0.8461815
GTCCTCATCGAAGCCC-1-40_s3,8.311073,0.01886063,-0.5589974
CTGGTCTCAGCATTGT-1-39_s3,0.18904012,-0.555726,-1.052256
GAAGTAAAGTCAACAA-1-41_s3,0.13063444,-0.224282,-0.9942586
TGGGATTCATATCTGG-1-42_s3,0.12701434,-0.4616543,-0.015984489
TTTCAGTAGGCACTCC-1-36_s3,0.6358151,-0.22167717,-1.203653
CCAAGCGGTTCACCGG-1-41_s3,0.29206967,-0.6733452,-0.21652178
GTGAGCCAGATTAGCA-1-39_s3,0.838187,0.115449905,-0.34612173
GTTCGCTAGCGAGAAA-1-43_s3,1.377404,-0.6778654,0.97479457
TACACCCCACCCTAAA-1-38_s3,7.0118318,-0.42883363,-1.1185604
AGAGCAGAGTAGAGTT-1-36_s3,-1.046398,2.7658062,1.3076799
ACTGTGAGTTCTAACG-1-38_s3,0.9760053,-0.7978469,0.9374902
TTTCATGTCAGACCGC-1-36_s3,7.9043093,-0.050732598,-0.515941
TCTACATAGCGAAACC-1-37_s3,1.0375106,-0.5004213,-0.07070425
TCGCTTGTCAGGACGA-1-40_s3,0.58882356,-0.51930827,-0.8764973
TCGAAGTTCTGGGTCG-1-41_s3,-0.2276943,-0.28434956,0.17819034
GACCCTTCACCAATTG-1-39_s3,0.6479845,-0.253915,-0.20881017
TTCCTTCCAGGCATTT-1-41_s3,-0.6115462,0.8911873,0.25011837
CTCCTTTCAAACAGGC-1-38_s3,7.596612,-0.33849862,-0.22284119
GTAGAAAGTCATACCA-1-42_s3,-0.5932096,2.3793712,-0.21336398
ATAGGCTGTGACATCT-1-42_s3,-0.10717528,-0.16564557,-0.112353325
AAACGAAAGCAAGTCG-1-36_s3,0.6612063,-0.3960979,-0.26457757
GCTACCTTCATGAGAA-1-38_s3,-1.0343136,2.0523126,-0.15874825
ATCGTGATCCGAACGC-1-37_s3,0.4947605,-0.08645594,0.31782997
AGACAAAAGCCTAGGA-1-38_s3,0.53957355,-0.50292057,-0.30613762
GCCCGAACACGCCAGT-1-43_s3,-0.25089005,0.066143915,0.44231018
GAAGGACCAGACACCC-1-41_s3,0.8862678,-0.07832841,0.22083761
TCACAAGTCTGTCGCT-1-36_s3,1.0277283,-0.755815,-0.5711028
ATGTCTTTCACTGAAC-1-42_s3,8.3031645,-0.55924857,-0.41142133
GAGTGTTTCGACCAAT-1-42_s3,-0.49554193,2.5254648,0.15579897
ACTGTGAAGCACTCTA-1-42_s3,0.307941,-0.1612865,0.53410476
CATGCTCTCAGGAAAT-1-42_s3,-0.2685537,-0.4263367,0.05907407
GGCACGTTCTGCTAGA-1-41_s3,0.75340873,-0.41710696,-1.1589833
TCAAGCAAGAGTCTTC-1-43_s3,7.7106323,-0.06545644,-0.8053607
GAAGGGTTCTCTGCCA-1-37_s3,-1.3719546,2.4412942,0.29922983
GTAGAGGAGTAACAGT-1-39_s3,8.776938,-0.6701801,-1.6278712
CTGCAGGAGCCTCACG-1-36_s3,-1.3941923,2.226999,0.06965807
GCATGATGTGTCATTG-1-40_s3,8.524829,-0.8004577,-0.93989944
GTGATGTCAGTCAACT-1-41_s3,0.34754258,-0.062265463,1.4955117
CATCGGGCAACTAGAA-1-38_s3,-2.0018108,3.1305995,-0.83496714
TTAGTCTTCATTCGGA-1-42_s3,-0.1636386,-0.4828139,0.09456292
TGGGCTGTCACCTGGG-1-39_s3,0.8863172,-0.66342175,-0.4390215
ATACTTCAGATGGCGT-1-41_s3,5.7334914,-0.63336337,-0.5961518
AACAACCAGGTCCAGA-1-42_s3,-0.24179968,-0.3495074,0.39077565
AATGAAGCAAGCCATT-1-41_s3,7.7508917,-0.59294474,-0.70755327
ATCATTCAGCATCTTG-1-42_s3,9.465943,-0.38953492,-0.22476484
CTCAATTCAACTTGCA-1-36_s3,7.8556333,0.26258618,-0.762655
TTGCATTAGTAAGGGA-1-40_s3,-1.4355197,2.1622553,-0.8323199
ATTTACCTCATTTACC-1-43_s3,-0.4298972,2.4521146,0.9290784
AGTAGTCGTGAGTGAC-1-41_s3,0.8744061,-0.19218732,-0.6537342
GCTTCACAGCGAATGC-1-40_s3,0.29686642,-0.64656055,-0.6611146
TGTTCCGAGCTAGAAT-1-36_s3,0.7938944,-0.034559943,-0.22554445
GGGCTCAAGATGTTCC-1-41_s3,6.4084883,0.026968673,-1.6385665
TCATTACTCGAGCACC-1-42_s3,0.3862228,-0.45397455,0.5308696
CGAGGAATCCTTATAC-1-41_s3,-2.223523,2.448986,0.9070146
CAGCAGCCACACGCCA-1-40_s3,0.13914964,0.22859344,-0.06470698
CTTCGGTGTCTGTCAA-1-39_s3,-2.6077342,2.9880424,0.8988751
TGACGCGGTTGTCCCT-1-42_s3,-2.3362193,2.2991047,0.7018992
ACAGCCGAGGCTAGCA-1-39_s3,8.137534,-0.18037492,-1.0844793
GACCTTCCAAGCCTGC-1-40_s3,0.28550196,-0.36434045,0.14708664
ATCACAGAGCTAGAGC-1-39_s3,8.467444,-0.31579977,-1.4271355
AGACCCGCAAGATCCT-1-38_s3,-1.1721112,2.890431,0.4631216
CCACCATCAGTTCTAG-1-42_s3,0.3061446,-0.25145605,0.1621972
GGGATGAGTAGGCAAC-1-37_s3,1.5472202,-0.5259652,-0.4004488
TCCGAAAGTGCTTATG-1-40_s3,8.287058,-0.69295573,-0.3476324
CCTTCAGGTGAGACGT-1-38_s3,8.117311,-0.06681504,-1.2321963
CATGAGTCAAACACCT-1-39_s3,1.7177252,-0.26510358,-0.94309217
GTACAGTCAGCCTATA-1-38_s3,9.031155,-1.0249932,-1.4381064
TACAGGTTCTGGGTCG-1-42_s3,-0.12864634,-0.8600519,0.055318236
GATAGAATCTGTCTCG-1-39_s3,7.5037055,-1.5177279,-1.2361661
AGACCCGGTACAAAGT-1-36_s3,6.4775,0.27149448,-1.0062408
GTGCGTGCATCCGATA-1-39_s3,8.1929035,-0.50855565,-1.1195316
CCCTCTCGTACTTCCC-1-42_s3,0.5876847,-0.5368102,-0.049475383
CGAAGTTTCACTGATG-1-40_s3,-0.10785054,-0.05229158,-0.8425143
CTGCAGGTCACCTCTG-1-43_s3,0.67058307,-0.10073341,0.025678337
ACTTTCATCGCCATAA-1-38_s3,1.0130339,-0.021285508,-0.42405874
AGACCCGCAGAGTCTT-1-43_s3,0.1128242,-0.37446266,-0.3472035
GTGGCGTAGTGGAAGA-1-38_s3,-0.38704115,-0.22669171,0.7434262
GTCGTTCTCTCTAAGG-1-39_s3,8.419792,-0.38063973,-0.5764872
CACAACAAGGGTCACA-1-37_s3,0.6742695,-0.6503559,-1.2432101
CAGCACGCAGTCTGGC-1-40_s3,-1.9012052,2.3727465,-1.0351951
TAGACTGTCTGTGCTC-1-43_s3,0.033491336,0.054513164,0.07657754
AGGGTGAAGTTGGACG-1-43_s3,8.022545,-0.43945402,-0.29019934
TGTTACTAGCTCTGTA-1-40_s3,7.3963203,-0.34734386,-0.6782902
AAAGGATAGCGCCCAT-1-40_s3,8.338594,-0.52985233,-1.161939
TCCTTTCCAATAGAGT-1-39_s3,-0.924729,2.612226,-0.38271868
GTCGCGAGTCAGTCGC-1-38_s3,-0.08004111,-0.38474226,-0.52262586
GTGATGTAGCGACTGA-1-42_s3,-1.1627336,2.3965995,0.028518444
AGTGACTAGCTAGATA-1-40_s3,0.56805956,-0.35523868,-0.044946834
AAGCGTTGTTACGCCG-1-39_s3,0.9767719,-0.7108906,-0.08654383
CTGTAGAAGGTCACTT-1-36_s3,7.529337,-0.32400188,-0.6707014
TGGGTTAGTATCGGTT-1-42_s3,7.756396,-0.85385007,0.54868627
GTCATCCTCCGGACGT-1-42_s3,1.1291449,-0.5381269,-0.06332416
GTAGGAGAGGTTTACC-1-38_s3,7.8305593,-0.6762376,-0.99993575
TATTTCGAGTGAGGTC-1-42_s3,8.608143,-0.24204594,-1.1964909
CAGAGCCCATGAAAGT-1-43_s3,8.416015,-0.3613566,-1.0609529
TAGGTTGAGCCAAGCA-1-42_s3,9.331915,-0.31520405,-0.09699784
TATCGCCGTGTTCGAT-1-43_s3,0.6845035,-0.21834505,-0.6605835
ACCGTTCTCTTACACT-1-41_s3,0.50894904,-0.051175512,-0.13034934
GACGCTGTCGCGATCG-1-37_s3,-2.4176152,3.109293,-0.6573533
TTCCGGTTCTGGAGAG-1-36_s3,0.30579352,-0.65224487,-0.4622183
GCGAGAATCGACATCA-1-39_s3,8.920023,-0.69129705,-0.94259626
ATTCCCGGTTGGGATG-1-40_s3,7.6115394,-1.1006609,-0.36321375
CGAGGCTGTTGTTGCA-1-43_s3,7.752442,-0.79049665,-0.82912177
GAGATGGTCCGTAGGC-1-38_s3,0.020569388,-0.1795226,0.050889038
TGGGCGTGTGCAGTGA-1-38_s3,7.3205376,-0.70587814,-0.035248876
GGTGTCGGTGATAGTA-1-43_s3,0.9973351,-0.2642392,0.50649434
AATCACGGTGAGAGGG-1-42_s3,0.82637614,-0.17117068,0.4716148
AGATGCTTCTGAGTCA-1-37_s3,0.6345706,-0.5301603,-0.18193032
CTGTACCGTACCTGTA-1-38_s3,6.8443236,0.1778548,-0.7153188
CAGGTATTCTCATTTG-1-40_s3,0.73371565,-0.31476587,-0.26655927
TAACGACCAGCACGAA-1-37_s3,5.344129,-0.33510783,0.9116104
TCAGGGCTCCGGCAGT-1-40_s3,0.08191855,-0.07980871,-0.020404188
CTACTATGTGTGAGCA-1-37_s3,0.30820173,0.16846791,-0.42153183
TATCTGTCACATATCG-1-42_s3,0.6517642,-0.37549722,-0.33773226
AGACACTAGTGGAATT-1-38_s3,0.4899912,-0.4642767,-0.4832872
AAGATAGTCCCATACC-1-38_s3,-0.90957683,2.821774,-0.7021192
GCCAGCAAGTGCTAGG-1-36_s3,1.0958602,-0.42666066,0.91857165
GTAACCAGTGTCGATT-1-36_s3,8.173637,-0.28681374,-1.7683572
GGTAACTTCGTGTTCC-1-42_s3,0.0014224015,-0.34346068,0.28024936
GATGAGGGTGCGTCGT-1-41_s3,-1.1123397,2.5120041,0.12503138
CCTTCAGTCGCCGAAC-1-43_s3,0.20896411,-0.17653069,-0.15367286
TGCATCCTCCCTCTAG-1-42_s3,-0.47418404,-0.35717332,-0.461569
GATTCTTGTTCGGCGT-1-38_s3,7.977283,-0.9816256,-0.74762875
ACAGCCGGTACTGCCG-1-39_s3,7.3713174,-0.35160726,-0.68708795
CTAAGTGTCATACGAC-1-38_s3,0.7102659,-0.5244322,-0.7092325
TTGCGTCTCGACATTG-1-36_s3,-0.013490098,-0.48914957,-1.0552526
TCGTCCAAGCGGGTTA-1-36_s3,0.9834928,-0.37028536,-0.25974283
GGTTGTATCGCGATCG-1-40_s3,8.114616,-1.127412,-0.90821886
AGTACTGCATATGCGT-1-36_s3,0.8167334,-0.17733654,-0.49359626
TGGGTTAAGAATCCCT-1-41_s3,0.16993064,-0.23773484,-0.6815563
GTTGTCCGTAGACAGC-1-43_s3,0.21769366,-0.033992082,0.111300685
GTGCACGCACGTGAGA-1-39_s3,0.15471986,-0.2963073,-0.3048431
CGAGTGCGTCAATCTG-1-40_s3,7.4001675,-0.36473474,0.46162957
TGATCTTCAACACGAG-1-39_s3,0.66540897,-0.10796237,-0.527758
GGGTTTATCCGATGTA-1-41_s3,1.093502,0.07763215,-0.9889037
GGTGAAGTCGCAGAGA-1-39_s3,1.3099955,-0.7071041,0.2564704
TTCCTTCAGTCGGCAA-1-40_s3,8.454529,-0.43273664,-0.59249425
TTTGTTGAGGAGCAAA-1-38_s3,0.6990891,-0.51583344,-0.014485534
CTCAAGAAGGGTATAT-1-43_s3,0.79662347,-0.7587422,0.16956376
TTACAGGAGATCGCCC-1-41_s3,-0.64855534,0.3510766,0.12256162
GAGAGGTAGTTGCGCC-1-40_s3,0.8704926,-0.442038,-0.8128679
ATGGATCTCAAGATAG-1-42_s3,8.493352,-0.3892484,-1.0903747
CAAGAGGCACCGTCGA-1-40_s3,1.0354372,-0.5230859,0.16682969
ATGAGGGTCCTGTACC-1-39_s3,8.941812,-1.0958145,-1.5614713
GGGTTTAAGATTACCC-1-37_s3,8.618594,-0.25137502,-1.3766199
TACCCACCACTACAGT-1-42_s3,-2.384159,2.8369405,-0.067725606
GTACAGTTCTTAGCTT-1-40_s3,0.4432552,-0.36032587,-0.7983149
GATTGGTAGATGAAGG-1-43_s3,7.615525,0.46435896,-0.8278352
ACCGTTCTCCCTTGGT-1-36_s3,0.3239186,-0.018072806,-0.4768805
TTGTTTGAGCCGAACA-1-40_s3,0.26819402,-0.42171156,-0.3422044
ACCAAACAGGACGCAT-1-43_s3,1.2885752,-0.31287974,0.19076988
TAGACTGCAGGAGACT-1-37_s3,1.692378,-0.038232613,-0.47706884
CGTTGGGAGTCTCCTC-1-39_s3,0.58062345,-0.6121146,-1.2141788
ACTCTCGGTCGTATTG-1-36_s3,-2.2060716,2.72322,-0.46884593
CTCCATGTCTCGCTCA-1-36_s3,1.6361629,-0.4287039,-0.01617067
ATATCCTGTACAAGCG-1-40_s3,0.38690048,0.4095554,-0.7413655
AGCTCAATCCGCTAGG-1-39_s3,0.7293214,-0.22058366,-0.06663509
CCCTAACTCATTGAGC-1-37_s3,8.667596,-0.31081137,-1.0893595
GTCCCATAGGCGTTAG-1-41_s3,0.62744236,-0.57895994,-0.25707597
CAACGATGTACCTTCC-1-37_s3,0.6026457,-0.32493982,-1.2425786
GAGCTGCTCAACCGAT-1-41_s3,0.9111088,-0.3204975,-0.3173871
CATCGTCTCTGAGCAT-1-40_s3,-1.8780993,1.6697017,0.69365436
CTATAGGCACGGCACT-1-41_s3,-2.1141381,2.5951395,-0.2355194
ACAAAGACACCCTATC-1-36_s3,8.639103,-0.09635129,-0.7511096
TCAAGACGTTAGCTAC-1-37_s3,7.36193,-0.31371182,-1.1806897
TCTACCGCAAAGGTTA-1-42_s3,0.46389285,-0.32700628,0.4167739
CAACCTCAGCAGCGAT-1-42_s3,-0.41818157,-0.21359187,-0.4003719
GCGGATCGTCGTCATA-1-36_s3,1.5290737,-0.12953305,-1.0158436
CCACGAGGTGGTTTAC-1-38_s3,0.19910356,-0.32535213,0.34290648
TCCTCTTGTGAATATG-1-40_s3,7.639128,-0.8903457,-0.5657151
CCTCTAGTCACTGTTT-1-39_s3,-0.3724412,-0.30415335,0.19739988
TCTACATGTAACATGA-1-43_s3,0.9946421,-0.31961814,-0.76193744
TTTGGTTAGCCAAGCA-1-42_s3,0.14197081,-0.49551535,0.38312563
AAGGAATGTGCTGTCG-1-41_s3,-0.24250583,-0.05891321,0.021254981
GATGGAGCAGTAGAAT-1-39_s3,0.90731,-0.62858814,-1.0224167
ATGCCTCGTAGATGTA-1-41_s3,8.127516,0.3854754,-1.701885
GTCAAGTGTCATCCCT-1-36_s3,-0.38467586,0.03887423,-0.6575651
ATGGTTGCACTGTCCT-1-39_s3,1.6582857,-0.17784902,-1.431816
TAGTGCAGTCTCCCTA-1-43_s3,8.023315,0.048265535,-0.96331835
ACAAAGACAGATCCTA-1-39_s3,-0.659044,3.1923304,0.3775635
GTATTTCTCTTAGGAC-1-41_s3,7.9691734,0.0687242,-0.7984011
CATGAGTAGCGAGGAG-1-37_s3,0.76227295,-0.3466524,0.6154083
TGTTCCGGTCCGAAAG-1-38_s3,0.5836274,-0.24873358,-0.024310142
GTCTAGAGTTCTAACG-1-43_s3,1.3274139,-0.48023996,-0.8462947
GAGTCTAGTCCGGCAT-1-38_s3,7.6356735,-0.24528511,-0.82564586
CGTGTCTCACGCGCAT-1-40_s3,8.173222,-0.2431767,-0.85356456
CAGTTCCCAACGCATT-1-37_s3,1.329043,-0.6047796,-0.32589382
ATGAGTCTCATATGGC-1-42_s3,0.023318663,-0.06709486,0.2588657
CTGCTCACAGCTCATA-1-36_s3,1.0187583,-0.759367,0.04442238
GTAGCTAAGCGGATCA-1-38_s3,0.798744,-0.3595795,-0.08617169
CGCCAGACAATCTGCA-1-40_s3,-0.3335145,0.04539634,-0.47932532
CATGAGTCAGGCCTGT-1-41_s3,0.44257817,-0.36086148,0.06194459
ACGATCACATTACGGT-1-38_s3,-0.1064527,-0.57719487,0.09207165
ATCGCCTGTATTTCTC-1-43_s3,7.8280616,0.02864056,-1.0106521
AAGTTCGAGTGAATAC-1-38_s3,1.8315133,-0.12921236,-0.35928455
GGAATCTAGTAAACAC-1-40_s3,7.478915,-0.5632478,-2.235991
GGTCTGGGTATTTCTC-1-38_s3,1.4082671,-0.0016983487,-0.678609
CTCATCGCATTACGGT-1-37_s3,8.259744,-0.5399597,-1.1537296
CTCCACAGTCATCCGG-1-40_s3,-1.5514396,3.4399817,0.9391452
AATCGACTCTAGGCAT-1-38_s3,-0.21019241,1.8543541,-0.95248175
TTAGGGTCAGCAGATG-1-42_s3,0.5993751,-0.09179346,0.19436993
GCTACAAAGATCCGAG-1-41_s3,-0.5107246,-0.5023583,0.16994433
CTCAAGACAAAGCTAA-1-43_s3,7.67762,-0.13632077,-1.2277315
AGATAGAAGACGGTCA-1-42_s3,-1.6466582,2.708086,-0.1837619
GTCTTTAGTGTAACGG-1-39_s3,0.45472708,-0.653746,0.2126886
GATGTTGAGTGCAACG-1-36_s3,0.852282,-0.72376215,0.32836467
CGATGGCGTCGGTAAG-1-42_s3,7.7211604,-0.04853481,-0.7570644
ATGTCCCAGCGGTATG-1-36_s3,1.238728,-0.16263637,-1.046237
TTTACCAGTCTTAGTG-1-42_s3,-0.20643374,-0.11667596,-0.3882701
TCTATCATCATGCATG-1-37_s3,0.08983303,2.5048575,0.18697485
GATCCCTAGCATGAAT-1-43_s3,0.4011943,-0.085405216,-0.90408456
AACTTCTGTTGCCATA-1-42_s3,6.3420625,-0.63141173,-0.9314272
ACTTTGTTCATCCTGC-1-37_s3,-1.601474,2.4174154,0.029860066
CTTTCAAAGAGCATTA-1-37_s3,0.9988883,-0.006840743,-0.108296864
CGGCAGTTCGTTCCTG-1-41_s3,0.11296451,-0.18139294,-0.8060915
TCAGCCTGTCAGATTC-1-40_s3,-2.0443015,3.1881926,0.5202378
GTTGCTCCAATCTAGC-1-41_s3,0.30254436,-0.12945232,-0.305591
CGCATGGTCCACTGAA-1-42_s3,-0.13049607,-0.31007552,0.009473935
AGAAATGAGTTTGGCT-1-42_s3,9.455372,-0.9061528,-1.2813879
ACGTACAAGAGCTGAC-1-40_s3,0.3205478,-0.29209438,0.254411
ATCGGCGAGTTTGGCT-1-43_s3,8.398653,-0.09525338,-1.1314647
CTGGACGCACACCGCA-1-42_s3,-2.674275,3.2856777,-0.5875264
AGTGACTTCCATTCGC-1-43_s3,0.24252218,-0.57073474,1.4103802
TTGCGTCAGGTACTGG-1-42_s3,0.96720916,-0.4713645,-0.18274763
GTAGATCGTAGGTCAG-1-36_s3,1.3350176,-0.3582579,-0.19766738
TCATTTGCATGTGCCG-1-36_s3,0.708605,-0.18248096,-0.8485446
AGGAAATAGGCAGTCA-1-37_s3,-1.0253017,2.4744334,0.6619269
GTGTAACTCTTGGATG-1-43_s3,0.66707104,-0.058973327,-0.5025049
TGATGCACAACCTAAC-1-42_s3,-2.5136094,2.8991795,0.90211785
AGAAGTACAGCATCTA-1-40_s3,1.2036833,-0.16854922,0.317942
AAAGGATCACAAATGA-1-37_s3,-0.85244215,1.152609,-0.41676965
AAGGAATGTACGATCT-1-41_s3,6.1697826,0.19493297,0.9571794
CATGCAATCTAGAGCT-1-43_s3,6.8332114,-0.9149465,-0.8238598
CTGGCAGTCACGACTA-1-42_s3,0.098406404,-0.48040622,-0.5480067
TTGGGATCAGAGTGAC-1-38_s3,-0.8201096,2.4889562,0.10754825
CGGGTCATCTAAGCGT-1-38_s3,8.525431,-0.14378937,0.02032468
GTATTGGTCATTTGCT-1-41_s3,-2.3719997,2.9524379,0.66184497
AACAGGGGTTGTGTTG-1-43_s3,-1.6591418,2.628738,0.18718417
ACGATGTGTACTAAGA-1-43_s3,0.49013335,0.013623688,-0.79644454
GACCAATGTTCGGCTG-1-36_s3,0.10472941,-0.60582554,0.10575433
AGATGCTTCAGCGGAA-1-38_s3,-0.025646728,-0.05482573,0.50063944
ACACTGAGTAGACAGC-1-43_s3,-1.890952,2.644319,0.38336697
GCTGCAGAGACTTCAC-1-39_s3,8.37397,-0.26726848,-0.85406417
AGCCAGCCAGGCATGA-1-39_s3,8.416681,-0.50318605,-1.7436702
GTTTACTGTCAAAGAT-1-42_s3,-0.020983364,-0.2799828,0.48044235
GACCCAGAGGCGAAGG-1-37_s3,-1.8697547,2.501817,0.41919166
AGACAAACACCCTGAG-1-36_s3,-2.2595372,3.2864392,0.7342253
TCGATTTCACATGACT-1-43_s3,0.61583054,-0.1648265,-0.31348652
TGGGCGTTCTCGAACA-1-39_s3,1.2447865,-0.10387519,-0.29112965
AATTTCCAGATCACTC-1-39_s3,-0.21732849,-0.4046324,0.276606
GGTTAACCAATCTCTT-1-42_s3,-0.010344248,-0.72544324,-0.4093282
AGAGAGCAGTGGTTAA-1-41_s3,0.17396796,-0.07015581,0.7625631
TCCCACAGTCGTACTA-1-36_s3,-1.4163692,2.2671607,-0.53666216
AGGATAATCAGCGCGT-1-43_s3,0.47364077,-0.28279036,0.14553644
ATACCTTCAGCACAGA-1-40_s3,-2.2258277,2.4909139,0.6999062
AAGTTCGAGTTTCAGC-1-40_s3,0.84031355,-0.33440745,-0.2921062
ACTATGGAGCTTAGTC-1-37_s3,1.0960428,-0.5256205,0.32021216
TGATTTCTCCGTGTAA-1-43_s3,-0.03026785,0.15522322,0.47074974
ATGATCGTCTCCATAT-1-37_s3,0.12351221,-0.40485904,-0.15759048
CCCATTGCATACCATG-1-42_s3,0.7552874,-0.2808449,0.4790689
AGACTCAAGCCTGACC-1-36_s3,0.37365398,-0.047192376,-0.1429068
ATTCATCCAGCTGTCG-1-40_s3,0.23792818,-0.4930979,-0.15652241
GGAGCAACAAGGTTGG-1-37_s3,-0.005773332,0.004894767,0.014796104
CTTCGGTGTTGCACGC-1-43_s3,9.409235,-0.5681941,-0.30000836
GGCGTCACAAGCACCC-1-36_s3,7.823822,-0.5867646,-1.372367
AAGGTAAAGGCATCTT-1-39_s3,2.3211348,0.64929813,1.7168964
AATTCCTCAATTGCCA-1-40_s3,7.4304037,-0.25610062,-1.0955312
TGCAGATCAAACTAGA-1-36_s3,0.47903404,-0.20509323,-0.14227362
TACAGGTTCGTGTGAT-1-39_s3,1.2687094,-0.26459676,0.14258397
TCGATTTGTAACGCGA-1-43_s3,1.7196585,-0.10882282,-1.0374116
TTCACGCTCACCTCGT-1-42_s3,0.44167545,-0.7219698,-0.17389587
CAGCAATTCGGAGTAG-1-41_s3,0.07073072,0.10522708,0.5718058
CGCATGGCAACCAGAG-1-42_s3,8.147312,-0.5571809,-0.6311003
GACCCAGAGGTTGACG-1-43_s3,0.46048817,-0.003637094,-0.38721305
TCACTCGGTCATCACA-1-40_s3,0.3251761,-0.69612926,-0.15402047
TTGGTTTAGAAGATCT-1-42_s3,0.57857937,-0.11344811,0.6947629
ACGATCACATCCAATG-1-40_s3,-1.0395728,2.0019023,0.41554525
TAGGTACTCTTACCGC-1-37_s3,7.659657,-0.89059997,-1.1479133
ATGGGTTAGCCTAGGA-1-43_s3,-1.6439159,2.9522414,-0.011227755
CGAATTGAGTCACACT-1-40_s3,0.52651405,-0.16260809,-0.54176176
GAGAGGTGTGATTCTG-1-36_s3,0.44965932,-0.6740661,-0.6187626
ACCCTTGCATGTCAGT-1-41_s3,-2.5870688,3.5980747,-0.1357645
ATGACCAGTGATATAG-1-42_s3,0.6720964,-0.1273686,-0.53800005
GTGAGTTGTACACGCC-1-37_s3,0.5895889,-0.41055673,-0.63654375
CGTTCTGCAGGCTTGC-1-36_s3,0.25405917,-0.47166866,0.8492171
TCGTAGAGTCACTGAT-1-40_s3,2.0363462,-0.9557925,-0.9187095
AGTAACCAGAAATGGG-1-41_s3,-1.1637893,2.9672422,-0.64881605
CCAATTTGTCCAGGTC-1-41_s3,0.09426101,-0.8354869,-0.72072196
GTTGTCCAGTCGCGAA-1-37_s3,1.0301899,-0.15982768,0.62153304
ATCGCCTAGCATCCCG-1-40_s3,5.236712,0.27808756,1.6982659
TCGTCCAAGGTCCTGC-1-39_s3,-0.29064232,-0.2880381,-0.22502524
TTGTTGTGTTAAGAAC-1-42_s3,0.915172,-0.34079194,-0.24325687
ACCAACAAGAGAGTTT-1-41_s3,0.67870796,-0.29806873,-0.085886635
ACGGTTAAGTTGAATG-1-43_s3,0.2525651,-0.09089458,-0.4581063
TCGTGCTGTCTGCATA-1-41_s3,5.776538,-1.0685825,2.2322571
ACAGAAAAGATCCCAT-1-43_s3,7.2493467,-0.076999485,0.23086923
CAGCACGGTATGAGCG-1-42_s3,0.07389347,0.014167368,-0.9258007
GAGATGGGTATAGGAT-1-41_s3,0.11716415,-0.6271476,0.60821795
GTGACGCCAGCAGACA-1-40_s3,9.006725,-0.12530677,-0.87196004
ACTTCGCAGCCATTGT-1-38_s3,-1.4228532,2.5387034,0.096499495
ATTCCCGTCCAACCGG-1-42_s3,-0.06357309,-0.1119162,-0.5759983
GAGGCCTCATTAGGAA-1-40_s3,-1.9504002,3.1880574,-0.4069086
TACGCTCCATAATCCG-1-42_s3,-2.1237369,2.801414,-0.11675629
ATTCTTGAGGAACATT-1-43_s3,0.42132998,-0.15736388,0.049881026
GCAGCCAGTAGTGCGA-1-36_s3,1.1385379,-0.30890894,0.16985649
CCAATGACAAATGAGT-1-37_s3,0.29286247,-0.19440317,-0.81284004
GAACGTTAGGGATCGT-1-43_s3,0.27548525,-0.011988215,-0.55981916
CGAAGGATCCTGTAAG-1-43_s3,0.38167888,-0.36806297,-0.89633024
GTTACGATCGTTGTAG-1-40_s3,8.028812,-0.3568128,-1.3794029
GGGTCTGGTAGGATAT-1-40_s3,0.55212283,-0.59824884,-0.9565644
AACAACCCACGGCACT-1-38_s3,0.7521594,-0.7001306,-0.605909
GTCTACCTCTACCACC-1-42_s3,7.7142053,0.45022577,-1.0127565
AATTTCCTCGCACTCT-1-37_s3,1.4303687,-0.15361355,-0.30395332
CCTAAGACATTCACAG-1-38_s3,1.523938,-0.48735175,-0.05771223
TCTTCCTAGTCTCTGA-1-38_s3,8.751053,-1.0110011,-2.002389
TATCTTGAGTCATGGG-1-37_s3,7.6498184,-0.6545457,-1.2193204
TGATGGTTCAGCTTCC-1-43_s3,0.56224155,-0.5177934,0.3287588
TCTTCCTCACGTACAT-1-41_s3,0.016906418,-0.22268373,0.09230273
GGTTAACAGGATAATC-1-41_s3,0.8474181,-0.40333652,0.31724194
CTCCAACAGGCACTCC-1-38_s3,0.116045445,-0.32757384,-1.4191773
CGAAGTTGTTGATCGT-1-43_s3,8.634355,0.17492852,-0.7059536
GATTCGAAGCGACTTT-1-36_s3,9.184554,-0.4807552,0.23068163
AAATGGAAGCCTCAAT-1-42_s3,9.306473,-0.4707445,-1.0773787
TCACTATAGGTCACCC-1-42_s3,4.9961247,-0.4971923,0.7515071
CATCCGTTCCGGACGT-1-39_s3,0.4824744,-0.6172746,-0.17751975
GCCAGCACAAGTTCCA-1-37_s3,-1.3543609,2.6988149,-0.2517933
TCTGTCGTCATCACCC-1-38_s3,0.79620993,-0.6994205,-0.5394159
TTCTGTACATGGGAAC-1-40_s3,-2.1281455,3.4358554,0.6139484
TCATCCGTCGCTTACC-1-36_s3,0.39277053,-0.18362725,-1.1307313
CGTCCATTCGAGTGAG-1-42_s3,-1.0038902,0.8359189,-0.38794962
CACGTGGTCTGACAGT-1-40_s3,-1.4651916,3.4712367,0.8404387
ACTATTCCAAGCGCTC-1-38_s3,7.8513637,-0.2590094,-0.8005512
ACCCTTGTCGCATTAG-1-41_s3,0.45748708,-0.2413835,0.37535906
GTGTGGCTCCCATAGA-1-37_s3,0.8887253,-0.05535308,-0.84356236
ATACCTTGTTACCCTC-1-43_s3,-1.8061455,3.2180948,0.39540747
TCATTGTAGTCTGCGC-1-36_s3,-1.162752,3.203428,-0.6326801
TGTTCCGTCAAGCCCG-1-41_s3,7.914865,-0.4294911,-1.0528817
AGGTCTAGTCGTATGT-1-42_s3,7.0357747,-0.5526436,-1.502023
CCATCACTCAACTGGT-1-39_s3,8.021596,-0.3630231,-1.4587835
AGGAAATCAGCTGAGA-1-39_s3,-1.6435806,2.1821132,-0.16009179
AGGGTGAAGGTATCTC-1-41_s3,-0.030517407,-0.5267155,-0.6532511
ATCCCTGCACTGATTG-1-41_s3,0.8600951,-0.8706563,-0.6295386
ACTTCCGCATTGTACG-1-40_s3,-0.17070892,-0.23714265,-0.17803624
CCTCCAAAGCATCTTG-1-40_s3,7.28514,-0.0011202842,-1.5859772
GACCGTGGTTGCAACT-1-37_s3,-1.4408687,2.2941494,-0.10625892
CTACCCATCTACTGAG-1-38_s3,8.068332,0.5234431,-0.7863878
AACCACAGTGGATCGA-1-41_s3,-1.7145526,2.143572,-0.9338549
CTACGGGCAAGTCGTT-1-37_s3,7.4222264,-0.38547516,-1.2766578
AATGGCTGTCGATTAC-1-42_s3,7.644488,-0.44363105,-0.82895166
CGGGTGTTCAGCTCTC-1-41_s3,-3.0013602,3.5827749,1.382067
GGTGGCTCACGGTGCT-1-43_s3,7.870093,-0.15618715,-0.3219778
CTGTAGATCTTAATCC-1-37_s3,6.5444913,-0.015845291,-0.51625466
ACTTATCAGTCTCGTA-1-42_s3,0.4928854,-0.4311638,-1.2523628
CAGATCATCGGTAGAG-1-40_s3,6.1901236,-0.41263956,2.1507936
TACATTCTCACTGGGC-1-38_s3,0.7268983,-0.12092748,-1.1622844
CATCCCAAGATGCGAC-1-38_s3,-0.13988802,-0.32649338,-0.29477018
GTTCATTAGGCTAAAT-1-42_s3,8.199582,-0.5560817,-1.4776621
GAGACCCGTCTGCAAT-1-38_s3,0.42106897,-0.61757344,0.47427198
CTGTCGTAGAGGCGTT-1-37_s3,0.9302785,-0.23050281,-0.3994424
AAAGGATAGACGCATG-1-41_s3,8.23707,-0.539235,-0.97009104
TCCGGGAAGTGTTGAA-1-42_s3,7.8980083,-0.67236966,-1.1796913
CTCAAGAAGAGCGACT-1-39_s3,-2.6774101,2.7045403,0.6197603
AGTCAACCACCGGTCA-1-43_s3,0.59982854,-0.66340905,-0.7236487
TCTACCGGTTCAGGTT-1-42_s3,-0.5423271,-0.68634665,-0.9632242
CGCAGGTCAGGACTTT-1-42_s3,8.167341,-0.269638,-0.51282495
CGATGCGCAGGGTCTC-1-42_s3,-1.9338477,1.9563946,-0.13446535
GTTTACTAGTCGCCAC-1-42_s3,-1.7506058,2.7659874,0.79301876
ATCGTAGCAAGAGAGA-1-38_s3,7.823123,-0.8473209,-1.0329915
GTGATGTGTTCATCTT-1-40_s3,5.1142573,-0.21607299,-0.056104533
TACGGGCCACTTGGGC-1-42_s3,0.74962616,-0.15360203,-0.58656394
TACAACGGTTAAACCC-1-36_s3,6.03541,0.12583748,-1.617539
CCTTTGGAGACATCCT-1-42_s3,0.8566382,-0.5552615,0.018010598
CATTCCGAGAGGATGA-1-42_s3,0.041794106,-0.26617083,-0.55451494
CGCAGGTGTGTCACAT-1-38_s3,7.154542,-0.008237332,-0.57217973
GTGAGTTAGCCTCAAT-1-41_s3,8.694046,-1.017313,-1.0315957
ATCTTCAAGCTGTTAC-1-40_s3,0.13992333,-0.1394837,-0.9454562
ATCGTCCTCGTGGTAT-1-39_s3,7.9202943,-0.33544773,-1.5245905
GGTTAACTCTGCGGAC-1-42_s3,-1.2732446,2.4260678,-0.17922437
TATGTTCCAGAGCCCT-1-42_s3,6.6964693,0.083976194,-1.1975342
TTCATTGTCACCGACG-1-39_s3,0.42237848,-0.2266191,-0.60687923
TTCTCTCTCGAGAAGC-1-43_s3,0.41984245,-0.4828071,-0.74214214
ATTCTTGCAAGGCGTA-1-39_s3,0.3281838,0.01717215,0.045940317
AGCGCCAGTTACGATC-1-38_s3,0.44882876,-0.4298973,-1.0617882
GGAGCAAAGACAACTA-1-38_s3,0.81621283,-0.29719093,-0.6219118
GGAGATGGTGACTCGC-1-36_s3,7.2429643,0.044658333,-0.7047736
CTACCCACAAGCGCTC-1-36_s3,0.45873284,-0.4647808,-0.48755008
ATCGTCCGTCATCCGG-1-36_s3,-2.1084437,2.5422215,-0.26982167
TGTTCTAAGCGACTTT-1-42_s3,0.4145127,-0.5697539,0.019189056
CCTCAACTCATAGAGA-1-42_s3,-1.3904964,2.298227,0.10752627
CCAAGCGTCATCTCTA-1-36_s3,0.8233159,-0.16408372,0.35277873
CCTATCGAGCCTTTCC-1-37_s3,-1.9530609,2.7450986,0.33363193
AGGGCCTCAAGACGGT-1-40_s3,7.2385216,-0.4428964,-0.7823775
TGCTCGTGTCGCTCGA-1-41_s3,0.11337814,-0.09549299,-0.33925578
TGGGTTACATAGATGA-1-41_s3,0.80135816,1.8988863,-0.23404579
CCCATTGGTCTCGACG-1-38_s3,6.6581774,-0.09423056,-1.4160309
GACTGATAGACACACG-1-41_s3,0.41022164,-0.34193817,-0.6071877
GCTACAACAAGAGGCT-1-42_s3,0.7348441,-0.0047973245,0.38919726
GCAGGCTCAACGTTAC-1-38_s3,7.173944,-0.3289438,-0.9955862
TCACGGGCATCCGCGA-1-38_s3,1.3684583,-0.925984,-0.34633678
TTTAGTCCAAGTGGGT-1-37_s3,0.048338693,-0.06291723,-0.4515227
TCCATCGAGTTACTCG-1-40_s3,0.60798514,-0.1979871,-0.41299438
GGTTCTCAGATGATTG-1-38_s3,1.350852,0.268695,1.4413111
TCTCCGAGTTTCGTAG-1-36_s3,1.0642607,-0.7372508,-0.82851374
CTATCTAGTTCTGAGT-1-39_s3,-1.8337463,1.952696,-0.32774597
CATGCTCGTCGATTCA-1-39_s3,0.51847136,-0.12075561,0.22883311
AATGCCAAGAATCGCG-1-42_s3,0.04393762,-0.22903201,-0.17934495
AGAAGTAGTTTCTATC-1-40_s3,0.7340021,-0.2625291,-0.09621714
CCAATGAGTTTCCATT-1-43_s3,1.0246793,-0.2168974,-0.30243468
AAGTACCCATCACGGC-1-43_s3,0.7300643,-0.38122287,0.17878196
TACCCGTGTACATACC-1-42_s3,-1.0498546,2.4872746,1.741619
CACAGGCAGGACAGTC-1-36_s3,-1.543397,2.3352156,0.11184563
AGACAGGGTCGGTGAA-1-36_s3,-0.5054804,1.3177178,-1.5815243
GGTTGTACACGTACTA-1-41_s3,-1.9773318,2.063078,0.83959526
GGTGTTACACACCTAA-1-37_s3,8.056175,-0.058668137,-0.9262185
CACAACATCCCTCGTA-1-41_s3,-0.33271682,-0.32245085,0.094919294
TCCTCCCAGGGCTAAC-1-37_s3,0.84290415,-0.07763848,-0.7182119
CTGCCTACATCGGATT-1-36_s3,0.52472204,-0.33515498,0.6261961
TCTCCGAAGCTTCATG-1-40_s3,-2.0931323,2.6909084,0.030147778
CATCCACAGCCTGGAA-1-36_s3,-1.5812353,1.961223,-0.23365203
AGTAGCTGTAGGTTTC-1-37_s3,0.87121844,-0.4156956,-0.55766714
GTTAGACAGAGCATCG-1-41_s3,0.5580598,-0.33317572,0.54627717
CTCATTATCATTGCCC-1-38_s3,1.1244202,-0.38354033,-0.0005774591
AGTCTCCTCGTTATCT-1-38_s3,0.3271204,-0.55655116,-0.18244821
CTGCGAGTCCCGAGGT-1-42_s3,0.3592707,-0.40365857,0.24107935
GTCCACTAGAAGGTAG-1-40_s3,0.96715367,-0.8365848,-0.2964854
TACGTCCAGCCTAACT-1-37_s3,-0.84450066,2.4500604,0.33524966
ACAGCCGGTACTAACC-1-36_s3,7.886019,-0.5292374,-0.63076717
TCGGGTGTCATCGCAA-1-43_s3,1.156359,-0.55877984,-0.8344108
GGGACAAGTATGTCCA-1-43_s3,0.13936433,-0.07096082,-0.012676584
GAGGCAACACCTTCGT-1-37_s3,7.8782263,-0.45621908,-0.69504434
CGCAGGTCAGAAATCA-1-43_s3,-1.5821886,1.6164422,0.19370267
GGTGGCTGTGACATCT-1-38_s3,7.8659286,-0.5656591,-1.4767925
GTACAACAGAGCCTGA-1-43_s3,-0.25785136,-0.23411116,-0.28624552
TATACCTTCCACGTAA-1-38_s3,-2.5828938,2.507811,-0.7080654
AGATAGACAAGGCAAC-1-36_s3,6.5856977,0.48321512,-0.8939874
CTCGAGGGTCAAAGCG-1-43_s3,0.53481585,-0.4316725,0.22694
ATCCGTCAGCCACAAG-1-38_s3,0.4537306,-0.5309567,-2.0446758
TGATCAGGTGGCTTGC-1-38_s3,-1.9706361,2.5754364,1.0119766
AGGTCTAGTACCGGAA-1-43_s3,-2.0208912,2.3737605,0.050417498
TCGAAGTAGACTCGAG-1-42_s3,-2.3846066,2.5263433,-0.47773367
AAGTGAAAGGGAGTTC-1-36_s3,7.786191,-0.6696782,-0.54011434
ACTGTCCCAATGGCCC-1-37_s3,6.6807003,-0.6197694,-1.0857767
TATCTTGCACGTCATA-1-36_s3,1.6381892,-1.125803,-0.97655475
AGGGCTCTCCTTCAGC-1-36_s3,-2.2328074,2.9124901,-0.6416137
GGGCTACCACTACCGG-1-38_s3,9.001534,0.24907896,-1.2950516
TCATTCAAGAAATTGC-1-40_s3,8.483621,-0.33308247,-0.35789233
TTCCACGGTATCAGCT-1-42_s3,0.4851733,-0.41235346,-0.10069391
TCGACCTCAGACACCC-1-42_s3,8.215573,-0.54733646,-0.91927344
TATCCTATCGGTGAAG-1-40_s3,8.167084,-0.038637586,-0.90299016
TCCTCGACAAGTATAG-1-41_s3,0.10758404,-0.1946249,0.20420702
GCTACAAAGTTCTCTT-1-38_s3,0.6184026,-0.10056251,-0.07682526
CTGAATGCACGCACCA-1-38_s3,5.3016624,0.56842756,0.6662984
ATGCGATCATGGACAG-1-40_s3,-0.9907648,2.4918187,-0.72053456
GTTTACTGTAGGCAAC-1-36_s3,0.815499,-0.4218287,-0.42899507
TTGGGATAGGTCCCGT-1-43_s3,0.48799586,-0.8083641,-0.1665104
AGGACGACAAGAGGCT-1-43_s3,0.7020756,-0.43587983,-0.15569764
TGGTTAGAGGATTTCC-1-41_s3,7.3364744,0.05373674,0.6299968
ATCAGGTGTGGTACAG-1-43_s3,-0.9666232,2.4567738,-0.26168743
AATCGTGAGTCAACAA-1-38_s3,7.6698303,-0.33818758,-0.5440514
ATCATTCCATGAGATA-1-36_s3,-1.1778908,2.5088458,0.13845909
GCCGATGAGCACTAGG-1-37_s3,1.1135652,-0.7891595,-0.061611325
TTGGGATTCTTCGTAT-1-38_s3,7.3280935,0.034779735,0.8994171
TATATCCTCAGCGCAC-1-37_s3,-0.7588851,2.072243,0.21723911
CCGTTCAGTGGATGAC-1-41_s3,8.878194,-0.43984464,-1.4078867
ACTTAGGGTCTGATCA-1-39_s3,0.6470515,-0.17642449,0.09384926
GCAGGCTGTACAACGG-1-40_s3,8.259293,-0.6640023,-1.0048953
TTGTTGTTCGCCAACG-1-40_s3,7.435269,-0.23799708,-0.98423725
ACTATGGAGTAGATCA-1-42_s3,5.811679,-0.1106789,-1.2716047
TTTCAGTTCGAGATGG-1-41_s3,-1.9234802,2.3992171,0.61036116
CTTCCGAGTGAATTAG-1-42_s3,0.2593873,-0.68074733,-0.30008838
GAGAGGTGTGGACCTC-1-37_s3,1.2847698,-0.29598606,-0.48027363
GGTGATTTCGAGATAA-1-42_s3,-1.4530383,2.7766888,-1.0981344
CAAGCTACATCGTCCT-1-41_s3,0.4600865,-0.362737,-0.5215064
ATTACCTCACAAAGCG-1-36_s3,8.224671,-0.8858856,-1.2964656
CACAGATCACCAGCGT-1-41_s3,8.088594,0.10503456,-0.6823146
TGTGAGTGTAATGTGA-1-42_s3,0.9972693,-0.6539484,-0.0070261937
ATACCTTCAACCCGCA-1-43_s3,0.35168004,-0.11167057,-0.07767063
CACTTCGAGCTCATAC-1-36_s3,-1.5155395,2.5269618,-0.72299284
GAAGCGAAGTCTGCGC-1-43_s3,8.166143,-0.32363182,-0.39579368
GCAGCCAAGCTCCACG-1-42_s3,6.886381,0.113515995,0.079997
GGGACTCGTTTACTGG-1-36_s3,7.0292907,-0.28874978,-0.4289185
TTCTAACGTGATGGCA-1-36_s3,1.0748445,0.09999587,0.1309694
CCGGTAGTCGCGTTTC-1-40_s3,0.33704796,0.00035957247,0.8458525
TAGTGCACATAATCCG-1-39_s3,-1.3171229,2.509408,0.08238299
TTAGGGTTCTCCTGTG-1-38_s3,0.3206175,-1.0753906,0.4310335
GGAGCAAGTCCAAAGG-1-41_s3,0.08164723,-0.39711565,-0.11130236
ACGCACGCAATTGCAC-1-41_s3,0.12382804,-0.34277952,-0.09503356
ATCTTCATCTAGACCA-1-36_s3,6.0515227,-0.55019915,0.44387957
GTCTAGAGTGGCATCC-1-36_s3,8.2185335,-0.3448738,-0.4391905
GGAGCAATCCCTCTAG-1-41_s3,7.864246,0.06637669,-0.93968624
TCAAGACGTATGGTAA-1-40_s3,6.958855,-1.4911786,-1.6215906
TGTCCACAGTCGAATA-1-37_s3,8.593078,-0.980415,-0.6913365
CTTGAGAAGTGACCTT-1-43_s3,0.82376903,0.018623754,-0.49292314
TTGTGTTCACCCTTAC-1-36_s3,0.8416173,0.08162829,-0.1430847
TAATCTCGTACTAAGA-1-38_s3,0.4315257,-0.3831748,0.30278334
ACGTAGTCATTGAAAG-1-36_s3,0.80855316,0.2069727,-0.051118836
GTCATCCTCACTGGGC-1-39_s3,-1.3223693,2.5727348,0.23509845
TGGGTTAGTATGGAGC-1-43_s3,-1.854935,3.196092,0.971272
TATCGCCCAGAATTCC-1-38_s3,-0.9120866,1.7152876,-0.24261992
CATTGTTGTCGAATGG-1-37_s3,7.7723684,-0.1799596,-1.6717576
ACATCGACAAGCGCTC-1-43_s3,0.8252731,-0.07012744,-0.3625364
TAAGTCGGTACGGATG-1-38_s3,0.72875756,-0.24084881,-0.4372639
CGCGTGACATCTCAAG-1-36_s3,5.8055243,0.010042734,1.2237564
GGGCTACGTGAATGAT-1-41_s3,-1.567444,2.2915373,1.1251326
TTAGTCTCATGTTACG-1-40_s3,-0.9482041,2.2971127,0.18532325
CTAGGTAGTCCCGTGA-1-41_s3,0.27815706,0.48294476,-0.79316586
GCTACCTTCAGAATAG-1-36_s3,0.51628023,-0.36917698,-0.792972
TGTCCCAAGCATAGGC-1-43_s3,-1.514671,2.816451,-0.5704473
TCACACCGTTGAAGTA-1-38_s3,1.543687,-0.6336732,-0.1948306
AAGCCATCAGACTGCC-1-43_s3,0.52224976,-0.37262422,0.08433767
GCGTGCATCGCAACAT-1-40_s3,0.6195517,-0.3794779,-0.43487963
CTGAGCGGTGTTTGCA-1-38_s3,0.46631628,-0.16046204,-0.69317925
GCAGCCACACACACTA-1-41_s3,0.42212275,-0.30550832,-0.018013695
CGCATAAGTCGTCAGC-1-36_s3,-1.5878576,1.7975347,-0.6918113
CTTAGGAAGCATCAGG-1-41_s3,1.1788173,-0.34653905,-1.0201209
TGAATCGTCCACATAG-1-38_s3,0.8483571,0.20856981,-0.19475195
CTGCTCACATTCTTCA-1-37_s3,5.6423097,0.70733833,-0.82103646
AAATGGAAGGTTCTTG-1-37_s3,8.59992,0.18546252,-1.1972902
AAAGTGAAGCGTCTGC-1-36_s3,7.1945105,-0.24259976,0.33775592
AGACAGGTCGATCCCT-1-40_s3,7.908583,0.08428764,-0.78486645
AGAGCCCAGTAACCGG-1-43_s3,7.1344,-1.0176189,-0.7575171
GGTGTCGAGCAACTCT-1-41_s3,8.439503,-0.005807869,-0.84271944
AGTTCGATCTCGTCGT-1-43_s3,-1.2514075,2.8513596,0.56339103
GTCCTCACATTCTTCA-1-36_s3,-1.1577733,2.5705924,0.28185162
ATGAAAGGTCTACACA-1-36_s3,8.486168,-0.42012,-0.6797136
AGTGACTCACTGTCCT-1-41_s3,6.79298,-0.31214616,-0.9720496
AACAACCGTGTACAGG-1-40_s3,8.301369,-0.07999854,-0.8788908
CCGGTAGCAAACTAGA-1-36_s3,-0.29127693,1.6891084,-1.1202677
TGGTGATGTAGCGTAG-1-38_s3,0.58375806,-0.68667376,-0.31749493
CATGGTAGTGACTGAG-1-38_s3,8.204348,0.058235306,-1.362462
GTGTCCTGTCGTGCCA-1-43_s3,8.540544,-1.0070784,-1.2537364
ACCTGTCAGTAGCATA-1-43_s3,7.3569126,0.3250723,-1.3432832
GAAGCCCTCGCCAATA-1-42_s3,-2.8173378,3.204594,0.3196182
TACTTGTGTGTGTGGA-1-37_s3,0.18232875,-0.42718765,0.36577836
ACATGCAGTCTCGACG-1-37_s3,7.8874435,-0.39282092,-1.9093484
AGTTCCCAGGCCTTGC-1-36_s3,0.59190553,-0.65226465,-0.6544375
CGCGTGAGTTAGTTCG-1-40_s3,0.24193883,-0.22912198,-0.6863467
AGACTCATCTGACAGT-1-40_s3,8.015072,-0.37113222,-1.6462951
CAATACGAGTCCTGTA-1-38_s3,-1.7428355,2.150261,-0.12681474
GTGTGATCATACTGAC-1-37_s3,-0.023897253,0.047384545,-0.15256064
TCGGGCAAGAGCCGTA-1-43_s3,6.7656107,0.03307817,-1.2116082
AGGTTACTCGAGGCAA-1-39_s3,8.9011755,-0.591735,-0.93738514
CTCAGAACAATCACGT-1-37_s3,7.477117,-0.37185693,-0.78890187
CGAGGCTTCTATCACT-1-38_s3,-1.3976666,2.2933378,-0.4143766
ATCATTCAGTGAGGCT-1-36_s3,5.4232464,0.075172946,0.8285993
TCCACCATCTGCGTCT-1-41_s3,8.684811,-0.21208885,0.5926391
CAGTGCGGTGTATTGC-1-39_s3,1.0092825,-0.42391086,-0.6986543
TTCCTTCCAACTTCTT-1-40_s3,-2.1167061,3.078457,-0.32723692
TACTTACGTACCTATG-1-37_s3,7.775781,-0.15355071,-0.81176466
ACAGGGACACACTGGC-1-41_s3,0.52563655,-0.44193107,-0.35317293
GGAATCTCATGCGGTC-1-39_s3,0.6946265,-0.57509226,-0.16990034
AGAGCCCAGGTGGCTA-1-40_s3,8.471566,-0.048116,-1.1028237
GTACAGTGTTCTCCCA-1-40_s3,0.38060695,0.1095575,0.050478537
TCCCAGTTCCACTAGA-1-42_s3,0.21951616,-0.15940395,-0.7791581
GACTCAATCGCTACGG-1-40_s3,8.87535,-0.80507696,-0.7956242
TATTGCTTCACCTCAC-1-39_s3,-0.24963945,-0.25653037,0.5154668
TACCCGTGTTGGCTAT-1-36_s3,5.6173277,-0.09965749,1.2892884
AGGTTGTAGGCGTCCT-1-38_s3,0.6547463,-0.6017667,-1.207123
TTCGATTAGATTAGTG-1-39_s3,-0.2580643,-0.4377299,-0.3448934
CTCGAGGCAAGCACCC-1-37_s3,8.05831,-0.4135727,-0.79143614
CATGGTAAGCAGGTCA-1-37_s3,0.36179683,-0.1875942,-1.0205703
GATCAGTGTCAGTCGC-1-43_s3,-1.8411059,2.6369376,0.705227
ACTTCGCAGGTTGGAC-1-40_s3,8.840187,-0.44237915,-2.0269766
CCGATCTTCCAATCTT-1-36_s3,0.7260866,-0.5875722,-0.07281458
CAGAGCCTCAACCTCC-1-40_s3,8.383343,-0.81722957,-1.4133657
ACTATGGCATTGTAGC-1-43_s3,8.324996,-0.3924931,-0.9396569
TCTGGCTTCCTTATAC-1-40_s3,8.160754,-0.5901624,-1.3537953
GACTATGCAAATGGTA-1-36_s3,0.86126775,-0.028334763,-0.44590837
ACAAAGATCGTACACA-1-40_s3,0.7813026,-0.3452887,0.19868554
AAGCGTTAGCACTCTA-1-42_s3,6.034703,-0.18506655,1.269576
CGGGTGTCAAAGGTTA-1-36_s3,-1.9099524,2.2739341,1.0609999
GTCTACCCATGGAATA-1-40_s3,-1.8707757,2.88102,-0.6776069
CATTCATGTTGGAGGT-1-41_s3,8.891042,-0.1414272,-0.7172818
CCCTCAAAGATTTGCC-1-41_s3,0.013950974,-0.35484034,-0.07712093
CTGGACGCAGACACCC-1-39_s3,0.4974148,-0.49207592,-0.10923794
TAATTCCTCTGCGAGC-1-41_s3,0.22302346,-0.39579904,-0.1551775
GAGTCATGTGTCCATA-1-37_s3,0.9827313,-0.39080614,-0.66751206
TTGTTCATCTCGTGGG-1-42_s3,8.011007,-0.34802788,-0.52483076
ATGAAAGGTGCGTTTA-1-41_s3,-1.1458328,2.883126,-0.155863
CGGCAGTCAAGAGCTG-1-42_s3,5.8808975,-0.17851362,2.0028749
GTTACCCCAACACGTT-1-37_s3,6.791666,0.027249455,-1.7454987
TTGTTTGTCAGACCCG-1-38_s3,0.09771049,-0.6136574,-0.5043261
GGAGCAAGTAATGTGA-1-40_s3,0.26643687,-0.23713541,-0.16229193
ATTGGGTCAGTTCCAA-1-41_s3,0.7749995,-0.43823707,0.2627323
TCTGCCATCAAACCTG-1-37_s3,7.4884257,0.042831853,-1.6945996
AATCGACCAACAGAGC-1-38_s3,8.08438,-0.5747838,-0.044728957
TAGACTGTCGGCATTA-1-42_s3,1.3908923,-0.28066903,-0.0850067
GTAAGTCCACTAGGTT-1-36_s3,0.6282963,-0.23778833,-0.40858638
AGAGCCCCACCAGCGT-1-38_s3,1.4902127,-0.36798427,-0.2245107
GACTGATTCTATCGGA-1-37_s3,-0.7796853,0.7438377,-0.7503951
CGTGCTTTCTCTTGCG-1-43_s3,-0.6373559,0.19566885,0.5394128
AGGGTTTAGTTGTAAG-1-42_s3,0.29733613,-0.34964564,0.8775611
CAGATTGCATGGGTCC-1-36_s3,-1.1969206,2.356851,-0.5857973
CTGCTCACATGGCACC-1-41_s3,8.903636,-0.51562774,-1.1295996
TGAATGCGTGGCGCTT-1-37_s3,0.053818204,3.0401127,-0.56791925
AGATCGTAGCTCATAC-1-40_s3,-0.30116853,-0.36003968,0.21329114
TCAGGTAAGAGAGCGG-1-43_s3,-1.2570186,3.6268027,0.41590437
AAGATAGTCGATACTG-1-41_s3,8.472898,-1.0663023,-1.2721269
TGGTAGTGTCCCGTGA-1-40_s3,0.34274837,-0.83146614,-1.3845766
AGCATCAAGTGATAGT-1-39_s3,8.153561,-0.1329503,-0.59516263
CAATCGATCACAGTGT-1-40_s3,-1.1517533,1.9185812,-0.085209586
ATTCCCGCAATTCACG-1-40_s3,0.4700494,-0.43554243,-0.33962345
CACTTCGAGACTGTTC-1-43_s3,1.4147025,-0.99229896,-0.45931545
CTCAAGACACAAGCTT-1-40_s3,0.6477701,-0.16566545,-0.17051868
ATGCATGGTTGCATAC-1-36_s3,8.910859,-1.2363986,-0.9000995
CCCTCAACACTACCCT-1-42_s3,8.385141,-0.84480196,-1.0599135
TTGCTGCAGGCTAGCA-1-41_s3,8.577287,-0.39175066,-1.1384561
TCCTGCAAGACGGAAA-1-37_s3,7.764241,-0.60194933,-1.2381538
CCAAGCGCAGTGTGGA-1-42_s3,-0.13768455,-0.42366543,-0.51258564
CACGAATGTGCGGATA-1-36_s3,0.83841044,-0.20544888,-0.59031117
GTTCCGTAGGACGCAT-1-41_s3,0.3423249,-0.0819933,-0.008838676
TTCGGTCGTCATATGC-1-43_s3,0.195909,-0.52590925,0.09840617
CTTTCGGAGACTCTAC-1-37_s3,7.546796,-0.7259376,-0.21119693
CACTGTCAGCGTGCCT-1-42_s3,0.38002646,0.09075687,-0.20891441
GTAGTACGTAGGCAGT-1-36_s3,1.1964729,-0.10726108,-0.19531724
GATAGCTTCGTTACCC-1-36_s3,1.0563871,-0.44301555,-0.65273756
GTAACCAGTCATCGCG-1-38_s3,-1.2944094,1.9312866,-0.5892244
GAGGCCTAGGATTTCC-1-41_s3,7.7393603,-0.434551,-0.6165617
GGACGTCTCGCCTATC-1-37_s3,-1.2453845,1.8621006,0.8558571
CTACCCACAGAAGTTA-1-39_s3,-1.7195013,2.3349795,0.13754897
TTGGGATCAAGTGCAG-1-39_s3,0.49174297,-0.25423107,-0.29259506
ATACTTCTCCTACAAG-1-40_s3,0.4920926,-0.14451616,-0.1883089
CATTCTAAGGCTGAAC-1-43_s3,0.26109093,-0.13188419,-0.5666391
GTCATGAGTCTAGGTT-1-38_s3,0.52620614,-0.73770046,-0.6824054
AGCCACGGTAGAATGT-1-41_s3,0.07347439,0.03663273,-0.5491042
TTGCTGCTCACGGGAA-1-38_s3,0.33243495,-0.48500162,-0.09392394
GTGCACGTCTACCTTA-1-37_s3,6.6912904,-0.36955288,-0.72454524
TCTACATTCTGGGAGA-1-37_s3,1.3482177,-0.8921416,0.28446555
GGCACGTCAGGTCAGA-1-40_s3,0.69207627,-0.32295698,-0.34752944
GCAACATGTGCTCGTG-1-39_s3,0.9864541,-0.37070155,-0.27478904
TAATTCCAGTTGGGAC-1-38_s3,-1.9898107,2.6169348,0.21419472
CCTCATGAGAGAGGTA-1-41_s3,7.9779797,-0.69141966,-1.4187776
ACTATCTAGTAACAGT-1-37_s3,7.281519,-0.5280184,-1.1076018
CATGCTCGTCTACAAC-1-42_s3,0.0025624558,-0.74269295,-0.0681992
CTCATTACACCATAAC-1-41_s3,8.349824,-0.15843266,-0.47560853
GCTTCACAGGCACTAG-1-42_s3,0.80480224,-0.3711444,-0.05018884
GTGCTGGAGACCAAAT-1-41_s3,1.313578,-0.5793935,-0.33194196
CGCGTGAAGGCTTTCA-1-39_s3,8.880735,-0.54606336,-0.80102676
CACAGATAGGATCATA-1-37_s3,1.3023117,-0.85878843,-0.2896789
TATCCTATCACTAGCA-1-39_s3,7.6360884,-0.059828088,-0.9571805
CATTCCGAGTCAGGGT-1-36_s3,7.640318,0.17216626,-1.0142702
TCGGATAAGCTGTTAC-1-36_s3,-1.4354434,2.6949565,-0.058525942
GTTATGGAGCATGGGT-1-38_s3,7.0942082,-0.23408006,-0.7265737
CTACAGAGTGTATCCA-1-41_s3,7.3085346,0.08062802,-0.23986313
CTGTAGATCAGTGTGT-1-39_s3,7.462431,-0.5945485,-0.6258504
CCTCATGCAGAGAAAG-1-37_s3,0.8287779,-0.20665923,0.34272167
GAATCGTTCTGCGGAC-1-43_s3,0.54136616,-0.41809162,0.05258351
AAGTGAAGTGCACATT-1-40_s3,0.8749113,-0.2790398,0.024115784
TGCTCGTGTAACAGGC-1-43_s3,1.4016452,-0.5910165,-1.4113528
CTCATTAAGCTCAGAG-1-42_s3,-0.01935669,-0.60804594,-0.5938502
GGGCGTTAGTAGGATT-1-36_s3,8.622885,-0.40919542,-1.4835155
GTTGTGACACTGTGTA-1-36_s3,1.2378533,-0.012019321,-1.0736854
CGATGGCCAGCATTGT-1-41_s3,-0.829522,2.4357078,0.72670025
TTCGCTGGTTGATCGT-1-42_s3,-1.5209155,2.3348463,0.85656834
GACACGCTCATGGAGG-1-36_s3,0.9830824,-0.503048,-0.26229915
GTGGTTATCACGTAGT-1-37_s3,1.3709849,-0.35700795,-1.3389889
AAGCATCGTCTCGACG-1-40_s3,-3.0724847,2.8352082,0.49002934
ATCGGATGTACAAACA-1-36_s3,1.1293715,-0.060366318,-0.7952675
CCATCACTCAGGTAAA-1-36_s3,0.8137414,-0.571956,-0.13481505
TCACTCGAGGTTCACT-1-36_s3,0.67511815,-0.092059776,-0.26770973
ACTCTCGAGAAGCCTG-1-40_s3,6.6150885,-0.027043983,1.5857971
CAACCAATCAAATAGG-1-40_s3,8.305931,-0.5273911,-0.92185855
AAAGGATCAGCTGCCA-1-40_s3,9.470684,-1.7307425,-1.08306
TTCTAACGTGTCGCTG-1-39_s3,8.181778,-0.2668255,-1.2104977
TCGCAGGCAGGCCTGT-1-38_s3,-2.6544929,3.3961985,0.6269732
TCCGTGTGTACAGAGC-1-38_s3,-1.3339684,2.0018754,0.82517654
CATTTCAGTAGCACGA-1-40_s3,-1.8945366,3.011371,-0.30993107
TCCGAAAAGTGGGAAA-1-36_s3,8.09918,-0.56001973,-0.42768937
TGGGCTGAGTTCCAGT-1-43_s3,1.832766,-0.5651707,-0.35610482
TACACCCGTGTGAGCA-1-38_s3,9.056504,-0.25008595,-0.852498
CAGCACGTCATTTGTC-1-42_s3,-0.044971526,0.07864253,-0.015752245
TATCCTACAAACCACT-1-39_s3,8.236239,-0.26053134,-1.5734501
CGTTCTGGTCTGTGGC-1-41_s3,-0.058965843,0.16148315,0.18863332
GTGATGTAGGGAGATA-1-42_s3,0.15920213,-0.5616539,-0.3876729
GGGTAGATCCGAGTGC-1-41_s3,6.9365997,-0.42560053,-0.38156918
TTCTGTACAGGTGACA-1-41_s3,-1.6902839,1.8292872,0.45980033
GCTACAATCCCGAGTG-1-36_s3,8.266073,-0.19609475,0.011461649
CCACACTTCATGTCTT-1-42_s3,7.23256,0.045679413,-0.9766203
TTACTGTCACATACTG-1-38_s3,7.894255,0.24121708,-0.89215714
CGGGCATTCGAGCTGC-1-40_s3,-0.06899153,0.07416101,0.28912428
ACGATGTCATTGTACG-1-40_s3,7.033097,0.19495215,-1.1458088
AAATGGAGTAGGACTG-1-40_s3,0.2559695,0.55656683,-0.85754204
GTGGAGATCCCTCGAT-1-41_s3,7.70361,-0.38336045,-0.2749219
GATTCTTGTCGTGATT-1-36_s3,6.022646,-0.40391272,-1.2082503
CATCGCTAGTGGTTAA-1-40_s3,-1.3524575,2.9884057,0.031806655
GATCACATCCAATGCA-1-36_s3,0.5270705,-0.94059473,-0.22178198
TACCGGGCATATCTCT-1-42_s3,8.285427,-1.3776088,-0.6678332
CTACATTCACCATTCC-1-40_s3,8.3564205,-0.016820893,-0.44208682
TTGGGATAGAGAGCCT-1-36_s3,1.3870897,-0.66869056,-0.98963153
TTGCCTGGTGCCTATA-1-39_s3,0.90632343,-0.59905314,-0.09702856
TTGTTCAAGCGTCTGC-1-36_s3,-1.3393878,1.8801192,-0.93580747
CCCGAAGGTAGAGGAA-1-41_s3,0.4201684,-0.104376696,-0.18556412
CCTCTCCGTGTCGATT-1-42_s3,0.18596685,-0.84124714,-0.22024219
TCATCATAGGTCACAG-1-38_s3,-0.9466135,1.8853127,-1.318247
TTCCAATAGGTCACTT-1-38_s3,-1.6751709,3.2951896,-0.25860485
ATGAGGGCAGCAGACA-1-40_s3,-0.14995813,-0.8795215,0.08292655
TTTCCTCTCTCTGACC-1-40_s3,0.11594725,-0.7439044,-0.63775826
ACGGGTCAGCTGTACT-1-37_s3,-1.3068826,1.3653055,-0.7589006
GAATCGTAGTCCGCGT-1-43_s3,0.49478412,0.44982925,0.33010462
GATGGAGAGAGAACCC-1-42_s3,0.13912623,-0.23261121,-0.589338
AGGGCCTTCATCGCTC-1-37_s3,1.0711854,-0.35880634,-0.23491435
GTCAGCGTCTTTGATC-1-38_s3,7.6713853,-0.6629666,-1.0915248
TGCAGATAGTGCAACG-1-41_s3,-2.6434684,2.9030936,0.8294176
TGGGAGATCCATTCAT-1-43_s3,0.693704,-0.16464025,0.08256274
AAGCATCTCAACCCGG-1-37_s3,5.7154655,-0.5064738,1.206669
ACCAAACTCTATGCCC-1-43_s3,7.529005,-0.2515684,-1.5108433
TGTGCGGTCTTAATCC-1-37_s3,1.3816512,-0.13937908,-0.2159297
TGGTTAGCATTGAGCT-1-41_s3,-1.4427816,2.248887,0.44166046
GATTCTTTCCCTCTTT-1-42_s3,0.27805477,-0.3673435,0.20880327
TATCGCCAGCTTCTAG-1-36_s3,8.557629,-0.70298654,-1.4744412
AGTCTCCAGACTTCCA-1-40_s3,-0.9511721,2.4726896,-1.3073888
TGTTCTAGTGACGTCC-1-43_s3,7.920715,-0.25240472,-0.4705472
GTAACACGTTCGGACC-1-37_s3,7.9064994,-0.31176707,-1.1915321
CGGCAGTAGGTTTGAA-1-36_s3,0.1739017,0.2020239,-0.42352486
TGGTTAGAGCTGGAGT-1-40_s3,1.0734913,-0.018112145,0.14024764
GTGCACGAGCTGAGTG-1-37_s3,0.26826406,-0.28464028,0.21245873
TCAATCTGTGCATGAG-1-37_s3,1.5035372,-1.067097,-1.0268617
ATAGACCCAAATTGCC-1-43_s3,7.7201705,-0.68335354,-1.3363522
GAGCCTGAGCCTGACC-1-38_s3,-0.48203713,-0.4142946,-0.26911384
GATGCTAGTCACCGCA-1-42_s3,7.872157,-0.7057538,-0.45349875
GTTAGTGAGGATTACA-1-37_s3,0.37918648,-0.38218462,-0.20059064
TGGGATTTCTTCCTAA-1-42_s3,0.19386473,-0.29356813,-0.062913686
GCAGCTGGTGTACGCC-1-37_s3,-1.0457103,1.1344662,-0.78649724
TGATGGTTCCTTGAAG-1-41_s3,-2.4161162,2.6549313,0.5797846
GCTGGGTTCCGACAGC-1-40_s3,0.8011239,-0.18330875,-1.2586688
ATACCTTAGCGCAATG-1-42_s3,0.26472855,-0.636305,-0.106295995
CGAGTTATCCCAGCGA-1-38_s3,0.080558635,0.31186736,-0.6489454
TACCGAAGTGGCATCC-1-42_s3,8.445815,-0.13977835,-0.14897926
CTTGAGAGTATGCTTG-1-37_s3,7.6001053,-0.19912413,-1.0136243
GGTGAAGGTCTACGAT-1-40_s3,-2.2504215,3.563922,0.6109837
TAAGTCGTCTAGTTCT-1-36_s3,1.2017674,-0.5043993,-0.46887055
CACGTTCCACGTCATA-1-39_s3,1.0545958,0.06954171,-0.3346658
GGTAATCGTACGAGCA-1-38_s3,0.8731734,-0.05711046,0.15659271
GCTGCAGTCCAGCACG-1-39_s3,-1.4605479,2.7317567,-0.5436821
TACTTACGTCATATGC-1-37_s3,6.687091,-0.5293228,-1.1819496
CAGATACGTTTACTGG-1-37_s3,7.711861,-0.5832168,-0.26563805
TCAGTTTTCTCTAGGA-1-39_s3,-1.8454609,3.2952037,0.33698517
GGGAAGTCATCGATAC-1-41_s3,0.5543647,-0.09126302,-0.16589251
AAGACTCGTACCGTCG-1-39_s3,8.007029,-0.8060968,-0.42081574
CACGTGGTCAACTGGT-1-37_s3,-2.099031,2.387538,-1.9536682
ATTCCTAGTCAAGCCC-1-41_s3,7.9597373,-0.9619674,-1.3231243
TCGTGGGCAACACAAA-1-39_s3,8.0196905,-0.12707478,-1.7334745
TTAGGGTCAGTGAGCA-1-39_s3,1.3451788,-1.0912486,-0.20894417
CAGCGTGGTCCGTACG-1-41_s3,1.0110393,-0.56617165,-0.8854141
TCAAGCACACATTCGA-1-39_s3,-1.6852356,2.931489,0.74416274
TGAACGTGTTTGTTGG-1-36_s3,0.24075776,-0.33955348,0.32129946
GAAGAATCAGTATGAA-1-38_s3,8.126406,-0.18587941,-0.67163587
ATTCTTGGTCGCCACA-1-41_s3,0.30690914,-0.3240711,-0.95073974
AGTGCCGCAATACCCA-1-39_s3,6.962449,-0.23851249,-0.5402208
GCTACAAAGGCCTTGC-1-38_s3,0.31638876,-0.26066858,0.13541144
GAAGCGAAGTTACTCG-1-41_s3,0.6033692,1.5514413,0.97636306
ATAGACCTCGTAGAGG-1-40_s3,1.313902,-0.43629283,-0.5845092
AGGTTACTCCAGTGTA-1-42_s3,7.884811,-0.74966884,-1.0251788
CTTCTCTCAGATTTCG-1-40_s3,-0.08882227,-0.50583583,-0.51800525
TACCCACAGTCGGCCT-1-43_s3,0.62142426,0.10717411,0.34040803
CGTAGTACAGGACAGT-1-43_s3,0.121147305,2.0074363,-0.6764421
TGTGCGGGTGATAGTA-1-42_s3,-0.72921294,2.6367264,-0.16342312
ATCCCTGGTGATACTC-1-41_s3,6.9017906,-0.0690816,-0.9647122
CGTGCTTCATAGGAGC-1-37_s3,-0.9323859,1.9416546,0.1653359
GTCGAATCACGCTTAA-1-40_s3,7.403711,-0.5223575,-0.35414472
TGCTTGCCAATTGCGT-1-38_s3,8.491496,-0.8341832,-1.2943393
GACGTTAGTGATGTAA-1-37_s3,-1.086127,2.490539,0.76025987
TGGTTAGAGAAGGTAG-1-42_s3,0.17207271,-0.06555327,0.67658556
TGCGACGGTCTAACTG-1-36_s3,0.6493594,-0.24860135,-0.22291969
TCAATTCCAAAGAGTT-1-43_s3,6.957447,-0.45794752,-1.0328313
GCCGATGAGCGCATCC-1-42_s3,0.23179819,-0.45357874,0.21810152
TTCGGTCCAATCGCAT-1-37_s3,1.2887319,-0.492011,0.09277369
GTCATGAGTTAGCGGA-1-40_s3,8.910641,-0.60250264,-1.2675536
TAGACTGTCGCCGAAC-1-41_s3,0.5541788,-0.592972,-0.07280144
ATTCATCTCTGTCGTC-1-38_s3,0.41642362,-0.35364905,0.047479518
ATCGATGGTGACGTCC-1-39_s3,7.6807675,-0.7749916,-1.390802
TCCCAGTCAATTGAGA-1-43_s3,0.70156455,-0.3790827,-0.15389286
ACAGGGATCGGCGATC-1-38_s3,8.655127,-0.77143097,-0.72582924
CTCATCGTCCAAGAGG-1-39_s3,-2.5789518,3.2753837,0.13675253
CTTTCGGAGGACTAAT-1-42_s3,0.51105887,-0.25017583,0.07135855
CTGTAGAGTTGTAAAG-1-42_s3,0.0003135726,-0.18354781,-0.13967536
CAACCTCGTCGTCTCT-1-36_s3,-2.1989198,2.709215,-0.062297173
TTTCCTCTCGCTCCTA-1-41_s3,7.821548,-0.28159896,-0.6580206
GGTGATTTCCATTTAC-1-37_s3,0.69853747,-0.4305442,0.5342507
AGTCACATCGCTGTTC-1-40_s3,-0.22661883,-0.43188962,0.5363141
TTGCGTCTCCATCGTC-1-40_s3,8.382264,-0.24924637,-1.1128365
TTTAGTCTCTCAGGCG-1-43_s3,0.48654994,-0.24401313,-0.44717202
TTTGATCTCTTCCCGA-1-38_s3,-1.8528556,2.7087982,0.09392829
CGTAATGAGCGCCCAT-1-38_s3,0.60554427,-0.56792533,-0.0003899783
CCGTGAGGTTTACTTC-1-37_s3,-0.07753731,-0.59496826,-0.1331501
ACGTTCCTCAACCGAT-1-37_s3,7.949392,-0.66243005,-1.1687309
CTCATGCCATAGGTAA-1-43_s3,0.77554303,-0.36757815,-0.68932694
TTCCGGTTCCAACTAG-1-42_s3,0.2642182,-0.3978578,0.3986179
AAGACAACAAGATCCT-1-38_s3,0.3631367,-0.37568313,-0.92316335
AACCACAAGCTGCCAC-1-36_s3,2.298747,-0.6126004,0.5067984
GCAGGCTCATCATCCC-1-36_s3,-1.6545335,2.6198876,0.4274844
GCCAGTGAGGTCACTT-1-42_s3,6.6950693,-0.99074703,-0.9074661
ATGGAGGGTGGATACG-1-42_s3,0.043961868,0.10003291,-0.44312233
AGCCAGCGTCATCACA-1-42_s3,8.013329,-1.0559775,-0.8193191
GTGTGATCAGCAATTC-1-39_s3,8.308669,-0.43962365,-1.0113534
CTCAATTCAGCGTAGA-1-36_s3,7.0053654,-0.4619102,0.3943205
TCATCATTCGTGGTAT-1-39_s3,8.102453,-0.38450533,-0.017266797
GTCTCACTCATGTCTT-1-40_s3,0.41992375,-0.31679887,0.14365631
ATCGGATTCCTAGCGG-1-40_s3,1.4426757,-0.6326834,0.4755327
CACCGTTAGGGCGAAG-1-42_s3,-0.1282194,-0.4924202,-0.27495602
TACGGTAAGAGTCTGG-1-40_s3,0.029575229,-0.30287552,0.37660068
CAGCCAGGTTCATCGA-1-42_s3,0.2811193,-0.37517637,0.13592315
AAGGTAACATGGCGCT-1-39_s3,0.16471499,-0.3224482,0.6349813
CAGCAGCGTAGCACAG-1-41_s3,0.19206601,-0.03447134,-0.6711162
GTAGGAGGTATCCCAA-1-37_s3,8.037822,-0.5218383,-1.3765932
CCCTCTCGTATCTCTT-1-40_s3,-1.3086876,2.7961807,1.2096151
AGCGCTGGTAAGTCAA-1-42_s3,7.2819123,0.37070242,-1.0819114
CGCCAGAGTGCTCTCT-1-38_s3,0.56489694,-0.567002,0.2436698
ACGTACAAGAGCACTG-1-42_s3,-1.6908051,2.8088696,-0.039867677
TGCGGGTAGGCATTTC-1-42_s3,-0.25825843,-0.30756196,-0.6821472
GTAACACTCTGTGCGG-1-42_s3,8.206198,-0.5846491,-0.7837342
ACTTCGCTCTTGGAAC-1-37_s3,1.0473118,-0.09844066,-0.6442078
TTCTAGTAGATCACTC-1-38_s3,-1.4831768,2.3717022,1.143852
TACCCACCATTGTACG-1-41_s3,8.723415,-1.2005938,-1.3044213
CCTTGTGAGGCCACCT-1-37_s3,1.9661309,-0.3714289,-0.9166686
ATCCATTCAGATACCT-1-38_s3,-1.1073083,2.730951,-0.32827494
AGGACTTGTCCCTGTT-1-36_s3,1.0341041,-0.7290621,-0.21468677
CAGTGCGCAGCTCTGG-1-43_s3,0.2594818,-0.39268884,-0.027212234
ACCATTTAGATGTTCC-1-43_s3,1.0910199,-0.66041756,-0.31146222
CTGTACCAGCTTGTGT-1-42_s3,-1.9132861,2.3532975,0.8741157
CCGTAGGAGTGGCGAT-1-36_s3,0.7213489,-0.35668272,0.65994865
TTTCACATCGTTCAGA-1-37_s3,0.38555944,-1.0329139,-0.46826154
TTGCCTGAGGAATCGC-1-43_s3,8.951453,-0.7209886,-1.039522
CATCGTCCATTACGGT-1-42_s3,8.880044,-0.7103007,-1.2506541
ATCGGCGGTGCATTAC-1-42_s3,7.4604754,-0.010534652,-0.7408651
GTGTGGCCATAGATCC-1-42_s3,0.10412922,-0.71672213,-0.50142705
TCTTGCGCACATGTTG-1-38_s3,7.6497493,0.25836462,-1.177348
CCAATGACAGCTCTGG-1-40_s3,8.732849,-0.41253448,-1.5481656
CATTCATCACCGCTGA-1-42_s3,5.850826,-0.30804986,2.2585723
ATTCCTATCAACGCTA-1-40_s3,8.327275,-0.8170414,-2.1639361
GCCGTGATCCACACAA-1-41_s3,7.7811875,-1.5442067,-1.0337161
ACGGGTCGTAGTCTGT-1-40_s3,0.7687409,-0.26042992,-0.97113496
TGGTAGTCATGTGGTT-1-41_s3,-0.0007367227,0.023459744,-0.1797975
TTTACGTTCCATTTGT-1-40_s3,1.0948861,-0.7465761,0.009684393
AAGACAAGTAGTCTGT-1-37_s3,0.8638017,-0.066129714,-0.3934467
ACCAACAAGATAGTCA-1-43_s3,1.5101142,-0.07398685,-0.04956922
AGGATCTTCAGGAAAT-1-40_s3,0.55259776,-0.55155337,-0.06676103
TGAGCATCAGTCGGAA-1-36_s3,6.8930173,-0.13483036,-0.69193053
GTAACCATCTTAGGAC-1-40_s3,-0.10362135,-0.0050895885,-0.04728098
TCGACCTGTGCGAACA-1-38_s3,0.22871436,-0.39698994,-0.51941824
GGCACGTAGAATTCAG-1-42_s3,8.323813,-0.34015268,-1.2080934
TTCGATTCACCGTACG-1-42_s3,0.0765087,-0.71576256,-0.6275021
ATCACAGGTAACACGG-1-43_s3,-0.20499058,1.5935119,0.58455944
GCGTTTCAGCACACAG-1-36_s3,0.73535883,0.106331326,-0.8333876
GTAGCTAGTTCACGAT-1-38_s3,1.3198202,-0.6350535,0.5501625
AAGTGAAAGTGGTTAA-1-42_s3,7.499533,-0.004797399,-1.0120747
CCCTCTCAGTTTCGGT-1-37_s3,0.91024494,-0.21809988,-0.17009011
TATCAGGGTAGTGATA-1-40_s3,8.088038,0.122767985,-1.0788699
ACTATGGAGAGAGCGG-1-37_s3,1.0965632,-0.031029567,-0.9616197
GGTAGAGGTTGTTGTG-1-42_s3,-2.3277633,2.4422503,1.0711796
CGAAGGACAAATCCCA-1-41_s3,8.283862,0.18034086,-1.3099674
GAGACCCCAGCAGTGA-1-42_s3,0.38523045,-0.57545495,-0.96019536
GCTTCACTCGTCGATA-1-38_s3,0.4174823,0.22423068,-0.9905824
GGTCACGTCCACCCTA-1-41_s3,7.27549,-0.50980544,-1.6059898
GTGGCGTTCGGATACT-1-42_s3,0.6837557,-0.21228994,-0.43687683
AAACCCACACCCGTAG-1-41_s3,0.87598383,-0.2328,0.0074471235
GGGCCATGTCGCTCGA-1-42_s3,8.901153,-0.5744801,-1.1108581
TCTTGCGTCGGTCTAA-1-39_s3,7.72105,-0.16963589,-0.78479016
CACTGAAAGAAGGGAT-1-43_s3,7.6672616,-0.35994658,-0.82527024
TCATTCACAGTTGTCA-1-40_s3,2.0123603,0.06920414,1.2685938
ATCCATTCAATCTGCA-1-38_s3,0.90258205,-1.0498154,1.2593513
ATTACTCGTTCCCACT-1-40_s3,7.953095,-0.2045702,1.2158335
ATGTCTTTCCCGAGGT-1-42_s3,-0.48938844,-0.34872204,0.10745123
TCGGGTGCAAGGGTCA-1-43_s3,0.48169553,-0.3586009,-0.8596432
CCATAAGAGTCACACT-1-43_s3,6.800225,0.21409073,-1.7141442
CATTCCGAGAATCCCT-1-43_s3,1.5270314,-0.37761024,-0.95184493
GCCAGCAGTATCTCTT-1-39_s3,1.8709785,-0.42921913,-0.42945403
TACGGGCAGCCGTTGC-1-38_s3,-2.3176956,2.3842814,0.21568806
GTGTGATAGAAGATCT-1-37_s3,0.9958402,-0.36790872,0.48415995
CCTCAACAGTTAGAAC-1-41_s3,-0.89348316,0.32035887,0.21301726
GTCGTTCAGCGTTGTT-1-42_s3,8.268597,-0.07780411,-1.1572758
GGACGTCAGGCGACAT-1-38_s3,8.433034,-0.82477593,-1.4506761
ACTGATGTCGGCCAAC-1-43_s3,0.17756574,-0.13889393,0.25317135
TATGTTCGTTCCAAAC-1-38_s3,9.314889,0.2117281,-1.0732518
CGAGAAGTCTCGACGG-1-40_s3,5.4292893,0.39123178,0.4581802
CCAAGCGAGCGGTAAC-1-42_s3,-0.09110746,-0.16796917,-0.33338124
CCTGCATGTGTCCACG-1-37_s3,9.420303,-1.1116785,-0.4729337
CAGAGCCTCCGAGCTG-1-38_s3,1.1318179,-0.23770155,-0.9518392
AACGAAAGTGCATCTA-1-43_s3,-1.9141209,2.4109733,0.47535512
CATTGCCCAATCTAGC-1-37_s3,0.6373579,-0.067283064,-1.3533115
GGGCCATTCCAGCAAT-1-40_s3,-1.5307707,2.176966,0.30798218
TATTGGGTCTACACTT-1-37_s3,0.74214286,-0.09542136,0.10303131
GATCCCTCAGCGTGAA-1-38_s3,-2.0115204,3.0126286,0.015567627
ATTCGTTGTCGATTTG-1-41_s3,0.08498123,-0.014449265,-1.0434765
GCCAGCATCCGTATAG-1-38_s3,0.42352796,-0.37195033,-0.86400425
TTAGTCTGTATGGAAT-1-42_s3,8.577683,0.12569937,-0.89588904
ACAACCAGTTTAGTCG-1-41_s3,-1.3613946,2.5074253,-0.6303119
CGATGGCTCAACACCA-1-41_s3,-0.11061607,-0.32074615,-0.01368477
TGCAGTAAGTAAATGC-1-40_s3,-0.5911403,-0.07164177,-0.12378411
TAGGGTTAGTGCTAGG-1-43_s3,1.4046446,-0.399268,-0.1383748
AAGGTAACATGTAACC-1-38_s3,7.4485064,-0.47192734,-1.4503454
TCGACGGTCTTGGCTC-1-38_s3,0.29573405,0.046089243,-0.099463195
TTGGGATCATTCCTAT-1-40_s3,8.283357,0.13296336,-0.6626195
AGGTGTTCAGAACTCT-1-42_s3,1.0434693,-0.41941255,0.19956903
AAGTCGTCATGCGGTC-1-42_s3,0.79737854,-0.3036085,-1.2257764
CGTGAATTCCTTCTAA-1-40_s3,0.36712468,-0.33673164,0.01693946
CACGGGTTCACGTCCT-1-37_s3,1.843838,-0.57436764,-0.9511805
GACTCAATCGTACACA-1-38_s3,0.21182771,-0.4474515,-0.8191567
TTATTGCTCATAGCAC-1-37_s3,0.82301515,-0.6851361,-0.010166321
AGGACTTAGAGTGAAG-1-36_s3,8.963168,-0.30409062,-1.285594
TCAGTGAAGTGAGGCT-1-41_s3,7.636338,0.59231985,-0.79211724
TGAGCATAGCGCTTCG-1-39_s3,8.251776,-0.11261766,-1.1191766
ATAGAGAGTTCGCGTG-1-40_s3,7.374061,-0.2244903,-1.3180376
CCACAAACAGCTGTCG-1-40_s3,-1.6051002,1.7889758,-1.1721778
GGACGTCTCATTACCT-1-38_s3,1.2050724,-0.37467173,0.11582747
GCGTGCATCAGTGTGT-1-38_s3,-0.09318954,-0.48050937,-0.484484
GCCGATGAGAATCTAG-1-37_s3,8.02365,-0.9998039,-0.65871644
TCATATCAGATCCCGC-1-41_s3,7.969616,-0.22063652,-1.2989198
ATGAGTCAGGCCTTCG-1-36_s3,0.43044552,-0.8199019,-0.10095589
ACCAACACACCCTGTT-1-38_s3,-0.6136105,0.1472711,-0.54574335
CGTTCTGAGAATACAC-1-42_s3,8.511026,-0.648012,-1.1748083
TGCAGATTCATGAGTC-1-43_s3,1.1613451,-0.93507266,-0.6595791
TACTTCAAGAGAGTGA-1-41_s3,0.6292205,-0.40897506,-0.16301662
AATTCCTCAGGCTTGC-1-42_s3,-0.13002369,-0.58060074,0.10063316
GTTTACTGTGATTAGA-1-42_s3,0.013999723,-0.16710077,-0.39896983
TACTTGTGTAGGCTCC-1-37_s3,0.03120305,-0.45671362,-0.035389695
AGTACCAGTTACCTTT-1-40_s3,9.008849,-0.7117667,-0.65048426
GAATCACTCAACCTTT-1-36_s3,7.6611986,-0.13475692,-0.55160946
CTCCCTCAGACAAGCC-1-40_s3,0.5652047,-0.32374623,-0.17703368
TCGGTCTCAAGTAGTA-1-37_s3,-0.29961142,2.0058436,-0.2581917
TAATCTCTCACTTATC-1-42_s3,0.84144646,-0.48184782,-0.7111584
GCACATAAGGCTAAAT-1-38_s3,0.83170825,-0.48472583,-1.1543889
CTCTCAGTCAGGAACG-1-37_s3,7.529145,-0.49403852,-1.6423013
GGGTGAATCGCCTATC-1-36_s3,8.244404,-0.29427624,-0.08987959
ACGCACGCAAGTTGGG-1-38_s3,0.87400556,-0.4186911,-0.8250546
GTCTACCCAACTTGCA-1-43_s3,8.078191,-1.134211,-0.963971
GTGTAACTCTAGTGTG-1-40_s3,7.643378,-0.5582682,0.22340772
GCGAGAAAGGTCCTGC-1-38_s3,8.2286005,-0.16021988,-1.1456975
GGGCCATCACTGAGTT-1-36_s3,7.5591745,-0.5195684,-1.2067084
TACTTACGTCAAGTTC-1-36_s3,0.7862819,-0.29157987,0.0938775
GTTGAACGTTGCCAAT-1-40_s3,0.7261285,-0.25520462,0.007382361
ATCATTCCAATGCAGG-1-42_s3,7.245782,-0.7228953,-0.7536898
CCCTCTCAGTCACTAC-1-40_s3,5.924742,-0.13473098,0.92755723
GCTGGGTTCAGGACGA-1-43_s3,8.569446,-0.19532192,-1.0494777
GTAACCAAGACCGTTT-1-40_s3,-0.391106,0.029708404,-0.31774324
CCGATGGCACCCTAGG-1-38_s3,-1.4837439,2.0050256,-0.48677334
GACTTCCCAAGCTACT-1-39_s3,7.6381173,-0.8805225,-0.31781563
AAACCCATCGTTCGCT-1-42_s3,-1.9191151,2.603141,0.18809453
CACAGATGTGGCTGAA-1-39_s3,-0.56067514,2.7431178,0.17527197
CCTACGTGTGGAAGTC-1-38_s3,7.1909614,-0.36020702,-1.4148638
TCACTATCACGGAAGT-1-36_s3,-1.6361728,2.5471883,-0.21464811
TCGCTCACACTAGAGG-1-43_s3,0.34986162,-0.20490201,0.087233484
AGCGCCAAGAGCCGAT-1-42_s3,7.6764865,-0.24723959,-0.8810716
GTGCGTGGTGACAACG-1-41_s3,-0.88196623,1.9066755,0.383066
TACTTCATCATCACTT-1-40_s3,1.0347848,-0.21418217,-0.5136067
GCCTGTTCAACTCCCT-1-36_s3,1.0997647,-0.5413968,-0.6360384
TTCCGGTTCCAAGCTA-1-41_s3,8.607987,-0.7297196,-1.2695293
CATTGCCGTGCGAGTA-1-43_s3,1.1727421,-0.5027305,-0.016014555
CTACCCATCCCGGTAG-1-38_s3,8.537877,-0.69882536,-1.3330842
CCTCTCCTCAGCGTCG-1-40_s3,0.24438782,-0.3660479,0.08896188
CAATGACTCAACACCA-1-39_s3,3.3114047,-0.596241,-0.39039254
TTCGGTCCAGCTCATA-1-42_s3,-1.548275,2.9297886,0.14849693
GAAGGACTCGTCGATA-1-40_s3,0.9251187,-0.2853215,-0.7463154
AACGTCATCCGATCTC-1-39_s3,7.488431,-0.19819176,-0.68129015
CCATAAGTCTGAGGTT-1-40_s3,7.900592,-0.5464365,-0.8926303
AGAGAATAGATACGAT-1-43_s3,-1.7877738,2.0900793,-0.7491226
CGGTCAGGTTATGGTC-1-40_s3,-0.0617186,-0.0847813,-0.1977325
TAAGCACAGGTATTGA-1-39_s3,0.014421016,-0.11014883,-1.1294723
TGCTCCAGTACAGTCT-1-41_s3,7.984724,-0.11563096,-0.7727701
AGGTTGTAGCTGCGAA-1-37_s3,-2.5987897,2.619299,0.42103976
TGGATCATCCCTCTAG-1-40_s3,7.6984215,-0.4676941,-1.0122111
TCGACGGGTTAATGAG-1-40_s3,-0.12714198,-0.29413378,-0.6426306
AGTCACAAGAGAGAAC-1-40_s3,6.9259634,-0.394295,-1.3748322
GATCATGCATGACTTG-1-41_s3,0.8209572,-0.17902401,-0.273863
GCATCTCTCAACTGAC-1-36_s3,1.1220421,-0.507707,-0.8418131
TTCATTGCACAGCCTG-1-40_s3,8.338047,-0.3408334,-1.0265615
ACGTACAAGATGCAGC-1-39_s3,-1.7098982,2.932004,0.32478228
CCGCAAGGTGCTCTTC-1-42_s3,0.5092291,1.0838445,0.32786217
TGCATCCGTAGTTACC-1-41_s3,-2.5954545,3.7583866,-0.5069445
CTGATCCCAGACTCTA-1-40_s3,-0.20181033,-0.049610414,-0.6498258
TCCACCAAGACGATAT-1-42_s3,6.4785075,-0.12385687,1.3255221
TGTTCTAGTCGTTGGC-1-39_s3,6.9566765,-1.1634576,-1.2916939
TGTTCATGTGGCTCTG-1-39_s3,0.8596151,-0.6379318,-1.2132388
TATACCTTCGAAGTGG-1-37_s3,0.28113908,-0.5711614,0.11269851
GTCTCACAGCCGTCGT-1-37_s3,0.81927913,-0.41760856,-0.5793675
GCCTGTTGTGCGTTTA-1-38_s3,7.730484,-0.14791492,-1.8052708
GGGAGATAGGTGCTAG-1-41_s3,-2.2370396,2.2889242,0.19880335
GTGTCCTAGTTAGTAG-1-39_s3,0.6813847,0.6985575,-0.012857923
CTTGAGAAGCCTGGAA-1-40_s3,7.861485,-0.20520237,-0.548838
CTCCTCCCACGTAACT-1-37_s3,1.2106671,-0.49162096,-0.40722573
TACACCCGTTCCTTGC-1-40_s3,0.23608975,-0.37951088,-0.9891192
TCATACTAGACTTGTC-1-38_s3,8.875515,-0.41982448,0.3225926
AGGGTCCCAGAATTCC-1-37_s3,8.4161215,-0.086658,-1.385495
ACGGAAGCAGCGCGTT-1-40_s3,6.6724935,0.26174098,-0.6138412
ATTCTTGAGCTTGTTG-1-42_s3,-1.6500317,3.106502,-0.21704945
ACAACCATCGGTGAAG-1-41_s3,0.6186503,-0.55439776,-0.65739083
GTCTAGACAAGTACCT-1-38_s3,0.7764623,-0.9317595,-0.25518012
TCTTCCTAGACCATAA-1-36_s3,7.6830034,-0.23912165,-0.04569315
AGATCGTCAGCCATTA-1-36_s3,1.0578213,-0.5324516,-0.31360832
CGATCGGGTACAGGTG-1-36_s3,1.0795213,-0.38973418,-0.51349217
ATGACCAAGGTCTTTG-1-39_s3,7.515017,0.065608785,-0.3356175
GTAACCATCCAAGCAT-1-41_s3,0.29003116,-0.3533341,-0.24411272
AGATAGAAGAGGATCC-1-40_s3,0.87951624,-0.3654998,-0.6989984
TCCTAATGTGCAAGAC-1-39_s3,0.3997834,-0.09186921,-0.13923755
GGCTGTGTCTGTGCTC-1-41_s3,0.5003863,-0.16669272,0.25044715
GTGAGTTCATCACGGC-1-40_s3,-0.6029046,-0.43183467,-0.0010494404
ACTATTCCAAGTTTGC-1-43_s3,8.098295,-0.36269096,-1.2152327
ACGATGTAGTCTCTGA-1-36_s3,0.52887434,0.039632857,-0.6290228
CTCGAGGAGCCTCTGG-1-36_s3,7.2861795,-0.5683982,-0.79075915
TCATCCGGTACAGTTC-1-40_s3,0.6102815,-0.2202938,-0.48669714
ATGTCTTGTCGCAACC-1-40_s3,0.4737427,-0.50713646,-0.7867331
AGAAGCGCACCGTGCA-1-42_s3,0.008129628,-0.14050093,-0.14587624
GAGTCATGTGATTCAC-1-42_s3,-1.9298714,3.0559394,0.18047081
TAAGTCGGTATCAGCT-1-38_s3,-1.935697,2.7309625,0.98468816
TTACTGTGTACTAACC-1-42_s3,-2.0848815,2.8481636,-0.4126452
GCCAACGCAAGCGCAA-1-42_s3,-0.21850178,-0.35791248,0.26440173
TTTCCTCCAACCGATT-1-37_s3,1.1255178,-0.3724012,-0.4156156
AATCGACTCAACCCGG-1-43_s3,6.8830686,-0.42134866,-1.5180163
TGAACGTAGGACTGGT-1-40_s3,0.63607836,-0.5274173,-0.8705507
ACTCTCGAGGCCGCTT-1-42_s3,-0.45259655,0.47880584,-0.20842855
CGACAGCTCTGACCCT-1-40_s3,-2.1836708,3.1908014,0.8816026
CGGCAGTCAAGGTACG-1-41_s3,0.53841966,-0.7297359,0.38146836
TTTGGTTCATAACTCG-1-37_s3,-1.7606208,2.490819,0.929369
TCTTGCGCACAGTCCG-1-37_s3,9.188255,-0.2942942,-0.989565
CTACCCATCCCTTGGT-1-42_s3,6.7261314,-0.57730705,-0.9345198
TGGATCAAGCTAGATA-1-42_s3,7.7955375,0.0141052455,-1.223654
TCCCACATCATCGCTC-1-36_s3,-0.4760816,0.5897635,0.23112144
ACTATCTCAGTTGTCA-1-38_s3,0.6843463,-0.2641265,-0.16870698
GTAGGTTGTATCGATC-1-40_s3,-2.5379262,3.3199193,1.4646991
TTAATCCAGGATGAGA-1-37_s3,-0.6869777,2.525626,-0.11491717
GTCGTTCGTCTGTCAA-1-42_s3,5.990658,0.28909177,-1.2382597
CGTCAAACATGAATCC-1-40_s3,7.0544972,-0.037550494,-0.68105304
ATTTCTGGTGAGGCAT-1-38_s3,-1.4577322,2.4118466,-0.031239962
TCCACCATCGAAACAA-1-36_s3,8.402576,-0.6885865,-0.9387583
AACCTGAAGCTAAATG-1-43_s3,0.98135716,-0.32121435,-0.6368738
CTACAGACACATTACG-1-36_s3,1.3864536,-0.60961455,-0.2730344
TCATGTTTCCTTTGAT-1-36_s3,-1.8839896,2.4645834,-0.58449805
AGGGTTTTCACGGTCG-1-40_s3,0.48405138,-0.047999285,-0.23576331
TGGCGTGTCCTCGATC-1-41_s3,7.5820165,-0.24928823,0.08865295
GGGACCTTCTAGTTCT-1-42_s3,-0.25485766,-0.606414,-0.075369716
CCGTAGGGTCTTCCGT-1-43_s3,0.6549075,-0.07153648,-0.6549781
GGGTGTCCATGATCTG-1-42_s3,8.749419,-0.45273638,-0.54007965
GACTTCCTCACAAGGG-1-43_s3,-1.3552408,1.9072809,-1.013011
TTGGGCGAGATGGCAC-1-36_s3,0.9020847,-0.31700182,-1.4564153
GATTTCTTCAAGAGTA-1-42_s3,8.874905,-0.5939498,-0.82712555
ACCAACATCCACCTGT-1-36_s3,1.765404,-0.44800937,0.50010365
TGTCCTGCAACACGTT-1-37_s3,0.39239883,-0.37984613,-0.053750347
TGTGAGTTCCATCTCG-1-36_s3,0.51145244,-0.6516012,-0.39471018
CCGTGAGGTATGGAGC-1-36_s3,1.070203,-0.24478817,0.426018
CTCCATGCAAGCGATG-1-40_s3,8.241282,-0.211203,-1.4819099
TGTGGCGCACCAATTG-1-43_s3,0.7749366,-0.29914156,-0.84313226
ACACGCGGTCAGTCGC-1-40_s3,-0.12829117,-0.32429272,0.41033602
CAGTGCGAGTGGCCTC-1-36_s3,-0.5807996,2.4879568,-0.33265752
ATTCGTTTCTTCCCAG-1-37_s3,0.6921632,-0.14292583,-0.12571785
GGCTGTGCACCTCTAC-1-37_s3,1.0686525,-0.5671692,-1.2099642
CAATCGAAGTTCTCTT-1-36_s3,0.6207056,-0.26582247,-0.90124995
ACTGTCCCATAGAGGC-1-43_s3,8.112146,-0.5193707,-1.0617836
TTTACGTGTAGCTTGT-1-37_s3,6.1795464,0.5665595,0.26826596
GGGAGTAGTATAGGGC-1-42_s3,0.32989338,-0.32507837,0.24529259
TGTTACTGTTTCACTT-1-36_s3,1.0549645,0.65485007,-0.6438464
CGAGGCTCAATGGCAG-1-40_s3,-2.154155,2.9129698,0.20351666
TCCTAATAGCAAGGAA-1-42_s3,0.45594788,0.04262805,-0.3630989
GGGACCTTCTGAGAAA-1-40_s3,3.8762202,-0.30124396,0.60539764
CAACCTCGTAGGACTG-1-40_s3,-1.1069778,2.7094955,-0.47992995
CTTCTCTTCCACTTCG-1-40_s3,0.4541635,-0.31903017,-1.3007537
CAATCGATCCCAACTC-1-42_s3,4.1394057,0.2821586,-1.1058
CGCATAAAGTTGGCGA-1-40_s3,7.580523,-0.14594942,0.35450685
AGTCTCCCAATCAGCT-1-36_s3,7.3590183,-0.6275824,-0.95095766
AACAACCAGCCTTCTC-1-38_s3,7.6512337,-0.94679946,-1.72876
AGCGTCGGTGAGACCA-1-38_s3,-0.76949567,0.5750043,0.45113948
ACTATTCGTCACCACG-1-38_s3,7.2538385,-0.75171036,-1.5712732
CTGTGGGTCGTAGTCA-1-39_s3,0.0997777,-0.12445236,0.48620242
CCTACGTCAGCGTGCT-1-42_s3,-1.7429888,2.0186672,-0.4451076
TGTCCCAGTTGCATCA-1-43_s3,0.6213082,-0.09714848,0.26463383
GCGGAAAGTTTGGGTT-1-42_s3,-2.1461997,2.7436576,0.0757998
GATGCTACAAACACCT-1-37_s3,0.4610283,-0.37112874,-1.1358085
TGAGGGACATCCAATG-1-43_s3,8.285484,0.094145454,-1.1179612
TCATGCCTCCGATAAC-1-42_s3,0.69512427,-0.7775146,-0.5119788
AATCGACAGCGCAATG-1-38_s3,0.09082845,-0.38398212,-0.636699
CACATGACAGTACTAC-1-41_s3,8.462706,-0.34787574,-1.0833002
ATGTCTTCACTCCTTG-1-38_s3,8.722106,-0.0600074,-1.1707865
CATACAGCAGGACGAT-1-37_s3,0.3268807,-0.3822157,-0.27759254
CTCCTTTCAACTCGAT-1-41_s3,0.625617,-0.56707823,-0.84044963
GCGGAAACAGCAGGAT-1-43_s3,-1.7571399,2.7363315,0.07840553
ATGCGATTCATGCATG-1-37_s3,-1.2257482,2.756256,-0.80180067
GGGATCCAGTCTGCGC-1-41_s3,0.4213278,-0.7683872,1.1627103
GATCACACATCAGCTA-1-42_s3,0.7032131,-0.44079345,-0.2573059
GTGGGAACAGCAGTCC-1-37_s3,8.142801,-0.1641871,-0.47023624
TTCATGTAGACTCTAC-1-43_s3,7.814763,-0.6468709,-1.021234
TCGGATAAGATAGCTA-1-41_s3,7.1787114,0.00020094961,-1.0232594
CTAACCCTCGTAATGC-1-40_s3,8.825212,-0.119607106,-0.52032673
GTGTTAGTCGCCTTGT-1-37_s3,7.2971835,-0.31879312,2.1244485
GAGATGGAGTCGGCAA-1-36_s3,7.8629794,0.016061094,-1.3344307
AGCGTATCAGAGGACT-1-42_s3,9.018674,-0.65423566,-0.76640624
GTCACTCTCCCTCGTA-1-41_s3,8.633083,-0.5483281,-1.3531448
CGTCAAAGTTGCATAC-1-42_s3,0.54323757,-0.3044052,-0.5517956
TCCGGGACATCTCGTC-1-40_s3,-2.0402403,2.8886137,1.0663459
GAGGCAAAGTGCTACT-1-39_s3,0.77670306,-0.6736427,-0.33295426
ATGGGTTTCGAGATAA-1-42_s3,8.322857,-0.3730568,-0.9212446
AGATAGAGTCTTACTT-1-41_s3,1.0038732,-0.4743448,-0.53623873
CTGCCATCAGAGCTAG-1-43_s3,8.375916,-0.46610492,-0.9686836
ATTACCTAGGTACAAT-1-43_s3,8.568597,-0.5024785,-1.5432878
AACAAAGCAACTGGTT-1-39_s3,0.901056,-0.4090611,-0.30312297
CATCGCTTCTACGGTA-1-39_s3,-0.03742799,-0.059165344,-0.18851802
CTCCAACCATCCGAGC-1-41_s3,5.9263854,0.064459234,-1.168861
ACCTGAAAGGTGAGCT-1-41_s3,7.3093324,0.063068636,-0.56014097
CTGTACCGTAACGTTC-1-37_s3,-2.2546575,2.407613,0.24968287
GTCCTCAAGGGATCTG-1-37_s3,1.3805921,-0.426067,0.28525683
CACTGTCCAGAGTTGG-1-43_s3,6.922079,-0.21612039,-0.9912084
TGAGCATCAGGACAGT-1-41_s3,-0.21161154,-0.30108202,-0.18361072
GTTAGACGTTATGTCG-1-36_s3,0.24081074,-0.07316531,-0.8652884
GCCCGAATCCTCAGAA-1-42_s3,0.21504427,-0.41191223,-1.2582847
AGGCATTCACACGTGC-1-38_s3,9.032313,-0.59984404,-1.3818051
AGGTGTTCAACCGTGC-1-38_s3,8.919933,0.09716003,-0.43978405
ACGTTCCGTACTCGCG-1-42_s3,6.8431244,-0.073499136,-0.6675784
TTCTGTATCTGGACTA-1-36_s3,-2.0796938,2.7467065,0.33915246
TGAATCGAGGATAATC-1-38_s3,0.23027134,-0.3535193,-0.73711413
TCCCACAAGATGCTAA-1-39_s3,0.7809188,-0.23694427,-0.69025403
AGGCTGCCAACCAATC-1-42_s3,7.9686494,-0.5674947,-1.1226851
CAAGAGGGTCTGTGAT-1-39_s3,7.507685,-0.7361581,-1.6101171
GAATCGTTCTTCTTCC-1-40_s3,-0.82199067,1.4675468,0.62171054
TGTACAGTCAAATGCC-1-37_s3,7.4273305,-0.41313964,-0.5699528
ATTCTACAGTCGCTAT-1-42_s3,0.15272146,-0.46682513,-0.37468338
GTTGTCCTCCCGGTAG-1-39_s3,0.83704346,-0.7315905,-0.47052515
ACCAAACCATGGGTTT-1-38_s3,-1.5269659,2.2558439,0.6760019
ATGAAAGAGTGTGTTC-1-36_s3,-2.1686378,3.2539647,0.22746468
TACTTACCACTCGATA-1-38_s3,7.8863683,-0.95247465,-0.34406975
CCCGAAGCATATGGCT-1-36_s3,0.42270178,-0.28532806,-0.2207329
ACAAGCTCAGTCCCGA-1-42_s3,0.45623294,-0.6004131,-0.6271001
GTCTAGAAGGTCGTGA-1-41_s3,-1.4975717,2.1463337,-0.38654876
AATCACGGTACGTAGG-1-37_s3,7.9769206,-0.3130263,-0.5815697
AGGTAGGAGCTGAGCA-1-41_s3,-0.124096625,-0.026450396,-0.5588551
CATCGCTTCCTGTACC-1-38_s3,-2.1222956,2.198817,-0.17996027
CGGTCAGCACAGTCGC-1-41_s3,-0.106254116,-0.09659489,-0.43100414
ATTCGTTTCTGCGGGT-1-43_s3,-0.9828843,2.6018343,0.87421805
