,GEM,Label
TCACACCCAGGTGTGA-1-38_s3,TCACACCCAGGTGTGA-1-38_s3,20_leaf
TAGTGCATCACCGGTG-1-43_s3,TAGTGCATCACCGGTG-1-43_s3,3_leaf
TCGGGTGAGACATCCT-1-39_s3,TCGGGTGAGACATCCT-1-39_s3,19_leaf
GTCTAGACATCTCCCA-1-40_s3,GTCTAGACATCTCCCA-1-40_s3,5_leaf
CTCACTGTCCTCTAAT-1-43_s3,CTCACTGTCCTCTAAT-1-43_s3,3_leaf
TGAGGGAAGGCTAACG-1-36_s3,TGAGGGAAGGCTAACG-1-36_s3,19_leaf
ACTACGAAGCCTGGAA-1-38_s3,ACTACGAAGCCTGGAA-1-38_s3,5_leaf
AAGTTCGAGCGATTCT-1-36_s3,AAGTTCGAGCGATTCT-1-36_s3,5_leaf
GTAGAAAGTCGATTTG-1-40_s3,GTAGAAAGTCGATTTG-1-40_s3,5_leaf
ATATCCTAGCGACATG-1-37_s3,ATATCCTAGCGACATG-1-37_s3,19_leaf
TCGAACATCGCTGACG-1-36_s3,TCGAACATCGCTGACG-1-36_s3,5_leaf
TTAATCCGTGTTCGTA-1-40_s3,TTAATCCGTGTTCGTA-1-40_s3,3_leaf
GGTAACTGTGAGTTGG-1-36_s3,GGTAACTGTGAGTTGG-1-36_s3,5_leaf
CATCAAGAGTGATTCC-1-37_s3,CATCAAGAGTGATTCC-1-37_s3,19_leaf
GGAGATGGTACACGTT-1-39_s3,GGAGATGGTACACGTT-1-39_s3,19_leaf
TGCACGGAGAGCCATG-1-41_s3,TGCACGGAGAGCCATG-1-41_s3,3_leaf
ATTTACCGTGGCAGAT-1-43_s3,ATTTACCGTGGCAGAT-1-43_s3,5_leaf
TGATGGTGTCATCAGT-1-41_s3,TGATGGTGTCATCAGT-1-41_s3,5_leaf
GTGAGCCCAGCGCTTG-1-38_s3,GTGAGCCCAGCGCTTG-1-38_s3,5_leaf
ACATGCATCTTACACT-1-38_s3,ACATGCATCTTACACT-1-38_s3,6_leaf
GAGGGATCACGTCGGT-1-41_s3,GAGGGATCACGTCGGT-1-41_s3,6_leaf
GGGTCTGTCACATCAG-1-37_s3,GGGTCTGTCACATCAG-1-37_s3,19_leaf
CATTGCCAGCATGCAG-1-37_s3,CATTGCCAGCATGCAG-1-37_s3,3_leaf
GATTTCTTCGCTTGCT-1-42_s3,GATTTCTTCGCTTGCT-1-42_s3,3_leaf
AATTCCTGTTGCATAC-1-42_s3,AATTCCTGTTGCATAC-1-42_s3,5_leaf
TGGAGAGTCGAAACAA-1-43_s3,TGGAGAGTCGAAACAA-1-43_s3,5_leaf
TCATTACGTGGTAATA-1-40_s3,TCATTACGTGGTAATA-1-40_s3,10_leaf
AATAGAGAGCTGTTCA-1-36_s3,AATAGAGAGCTGTTCA-1-36_s3,5_leaf
CAAGCTACATAACGGG-1-38_s3,CAAGCTACATAACGGG-1-38_s3,20_leaf
CAACCTCTCATAGGCT-1-37_s3,CAACCTCTCATAGGCT-1-37_s3,5_leaf
GATGATCGTAACAGGC-1-40_s3,GATGATCGTAACAGGC-1-40_s3,20_leaf
CTACATTGTTCGGGTC-1-40_s3,CTACATTGTTCGGGTC-1-40_s3,19_leaf
TTTCGATGTACCTAGT-1-40_s3,TTTCGATGTACCTAGT-1-40_s3,20_leaf
TGCGATACATGTCTAG-1-39_s3,TGCGATACATGTCTAG-1-39_s3,10_leaf
GTGTGATCAAATGGTA-1-42_s3,GTGTGATCAAATGGTA-1-42_s3,5_leaf
GATTCTTGTGATATAG-1-37_s3,GATTCTTGTGATATAG-1-37_s3,5_leaf
TCAATCTGTACTGCCG-1-36_s3,TCAATCTGTACTGCCG-1-36_s3,20_leaf
TATTGGGCAACAAGTA-1-42_s3,TATTGGGCAACAAGTA-1-42_s3,19_leaf
TTTAGTCAGTCACACT-1-41_s3,TTTAGTCAGTCACACT-1-41_s3,19_leaf
AACAACCCAATCTCGA-1-38_s3,AACAACCCAATCTCGA-1-38_s3,3_leaf
AGTCACATCAGGAACG-1-38_s3,AGTCACATCAGGAACG-1-38_s3,10_leaf
CGGAATTTCTGCTAGA-1-37_s3,CGGAATTTCTGCTAGA-1-37_s3,20_leaf
AGACCATGTCGTACTA-1-36_s3,AGACCATGTCGTACTA-1-36_s3,20_leaf
TGTGATGCACCTCTAC-1-36_s3,TGTGATGCACCTCTAC-1-36_s3,20_leaf
GGAATGGAGACATATG-1-43_s3,GGAATGGAGACATATG-1-43_s3,5_leaf
AGTCATGCAAGCGCTC-1-36_s3,AGTCATGCAAGCGCTC-1-36_s3,3_leaf
TACGGGCGTTCTTAGG-1-42_s3,TACGGGCGTTCTTAGG-1-42_s3,19_leaf
ACCCTTGTCCCTCATG-1-40_s3,ACCCTTGTCCCTCATG-1-40_s3,20_leaf
CTATCCGAGCTACGTT-1-39_s3,CTATCCGAGCTACGTT-1-39_s3,3_leaf
GATCACATCGTGTGGC-1-38_s3,GATCACATCGTGTGGC-1-38_s3,5_leaf
TCTTGCGAGGGTGGGA-1-38_s3,TCTTGCGAGGGTGGGA-1-38_s3,5_leaf
CTTGAGAGTACAACGG-1-39_s3,CTTGAGAGTACAACGG-1-39_s3,5_leaf
TTTCGATTCGTCCTCA-1-36_s3,TTTCGATTCGTCCTCA-1-36_s3,10_leaf
GGGACTCGTCACTGAT-1-38_s3,GGGACTCGTCACTGAT-1-38_s3,6_leaf
GGAGGTAAGACCGCCT-1-40_s3,GGAGGTAAGACCGCCT-1-40_s3,20_leaf
CCGGGTATCGGACTGC-1-40_s3,CCGGGTATCGGACTGC-1-40_s3,3_leaf
CATTGAGGTATCCTTT-1-36_s3,CATTGAGGTATCCTTT-1-36_s3,19_leaf
GTACAGTCACAACGTT-1-40_s3,GTACAGTCACAACGTT-1-40_s3,5_leaf
GGCACGTGTTCTCGCT-1-39_s3,GGCACGTGTTCTCGCT-1-39_s3,3_leaf
TCTCCGAAGGTCATCT-1-38_s3,TCTCCGAAGGTCATCT-1-38_s3,19_leaf
GAGTCTAAGAGCCTGA-1-42_s3,GAGTCTAAGAGCCTGA-1-42_s3,20_leaf
CAGCACGGTATGTGTC-1-40_s3,CAGCACGGTATGTGTC-1-40_s3,5_leaf
CAATCGATCCTTTGAT-1-37_s3,CAATCGATCCTTTGAT-1-37_s3,6_leaf
TCATGGAAGTAACGAT-1-41_s3,TCATGGAAGTAACGAT-1-41_s3,5_leaf
GTTATGGGTCTTTCAT-1-39_s3,GTTATGGGTCTTTCAT-1-39_s3,5_leaf
TCTTCCTGTCCTCAGG-1-36_s3,TCTTCCTGTCCTCAGG-1-36_s3,6_leaf
TACTTCACAAGTGTCT-1-40_s3,TACTTCACAAGTGTCT-1-40_s3,6_leaf
ATGCGATTCGTCTAAG-1-39_s3,ATGCGATTCGTCTAAG-1-39_s3,20_leaf
GATGGAGCACGCAAAG-1-43_s3,GATGGAGCACGCAAAG-1-43_s3,19_leaf
CATCCACGTGACCGTC-1-43_s3,CATCCACGTGACCGTC-1-43_s3,3_leaf
AGTTCGAAGGAACGCT-1-40_s3,AGTTCGAAGGAACGCT-1-40_s3,20_leaf
GTGTAACGTAAGGTCG-1-41_s3,GTGTAACGTAAGGTCG-1-41_s3,5_leaf
CAATTTCCAGGGACTA-1-38_s3,CAATTTCCAGGGACTA-1-38_s3,3_leaf
GTAGTACAGACACACG-1-43_s3,GTAGTACAGACACACG-1-43_s3,3_leaf
CAGGGCTCACGACCTG-1-42_s3,CAGGGCTCACGACCTG-1-42_s3,5_leaf
TCCAGAACATGCAGGA-1-41_s3,TCCAGAACATGCAGGA-1-41_s3,5_leaf
CGGGACTGTCCTGAAT-1-37_s3,CGGGACTGTCCTGAAT-1-37_s3,3_leaf
GGGCTCACAAGAGTGC-1-38_s3,GGGCTCACAAGAGTGC-1-38_s3,19_leaf
CCAATGACAAGCCATT-1-38_s3,CCAATGACAAGCCATT-1-38_s3,3_leaf
ATCACAGTCCGGACGT-1-37_s3,ATCACAGTCCGGACGT-1-37_s3,6_leaf
GTGTGGCAGTGTTCAC-1-37_s3,GTGTGGCAGTGTTCAC-1-37_s3,6_leaf
CCAATTTTCATTCATC-1-40_s3,CCAATTTTCATTCATC-1-40_s3,10_leaf
GAAGCCCCATAGACTC-1-38_s3,GAAGCCCCATAGACTC-1-38_s3,3_leaf
ACCAAACGTCGTGATT-1-42_s3,ACCAAACGTCGTGATT-1-42_s3,5_leaf
TGTCCCAAGGTAACTA-1-40_s3,TGTCCCAAGGTAACTA-1-40_s3,10_leaf
CGACAGCAGGCACAAC-1-42_s3,CGACAGCAGGCACAAC-1-42_s3,3_leaf
ACAAAGACATGCCGAC-1-37_s3,ACAAAGACATGCCGAC-1-37_s3,5_leaf
GGATGTTTCCGTGCGA-1-39_s3,GGATGTTTCCGTGCGA-1-39_s3,20_leaf
TACAACGGTACCTTCC-1-43_s3,TACAACGGTACCTTCC-1-43_s3,5_leaf
TCCTAATGTCACTCAA-1-42_s3,TCCTAATGTCACTCAA-1-42_s3,20_leaf
GTCACGGTCTGTAACG-1-39_s3,GTCACGGTCTGTAACG-1-39_s3,10_leaf
ATCAGGTGTCCGAAAG-1-43_s3,ATCAGGTGTCCGAAAG-1-43_s3,20_leaf
CGCCAGATCCCTTGGT-1-41_s3,CGCCAGATCCCTTGGT-1-41_s3,3_leaf
TTGTTCAGTTCGCGTG-1-36_s3,TTGTTCAGTTCGCGTG-1-36_s3,20_leaf
TAAGTCGAGGCGCTCT-1-42_s3,TAAGTCGAGGCGCTCT-1-42_s3,5_leaf
CTCATGCAGTAAACAC-1-37_s3,CTCATGCAGTAAACAC-1-37_s3,5_leaf
GTCAAACGTAGCGTTT-1-39_s3,GTCAAACGTAGCGTTT-1-39_s3,3_leaf
GTTTACTCATCCGGCA-1-42_s3,GTTTACTCATCCGGCA-1-42_s3,19_leaf
TCCGATCGTTCTCTAT-1-37_s3,TCCGATCGTTCTCTAT-1-37_s3,19_leaf
CCTACGTGTATCACGT-1-42_s3,CCTACGTGTATCACGT-1-42_s3,19_leaf
TGGTTAGAGGTCGTAG-1-40_s3,TGGTTAGAGGTCGTAG-1-40_s3,19_leaf
GCGATCGAGAGCCTGA-1-41_s3,GCGATCGAGAGCCTGA-1-41_s3,3_leaf
GACGCTGGTGCTGCAC-1-42_s3,GACGCTGGTGCTGCAC-1-42_s3,20_leaf
GCACGGTTCACATACG-1-39_s3,GCACGGTTCACATACG-1-39_s3,5_leaf
ACTGCAACAACATCGT-1-41_s3,ACTGCAACAACATCGT-1-41_s3,20_leaf
GGCTGTGTCCAAGAGG-1-41_s3,GGCTGTGTCCAAGAGG-1-41_s3,5_leaf
TCTATACAGAGCAACC-1-39_s3,TCTATACAGAGCAACC-1-39_s3,5_leaf
CACTTCGTCTGCGGCA-1-39_s3,CACTTCGTCTGCGGCA-1-39_s3,19_leaf
CAGTGCGTCCGTGCGA-1-36_s3,CAGTGCGTCCGTGCGA-1-36_s3,5_leaf
AGACCCGTCGACCACG-1-43_s3,AGACCCGTCGACCACG-1-43_s3,20_leaf
AACGTCATCCTAGCCT-1-43_s3,AACGTCATCCTAGCCT-1-43_s3,3_leaf
TATTGCTGTCGAAGCA-1-42_s3,TATTGCTGTCGAAGCA-1-42_s3,5_leaf
GGGACAACAGTGCGCT-1-41_s3,GGGACAACAGTGCGCT-1-41_s3,19_leaf
TTTAGTCCATTAGGAA-1-43_s3,TTTAGTCCATTAGGAA-1-43_s3,20_leaf
ACCAACAAGGAAGTCC-1-38_s3,ACCAACAAGGAAGTCC-1-38_s3,5_leaf
TCGGATAAGCAGCCTC-1-42_s3,TCGGATAAGCAGCCTC-1-42_s3,5_leaf
GGTTAACAGGGCAGTT-1-41_s3,GGTTAACAGGGCAGTT-1-41_s3,19_leaf
CTTAGGAAGCGCATCC-1-36_s3,CTTAGGAAGCGCATCC-1-36_s3,10_leaf
CTGCCTAAGCTGAGTG-1-38_s3,CTGCCTAAGCTGAGTG-1-38_s3,3_leaf
TTGTGGATCAGGGTAG-1-36_s3,TTGTGGATCAGGGTAG-1-36_s3,20_leaf
AGTAGCTTCGTCACCT-1-37_s3,AGTAGCTTCGTCACCT-1-37_s3,19_leaf
CCTTGTGGTATCATGC-1-43_s3,CCTTGTGGTATCATGC-1-43_s3,19_leaf
TGCATGAAGACGAAGA-1-37_s3,TGCATGAAGACGAAGA-1-37_s3,5_leaf
GTCCACTTCTTAGCAG-1-40_s3,GTCCACTTCTTAGCAG-1-40_s3,10_leaf
TACCGAAGTCACGTGC-1-42_s3,TACCGAAGTCACGTGC-1-42_s3,10_leaf
TACTTGTCAGACCTAT-1-37_s3,TACTTGTCAGACCTAT-1-37_s3,5_leaf
TTTACCATCCACAAGT-1-39_s3,TTTACCATCCACAAGT-1-39_s3,3_leaf
GTAGAAAGTCTTGCGG-1-41_s3,GTAGAAAGTCTTGCGG-1-41_s3,3_leaf
TGTCCTGTCCACAGCG-1-36_s3,TGTCCTGTCCACAGCG-1-36_s3,20_leaf
TAGCACAGTCGCGTTG-1-38_s3,TAGCACAGTCGCGTTG-1-38_s3,20_leaf
ACAAAGACACCCTAGG-1-36_s3,ACAAAGACACCCTAGG-1-36_s3,5_leaf
TCGTGCTAGGAATGTT-1-40_s3,TCGTGCTAGGAATGTT-1-40_s3,5_leaf
GATGATCGTCCGTACG-1-41_s3,GATGATCGTCCGTACG-1-41_s3,10_leaf
TGGAGAGAGCGTGCCT-1-43_s3,TGGAGAGAGCGTGCCT-1-43_s3,5_leaf
TTCTAACCAACCACAT-1-39_s3,TTCTAACCAACCACAT-1-39_s3,19_leaf
TACGGGCGTCACAGTT-1-40_s3,TACGGGCGTCACAGTT-1-40_s3,5_leaf
CCTCCTCTCTTAGCTT-1-39_s3,CCTCCTCTCTTAGCTT-1-39_s3,5_leaf
TTGAACGGTCCCTGTT-1-40_s3,TTGAACGGTCCCTGTT-1-40_s3,10_leaf
ATCGTAGGTGCATTTG-1-38_s3,ATCGTAGGTGCATTTG-1-38_s3,5_leaf
TTCTGTACAGGGAATC-1-40_s3,TTCTGTACAGGGAATC-1-40_s3,20_leaf
TCGTGGGCAAGTAGTA-1-36_s3,TCGTGGGCAAGTAGTA-1-36_s3,20_leaf
TACCGAAAGGGTACGT-1-40_s3,TACCGAAAGGGTACGT-1-40_s3,19_leaf
GACGCTGCACAAGCTT-1-40_s3,GACGCTGCACAAGCTT-1-40_s3,19_leaf
AAATGGAAGGGACAGG-1-42_s3,AAATGGAAGGGACAGG-1-42_s3,19_leaf
TCTGTCGTCGACGATT-1-38_s3,TCTGTCGTCGACGATT-1-38_s3,19_leaf
GTCGAATGTGAATGAT-1-38_s3,GTCGAATGTGAATGAT-1-38_s3,3_leaf
GTGAGCCTCGCTTTAT-1-43_s3,GTGAGCCTCGCTTTAT-1-43_s3,19_leaf
GAGGGTAAGGAATGTT-1-36_s3,GAGGGTAAGGAATGTT-1-36_s3,10_leaf
TGGGCTGAGGGAGATA-1-41_s3,TGGGCTGAGGGAGATA-1-41_s3,5_leaf
GGTGTCGTCCAGCCTT-1-36_s3,GGTGTCGTCCAGCCTT-1-36_s3,5_leaf
CCTCCTCAGGTATAGT-1-43_s3,CCTCCTCAGGTATAGT-1-43_s3,19_leaf
TTCAGGATCCAACTGA-1-38_s3,TTCAGGATCCAACTGA-1-38_s3,5_leaf
CTCTCAGAGCCGTTGC-1-39_s3,CTCTCAGAGCCGTTGC-1-39_s3,5_leaf
CGTAATGTCCCATTCG-1-36_s3,CGTAATGTCCCATTCG-1-36_s3,3_leaf
GAGACTTAGAGTAACT-1-36_s3,GAGACTTAGAGTAACT-1-36_s3,19_leaf
CCATAAGAGGCAGTCA-1-37_s3,CCATAAGAGGCAGTCA-1-37_s3,19_leaf
ATTCAGGCACCAACAT-1-37_s3,ATTCAGGCACCAACAT-1-37_s3,19_leaf
GCCGTGACATGTTCGA-1-43_s3,GCCGTGACATGTTCGA-1-43_s3,5_leaf
ACACAGTGTGCGAGTA-1-40_s3,ACACAGTGTGCGAGTA-1-40_s3,5_leaf
TGAGTCATCTTCGTGC-1-38_s3,TGAGTCATCTTCGTGC-1-38_s3,10_leaf
CAACGATCAGCAGGAT-1-40_s3,CAACGATCAGCAGGAT-1-40_s3,5_leaf
CCGGACAAGGTGCAGT-1-43_s3,CCGGACAAGGTGCAGT-1-43_s3,20_leaf
GTCTCACTCGCAACAT-1-40_s3,GTCTCACTCGCAACAT-1-40_s3,19_leaf
TCCATGCTCGTGGGTC-1-39_s3,TCCATGCTCGTGGGTC-1-39_s3,10_leaf
TTCGATTCACGACGCT-1-41_s3,TTCGATTCACGACGCT-1-41_s3,5_leaf
TGGTGATAGCACGGAT-1-36_s3,TGGTGATAGCACGGAT-1-36_s3,10_leaf
AGACCATAGGGAGGTG-1-43_s3,AGACCATAGGGAGGTG-1-43_s3,3_leaf
CGGAACCGTTGCACGC-1-42_s3,CGGAACCGTTGCACGC-1-42_s3,6_leaf
AGTCTCCCAGACAAGC-1-36_s3,AGTCTCCCAGACAAGC-1-36_s3,19_leaf
GGATCTACATAACAGA-1-36_s3,GGATCTACATAACAGA-1-36_s3,3_leaf
CTAGACACATCCTGTC-1-40_s3,CTAGACACATCCTGTC-1-40_s3,3_leaf
GGGTATTAGCCTCACG-1-42_s3,GGGTATTAGCCTCACG-1-42_s3,5_leaf
GCGTTTCTCAGTCATG-1-40_s3,GCGTTTCTCAGTCATG-1-40_s3,10_leaf
TACTTACCAAATCGGG-1-38_s3,TACTTACCAAATCGGG-1-38_s3,5_leaf
TTGCCTGGTCGCATGC-1-40_s3,TTGCCTGGTCGCATGC-1-40_s3,3_leaf
TCAGCCTTCAACCCGG-1-42_s3,TCAGCCTTCAACCCGG-1-42_s3,3_leaf
AAGTTCGCACGTATAC-1-38_s3,AAGTTCGCACGTATAC-1-38_s3,10_leaf
CAATTTCCAGAAATCA-1-38_s3,CAATTTCCAGAAATCA-1-38_s3,5_leaf
CCTTGTGCAGCCATTA-1-41_s3,CCTTGTGCAGCCATTA-1-41_s3,19_leaf
AGACCCGTCGTTGCCT-1-40_s3,AGACCCGTCGTTGCCT-1-40_s3,5_leaf
TGCTCGTAGACATATG-1-42_s3,TGCTCGTAGACATATG-1-42_s3,19_leaf
TTCGGTCTCAGCCTCT-1-37_s3,TTCGGTCTCAGCCTCT-1-37_s3,5_leaf
AACGAAATCGCTGACG-1-43_s3,AACGAAATCGCTGACG-1-43_s3,19_leaf
ATGAGTCTCCTAAACG-1-37_s3,ATGAGTCTCCTAAACG-1-37_s3,5_leaf
CACTGGGAGCTGCCTG-1-38_s3,CACTGGGAGCTGCCTG-1-38_s3,5_leaf
GAACTGTAGTAACCTC-1-43_s3,GAACTGTAGTAACCTC-1-43_s3,3_leaf
TGATGGTCACACCGAC-1-37_s3,TGATGGTCACACCGAC-1-37_s3,19_leaf
AGTACCAGTACAATAG-1-41_s3,AGTACCAGTACAATAG-1-41_s3,5_leaf
AGTTCCCAGGCTAACG-1-41_s3,AGTTCCCAGGCTAACG-1-41_s3,6_leaf
CGAAGTTCAATTTCCT-1-41_s3,CGAAGTTCAATTTCCT-1-41_s3,19_leaf
CTGTACCTCTAGGAAA-1-43_s3,CTGTACCTCTAGGAAA-1-43_s3,3_leaf
CATAAGCGTCACAATC-1-37_s3,CATAAGCGTCACAATC-1-37_s3,20_leaf
GCACGTGGTACAGTAA-1-42_s3,GCACGTGGTACAGTAA-1-42_s3,5_leaf
GGTTAACGTCTACAAC-1-42_s3,GGTTAACGTCTACAAC-1-42_s3,5_leaf
AGTGCCGAGCCTCAGC-1-36_s3,AGTGCCGAGCCTCAGC-1-36_s3,3_leaf
ACAGGGACAGCAAGAC-1-37_s3,ACAGGGACAGCAAGAC-1-37_s3,19_leaf
TTGTTCACAAATGATG-1-36_s3,TTGTTCACAAATGATG-1-36_s3,20_leaf
GGAACCCAGTTGCGCC-1-36_s3,GGAACCCAGTTGCGCC-1-36_s3,19_leaf
TATTCCATCCAATCTT-1-42_s3,TATTCCATCCAATCTT-1-42_s3,3_leaf
AGGCATTCAGAGAAAG-1-43_s3,AGGCATTCAGAGAAAG-1-43_s3,5_leaf
GAGTCATCATTGACCA-1-40_s3,GAGTCATCATTGACCA-1-40_s3,19_leaf
GGAGGTAAGAGCATAT-1-43_s3,GGAGGTAAGAGCATAT-1-43_s3,3_leaf
TTGACCCGTCGTTGCG-1-38_s3,TTGACCCGTCGTTGCG-1-38_s3,3_leaf
CTGTCGTTCGCCGAAC-1-40_s3,CTGTCGTTCGCCGAAC-1-40_s3,5_leaf
AATCGACTCATCTGTT-1-39_s3,AATCGACTCATCTGTT-1-39_s3,20_leaf
GAGCTGCTCGAGAGAC-1-41_s3,GAGCTGCTCGAGAGAC-1-41_s3,19_leaf
ACTGTCCAGATGAACT-1-36_s3,ACTGTCCAGATGAACT-1-36_s3,5_leaf
GTCTGTCCACCGTCTT-1-39_s3,GTCTGTCCACCGTCTT-1-39_s3,20_leaf
TGGTGATAGGCTAGCA-1-40_s3,TGGTGATAGGCTAGCA-1-40_s3,19_leaf
CATCAAGAGTTCTCTT-1-38_s3,CATCAAGAGTTCTCTT-1-38_s3,3_leaf
TTCCTTCAGTCAGAGC-1-40_s3,TTCCTTCAGTCAGAGC-1-40_s3,5_leaf
CATTCATAGCACCGAA-1-42_s3,CATTCATAGCACCGAA-1-42_s3,20_leaf
TCGGGCAGTAATTAGG-1-36_s3,TCGGGCAGTAATTAGG-1-36_s3,19_leaf
GTTACAGGTCGCCACA-1-37_s3,GTTACAGGTCGCCACA-1-37_s3,10_leaf
GTCTAGATCAGTGTTG-1-38_s3,GTCTAGATCAGTGTTG-1-38_s3,5_leaf
AGGGTCCTCGCGTGAC-1-37_s3,AGGGTCCTCGCGTGAC-1-37_s3,19_leaf
GCCGATGCATCCTTGC-1-41_s3,GCCGATGCATCCTTGC-1-41_s3,5_leaf
CAATACGGTTTGGAAA-1-42_s3,CAATACGGTTTGGAAA-1-42_s3,19_leaf
CCTCATGAGATACGAT-1-43_s3,CCTCATGAGATACGAT-1-43_s3,20_leaf
CTTAGGACACAATGCT-1-37_s3,CTTAGGACACAATGCT-1-37_s3,19_leaf
TCTATACAGGTCTACT-1-36_s3,TCTATACAGGTCTACT-1-36_s3,5_leaf
CATGGTAGTATTAAGG-1-36_s3,CATGGTAGTATTAAGG-1-36_s3,19_leaf
GAATCACCAAGTCCCG-1-41_s3,GAATCACCAAGTCCCG-1-41_s3,19_leaf
ACACGCGAGTAGCATA-1-36_s3,ACACGCGAGTAGCATA-1-36_s3,5_leaf
GACCTTCAGCACTAGG-1-36_s3,GACCTTCAGCACTAGG-1-36_s3,3_leaf
CTGAGGCCAACAGTGG-1-43_s3,CTGAGGCCAACAGTGG-1-43_s3,5_leaf
GAGTTTGTCCCAACTC-1-36_s3,GAGTTTGTCCCAACTC-1-36_s3,5_leaf
TGAGACTCACAGTCAT-1-42_s3,TGAGACTCACAGTCAT-1-42_s3,20_leaf
TCATCATAGTATGAGT-1-36_s3,TCATCATAGTATGAGT-1-36_s3,3_leaf
GAGCTGCGTATGAGAT-1-42_s3,GAGCTGCGTATGAGAT-1-42_s3,5_leaf
TGGGAAGGTGCCTACG-1-39_s3,TGGGAAGGTGCCTACG-1-39_s3,5_leaf
TGAACGTAGCCAAGCA-1-37_s3,TGAACGTAGCCAAGCA-1-37_s3,5_leaf
TTCATGTTCGCGGACT-1-43_s3,TTCATGTTCGCGGACT-1-43_s3,20_leaf
CTCCAACAGGTCCCTG-1-43_s3,CTCCAACAGGTCCCTG-1-43_s3,3_leaf
TGTGTGAAGTAACCTC-1-41_s3,TGTGTGAAGTAACCTC-1-41_s3,5_leaf
CAGATTGCATACAGCT-1-43_s3,CAGATTGCATACAGCT-1-43_s3,5_leaf
CGTAAGTTCTTCTGGC-1-37_s3,CGTAAGTTCTTCTGGC-1-37_s3,10_leaf
CAACCAACATGAGATA-1-42_s3,CAACCAACATGAGATA-1-42_s3,5_leaf
AGAGAATCAGCTGTGC-1-43_s3,AGAGAATCAGCTGTGC-1-43_s3,20_leaf
TCATACTGTGGCAGAT-1-36_s3,TCATACTGTGGCAGAT-1-36_s3,5_leaf
CCAATGAGTCGATTAC-1-40_s3,CCAATGAGTCGATTAC-1-40_s3,20_leaf
CAACGATTCTAGTCAG-1-41_s3,CAACGATTCTAGTCAG-1-41_s3,3_leaf
TTCTAACGTAAGATAC-1-39_s3,TTCTAACGTAAGATAC-1-39_s3,19_leaf
GGACGTCTCGAGTGGA-1-40_s3,GGACGTCTCGAGTGGA-1-40_s3,20_leaf
GTTACAGTCGCTAAAC-1-42_s3,GTTACAGTCGCTAAAC-1-42_s3,3_leaf
CTATCCGAGTTGTAAG-1-37_s3,CTATCCGAGTTGTAAG-1-37_s3,3_leaf
TAGGTACTCTGCATAG-1-43_s3,TAGGTACTCTGCATAG-1-43_s3,19_leaf
ACATGCAGTTGACTGT-1-40_s3,ACATGCAGTTGACTGT-1-40_s3,10_leaf
TCTAACTCAGGTTCCG-1-40_s3,TCTAACTCAGGTTCCG-1-40_s3,20_leaf
TCACGCTCAGCTACAT-1-42_s3,TCACGCTCAGCTACAT-1-42_s3,5_leaf
TCACTATTCTATTTCG-1-40_s3,TCACTATTCTATTTCG-1-40_s3,20_leaf
ATTATCCTCTGCCTCA-1-41_s3,ATTATCCTCTGCCTCA-1-41_s3,5_leaf
GAGGCAAGTACTCGAT-1-40_s3,GAGGCAAGTACTCGAT-1-40_s3,20_leaf
CGAGGCTGTGCTGATT-1-42_s3,CGAGGCTGTGCTGATT-1-42_s3,5_leaf
GAAGAATAGCCTTTGA-1-42_s3,GAAGAATAGCCTTTGA-1-42_s3,20_leaf
TCGCTCATCGCAACAT-1-37_s3,TCGCTCATCGCAACAT-1-37_s3,10_leaf
GAACACTTCTTGTTAC-1-38_s3,GAACACTTCTTGTTAC-1-38_s3,19_leaf
CCGGACAAGCCTGTCG-1-37_s3,CCGGACAAGCCTGTCG-1-37_s3,5_leaf
TAGAGTCAGAGTGTGC-1-37_s3,TAGAGTCAGAGTGTGC-1-37_s3,20_leaf
GACTCTCAGAATCGCG-1-38_s3,GACTCTCAGAATCGCG-1-38_s3,3_leaf
GTGTTAGTCAAGTGTC-1-36_s3,GTGTTAGTCAAGTGTC-1-36_s3,3_leaf
AAAGGGCGTTAGTTCG-1-42_s3,AAAGGGCGTTAGTTCG-1-42_s3,10_leaf
TTGTGTTGTTTATGCG-1-38_s3,TTGTGTTGTTTATGCG-1-38_s3,3_leaf
GAGGGTACAGAGTCTT-1-39_s3,GAGGGTACAGAGTCTT-1-39_s3,19_leaf
CTCAGAATCCTAAGTG-1-37_s3,CTCAGAATCCTAAGTG-1-37_s3,3_leaf
ACCTACCTCCTGCTAC-1-39_s3,ACCTACCTCCTGCTAC-1-39_s3,19_leaf
ATTTCACAGGATACAT-1-36_s3,ATTTCACAGGATACAT-1-36_s3,19_leaf
CAACGGCTCGACCAAT-1-41_s3,CAACGGCTCGACCAAT-1-41_s3,5_leaf
ATTTACCCATCATTGG-1-41_s3,ATTTACCCATCATTGG-1-41_s3,3_leaf
CATCCCAAGCATGCGA-1-42_s3,CATCCCAAGCATGCGA-1-42_s3,5_leaf
TTGAACGGTATTGGCT-1-37_s3,TTGAACGGTATTGGCT-1-37_s3,20_leaf
ATTCGTTCAGCTATAC-1-37_s3,ATTCGTTCAGCTATAC-1-37_s3,19_leaf
GAAGGACAGGACTATA-1-41_s3,GAAGGACAGGACTATA-1-41_s3,3_leaf
TGAACGTTCATTCCTA-1-37_s3,TGAACGTTCATTCCTA-1-37_s3,5_leaf
CATCCACAGGTTGGAC-1-40_s3,CATCCACAGGTTGGAC-1-40_s3,3_leaf
CTCAACCTCCGAGGCT-1-37_s3,CTCAACCTCCGAGGCT-1-37_s3,3_leaf
CATCGCTTCAATCTCT-1-41_s3,CATCGCTTCAATCTCT-1-41_s3,5_leaf
ATTCCCGAGGATACAT-1-40_s3,ATTCCCGAGGATACAT-1-40_s3,10_leaf
TTCCTCTAGGTCTTTG-1-36_s3,TTCCTCTAGGTCTTTG-1-36_s3,5_leaf
GTAGGAGGTGACATCT-1-38_s3,GTAGGAGGTGACATCT-1-38_s3,19_leaf
GGGAAGTCAAGAGGCT-1-41_s3,GGGAAGTCAAGAGGCT-1-41_s3,20_leaf
CAGCCAGGTATACAGA-1-38_s3,CAGCCAGGTATACAGA-1-38_s3,5_leaf
CCGTTCAGTCTTCCGT-1-36_s3,CCGTTCAGTCTTCCGT-1-36_s3,19_leaf
CGATGCGCAAATACGA-1-42_s3,CGATGCGCAAATACGA-1-42_s3,5_leaf
CTATCTAGTCGGCCTA-1-37_s3,CTATCTAGTCGGCCTA-1-37_s3,10_leaf
GCACATAGTTGGACTT-1-43_s3,GCACATAGTTGGACTT-1-43_s3,5_leaf
CCCATTGAGACCTCCG-1-38_s3,CCCATTGAGACCTCCG-1-38_s3,20_leaf
ATGATCGAGAGGTCGT-1-37_s3,ATGATCGAGAGGTCGT-1-37_s3,10_leaf
CTCCTCCCAGTCCCGA-1-37_s3,CTCCTCCCAGTCCCGA-1-37_s3,5_leaf
AGTAACCAGTAGCAAT-1-41_s3,AGTAACCAGTAGCAAT-1-41_s3,5_leaf
ACAAAGAAGGAACGAA-1-42_s3,ACAAAGAAGGAACGAA-1-42_s3,5_leaf
CAATGACAGCAAATCA-1-39_s3,CAATGACAGCAAATCA-1-39_s3,20_leaf
ACCAAACTCTGGACTA-1-39_s3,ACCAAACTCTGGACTA-1-39_s3,5_leaf
GTAACCAAGTATTCCG-1-37_s3,GTAACCAAGTATTCCG-1-37_s3,19_leaf
TCTGCCAGTTGCATAC-1-40_s3,TCTGCCAGTTGCATAC-1-40_s3,3_leaf
AGATGAAGTCGTCTCT-1-37_s3,AGATGAAGTCGTCTCT-1-37_s3,5_leaf
GACATCAAGGCTCACC-1-39_s3,GACATCAAGGCTCACC-1-39_s3,19_leaf
CCTCACAGTGTGCCTG-1-40_s3,CCTCACAGTGTGCCTG-1-40_s3,5_leaf
GTGCACGAGTCTTCGA-1-41_s3,GTGCACGAGTCTTCGA-1-41_s3,20_leaf
TACCTCGCAACTGTGT-1-36_s3,TACCTCGCAACTGTGT-1-36_s3,3_leaf
TCCTCTTCAGACAAAT-1-43_s3,TCCTCTTCAGACAAAT-1-43_s3,5_leaf
AATCGACTCGAACCAT-1-39_s3,AATCGACTCGAACCAT-1-39_s3,20_leaf
AGATCCATCCCGTTGT-1-37_s3,AGATCCATCCCGTTGT-1-37_s3,5_leaf
TAACACGTCTCGCAGG-1-43_s3,TAACACGTCTCGCAGG-1-43_s3,19_leaf
AAGGTAATCTGTGCAA-1-40_s3,AAGGTAATCTGTGCAA-1-40_s3,5_leaf
GGTGTCGGTACGACAG-1-39_s3,GGTGTCGGTACGACAG-1-39_s3,3_leaf
AGTCAACGTATGCGTT-1-42_s3,AGTCAACGTATGCGTT-1-42_s3,5_leaf
CATTCTAGTTCGGCCA-1-41_s3,CATTCTAGTTCGGCCA-1-41_s3,5_leaf
GGTGTCGGTATGTCAC-1-40_s3,GGTGTCGGTATGTCAC-1-40_s3,20_leaf
TTGAGTGTCTGCTAGA-1-41_s3,TTGAGTGTCTGCTAGA-1-41_s3,3_leaf
AGTACTGTCAGACATC-1-41_s3,AGTACTGTCAGACATC-1-41_s3,19_leaf
GACACGCAGTCGTCTA-1-41_s3,GACACGCAGTCGTCTA-1-41_s3,20_leaf
AGCCAATAGATAGGGA-1-37_s3,AGCCAATAGATAGGGA-1-37_s3,5_leaf
AACCATGGTCTGTGAT-1-40_s3,AACCATGGTCTGTGAT-1-40_s3,3_leaf
TTGCCTGGTCGCATCG-1-36_s3,TTGCCTGGTCGCATCG-1-36_s3,5_leaf
ATCGGATCACGACAGA-1-42_s3,ATCGGATCACGACAGA-1-42_s3,3_leaf
TGAGGGAAGTAGACAT-1-42_s3,TGAGGGAAGTAGACAT-1-42_s3,3_leaf
ACGGTTAAGCCTCAAT-1-40_s3,ACGGTTAAGCCTCAAT-1-40_s3,3_leaf
GAGTTACGTCCTGTTC-1-38_s3,GAGTTACGTCCTGTTC-1-38_s3,20_leaf
CTCAAGATCAACTCTT-1-41_s3,CTCAAGATCAACTCTT-1-41_s3,5_leaf
GCAACATAGGAGGGTG-1-43_s3,GCAACATAGGAGGGTG-1-43_s3,20_leaf
CATGAGTTCGGAGTGA-1-38_s3,CATGAGTTCGGAGTGA-1-38_s3,5_leaf
TCCGATCGTGGCTGCT-1-36_s3,TCCGATCGTGGCTGCT-1-36_s3,5_leaf
AGTCACAAGAAGTCTA-1-43_s3,AGTCACAAGAAGTCTA-1-43_s3,5_leaf
TTACGTTGTATGTCTG-1-39_s3,TTACGTTGTATGTCTG-1-39_s3,19_leaf
CACTGGGTCCTTACCG-1-43_s3,CACTGGGTCCTTACCG-1-43_s3,20_leaf
AGAACAAGTGTATTCG-1-42_s3,AGAACAAGTGTATTCG-1-42_s3,3_leaf
GTGAGTTAGTCAATCC-1-42_s3,GTGAGTTAGTCAATCC-1-42_s3,20_leaf
GCCAGTGCACCCATAA-1-38_s3,GCCAGTGCACCCATAA-1-38_s3,3_leaf
TTTGATCTCATGTCAG-1-36_s3,TTTGATCTCATGTCAG-1-36_s3,10_leaf
CCTAAGAAGAATTGCA-1-39_s3,CCTAAGAAGAATTGCA-1-39_s3,19_leaf
CCCGAAGGTTAGGGAC-1-41_s3,CCCGAAGGTTAGGGAC-1-41_s3,20_leaf
GTCTAGATCTCCGCAT-1-38_s3,GTCTAGATCTCCGCAT-1-38_s3,5_leaf
TGATGGTCACGACAGA-1-43_s3,TGATGGTCACGACAGA-1-43_s3,5_leaf
TGTCCCAAGACGTCCC-1-39_s3,TGTCCCAAGACGTCCC-1-39_s3,5_leaf
AGGCATTAGTTGGCTT-1-41_s3,AGGCATTAGTTGGCTT-1-41_s3,10_leaf
ACCATTTTCCAAGAGG-1-38_s3,ACCATTTTCCAAGAGG-1-38_s3,5_leaf
ATTGGGTGTGCATTAC-1-41_s3,ATTGGGTGTGCATTAC-1-41_s3,19_leaf
GTAACCAGTAGGTAGC-1-43_s3,GTAACCAGTAGGTAGC-1-43_s3,5_leaf
CTCATTAAGAGACAAG-1-36_s3,CTCATTAAGAGACAAG-1-36_s3,20_leaf
TTCATTGTCCCAATAG-1-43_s3,TTCATTGTCCCAATAG-1-43_s3,5_leaf
GTCTAGAAGATGTTAG-1-41_s3,GTCTAGAAGATGTTAG-1-41_s3,10_leaf
AACAACCAGTACAGAT-1-41_s3,AACAACCAGTACAGAT-1-41_s3,19_leaf
CGAAGTTTCTCTATAC-1-42_s3,CGAAGTTTCTCTATAC-1-42_s3,19_leaf
TCTGCCAAGAGCAGAA-1-36_s3,TCTGCCAAGAGCAGAA-1-36_s3,19_leaf
TGACCCTGTGCCCGTA-1-38_s3,TGACCCTGTGCCCGTA-1-38_s3,3_leaf
AGGATAATCTCCTGAC-1-40_s3,AGGATAATCTCCTGAC-1-40_s3,5_leaf
TGGATCAGTTCAAAGA-1-37_s3,TGGATCAGTTCAAAGA-1-37_s3,3_leaf
ACTGTCCGTCCGATCG-1-36_s3,ACTGTCCGTCCGATCG-1-36_s3,19_leaf
ACCAAACAGACCAAAT-1-38_s3,ACCAAACAGACCAAAT-1-38_s3,20_leaf
CGTAAGTAGATAGCAT-1-40_s3,CGTAAGTAGATAGCAT-1-40_s3,5_leaf
TGAGGGAGTGGGCTCT-1-36_s3,TGAGGGAGTGGGCTCT-1-36_s3,5_leaf
TGTGAGTAGAGAGTTT-1-41_s3,TGTGAGTAGAGAGTTT-1-41_s3,5_leaf
AGCGCTGGTACAAACA-1-40_s3,AGCGCTGGTACAAACA-1-40_s3,10_leaf
ACATCCCCAGGCGTTC-1-42_s3,ACATCCCCAGGCGTTC-1-42_s3,20_leaf
CAGCCAGTCTTACGGA-1-42_s3,CAGCCAGTCTTACGGA-1-42_s3,19_leaf
CTTGAGATCCTTCTTC-1-41_s3,CTTGAGATCCTTCTTC-1-41_s3,5_leaf
CCACTTGTCCACGTGG-1-37_s3,CCACTTGTCCACGTGG-1-37_s3,19_leaf
GGATGTTAGACCTCCG-1-42_s3,GGATGTTAGACCTCCG-1-42_s3,5_leaf
AACAGGGTCCCTCTTT-1-37_s3,AACAGGGTCCCTCTTT-1-37_s3,5_leaf
CACTGGGCAGGTTACT-1-41_s3,CACTGGGCAGGTTACT-1-41_s3,3_leaf
AAGCCATCAGGACTTT-1-43_s3,AAGCCATCAGGACTTT-1-43_s3,19_leaf
TAGACCATCTAACGGT-1-37_s3,TAGACCATCTAACGGT-1-37_s3,5_leaf
TGTAAGCCATAACCCA-1-42_s3,TGTAAGCCATAACCCA-1-42_s3,6_leaf
TCTCACGTCGCGGACT-1-43_s3,TCTCACGTCGCGGACT-1-43_s3,5_leaf
TTCCGTGGTCTTGAAC-1-42_s3,TTCCGTGGTCTTGAAC-1-42_s3,20_leaf
AACAACCAGACTTAAG-1-43_s3,AACAACCAGACTTAAG-1-43_s3,19_leaf
GCTTCACGTATCTCGA-1-38_s3,GCTTCACGTATCTCGA-1-38_s3,5_leaf
CCACAAAGTGCTCTTC-1-43_s3,CCACAAAGTGCTCTTC-1-43_s3,5_leaf
GCTACCTAGGGTCTTT-1-42_s3,GCTACCTAGGGTCTTT-1-42_s3,19_leaf
TTCACGCTCGCAGAGA-1-39_s3,TTCACGCTCGCAGAGA-1-39_s3,20_leaf
CACAGGCCAAATCAGA-1-37_s3,CACAGGCCAAATCAGA-1-37_s3,20_leaf
TTTACCAGTGCCTTCT-1-39_s3,TTTACCAGTGCCTTCT-1-39_s3,5_leaf
ATCGTAGCACGATAGG-1-41_s3,ATCGTAGCACGATAGG-1-41_s3,5_leaf
GTGAGCCCAAAGCAAT-1-43_s3,GTGAGCCCAAAGCAAT-1-43_s3,3_leaf
GCTTCACCACAACGAG-1-39_s3,GCTTCACCACAACGAG-1-39_s3,20_leaf
ATCTTCATCTGCACCT-1-42_s3,ATCTTCATCTGCACCT-1-42_s3,20_leaf
ATTACCTGTATAATGG-1-37_s3,ATTACCTGTATAATGG-1-37_s3,19_leaf
AGCGCCAAGTCGAAGC-1-39_s3,AGCGCCAAGTCGAAGC-1-39_s3,20_leaf
GGTGGCTAGTTCATGC-1-43_s3,GGTGGCTAGTTCATGC-1-43_s3,5_leaf
TTACCATGTGTTACAC-1-43_s3,TTACCATGTGTTACAC-1-43_s3,3_leaf
GGCTTTCAGCTCCATA-1-36_s3,GGCTTTCAGCTCCATA-1-36_s3,5_leaf
CACGAATAGTACCATC-1-36_s3,CACGAATAGTACCATC-1-36_s3,19_leaf
GGTTCTCTCGCTATTT-1-36_s3,GGTTCTCTCGCTATTT-1-36_s3,3_leaf
ATTCCATAGTTTCTTC-1-40_s3,ATTCCATAGTTTCTTC-1-40_s3,19_leaf
AGTCACACATAACAGA-1-43_s3,AGTCACACATAACAGA-1-43_s3,3_leaf
AAGTTCGAGAATCGCG-1-39_s3,AAGTTCGAGAATCGCG-1-39_s3,19_leaf
TCTCACGAGTGTACAA-1-43_s3,TCTCACGAGTGTACAA-1-43_s3,5_leaf
CGGACACCAAAGTGTA-1-42_s3,CGGACACCAAAGTGTA-1-42_s3,3_leaf
ATCGTGAAGAGCAAGA-1-36_s3,ATCGTGAAGAGCAAGA-1-36_s3,5_leaf
TCTCAGCGTCGAATTC-1-42_s3,TCTCAGCGTCGAATTC-1-42_s3,5_leaf
CTCCCTCTCTGCTCTG-1-41_s3,CTCCCTCTCTGCTCTG-1-41_s3,20_leaf
GACTCTCTCTCGCTCA-1-39_s3,GACTCTCTCTCGCTCA-1-39_s3,20_leaf
CATACAGGTTAAGGAT-1-39_s3,CATACAGGTTAAGGAT-1-39_s3,6_leaf
AGTCTCCAGTAGGCCA-1-37_s3,AGTCTCCAGTAGGCCA-1-37_s3,3_leaf
ACCAACAAGTCCCAGC-1-40_s3,ACCAACAAGTCCCAGC-1-40_s3,6_leaf
ACACCAAGTCTTGCGG-1-37_s3,ACACCAAGTCTTGCGG-1-37_s3,3_leaf
CTGGTCTAGCTCTGTA-1-37_s3,CTGGTCTAGCTCTGTA-1-37_s3,20_leaf
ACTTCCGCAAGAGTAT-1-43_s3,ACTTCCGCAAGAGTAT-1-43_s3,6_leaf
TACGCTCTCGTGGCGT-1-40_s3,TACGCTCTCGTGGCGT-1-40_s3,3_leaf
CAGTTCCAGGAGAGTA-1-43_s3,CAGTTCCAGGAGAGTA-1-43_s3,19_leaf
GACTGATGTCGTCTCT-1-43_s3,GACTGATGTCGTCTCT-1-43_s3,3_leaf
GTCAAACCACGACAAG-1-43_s3,GTCAAACCACGACAAG-1-43_s3,19_leaf
GGAGGTACATGGATCT-1-36_s3,GGAGGTACATGGATCT-1-36_s3,3_leaf
GGTAATCGTCCACTCT-1-42_s3,GGTAATCGTCCACTCT-1-42_s3,19_leaf
TCTCTGGAGCAATAAC-1-42_s3,TCTCTGGAGCAATAAC-1-42_s3,20_leaf
ACGTAACTCGAAGCAG-1-36_s3,ACGTAACTCGAAGCAG-1-36_s3,3_leaf
TTGAGTGAGCAATAGT-1-42_s3,TTGAGTGAGCAATAGT-1-42_s3,20_leaf
TCAGTCCCAGCCGTCA-1-36_s3,TCAGTCCCAGCCGTCA-1-36_s3,6_leaf
GTCACGGGTGTCCATA-1-40_s3,GTCACGGGTGTCCATA-1-40_s3,3_leaf
GTCAAGTCACTCCGGA-1-42_s3,GTCAAGTCACTCCGGA-1-42_s3,6_leaf
CTTCAATCACCGTGGT-1-36_s3,CTTCAATCACCGTGGT-1-36_s3,19_leaf
ATGGGAGCAGGAATCG-1-36_s3,ATGGGAGCAGGAATCG-1-36_s3,10_leaf
GAAGGGTAGTAGAGTT-1-39_s3,GAAGGGTAGTAGAGTT-1-39_s3,10_leaf
TCATGAGCATCTATCT-1-39_s3,TCATGAGCATCTATCT-1-39_s3,19_leaf
TACCCACAGGCCGCTT-1-40_s3,TACCCACAGGCCGCTT-1-40_s3,3_leaf
GGATCTATCACCATCC-1-38_s3,GGATCTATCACCATCC-1-38_s3,5_leaf
GTCGTTCGTGATTGGG-1-41_s3,GTCGTTCGTGATTGGG-1-41_s3,5_leaf
CCTCAACAGCTCCGAC-1-40_s3,CCTCAACAGCTCCGAC-1-40_s3,5_leaf
TTCCACGTCGACATCA-1-39_s3,TTCCACGTCGACATCA-1-39_s3,10_leaf
TTTACCACATGATCTG-1-40_s3,TTTACCACATGATCTG-1-40_s3,20_leaf
CCTTCAGGTAGACACG-1-43_s3,CCTTCAGGTAGACACG-1-43_s3,19_leaf
CATCGCTAGCGTATAA-1-37_s3,CATCGCTAGCGTATAA-1-37_s3,5_leaf
TTCCACGCACTCCGAG-1-36_s3,TTCCACGCACTCCGAG-1-36_s3,19_leaf
AAAGGGCTCCTTTGAT-1-36_s3,AAAGGGCTCCTTTGAT-1-36_s3,19_leaf
AGGGTCCTCAAGTGTC-1-40_s3,AGGGTCCTCAAGTGTC-1-40_s3,19_leaf
AAGTACCAGGCAATGC-1-43_s3,AAGTACCAGGCAATGC-1-43_s3,5_leaf
GCAACCGGTCTACGTA-1-36_s3,GCAACCGGTCTACGTA-1-36_s3,5_leaf
GCACATAAGCCTATTG-1-43_s3,GCACATAAGCCTATTG-1-43_s3,3_leaf
GCTACAAGTCTCAGAT-1-39_s3,GCTACAAGTCTCAGAT-1-39_s3,5_leaf
CATTCCGGTCTTGTCC-1-39_s3,CATTCCGGTCTTGTCC-1-39_s3,3_leaf
GATGCTAGTATAGGGC-1-42_s3,GATGCTAGTATAGGGC-1-42_s3,20_leaf
CACTGTCCATGGGTCC-1-38_s3,CACTGTCCATGGGTCC-1-38_s3,20_leaf
CGGGACTGTCTTCAAG-1-36_s3,CGGGACTGTCTTCAAG-1-36_s3,6_leaf
AGATCGTGTGTTTCTT-1-39_s3,AGATCGTGTGTTTCTT-1-39_s3,20_leaf
ACTACGACAGAGGACT-1-42_s3,ACTACGACAGAGGACT-1-42_s3,20_leaf
ATCATTCAGTTCATCG-1-38_s3,ATCATTCAGTTCATCG-1-38_s3,20_leaf
CTCATTATCCCAGTGG-1-36_s3,CTCATTATCCCAGTGG-1-36_s3,19_leaf
TGAATGCTCAGCGTCG-1-40_s3,TGAATGCTCAGCGTCG-1-40_s3,5_leaf
TGGCGTGCACGGTCTG-1-37_s3,TGGCGTGCACGGTCTG-1-37_s3,3_leaf
CATCCCACATTGCTTT-1-42_s3,CATCCCACATTGCTTT-1-42_s3,5_leaf
AGGTCTAGTCCAAGAG-1-38_s3,AGGTCTAGTCCAAGAG-1-38_s3,20_leaf
GTGCTTCTCATTTGCT-1-37_s3,GTGCTTCTCATTTGCT-1-37_s3,20_leaf
GACCCTTTCATCCTGC-1-43_s3,GACCCTTTCATCCTGC-1-43_s3,5_leaf
TTGCTGCAGTAACGTA-1-42_s3,TTGCTGCAGTAACGTA-1-42_s3,3_leaf
GTTAGTGAGCATCCCG-1-36_s3,GTTAGTGAGCATCCCG-1-36_s3,19_leaf
CGATGCGAGGCTATCT-1-37_s3,CGATGCGAGGCTATCT-1-37_s3,3_leaf
TTGTGTTAGGTGCATG-1-37_s3,TTGTGTTAGGTGCATG-1-37_s3,3_leaf
AGATAGAGTGCTGATT-1-37_s3,AGATAGAGTGCTGATT-1-37_s3,5_leaf
CGTGATATCAAGGACG-1-40_s3,CGTGATATCAAGGACG-1-40_s3,5_leaf
TGCTTGCGTCTCGGAC-1-37_s3,TGCTTGCGTCTCGGAC-1-37_s3,10_leaf
ACTATTCGTCGCGGTT-1-43_s3,ACTATTCGTCGCGGTT-1-43_s3,19_leaf
TCGATTTCACCCAATA-1-41_s3,TCGATTTCACCCAATA-1-41_s3,3_leaf
TACGGGCCAGGCAATG-1-41_s3,TACGGGCCAGGCAATG-1-41_s3,5_leaf
CAATACGCAGAGGCTA-1-41_s3,CAATACGCAGAGGCTA-1-41_s3,5_leaf
TCATGAGCACGGCGTT-1-38_s3,TCATGAGCACGGCGTT-1-38_s3,5_leaf
ACGTACATCGGTCATA-1-43_s3,ACGTACATCGGTCATA-1-43_s3,3_leaf
GCCAACGTCACCATAG-1-37_s3,GCCAACGTCACCATAG-1-37_s3,5_leaf
GCCAGCAGTGCACGCT-1-37_s3,GCCAGCAGTGCACGCT-1-37_s3,5_leaf
CATTGAGCACGACAAG-1-36_s3,CATTGAGCACGACAAG-1-36_s3,5_leaf
TATTTCGGTGTTCATG-1-43_s3,TATTTCGGTGTTCATG-1-43_s3,3_leaf
AGTACCAAGACGTCGA-1-39_s3,AGTACCAAGACGTCGA-1-39_s3,5_leaf
TCGCACTTCTCATGCC-1-40_s3,TCGCACTTCTCATGCC-1-40_s3,5_leaf
AGAGCCCGTTTCACAG-1-43_s3,AGAGCCCGTTTCACAG-1-43_s3,5_leaf
TTACCATTCATCTATC-1-43_s3,TTACCATTCATCTATC-1-43_s3,5_leaf
CACAACACAGTGGCTC-1-40_s3,CACAACACAGTGGCTC-1-40_s3,20_leaf
ATTCTACAGGGTGGGA-1-39_s3,ATTCTACAGGGTGGGA-1-39_s3,20_leaf
ATTCAGGAGGACTATA-1-37_s3,ATTCAGGAGGACTATA-1-37_s3,5_leaf
CTACCTGGTACCCACG-1-40_s3,CTACCTGGTACCCACG-1-40_s3,5_leaf
ATCACGATCGACCCAG-1-38_s3,ATCACGATCGACCCAG-1-38_s3,19_leaf
TTTCAGTGTTTACACG-1-37_s3,TTTCAGTGTTTACACG-1-37_s3,5_leaf
CGGGCATAGGGTACGT-1-36_s3,CGGGCATAGGGTACGT-1-36_s3,5_leaf
TACCCGTGTCGAGTTT-1-43_s3,TACCCGTGTCGAGTTT-1-43_s3,5_leaf
GGAGGTAAGTTGGACG-1-43_s3,GGAGGTAAGTTGGACG-1-43_s3,3_leaf
CACAACATCTGAACGT-1-43_s3,CACAACATCTGAACGT-1-43_s3,3_leaf
AAGCCATAGGGTAATT-1-36_s3,AAGCCATAGGGTAATT-1-36_s3,19_leaf
CGGAGAACAAGAAATC-1-38_s3,CGGAGAACAAGAAATC-1-38_s3,5_leaf
GCAGCCATCATGCCGG-1-40_s3,GCAGCCATCATGCCGG-1-40_s3,3_leaf
AGGTGTTTCGACGCGT-1-38_s3,AGGTGTTTCGACGCGT-1-38_s3,20_leaf
GGTGAAGGTGTTTCTT-1-38_s3,GGTGAAGGTGTTTCTT-1-38_s3,5_leaf
CGGCAGTGTGAGTTGG-1-43_s3,CGGCAGTGTGAGTTGG-1-43_s3,19_leaf
GGTGAAGAGGACCCAA-1-42_s3,GGTGAAGAGGACCCAA-1-42_s3,3_leaf
AAGAACATCGTTCTAT-1-39_s3,AAGAACATCGTTCTAT-1-39_s3,20_leaf
GGTTGTATCATTTACC-1-41_s3,GGTTGTATCATTTACC-1-41_s3,3_leaf
GGTGATTGTAAGGAGA-1-39_s3,GGTGATTGTAAGGAGA-1-39_s3,5_leaf
CGTAGTACACGCTGCA-1-41_s3,CGTAGTACACGCTGCA-1-41_s3,3_leaf
CGTGATATCGATTGGT-1-43_s3,CGTGATATCGATTGGT-1-43_s3,19_leaf
GGAATGGAGTATGTAG-1-42_s3,GGAATGGAGTATGTAG-1-42_s3,19_leaf
TATATCCAGGGTACAC-1-43_s3,TATATCCAGGGTACAC-1-43_s3,5_leaf
GCTTTCGCACGTTGGC-1-42_s3,GCTTTCGCACGTTGGC-1-42_s3,5_leaf
CGAGGCTAGTCCGCGT-1-40_s3,CGAGGCTAGTCCGCGT-1-40_s3,20_leaf
GCACATAAGTGCTCAT-1-41_s3,GCACATAAGTGCTCAT-1-41_s3,3_leaf
TGAACGTAGCCTCTTC-1-36_s3,TGAACGTAGCCTCTTC-1-36_s3,20_leaf
TACTGCCCAGAAATCA-1-41_s3,TACTGCCCAGAAATCA-1-41_s3,3_leaf
GACCGTGCAACATACC-1-42_s3,GACCGTGCAACATACC-1-42_s3,5_leaf
TCACATTCACCTCTAC-1-36_s3,TCACATTCACCTCTAC-1-36_s3,3_leaf
GGTTCTCCAACAAGAT-1-36_s3,GGTTCTCCAACAAGAT-1-36_s3,3_leaf
GGTGGCTAGAGGCGTT-1-42_s3,GGTGGCTAGAGGCGTT-1-42_s3,3_leaf
GGTCTGGGTGTTCGTA-1-43_s3,GGTCTGGGTGTTCGTA-1-43_s3,5_leaf
ACTTCGCAGCTTAGTC-1-39_s3,ACTTCGCAGCTTAGTC-1-39_s3,5_leaf
ACAGAAACAAAGCAAT-1-43_s3,ACAGAAACAAAGCAAT-1-43_s3,5_leaf
ATCGGATTCAGGACAG-1-41_s3,ATCGGATTCAGGACAG-1-41_s3,10_leaf
TCGTGCTTCATATGGC-1-40_s3,TCGTGCTTCATATGGC-1-40_s3,10_leaf
GTGAGCCAGGCACCAA-1-42_s3,GTGAGCCAGGCACCAA-1-42_s3,3_leaf
GTTCCGTCAGTAGTTC-1-41_s3,GTTCCGTCAGTAGTTC-1-41_s3,5_leaf
GAGGCAACAAATGGAT-1-42_s3,GAGGCAACAAATGGAT-1-42_s3,20_leaf
ATTTCTGCAAGGTCGA-1-36_s3,ATTTCTGCAAGGTCGA-1-36_s3,10_leaf
ACATGCACATAACCCA-1-42_s3,ACATGCACATAACCCA-1-42_s3,19_leaf
TCAGTGATCCAAACCA-1-41_s3,TCAGTGATCCAAACCA-1-41_s3,10_leaf
GGAGGTATCTAGATCG-1-42_s3,GGAGGTATCTAGATCG-1-42_s3,3_leaf
TAGAGTCAGGTAAACT-1-41_s3,TAGAGTCAGGTAAACT-1-41_s3,20_leaf
AGATGCTTCTTCTTCC-1-37_s3,AGATGCTTCTTCTTCC-1-37_s3,19_leaf
AAGGAATTCCGCACGA-1-36_s3,AAGGAATTCCGCACGA-1-36_s3,10_leaf
CAGTGCGGTGACTATC-1-37_s3,CAGTGCGGTGACTATC-1-37_s3,19_leaf
GGGAAGTAGTCCTGCG-1-38_s3,GGGAAGTAGTCCTGCG-1-38_s3,20_leaf
TTCACGCAGACCAGAC-1-41_s3,TTCACGCAGACCAGAC-1-41_s3,3_leaf
TCGCTTGGTACAGAAT-1-40_s3,TCGCTTGGTACAGAAT-1-40_s3,3_leaf
TACAACGTCCGAGATT-1-43_s3,TACAACGTCCGAGATT-1-43_s3,19_leaf
TATCTGTAGAGGTCAC-1-38_s3,TATCTGTAGAGGTCAC-1-38_s3,5_leaf
CGAATTGGTTCTCCCA-1-41_s3,CGAATTGGTTCTCCCA-1-41_s3,6_leaf
GACGTTAGTTAAGTCC-1-38_s3,GACGTTAGTTAAGTCC-1-38_s3,5_leaf
CTGATCCTCGTGCGAC-1-38_s3,CTGATCCTCGTGCGAC-1-38_s3,3_leaf
TTCCGGTGTGAGTAAT-1-37_s3,TTCCGGTGTGAGTAAT-1-37_s3,5_leaf
TTAGGGTCATCATTTC-1-36_s3,TTAGGGTCATCATTTC-1-36_s3,20_leaf
CGAGGCTTCCATGATG-1-39_s3,CGAGGCTTCCATGATG-1-39_s3,5_leaf
AAACGAAAGACCCGCT-1-39_s3,AAACGAAAGACCCGCT-1-39_s3,20_leaf
CTTAGGATCTGGACTA-1-39_s3,CTTAGGATCTGGACTA-1-39_s3,3_leaf
AAGCATCCAGGTGTGA-1-42_s3,AAGCATCCAGGTGTGA-1-42_s3,20_leaf
GGTAATCGTGTGTTTG-1-41_s3,GGTAATCGTGTGTTTG-1-41_s3,19_leaf
ACGTAACCAGCAGACA-1-43_s3,ACGTAACCAGCAGACA-1-43_s3,5_leaf
CTTCCTTAGTGCGTCC-1-42_s3,CTTCCTTAGTGCGTCC-1-42_s3,20_leaf
GAAGGACGTGAGAACC-1-38_s3,GAAGGACGTGAGAACC-1-38_s3,19_leaf
TGTGAGTTCGATTCCC-1-39_s3,TGTGAGTTCGATTCCC-1-39_s3,10_leaf
GTAGAAAGTACAGTCT-1-40_s3,GTAGAAAGTACAGTCT-1-40_s3,20_leaf
CTACAGAAGATAGTCA-1-39_s3,CTACAGAAGATAGTCA-1-39_s3,5_leaf
TGTCCTGTCCAAACCA-1-38_s3,TGTCCTGTCCAAACCA-1-38_s3,19_leaf
CTCAAGAGTACGTGAG-1-37_s3,CTCAAGAGTACGTGAG-1-37_s3,20_leaf
AGACTCATCTAGATCG-1-41_s3,AGACTCATCTAGATCG-1-41_s3,19_leaf
CCTCTAGGTGTCCCTT-1-37_s3,CCTCTAGGTGTCCCTT-1-37_s3,5_leaf
TTAATCCAGGCGTTAG-1-38_s3,TTAATCCAGGCGTTAG-1-38_s3,5_leaf
GGTAACTCATACAGCT-1-40_s3,GGTAACTCATACAGCT-1-40_s3,19_leaf
CGCAGGTGTTTGTTCT-1-42_s3,CGCAGGTGTTTGTTCT-1-42_s3,5_leaf
ATATCCTTCGGAAGGT-1-39_s3,ATATCCTTCGGAAGGT-1-39_s3,5_leaf
CCCTCTCCAATTCTTC-1-42_s3,CCCTCTCCAATTCTTC-1-42_s3,3_leaf
TGGATGTCAACACGTT-1-41_s3,TGGATGTCAACACGTT-1-41_s3,19_leaf
TTCCTTCAGACAGTCG-1-42_s3,TTCCTTCAGACAGTCG-1-42_s3,19_leaf
TCACGGGTCTGAGTCA-1-37_s3,TCACGGGTCTGAGTCA-1-37_s3,20_leaf
AGGCATTCAAACCATC-1-37_s3,AGGCATTCAAACCATC-1-37_s3,5_leaf
AGGAATATCCCAGGAC-1-40_s3,AGGAATATCCCAGGAC-1-40_s3,5_leaf
GGGACTCTCTACCTTA-1-41_s3,GGGACTCTCTACCTTA-1-41_s3,6_leaf
GGCTGTGAGCTCCGAC-1-40_s3,GGCTGTGAGCTCCGAC-1-40_s3,3_leaf
TACGTCCGTGACGCCT-1-40_s3,TACGTCCGTGACGCCT-1-40_s3,20_leaf
GGGTTTATCTTCGTAT-1-39_s3,GGGTTTATCTTCGTAT-1-39_s3,19_leaf
CCCGGAATCACTTATC-1-41_s3,CCCGGAATCACTTATC-1-41_s3,10_leaf
ACCTGTCGTAGTCCTA-1-42_s3,ACCTGTCGTAGTCCTA-1-42_s3,19_leaf
CCTGTTGTCATAGAGA-1-36_s3,CCTGTTGTCATAGAGA-1-36_s3,5_leaf
TCGCAGGTCACGAGGA-1-40_s3,TCGCAGGTCACGAGGA-1-40_s3,5_leaf
TTACTGTAGTCGGGAT-1-39_s3,TTACTGTAGTCGGGAT-1-39_s3,19_leaf
TAGACCAAGTTACGTC-1-42_s3,TAGACCAAGTTACGTC-1-42_s3,3_leaf
TATTTCGCAGAGGGTT-1-43_s3,TATTTCGCAGAGGGTT-1-43_s3,5_leaf
GCTCAAAGTCTCAGAT-1-42_s3,GCTCAAAGTCTCAGAT-1-42_s3,20_leaf
ACGCACGAGGGATCTG-1-36_s3,ACGCACGAGGGATCTG-1-36_s3,20_leaf
GTATTGGAGGCTATCT-1-38_s3,GTATTGGAGGCTATCT-1-38_s3,3_leaf
ACGCACGGTTCACGAT-1-41_s3,ACGCACGGTTCACGAT-1-41_s3,3_leaf
GGTTAACGTAACGATA-1-39_s3,GGTTAACGTAACGATA-1-39_s3,5_leaf
CAACAGTTCCAACTGA-1-42_s3,CAACAGTTCCAACTGA-1-42_s3,5_leaf
TGGGCGTTCTAAGCGT-1-38_s3,TGGGCGTTCTAAGCGT-1-38_s3,20_leaf
TCGAAGTGTTCAGCGC-1-40_s3,TCGAAGTGTTCAGCGC-1-40_s3,3_leaf
TACGCTCCATATAGCC-1-38_s3,TACGCTCCATATAGCC-1-38_s3,19_leaf
GTGTGATGTATCACGT-1-40_s3,GTGTGATGTATCACGT-1-40_s3,5_leaf
ACGATGTCACAATGCT-1-42_s3,ACGATGTCACAATGCT-1-42_s3,3_leaf
TCAGTCCAGCTAGAGC-1-43_s3,TCAGTCCAGCTAGAGC-1-43_s3,6_leaf
TTGGGCGTCGGTCGAC-1-41_s3,TTGGGCGTCGGTCGAC-1-41_s3,5_leaf
TGGTACAGTTAATGAG-1-37_s3,TGGTACAGTTAATGAG-1-37_s3,20_leaf
ACATTTCCACCTATCC-1-40_s3,ACATTTCCACCTATCC-1-40_s3,20_leaf
ACTGTCCAGGGTTAGC-1-41_s3,ACTGTCCAGGGTTAGC-1-41_s3,5_leaf
TACCCGTGTTGCAACT-1-40_s3,TACCCGTGTTGCAACT-1-40_s3,5_leaf
GTGAGCCGTGGCCTCA-1-42_s3,GTGAGCCGTGGCCTCA-1-42_s3,5_leaf
TCAGGGCCACTTTAGG-1-38_s3,TCAGGGCCACTTTAGG-1-38_s3,20_leaf
TATTCCATCGGTCGGT-1-40_s3,TATTCCATCGGTCGGT-1-40_s3,19_leaf
TGTGGCGAGATCGCCC-1-43_s3,TGTGGCGAGATCGCCC-1-43_s3,10_leaf
AGCCACGGTAGACACG-1-37_s3,AGCCACGGTAGACACG-1-37_s3,20_leaf
GGTGATTTCATAAGGA-1-39_s3,GGTGATTTCATAAGGA-1-39_s3,5_leaf
CCACAAACAACCGTAT-1-37_s3,CCACAAACAACCGTAT-1-37_s3,5_leaf
ACGGTTACACTCTAGA-1-42_s3,ACGGTTACACTCTAGA-1-42_s3,5_leaf
GTTCTATTCGTGGACC-1-36_s3,GTTCTATTCGTGGACC-1-36_s3,3_leaf
AACCCAAGTGACCGTC-1-36_s3,AACCCAAGTGACCGTC-1-36_s3,3_leaf
GAAATGACACTACCCT-1-43_s3,GAAATGACACTACCCT-1-43_s3,10_leaf
ACTTTGTAGACTCGAG-1-41_s3,ACTTTGTAGACTCGAG-1-41_s3,3_leaf
ATTCTACTCTACGGTA-1-36_s3,ATTCTACTCTACGGTA-1-36_s3,5_leaf
CCAATTTAGGTGTGAC-1-36_s3,CCAATTTAGGTGTGAC-1-36_s3,5_leaf
ACGATGTTCTGGGCCA-1-42_s3,ACGATGTTCTGGGCCA-1-42_s3,5_leaf
CCGGACACATGTAACC-1-37_s3,CCGGACACATGTAACC-1-37_s3,19_leaf
GTGACGCGTAGTCCTA-1-42_s3,GTGACGCGTAGTCCTA-1-42_s3,19_leaf
CAACAGTAGTCATAGA-1-42_s3,CAACAGTAGTCATAGA-1-42_s3,20_leaf
GGCGTCATCAGCCTTC-1-37_s3,GGCGTCATCAGCCTTC-1-37_s3,5_leaf
TGTCCTGTCAATCTCT-1-43_s3,TGTCCTGTCAATCTCT-1-43_s3,5_leaf
ACAAAGATCGGCTTGG-1-37_s3,ACAAAGATCGGCTTGG-1-37_s3,5_leaf
GCATGATTCGTTCTAT-1-43_s3,GCATGATTCGTTCTAT-1-43_s3,20_leaf
CGAGTGCTCATGGATC-1-42_s3,CGAGTGCTCATGGATC-1-42_s3,5_leaf
GGGTTTAAGGTATAGT-1-41_s3,GGGTTTAAGGTATAGT-1-41_s3,5_leaf
CTCAATTTCTGATTCT-1-41_s3,CTCAATTTCTGATTCT-1-41_s3,5_leaf
CGATGGCTCCACGGGT-1-43_s3,CGATGGCTCCACGGGT-1-43_s3,19_leaf
GGAATGGTCAGCGGAA-1-37_s3,GGAATGGTCAGCGGAA-1-37_s3,3_leaf
ATGCGATCACGCTATA-1-42_s3,ATGCGATCACGCTATA-1-42_s3,19_leaf
GCAACATAGGTGAGCT-1-42_s3,GCAACATAGGTGAGCT-1-42_s3,3_leaf
CAGTTAGGTACGACAG-1-37_s3,CAGTTAGGTACGACAG-1-37_s3,3_leaf
CTACCTGCACACAGCC-1-38_s3,CTACCTGCACACAGCC-1-38_s3,6_leaf
CGCCAGAAGACTTAAG-1-38_s3,CGCCAGAAGACTTAAG-1-38_s3,19_leaf
TATATCCGTGGGTATG-1-43_s3,TATATCCGTGGGTATG-1-43_s3,5_leaf
ATCGCCTCAATGTCAC-1-38_s3,ATCGCCTCAATGTCAC-1-38_s3,5_leaf
TCTTAGTCAAATCAGA-1-38_s3,TCTTAGTCAAATCAGA-1-38_s3,3_leaf
TAAGCACCACATAACC-1-42_s3,TAAGCACCACATAACC-1-42_s3,5_leaf
AAGGAATGTTATGGTC-1-43_s3,AAGGAATGTTATGGTC-1-43_s3,5_leaf
TTGTTGTCAAATGCTC-1-40_s3,TTGTTGTCAAATGCTC-1-40_s3,20_leaf
TCGTGCTGTGCTTCAA-1-38_s3,TCGTGCTGTGCTTCAA-1-38_s3,19_leaf
TGTTTGTGTCGTGGAA-1-38_s3,TGTTTGTGTCGTGGAA-1-38_s3,20_leaf
AGCCACGGTTCAGGTT-1-40_s3,AGCCACGGTTCAGGTT-1-40_s3,20_leaf
ATCACAGGTAGGAAAG-1-42_s3,ATCACAGGTAGGAAAG-1-42_s3,19_leaf
AGCCAGCAGGTAGTAT-1-42_s3,AGCCAGCAGGTAGTAT-1-42_s3,5_leaf
CATCGTCTCCCAGGAC-1-40_s3,CATCGTCTCCCAGGAC-1-40_s3,3_leaf
TCCTGCACAAATGAGT-1-40_s3,TCCTGCACAAATGAGT-1-40_s3,10_leaf
TTCCTCTGTGTTCCAA-1-40_s3,TTCCTCTGTGTTCCAA-1-40_s3,3_leaf
TGCAGATTCGGTATGT-1-39_s3,TGCAGATTCGGTATGT-1-39_s3,5_leaf
AGATCGTCACCCATAA-1-42_s3,AGATCGTCACCCATAA-1-42_s3,20_leaf
CTACCTGAGGTGGTTG-1-37_s3,CTACCTGAGGTGGTTG-1-37_s3,5_leaf
TCTGGCTCACGGTGTC-1-37_s3,TCTGGCTCACGGTGTC-1-37_s3,20_leaf
ATGAAAGGTGATCATC-1-39_s3,ATGAAAGGTGATCATC-1-39_s3,19_leaf
AGGCCACGTCTTAGTG-1-37_s3,AGGCCACGTCTTAGTG-1-37_s3,5_leaf
ATGTCCCGTACCCGAC-1-43_s3,ATGTCCCGTACCCGAC-1-43_s3,20_leaf
GATGACTTCCGTATGA-1-43_s3,GATGACTTCCGTATGA-1-43_s3,5_leaf
CTATCTAGTATCTTCT-1-40_s3,CTATCTAGTATCTTCT-1-40_s3,5_leaf
CATTCTACAGTTAAAG-1-43_s3,CATTCTACAGTTAAAG-1-43_s3,5_leaf
TGACTCCGTCACTACA-1-37_s3,TGACTCCGTCACTACA-1-37_s3,3_leaf
AGTAGCTTCATGCCAA-1-38_s3,AGTAGCTTCATGCCAA-1-38_s3,5_leaf
CCGGTAGCAGAGGTTG-1-42_s3,CCGGTAGCAGAGGTTG-1-42_s3,3_leaf
GCCAGGTAGCTCGTGC-1-42_s3,GCCAGGTAGCTCGTGC-1-42_s3,5_leaf
CATGAGTAGTAACGAT-1-41_s3,CATGAGTAGTAACGAT-1-41_s3,3_leaf
TTGCGTCGTAGCTGTT-1-41_s3,TTGCGTCGTAGCTGTT-1-41_s3,19_leaf
CATAGACGTGCGCTCA-1-36_s3,CATAGACGTGCGCTCA-1-36_s3,19_leaf
CATTGAGTCTGTCGTC-1-40_s3,CATTGAGTCTGTCGTC-1-40_s3,19_leaf
TCGGATAAGTGTACCT-1-43_s3,TCGGATAAGTGTACCT-1-43_s3,5_leaf
ACATGCAGTCATCGCG-1-37_s3,ACATGCAGTCATCGCG-1-37_s3,3_leaf
CCTCATGCAGCTGTGC-1-41_s3,CCTCATGCAGCTGTGC-1-41_s3,5_leaf
AAGAACAGTCGTACTA-1-38_s3,AAGAACAGTCGTACTA-1-38_s3,10_leaf
GTTCGCTCAAACACGG-1-39_s3,GTTCGCTCAAACACGG-1-39_s3,19_leaf
CCCTCAAAGCCTCTCT-1-43_s3,CCCTCAAAGCCTCTCT-1-43_s3,5_leaf
ATGGAGGAGCGCATCC-1-38_s3,ATGGAGGAGCGCATCC-1-38_s3,3_leaf
TCCGATCCATTCGATG-1-43_s3,TCCGATCCATTCGATG-1-43_s3,5_leaf
CATGCTCAGCTTGTTG-1-40_s3,CATGCTCAGCTTGTTG-1-40_s3,19_leaf
GTAGGTTTCTGGCCGA-1-38_s3,GTAGGTTTCTGGCCGA-1-38_s3,5_leaf
ATTTCACTCGGTGTAT-1-38_s3,ATTTCACTCGGTGTAT-1-38_s3,10_leaf
GTGGTTACAGGCATGA-1-41_s3,GTGGTTACAGGCATGA-1-41_s3,19_leaf
CTCCCTCTCCTTCTTC-1-42_s3,CTCCCTCTCCTTCTTC-1-42_s3,19_leaf
CCTTGTGAGCTGAGTG-1-39_s3,CCTTGTGAGCTGAGTG-1-39_s3,3_leaf
TAATTCCTCATTACTC-1-42_s3,TAATTCCTCATTACTC-1-42_s3,5_leaf
TGGGAGACATGGTACT-1-40_s3,TGGGAGACATGGTACT-1-40_s3,19_leaf
TAGCACATCCGTAATG-1-37_s3,TAGCACATCCGTAATG-1-37_s3,20_leaf
ATACCGAGTCCACGCA-1-40_s3,ATACCGAGTCCACGCA-1-40_s3,3_leaf
ACGTAACGTGAGAACC-1-41_s3,ACGTAACGTGAGAACC-1-41_s3,5_leaf
AACAAGAAGTTGCGCC-1-41_s3,AACAAGAAGTTGCGCC-1-41_s3,5_leaf
GATCCCTTCTGAATGC-1-37_s3,GATCCCTTCTGAATGC-1-37_s3,5_leaf
AGGGTTTCATAATCGC-1-40_s3,AGGGTTTCATAATCGC-1-40_s3,20_leaf
TCATCCGTCTCTTGCG-1-41_s3,TCATCCGTCTCTTGCG-1-41_s3,20_leaf
ATGCATGAGGAGAGGC-1-38_s3,ATGCATGAGGAGAGGC-1-38_s3,3_leaf
AAAGGTAGTTCAGTAC-1-41_s3,AAAGGTAGTTCAGTAC-1-41_s3,19_leaf
AGTGATCTCTTCTGTA-1-37_s3,AGTGATCTCTTCTGTA-1-37_s3,3_leaf
CTGAGCGGTTCAAACC-1-37_s3,CTGAGCGGTTCAAACC-1-37_s3,19_leaf
GCAACCGTCAGTCAGT-1-37_s3,GCAACCGTCAGTCAGT-1-37_s3,3_leaf
CAGCAGCTCACTACGA-1-38_s3,CAGCAGCTCACTACGA-1-38_s3,3_leaf
GACTTCCAGGTTAAAC-1-37_s3,GACTTCCAGGTTAAAC-1-37_s3,5_leaf
GGTTAACAGCCAAGCA-1-43_s3,GGTTAACAGCCAAGCA-1-43_s3,5_leaf
TGATTTCCAACTCGTA-1-42_s3,TGATTTCCAACTCGTA-1-42_s3,3_leaf
GTCAGCGCACCGTGAC-1-43_s3,GTCAGCGCACCGTGAC-1-43_s3,3_leaf
TATTTCGTCACTGCTC-1-38_s3,TATTTCGTCACTGCTC-1-38_s3,20_leaf
GAGGCCTTCCGTAGGC-1-43_s3,GAGGCCTTCCGTAGGC-1-43_s3,10_leaf
CCTCATGTCCGACATA-1-38_s3,CCTCATGTCCGACATA-1-38_s3,19_leaf
CTCTCAGTCATCGCTC-1-43_s3,CTCTCAGTCATCGCTC-1-43_s3,19_leaf
AATCGTGGTGACCGAA-1-40_s3,AATCGTGGTGACCGAA-1-40_s3,20_leaf
TCTCCGATCCGCAGTG-1-42_s3,TCTCCGATCCGCAGTG-1-42_s3,19_leaf
ACGGTTATCGCGTCGA-1-41_s3,ACGGTTATCGCGTCGA-1-41_s3,5_leaf
AGGCTGCAGAAACTCA-1-38_s3,AGGCTGCAGAAACTCA-1-38_s3,5_leaf
GGGCGTTCAACGTAAA-1-39_s3,GGGCGTTCAACGTAAA-1-39_s3,3_leaf
CAGTGCGGTGTAACGG-1-40_s3,CAGTGCGGTGTAACGG-1-40_s3,20_leaf
GATCACAGTGGTCCGT-1-39_s3,GATCACAGTGGTCCGT-1-39_s3,20_leaf
GTCACTCCAAGAGATT-1-39_s3,GTCACTCCAAGAGATT-1-39_s3,3_leaf
CGCGTGACACTCAGAT-1-38_s3,CGCGTGACACTCAGAT-1-38_s3,5_leaf
GTGTGGCTCGCTGTTC-1-38_s3,GTGTGGCTCGCTGTTC-1-38_s3,3_leaf
TTCACGCCATATCTGG-1-42_s3,TTCACGCCATATCTGG-1-42_s3,20_leaf
AGGGCCTAGTTGCCTA-1-43_s3,AGGGCCTAGTTGCCTA-1-43_s3,19_leaf
TGTTGGAGTGACGTCC-1-39_s3,TGTTGGAGTGACGTCC-1-39_s3,5_leaf
ACCCAAATCATCTACT-1-41_s3,ACCCAAATCATCTACT-1-41_s3,19_leaf
GTGCAGCCAGCATACT-1-42_s3,GTGCAGCCAGCATACT-1-42_s3,19_leaf
CCCGAAGTCGCGGACT-1-37_s3,CCCGAAGTCGCGGACT-1-37_s3,19_leaf
CTGAATGCATTGGATC-1-36_s3,CTGAATGCATTGGATC-1-36_s3,10_leaf
TGACAGTTCGTCGACG-1-40_s3,TGACAGTTCGTCGACG-1-40_s3,5_leaf
TGCAGGCTCTAGTGAC-1-38_s3,TGCAGGCTCTAGTGAC-1-38_s3,20_leaf
ATTCCCGAGCAACAAT-1-37_s3,ATTCCCGAGCAACAAT-1-37_s3,20_leaf
GTTGAACTCCAATCCC-1-38_s3,GTTGAACTCCAATCCC-1-38_s3,19_leaf
ACACCAAGTACCCAGC-1-41_s3,ACACCAAGTACCCAGC-1-41_s3,5_leaf
TGCAGGCGTGGTCCGT-1-39_s3,TGCAGGCGTGGTCCGT-1-39_s3,20_leaf
ATCCGTCTCCATTTAC-1-40_s3,ATCCGTCTCCATTTAC-1-40_s3,20_leaf
GTCTTTAGTTGTTTGG-1-36_s3,GTCTTTAGTTGTTTGG-1-36_s3,20_leaf
CTCCCTCCAGTCGGAA-1-40_s3,CTCCCTCCAGTCGGAA-1-40_s3,5_leaf
AGATAGAGTAAGTTAG-1-42_s3,AGATAGAGTAAGTTAG-1-42_s3,5_leaf
GTTGTAGGTATGGAGC-1-40_s3,GTTGTAGGTATGGAGC-1-40_s3,5_leaf
GGGCCATAGAACAGGA-1-40_s3,GGGCCATAGAACAGGA-1-40_s3,20_leaf
AGTTCGACATAGAAAC-1-36_s3,AGTTCGACATAGAAAC-1-36_s3,19_leaf
AAATGGAGTATGGGAC-1-41_s3,AAATGGAGTATGGGAC-1-41_s3,5_leaf
AGGGCTCGTACTCGAT-1-37_s3,AGGGCTCGTACTCGAT-1-37_s3,19_leaf
CAGGGCTAGTACAGCG-1-37_s3,CAGGGCTAGTACAGCG-1-37_s3,20_leaf
GTCGTAAGTTTACTGG-1-41_s3,GTCGTAAGTTTACTGG-1-41_s3,20_leaf
CAACCTCAGATTAGCA-1-38_s3,CAACCTCAGATTAGCA-1-38_s3,20_leaf
AGATAGATCGATGGAG-1-41_s3,AGATAGATCGATGGAG-1-41_s3,5_leaf
ACCCAAATCCATTCGC-1-36_s3,ACCCAAATCCATTCGC-1-36_s3,5_leaf
TCATGGACACACCTGG-1-41_s3,TCATGGACACACCTGG-1-41_s3,5_leaf
ATTCAGGTCATAAGGA-1-38_s3,ATTCAGGTCATAAGGA-1-38_s3,5_leaf
TGATCAGGTAGATTGA-1-38_s3,TGATCAGGTAGATTGA-1-38_s3,20_leaf
ATTTCACTCCACAGGC-1-38_s3,ATTTCACTCCACAGGC-1-38_s3,19_leaf
CACAACAGTGGGCTTC-1-36_s3,CACAACAGTGGGCTTC-1-36_s3,5_leaf
GGTCACGGTAGATGTA-1-39_s3,GGTCACGGTAGATGTA-1-39_s3,19_leaf
TTTCATGGTGACAGCA-1-38_s3,TTTCATGGTGACAGCA-1-38_s3,5_leaf
GGACGTCGTCTAACTG-1-40_s3,GGACGTCGTCTAACTG-1-40_s3,3_leaf
GAGTCTAAGATTACCC-1-37_s3,GAGTCTAAGATTACCC-1-37_s3,3_leaf
CAGCAGCAGCGCCTCA-1-43_s3,CAGCAGCAGCGCCTCA-1-43_s3,3_leaf
TAACCAGAGCCATTGT-1-43_s3,TAACCAGAGCCATTGT-1-43_s3,10_leaf
TCAGCCTAGGGTTGCA-1-38_s3,TCAGCCTAGGGTTGCA-1-38_s3,3_leaf
CGAGAAGCAAGTATAG-1-43_s3,CGAGAAGCAAGTATAG-1-43_s3,19_leaf
AGCCAATAGTAACCTC-1-42_s3,AGCCAATAGTAACCTC-1-42_s3,20_leaf
TCATACTCAGCGTTTA-1-41_s3,TCATACTCAGCGTTTA-1-41_s3,3_leaf
TTAATCCAGAAGGTAG-1-36_s3,TTAATCCAGAAGGTAG-1-36_s3,19_leaf
TATCCTAGTTTGTGGT-1-42_s3,TATCCTAGTTTGTGGT-1-42_s3,5_leaf
GTGGGAATCCCAGCGA-1-37_s3,GTGGGAATCCCAGCGA-1-37_s3,19_leaf
CACATGAGTTGCTGAT-1-43_s3,CACATGAGTTGCTGAT-1-43_s3,3_leaf
TTGGGTAGTCCTATAG-1-37_s3,TTGGGTAGTCCTATAG-1-37_s3,5_leaf
GAACTGTGTAGGCAAC-1-43_s3,GAACTGTGTAGGCAAC-1-43_s3,3_leaf
ACGATGTCATGCACTA-1-37_s3,ACGATGTCATGCACTA-1-37_s3,3_leaf
ACGGTCGGTTCTATCT-1-40_s3,ACGGTCGGTTCTATCT-1-40_s3,20_leaf
GGTTGTATCACCCTTG-1-43_s3,GGTTGTATCACCCTTG-1-43_s3,3_leaf
AGAAGCGAGCACTCGC-1-42_s3,AGAAGCGAGCACTCGC-1-42_s3,19_leaf
TGAGGTTAGTGGTTAA-1-42_s3,TGAGGTTAGTGGTTAA-1-42_s3,5_leaf
GCCAACGAGTCATGCT-1-38_s3,GCCAACGAGTCATGCT-1-38_s3,3_leaf
GTCCTCAAGGATACAT-1-36_s3,GTCCTCAAGGATACAT-1-36_s3,6_leaf
GATAGCTAGATTAGTG-1-38_s3,GATAGCTAGATTAGTG-1-38_s3,5_leaf
CACGTGGGTTCAAGTC-1-41_s3,CACGTGGGTTCAAGTC-1-41_s3,10_leaf
TAGATCGTCGATCCCT-1-38_s3,TAGATCGTCGATCCCT-1-38_s3,5_leaf
CCCTCAAAGAGAGCGG-1-43_s3,CCCTCAAAGAGAGCGG-1-43_s3,19_leaf
CCGTAGGAGAGTATAC-1-43_s3,CCGTAGGAGAGTATAC-1-43_s3,20_leaf
TCGCTCACATGTCTAG-1-38_s3,TCGCTCACATGTCTAG-1-38_s3,3_leaf
TACCCACTCGTAGGAG-1-38_s3,TACCCACTCGTAGGAG-1-38_s3,3_leaf
ATGTCTTCAGAGAGGG-1-43_s3,ATGTCTTCAGAGAGGG-1-43_s3,10_leaf
GCTACAAAGCAAATGT-1-42_s3,GCTACAAAGCAAATGT-1-42_s3,3_leaf
AGCCAATGTATGACAA-1-42_s3,AGCCAATGTATGACAA-1-42_s3,10_leaf
TTGAGTGAGTGAGCCA-1-42_s3,TTGAGTGAGTGAGCCA-1-42_s3,5_leaf
TGAGACTGTCACTCTC-1-37_s3,TGAGACTGTCACTCTC-1-37_s3,20_leaf
ATCCCTGCATCAGCTA-1-39_s3,ATCCCTGCATCAGCTA-1-39_s3,19_leaf
TCAAGTGTCATCGCCT-1-41_s3,TCAAGTGTCATCGCCT-1-41_s3,20_leaf
GACCAATTCAAACTGC-1-40_s3,GACCAATTCAAACTGC-1-40_s3,19_leaf
TGATGGTTCCAGTGTA-1-43_s3,TGATGGTTCCAGTGTA-1-43_s3,5_leaf
AATGGAAAGGTGGGTT-1-40_s3,AATGGAAAGGTGGGTT-1-40_s3,20_leaf
GGGTTTAGTATTCCTT-1-40_s3,GGGTTTAGTATTCCTT-1-40_s3,5_leaf
TTTATGCCAGACCCGT-1-41_s3,TTTATGCCAGACCCGT-1-41_s3,20_leaf
ACAAAGACAATTGAGA-1-42_s3,ACAAAGACAATTGAGA-1-42_s3,19_leaf
ATGGATCCAATGAGCG-1-43_s3,ATGGATCCAATGAGCG-1-43_s3,5_leaf
GTGATGTAGGTCGTGA-1-41_s3,GTGATGTAGGTCGTGA-1-41_s3,5_leaf
GTCTGTCAGGACTGGT-1-40_s3,GTCTGTCAGGACTGGT-1-40_s3,5_leaf
TCAGTTTTCCACTTCG-1-39_s3,TCAGTTTTCCACTTCG-1-39_s3,20_leaf
ACAGGGATCGGTCTGG-1-40_s3,ACAGGGATCGGTCTGG-1-40_s3,5_leaf
AAGCGTTCACGGTCTG-1-38_s3,AAGCGTTCACGGTCTG-1-38_s3,19_leaf
TTCCGGTCAGTTCCAA-1-36_s3,TTCCGGTCAGTTCCAA-1-36_s3,3_leaf
GCGGATCGTAGGGAGG-1-41_s3,GCGGATCGTAGGGAGG-1-41_s3,5_leaf
GCATGATAGTAGAGTT-1-36_s3,GCATGATAGTAGAGTT-1-36_s3,19_leaf
CGATGGCGTCGTAATC-1-40_s3,CGATGGCGTCGTAATC-1-40_s3,5_leaf
TCAGGTAGTTCTCCAC-1-43_s3,TCAGGTAGTTCTCCAC-1-43_s3,5_leaf
TCTTAGTCAGTGTGGA-1-39_s3,TCTTAGTCAGTGTGGA-1-39_s3,5_leaf
CGAGTTATCTTCCAGC-1-43_s3,CGAGTTATCTTCCAGC-1-43_s3,10_leaf
GTCAAACCAATCGCGC-1-40_s3,GTCAAACCAATCGCGC-1-40_s3,5_leaf
ACCATTTAGACTACCT-1-38_s3,ACCATTTAGACTACCT-1-38_s3,20_leaf
TAGGAGGTCGCTGATA-1-37_s3,TAGGAGGTCGCTGATA-1-37_s3,20_leaf
TACATTCCATTGTAGC-1-41_s3,TACATTCCATTGTAGC-1-41_s3,3_leaf
CCACGTTTCGCCTAGG-1-42_s3,CCACGTTTCGCCTAGG-1-42_s3,3_leaf
TTGCATTAGTAATACG-1-43_s3,TTGCATTAGTAATACG-1-43_s3,3_leaf
CACTGAAAGTCGAAGC-1-40_s3,CACTGAAAGTCGAAGC-1-40_s3,3_leaf
GAGTCTATCTGCTAGA-1-36_s3,GAGTCTATCTGCTAGA-1-36_s3,19_leaf
CTTAGGAAGACGCAGT-1-41_s3,CTTAGGAAGACGCAGT-1-41_s3,19_leaf
GTCTGTCAGAATCGTA-1-37_s3,GTCTGTCAGAATCGTA-1-37_s3,5_leaf
CAGCAATAGGATGCGT-1-37_s3,CAGCAATAGGATGCGT-1-37_s3,20_leaf
TCATGTTCAGCATTGT-1-43_s3,TCATGTTCAGCATTGT-1-43_s3,20_leaf
GCATTAGGTGGTATGG-1-42_s3,GCATTAGGTGGTATGG-1-42_s3,19_leaf
CTCTGGTAGGCTATCT-1-43_s3,CTCTGGTAGGCTATCT-1-43_s3,3_leaf
CACCAAATCCGTGGGT-1-42_s3,CACCAAATCCGTGGGT-1-42_s3,20_leaf
GGTGTTAGTACACGCC-1-43_s3,GGTGTTAGTACACGCC-1-43_s3,5_leaf
GGAACCCGTGCTTATG-1-43_s3,GGAACCCGTGCTTATG-1-43_s3,20_leaf
TTCTTCCTCTAACGGT-1-37_s3,TTCTTCCTCTAACGGT-1-37_s3,19_leaf
AATGGAATCTTCCAGC-1-42_s3,AATGGAATCTTCCAGC-1-42_s3,20_leaf
GGTGAAGCAAATTGGA-1-42_s3,GGTGAAGCAAATTGGA-1-42_s3,3_leaf
GAGACTTTCCTCACCA-1-36_s3,GAGACTTTCCTCACCA-1-36_s3,19_leaf
GATGGAGGTTAATCGC-1-43_s3,GATGGAGGTTAATCGC-1-43_s3,10_leaf
CTGTGAACAGACCAGA-1-37_s3,CTGTGAACAGACCAGA-1-37_s3,3_leaf
TTGATGGCAACCGCCA-1-38_s3,TTGATGGCAACCGCCA-1-38_s3,20_leaf
AAAGTCCTCCGATGCG-1-43_s3,AAAGTCCTCCGATGCG-1-43_s3,20_leaf
CCGTAGGAGTGGTGAC-1-42_s3,CCGTAGGAGTGGTGAC-1-42_s3,19_leaf
TGAGCGCAGCATGCAG-1-40_s3,TGAGCGCAGCATGCAG-1-40_s3,20_leaf
TGACAGTGTGCCGGTT-1-36_s3,TGACAGTGTGCCGGTT-1-36_s3,3_leaf
GCATCTCCAACTGAAA-1-42_s3,GCATCTCCAACTGAAA-1-42_s3,3_leaf
AGGGTTTTCATGGAGG-1-37_s3,AGGGTTTTCATGGAGG-1-37_s3,10_leaf
ATAGACCTCATACGGT-1-41_s3,ATAGACCTCATACGGT-1-41_s3,19_leaf
ACCACAAAGTGGAAGA-1-38_s3,ACCACAAAGTGGAAGA-1-38_s3,20_leaf
GCTGGGTCAGACAATA-1-39_s3,GCTGGGTCAGACAATA-1-39_s3,10_leaf
AGCGCTGGTCCACATA-1-42_s3,AGCGCTGGTCCACATA-1-42_s3,5_leaf
GTCTCACAGAGCATTA-1-37_s3,GTCTCACAGAGCATTA-1-37_s3,3_leaf
GACACGCGTCTTCTAT-1-43_s3,GACACGCGTCTTCTAT-1-43_s3,5_leaf
GTGTAACGTGAGCAGT-1-40_s3,GTGTAACGTGAGCAGT-1-40_s3,20_leaf
ATTGGGTGTTGGCCTG-1-43_s3,ATTGGGTGTTGGCCTG-1-43_s3,10_leaf
CTGCTCAGTTTCACAG-1-42_s3,CTGCTCAGTTTCACAG-1-42_s3,20_leaf
GGGCTCAAGAGCAAGA-1-40_s3,GGGCTCAAGAGCAAGA-1-40_s3,3_leaf
CTAAGTGAGATTGATG-1-41_s3,CTAAGTGAGATTGATG-1-41_s3,10_leaf
GGGTGTCTCTGGCTGG-1-36_s3,GGGTGTCTCTGGCTGG-1-36_s3,19_leaf
CGGGTCAGTGGCTACC-1-37_s3,CGGGTCAGTGGCTACC-1-37_s3,20_leaf
CCTTTGGCAGTTTCGA-1-37_s3,CCTTTGGCAGTTTCGA-1-37_s3,5_leaf
TCAAGCAGTGCATGTT-1-43_s3,TCAAGCAGTGCATGTT-1-43_s3,10_leaf
GTTGTCCGTTTCGCTC-1-39_s3,GTTGTCCGTTTCGCTC-1-39_s3,10_leaf
ATCAGGTCACTACTTT-1-39_s3,ATCAGGTCACTACTTT-1-39_s3,3_leaf
CGTAAGTTCAGCAGAG-1-43_s3,CGTAAGTTCAGCAGAG-1-43_s3,5_leaf
AACACACGTTCCGCTT-1-39_s3,AACACACGTTCCGCTT-1-39_s3,5_leaf
AGTCAACTCCCTCGAT-1-42_s3,AGTCAACTCCCTCGAT-1-42_s3,5_leaf
CCGTTCAAGTCGGCCT-1-41_s3,CCGTTCAAGTCGGCCT-1-41_s3,3_leaf
GAAATGAGTTAGGCTT-1-43_s3,GAAATGAGTTAGGCTT-1-43_s3,5_leaf
GCAGCCATCTAGGCCG-1-43_s3,GCAGCCATCTAGGCCG-1-43_s3,19_leaf
GACTCAAAGTCATAGA-1-40_s3,GACTCAAAGTCATAGA-1-40_s3,3_leaf
GATGCTATCGTTAGTG-1-36_s3,GATGCTATCGTTAGTG-1-36_s3,5_leaf
GAAGGGTGTACTAACC-1-42_s3,GAAGGGTGTACTAACC-1-42_s3,19_leaf
TGATTCTCATTCTCCG-1-36_s3,TGATTCTCATTCTCCG-1-36_s3,3_leaf
ACTTCCGCACTCTCGT-1-41_s3,ACTTCCGCACTCTCGT-1-41_s3,20_leaf
GTAACACTCCTGGCTT-1-39_s3,GTAACACTCCTGGCTT-1-39_s3,20_leaf
CCGGTGATCCTGTAGA-1-41_s3,CCGGTGATCCTGTAGA-1-41_s3,19_leaf
ACTATTCTCGCTAAAC-1-38_s3,ACTATTCTCGCTAAAC-1-38_s3,5_leaf
TGTCCTGCATCATGAC-1-41_s3,TGTCCTGCATCATGAC-1-41_s3,5_leaf
GGAGGTATCATGCTAG-1-40_s3,GGAGGTATCATGCTAG-1-40_s3,5_leaf
TTACGTTCATGGACAG-1-43_s3,TTACGTTCATGGACAG-1-43_s3,20_leaf
TTCAATCCATAGCTGT-1-40_s3,TTCAATCCATAGCTGT-1-40_s3,3_leaf
GGGTATTGTAAGGAGA-1-39_s3,GGGTATTGTAAGGAGA-1-39_s3,3_leaf
GTGACGCGTCGATGCC-1-39_s3,GTGACGCGTCGATGCC-1-39_s3,3_leaf
TGCGGGTTCCGATGTA-1-43_s3,TGCGGGTTCCGATGTA-1-43_s3,19_leaf
GCCCAGAGTTGAAGTA-1-39_s3,GCCCAGAGTTGAAGTA-1-39_s3,20_leaf
CCCTAACAGTGTGTTC-1-41_s3,CCCTAACAGTGTGTTC-1-41_s3,5_leaf
AATGAAGTCGACCACG-1-36_s3,AATGAAGTCGACCACG-1-36_s3,3_leaf
ACCAAACCATCCGTTC-1-43_s3,ACCAAACCATCCGTTC-1-43_s3,19_leaf
TTACAGGAGACCGTTT-1-36_s3,TTACAGGAGACCGTTT-1-36_s3,19_leaf
GGAGCAAAGCTGCGAA-1-39_s3,GGAGCAAAGCTGCGAA-1-39_s3,6_leaf
TCTTTGACAATGCTCA-1-39_s3,TCTTTGACAATGCTCA-1-39_s3,19_leaf
AATGAAGTCAGTGCGC-1-36_s3,AATGAAGTCAGTGCGC-1-36_s3,19_leaf
ATTTACCAGTAGTCAA-1-40_s3,ATTTACCAGTAGTCAA-1-40_s3,5_leaf
CTACCTGGTAGCGTCC-1-43_s3,CTACCTGGTAGCGTCC-1-43_s3,10_leaf
AATTTCCTCGCATAGT-1-41_s3,AATTTCCTCGCATAGT-1-41_s3,5_leaf
TGTGGCGCATACAGCT-1-37_s3,TGTGGCGCATACAGCT-1-37_s3,3_leaf
CGCATGGAGAGGCTGT-1-41_s3,CGCATGGAGAGGCTGT-1-41_s3,19_leaf
AGGCTGCCAACGGGTA-1-36_s3,AGGCTGCCAACGGGTA-1-36_s3,5_leaf
ATCGTAGTCGTCCATC-1-42_s3,ATCGTAGTCGTCCATC-1-42_s3,5_leaf
AATGGCTAGGTACTGG-1-39_s3,AATGGCTAGGTACTGG-1-39_s3,3_leaf
GTCATTTCACGATAGG-1-36_s3,GTCATTTCACGATAGG-1-36_s3,3_leaf
GCGGAAAGTTGTACGT-1-36_s3,GCGGAAAGTTGTACGT-1-36_s3,5_leaf
GGAGCAAAGGCCTTGC-1-42_s3,GGAGCAAAGGCCTTGC-1-42_s3,3_leaf
AGGTGTTGTCGGTGTC-1-39_s3,AGGTGTTGTCGGTGTC-1-39_s3,3_leaf
GCATGATGTTTGGAAA-1-39_s3,GCATGATGTTTGGAAA-1-39_s3,5_leaf
GATCACAGTGTCTAAC-1-36_s3,GATCACAGTGTCTAAC-1-36_s3,19_leaf
CGGAACCTCGTCGGGT-1-42_s3,CGGAACCTCGTCGGGT-1-42_s3,5_leaf
CTGCCATGTCACTCGG-1-41_s3,CTGCCATGTCACTCGG-1-41_s3,10_leaf
CAGATCACAGATTTCG-1-38_s3,CAGATCACAGATTTCG-1-38_s3,20_leaf
TTACGCCAGGTGCTTT-1-36_s3,TTACGCCAGGTGCTTT-1-36_s3,20_leaf
TCAGTGATCGGAAGGT-1-41_s3,TCAGTGATCGGAAGGT-1-41_s3,20_leaf
GAAGGGTAGTGCACTT-1-40_s3,GAAGGGTAGTGCACTT-1-40_s3,5_leaf
TACAGGTAGGACAACC-1-42_s3,TACAGGTAGGACAACC-1-42_s3,20_leaf
TCATTCATCTAGTCAG-1-40_s3,TCATTCATCTAGTCAG-1-40_s3,20_leaf
ACGATCAGTCCACATA-1-39_s3,ACGATCAGTCCACATA-1-39_s3,19_leaf
AGAGAGCAGCTGTGCC-1-39_s3,AGAGAGCAGCTGTGCC-1-39_s3,20_leaf
GCCCAGAAGGGCAGGA-1-42_s3,GCCCAGAAGGGCAGGA-1-42_s3,10_leaf
AGGACGAGTTCCTACC-1-42_s3,AGGACGAGTTCCTACC-1-42_s3,10_leaf
ATTACTCGTATAGGAT-1-42_s3,ATTACTCGTATAGGAT-1-42_s3,5_leaf
AGAAATGAGAAGTGTT-1-39_s3,AGAAATGAGAAGTGTT-1-39_s3,20_leaf
TCCATCGGTCAGACGA-1-42_s3,TCCATCGGTCAGACGA-1-42_s3,19_leaf
TTCATGTGTCTAACGT-1-37_s3,TTCATGTGTCTAACGT-1-37_s3,20_leaf
CAATACGGTCCTCCAT-1-37_s3,CAATACGGTCCTCCAT-1-37_s3,20_leaf
CAGCAGCCACTTCTCG-1-36_s3,CAGCAGCCACTTCTCG-1-36_s3,20_leaf
CTCTGGTAGGGCAAGG-1-36_s3,CTCTGGTAGGGCAAGG-1-36_s3,5_leaf
ACAAGCTTCCATACTT-1-36_s3,ACAAGCTTCCATACTT-1-36_s3,20_leaf
CCTAAGATCGTCGACG-1-43_s3,CCTAAGATCGTCGACG-1-43_s3,6_leaf
GTGAGGAGTTGTATGC-1-36_s3,GTGAGGAGTTGTATGC-1-36_s3,5_leaf
TCGACGGTCCATGAGT-1-42_s3,TCGACGGTCCATGAGT-1-42_s3,19_leaf
GAACACTTCCGATAAC-1-41_s3,GAACACTTCCGATAAC-1-41_s3,19_leaf
ATCGTAGCAGGTACGA-1-40_s3,ATCGTAGCAGGTACGA-1-40_s3,20_leaf
GGGACCTAGCGAACTG-1-36_s3,GGGACCTAGCGAACTG-1-36_s3,19_leaf
TGTTACTGTTTCGCTC-1-43_s3,TGTTACTGTTTCGCTC-1-43_s3,10_leaf
GCTGGGTAGCGCCGTT-1-37_s3,GCTGGGTAGCGCCGTT-1-37_s3,3_leaf
ACTGTCCCATTGCCGG-1-39_s3,ACTGTCCCATTGCCGG-1-39_s3,20_leaf
AGAGCCCAGTCTGTAC-1-40_s3,AGAGCCCAGTCTGTAC-1-40_s3,20_leaf
GTACAGTGTCTCAGAT-1-40_s3,GTACAGTGTCTCAGAT-1-40_s3,5_leaf
ATGGATCAGCAATAGT-1-40_s3,ATGGATCAGCAATAGT-1-40_s3,3_leaf
GAATCACAGGTCATTC-1-41_s3,GAATCACAGGTCATTC-1-41_s3,5_leaf
CAATACGTCACAGAGG-1-42_s3,CAATACGTCACAGAGG-1-42_s3,10_leaf
TCGGTCTCAGAGTCAG-1-36_s3,TCGGTCTCAGAGTCAG-1-36_s3,19_leaf
GCGTGCAAGCCAAGGT-1-39_s3,GCGTGCAAGCCAAGGT-1-39_s3,5_leaf
TTAGGCATCACGTAGT-1-39_s3,TTAGGCATCACGTAGT-1-39_s3,5_leaf
TTCCGGTTCCGTGTAA-1-42_s3,TTCCGGTTCCGTGTAA-1-42_s3,20_leaf
ATTCCCGAGGGAGATA-1-43_s3,ATTCCCGAGGGAGATA-1-43_s3,10_leaf
ATCATTCAGACGGAAA-1-42_s3,ATCATTCAGACGGAAA-1-42_s3,6_leaf
GATCACAGTGTCATGT-1-39_s3,GATCACAGTGTCATGT-1-39_s3,5_leaf
CGTGTCTTCTGACGCG-1-43_s3,CGTGTCTTCTGACGCG-1-43_s3,10_leaf
TGCTGAAAGGTCACTT-1-40_s3,TGCTGAAAGGTCACTT-1-40_s3,3_leaf
GTCATGACAAACTAAG-1-38_s3,GTCATGACAAACTAAG-1-38_s3,20_leaf
CTCAGAAGTCTGTCAA-1-38_s3,CTCAGAAGTCTGTCAA-1-38_s3,5_leaf
GGAACCCTCCTAGAGT-1-41_s3,GGAACCCTCCTAGAGT-1-41_s3,5_leaf
TCGGGTGAGAGCATCG-1-41_s3,TCGGGTGAGAGCATCG-1-41_s3,5_leaf
TACCTGCCAACTGCCG-1-41_s3,TACCTGCCAACTGCCG-1-41_s3,19_leaf
GCGATCGAGATACAGT-1-39_s3,GCGATCGAGATACAGT-1-39_s3,20_leaf
CCACACTAGGGCTAAC-1-42_s3,CCACACTAGGGCTAAC-1-42_s3,20_leaf
GTTGAACGTCCAGCAC-1-42_s3,GTTGAACGTCCAGCAC-1-42_s3,19_leaf
TTCTCTCAGTATTGCC-1-38_s3,TTCTCTCAGTATTGCC-1-38_s3,5_leaf
AGGGAGTCATCGCCTT-1-39_s3,AGGGAGTCATCGCCTT-1-39_s3,10_leaf
CCTGCATGTGAGTAGC-1-42_s3,CCTGCATGTGAGTAGC-1-42_s3,5_leaf
TACTGCCTCAATCTCT-1-43_s3,TACTGCCTCAATCTCT-1-43_s3,5_leaf
AATCACGAGAGGGTCT-1-39_s3,AATCACGAGAGGGTCT-1-39_s3,5_leaf
TATTCCAGTTCGAACT-1-36_s3,TATTCCAGTTCGAACT-1-36_s3,10_leaf
GCATGATCATGGACAG-1-43_s3,GCATGATCATGGACAG-1-43_s3,20_leaf
CATTCATGTTAACCTG-1-37_s3,CATTCATGTTAACCTG-1-37_s3,19_leaf
CGGGTCACAGTTGGTT-1-36_s3,CGGGTCACAGTTGGTT-1-36_s3,3_leaf
ACCTGTCGTTTAAGGA-1-41_s3,ACCTGTCGTTTAAGGA-1-41_s3,3_leaf
TTGTTCATCCGTGTAA-1-40_s3,TTGTTCATCCGTGTAA-1-40_s3,5_leaf
ATCGCCTAGTCATTGC-1-37_s3,ATCGCCTAGTCATTGC-1-37_s3,5_leaf
CATACTTGTCCACACG-1-43_s3,CATACTTGTCCACACG-1-43_s3,3_leaf
CCGATGGTCTGTGCTC-1-42_s3,CCGATGGTCTGTGCTC-1-42_s3,19_leaf
CACAACATCACCATAG-1-39_s3,CACAACATCACCATAG-1-39_s3,20_leaf
TAGGTACAGATCACCT-1-37_s3,TAGGTACAGATCACCT-1-37_s3,20_leaf
AAACGAAAGTCCTGTA-1-38_s3,AAACGAAAGTCCTGTA-1-38_s3,20_leaf
CTTTCAAGTTGCATCA-1-43_s3,CTTTCAAGTTGCATCA-1-43_s3,10_leaf
GATCACAGTCAGGTAG-1-38_s3,GATCACAGTCAGGTAG-1-38_s3,19_leaf
GTTACCCAGCGATGAC-1-41_s3,GTTACCCAGCGATGAC-1-41_s3,5_leaf
CCAAGCGCAAATGGAT-1-38_s3,CCAAGCGCAAATGGAT-1-38_s3,20_leaf
TTTGGAGAGAGTCAGC-1-42_s3,TTTGGAGAGAGTCAGC-1-42_s3,20_leaf
AACACACTCCTTCAGC-1-40_s3,AACACACTCCTTCAGC-1-40_s3,5_leaf
GAATCACTCATCGCTC-1-42_s3,GAATCACTCATCGCTC-1-42_s3,20_leaf
ACAGAAATCTCACGAA-1-39_s3,ACAGAAATCTCACGAA-1-39_s3,19_leaf
AGACCCGCACGCAAAG-1-43_s3,AGACCCGCACGCAAAG-1-43_s3,3_leaf
AGATGCTAGACCACGA-1-42_s3,AGATGCTAGACCACGA-1-42_s3,5_leaf
TTTGATCGTTTACGAC-1-37_s3,TTTGATCGTTTACGAC-1-37_s3,19_leaf
CACTTCGCAACGCATT-1-42_s3,CACTTCGCAACGCATT-1-42_s3,20_leaf
CATTTCACAATTGCGT-1-41_s3,CATTTCACAATTGCGT-1-41_s3,20_leaf
CACACAAGTAACGGTG-1-37_s3,CACACAAGTAACGGTG-1-37_s3,19_leaf
GTAGGAGAGGGTAGCT-1-38_s3,GTAGGAGAGGGTAGCT-1-38_s3,3_leaf
GCAGTTACACTCTAGA-1-36_s3,GCAGTTACACTCTAGA-1-36_s3,5_leaf
ACATTTCTCGGACTGC-1-41_s3,ACATTTCTCGGACTGC-1-41_s3,20_leaf
CTACAGATCCAAGCAT-1-43_s3,CTACAGATCCAAGCAT-1-43_s3,3_leaf
CCACGTTAGGCATGGT-1-41_s3,CCACGTTAGGCATGGT-1-41_s3,5_leaf
CCGTTCATCCGCACTT-1-41_s3,CCGTTCATCCGCACTT-1-41_s3,5_leaf
GGTCACGCACTAACCA-1-36_s3,GGTCACGCACTAACCA-1-36_s3,3_leaf
GTAGGAGTCAGGAACG-1-40_s3,GTAGGAGTCAGGAACG-1-40_s3,20_leaf
GGATGTTCACCCAATA-1-42_s3,GGATGTTCACCCAATA-1-42_s3,19_leaf
AAGACAAGTAAGCAAT-1-40_s3,AAGACAAGTAAGCAAT-1-40_s3,10_leaf
GTCGAATCACTGCGTG-1-42_s3,GTCGAATCACTGCGTG-1-42_s3,5_leaf
CAACCTCCAAGGTTGG-1-41_s3,CAACCTCCAAGGTTGG-1-41_s3,3_leaf
GCACATATCCCAATAG-1-38_s3,GCACATATCCCAATAG-1-38_s3,5_leaf
AAGCCATCATCGAAGG-1-37_s3,AAGCCATCATCGAAGG-1-37_s3,19_leaf
CCATAAGGTCGCTTGG-1-41_s3,CCATAAGGTCGCTTGG-1-41_s3,20_leaf
CTGTGAACAGCACCCA-1-37_s3,CTGTGAACAGCACCCA-1-37_s3,19_leaf
TATCTTGTCCCTCTTT-1-37_s3,TATCTTGTCCCTCTTT-1-37_s3,3_leaf
ATCACTTGTTCTCGTC-1-40_s3,ATCACTTGTTCTCGTC-1-40_s3,10_leaf
ACTTCGCTCCTTGACC-1-36_s3,ACTTCGCTCCTTGACC-1-36_s3,3_leaf
GCCCAGATCTAGTTCT-1-37_s3,GCCCAGATCTAGTTCT-1-37_s3,5_leaf
TATCTGTAGCCTGGAA-1-36_s3,TATCTGTAGCCTGGAA-1-36_s3,3_leaf
TGCTTCGTCTACGCGG-1-38_s3,TGCTTCGTCTACGCGG-1-38_s3,3_leaf
GTGAGTTCAAGGCAAC-1-37_s3,GTGAGTTCAAGGCAAC-1-37_s3,20_leaf
TTCTTCCAGGCCACTC-1-39_s3,TTCTTCCAGGCCACTC-1-39_s3,5_leaf
GACCGTGCAATTCTCT-1-42_s3,GACCGTGCAATTCTCT-1-42_s3,20_leaf
TGAGGGATCTGGCCAG-1-39_s3,TGAGGGATCTGGCCAG-1-39_s3,20_leaf
GATGTTGTCATGGATC-1-37_s3,GATGTTGTCATGGATC-1-37_s3,3_leaf
CGCATAAAGGAACTAT-1-37_s3,CGCATAAAGGAACTAT-1-37_s3,5_leaf
ATGCCTCTCGGAGATG-1-41_s3,ATGCCTCTCGGAGATG-1-41_s3,5_leaf
AGGAAATAGCAGGCTA-1-43_s3,AGGAAATAGCAGGCTA-1-43_s3,5_leaf
GCATGATGTCAGTCTA-1-36_s3,GCATGATGTCAGTCTA-1-36_s3,3_leaf
TAATTCCAGGTATTGA-1-37_s3,TAATTCCAGGTATTGA-1-37_s3,19_leaf
AGAGCCCAGTCTGCAT-1-40_s3,AGAGCCCAGTCTGCAT-1-40_s3,3_leaf
GAACTGTTCTTGAACG-1-43_s3,GAACTGTTCTTGAACG-1-43_s3,19_leaf
CTACCCACACTACGGC-1-41_s3,CTACCCACACTACGGC-1-41_s3,19_leaf
CACAGATTCAATCTCT-1-42_s3,CACAGATTCAATCTCT-1-42_s3,6_leaf
AGGTTGTAGCGCGTTC-1-39_s3,AGGTTGTAGCGCGTTC-1-39_s3,3_leaf
CATCGGGTCAACGAGG-1-40_s3,CATCGGGTCAACGAGG-1-40_s3,3_leaf
GTTCATTCAACCAGAG-1-38_s3,GTTCATTCAACCAGAG-1-38_s3,10_leaf
TAATTCCTCGAAGCAG-1-37_s3,TAATTCCTCGAAGCAG-1-37_s3,19_leaf
ATTGTTCCATGGATCT-1-38_s3,ATTGTTCCATGGATCT-1-38_s3,20_leaf
ACAACCAGTGTTCCTC-1-37_s3,ACAACCAGTGTTCCTC-1-37_s3,19_leaf
AACCTGACATCATCCC-1-42_s3,AACCTGACATCATCCC-1-42_s3,19_leaf
TGGGAAGCAGCTCTGG-1-41_s3,TGGGAAGCAGCTCTGG-1-41_s3,19_leaf
GTCTACCGTCAAAGAT-1-42_s3,GTCTACCGTCAAAGAT-1-42_s3,20_leaf
TGATCTTGTACGGTTT-1-36_s3,TGATCTTGTACGGTTT-1-36_s3,5_leaf
AACAGGGAGGTAGTAT-1-42_s3,AACAGGGAGGTAGTAT-1-42_s3,6_leaf
CATACCCTCTACGGGC-1-39_s3,CATACCCTCTACGGGC-1-39_s3,3_leaf
ATGGAGGCAGCTGCCA-1-42_s3,ATGGAGGCAGCTGCCA-1-42_s3,20_leaf
CCCTCAAAGCATGATA-1-42_s3,CCCTCAAAGCATGATA-1-42_s3,6_leaf
AGGTTACGTACAAGTA-1-36_s3,AGGTTACGTACAAGTA-1-36_s3,3_leaf
CATACCCCAGCTAACT-1-42_s3,CATACCCCAGCTAACT-1-42_s3,3_leaf
AACAAGAAGGTGAGCT-1-40_s3,AACAAGAAGGTGAGCT-1-40_s3,5_leaf
AAGTACCGTACGTGAG-1-38_s3,AAGTACCGTACGTGAG-1-38_s3,5_leaf
AACGGGAGTAGTGGCA-1-38_s3,AACGGGAGTAGTGGCA-1-38_s3,20_leaf
TCTACCGAGGTTGGTG-1-41_s3,TCTACCGAGGTTGGTG-1-41_s3,19_leaf
ATCTTCACAGCGACAA-1-42_s3,ATCTTCACAGCGACAA-1-42_s3,20_leaf
AGTGACTAGGATACAT-1-37_s3,AGTGACTAGGATACAT-1-37_s3,10_leaf
CGGACACCAGCGACCT-1-41_s3,CGGACACCAGCGACCT-1-41_s3,3_leaf
GTCATTTGTCAAATCC-1-37_s3,GTCATTTGTCAAATCC-1-37_s3,5_leaf
CCGGACACAGTTGTCA-1-36_s3,CCGGACACAGTTGTCA-1-36_s3,19_leaf
TTGGTTTCAGCACGAA-1-37_s3,TTGGTTTCAGCACGAA-1-37_s3,10_leaf
AGGATAATCCGAGAAG-1-38_s3,AGGATAATCCGAGAAG-1-38_s3,19_leaf
GTGTGGCGTTCGCGTG-1-40_s3,GTGTGGCGTTCGCGTG-1-40_s3,19_leaf
GTATTGGTCGTAACAC-1-37_s3,GTATTGGTCGTAACAC-1-37_s3,20_leaf
AGATCGTGTCGTTTCC-1-39_s3,AGATCGTGTCGTTTCC-1-39_s3,5_leaf
CAGGCCAGTATGGAAT-1-43_s3,CAGGCCAGTATGGAAT-1-43_s3,3_leaf
CAACAGTAGGCACTCC-1-36_s3,CAACAGTAGGCACTCC-1-36_s3,3_leaf
GTTGAACAGCCAAGGT-1-36_s3,GTTGAACAGCCAAGGT-1-36_s3,5_leaf
CCTACGTGTCCTGTCT-1-38_s3,CCTACGTGTCCTGTCT-1-38_s3,5_leaf
AGGTCTACATAATCCG-1-38_s3,AGGTCTACATAATCCG-1-38_s3,5_leaf
GGAGAACTCGCTCTCA-1-38_s3,GGAGAACTCGCTCTCA-1-38_s3,5_leaf
AGGTCATTCTCAGTCC-1-42_s3,AGGTCATTCTCAGTCC-1-42_s3,3_leaf
TCACGGGAGCATGGGT-1-42_s3,TCACGGGAGCATGGGT-1-42_s3,19_leaf
CGCCAGATCGGTCACG-1-39_s3,CGCCAGATCGGTCACG-1-39_s3,20_leaf
TTCCAATAGGTCGTCC-1-37_s3,TTCCAATAGGTCGTCC-1-37_s3,20_leaf
GTCGTTCCACTGCATA-1-41_s3,GTCGTTCCACTGCATA-1-41_s3,5_leaf
ACATCCCTCCAAGCCG-1-38_s3,ACATCCCTCCAAGCCG-1-38_s3,5_leaf
GTGCTGGCACGGTAGA-1-43_s3,GTGCTGGCACGGTAGA-1-43_s3,20_leaf
GAACGTTGTCGGTGTC-1-41_s3,GAACGTTGTCGGTGTC-1-41_s3,5_leaf
AGGTAGGCACGTAACT-1-43_s3,AGGTAGGCACGTAACT-1-43_s3,19_leaf
CTCTGGTGTGGTCTTA-1-42_s3,CTCTGGTGTGGTCTTA-1-42_s3,19_leaf
CGGACACTCGCCATAA-1-39_s3,CGGACACTCGCCATAA-1-39_s3,20_leaf
TGTGAGTAGGCCATAG-1-43_s3,TGTGAGTAGGCCATAG-1-43_s3,3_leaf
TTTACTGGTTGACTAC-1-41_s3,TTTACTGGTTGACTAC-1-41_s3,10_leaf
CCTTCAGCAGCTACCG-1-43_s3,CCTTCAGCAGCTACCG-1-43_s3,3_leaf
TCCTTTCCAGGCGTTC-1-38_s3,TCCTTTCCAGGCGTTC-1-38_s3,3_leaf
GCGAGAATCGCTGATA-1-43_s3,GCGAGAATCGCTGATA-1-43_s3,5_leaf
CTTCCTTGTAGCTGTT-1-43_s3,CTTCCTTGTAGCTGTT-1-43_s3,3_leaf
CAGTTCCCATAATCGC-1-40_s3,CAGTTCCCATAATCGC-1-40_s3,3_leaf
CGTTGGGGTAGCGTTT-1-41_s3,CGTTGGGGTAGCGTTT-1-41_s3,19_leaf
TCCCAGTAGTAGGAAG-1-42_s3,TCCCAGTAGTAGGAAG-1-42_s3,20_leaf
GGGCGTTTCCCGTTGT-1-37_s3,GGGCGTTTCCCGTTGT-1-37_s3,3_leaf
TAGGAGGCAGAACTAA-1-41_s3,TAGGAGGCAGAACTAA-1-41_s3,20_leaf
TTTATGCCAGCTGTAT-1-40_s3,TTTATGCCAGCTGTAT-1-40_s3,5_leaf
TCGGTCTGTTCTCCTG-1-39_s3,TCGGTCTGTTCTCCTG-1-39_s3,19_leaf
AATGGAAAGGGTTAAT-1-39_s3,AATGGAAAGGGTTAAT-1-39_s3,20_leaf
CATGCCTTCACTGATG-1-41_s3,CATGCCTTCACTGATG-1-41_s3,19_leaf
AGAGCCCGTCGAAGCA-1-43_s3,AGAGCCCGTCGAAGCA-1-43_s3,20_leaf
TACCCACCAATACGAA-1-40_s3,TACCCACCAATACGAA-1-40_s3,3_leaf
CGGGTCATCTCCTGCA-1-39_s3,CGGGTCATCTCCTGCA-1-39_s3,5_leaf
TCCGGGAGTTGAGGAC-1-37_s3,TCCGGGAGTTGAGGAC-1-37_s3,19_leaf
ATTGTTCTCGTCTACC-1-38_s3,ATTGTTCTCGTCTACC-1-38_s3,5_leaf
ACGTACAAGAGGGTCT-1-42_s3,ACGTACAAGAGGGTCT-1-42_s3,19_leaf
TACCGAACATGAAAGT-1-43_s3,TACCGAACATGAAAGT-1-43_s3,3_leaf
CACCGTTAGGGTTTCT-1-42_s3,CACCGTTAGGGTTTCT-1-42_s3,5_leaf
GAGCCTGCAGAACATA-1-38_s3,GAGCCTGCAGAACATA-1-38_s3,5_leaf
GTCCTCATCGAAGCCC-1-40_s3,GTCCTCATCGAAGCCC-1-40_s3,5_leaf
CTGGTCTCAGCATTGT-1-39_s3,CTGGTCTCAGCATTGT-1-39_s3,10_leaf
GAAGTAAAGTCAACAA-1-41_s3,GAAGTAAAGTCAACAA-1-41_s3,19_leaf
TGGGATTCATATCTGG-1-42_s3,TGGGATTCATATCTGG-1-42_s3,19_leaf
TTTCAGTAGGCACTCC-1-36_s3,TTTCAGTAGGCACTCC-1-36_s3,19_leaf
CCAAGCGGTTCACCGG-1-41_s3,CCAAGCGGTTCACCGG-1-41_s3,19_leaf
GTGAGCCAGATTAGCA-1-39_s3,GTGAGCCAGATTAGCA-1-39_s3,20_leaf
GTTCGCTAGCGAGAAA-1-43_s3,GTTCGCTAGCGAGAAA-1-43_s3,19_leaf
TACACCCCACCCTAAA-1-38_s3,TACACCCCACCCTAAA-1-38_s3,5_leaf
AGAGCAGAGTAGAGTT-1-36_s3,AGAGCAGAGTAGAGTT-1-36_s3,3_leaf
ACTGTGAGTTCTAACG-1-38_s3,ACTGTGAGTTCTAACG-1-38_s3,20_leaf
TTTCATGTCAGACCGC-1-36_s3,TTTCATGTCAGACCGC-1-36_s3,5_leaf
TCTACATAGCGAAACC-1-37_s3,TCTACATAGCGAAACC-1-37_s3,20_leaf
TCGCTTGTCAGGACGA-1-40_s3,TCGCTTGTCAGGACGA-1-40_s3,20_leaf
TCGAAGTTCTGGGTCG-1-41_s3,TCGAAGTTCTGGGTCG-1-41_s3,19_leaf
GACCCTTCACCAATTG-1-39_s3,GACCCTTCACCAATTG-1-39_s3,19_leaf
TTCCTTCCAGGCATTT-1-41_s3,TTCCTTCCAGGCATTT-1-41_s3,10_leaf
CTCCTTTCAAACAGGC-1-38_s3,CTCCTTTCAAACAGGC-1-38_s3,5_leaf
GTAGAAAGTCATACCA-1-42_s3,GTAGAAAGTCATACCA-1-42_s3,3_leaf
ATAGGCTGTGACATCT-1-42_s3,ATAGGCTGTGACATCT-1-42_s3,20_leaf
AAACGAAAGCAAGTCG-1-36_s3,AAACGAAAGCAAGTCG-1-36_s3,19_leaf
GCTACCTTCATGAGAA-1-38_s3,GCTACCTTCATGAGAA-1-38_s3,3_leaf
ATCGTGATCCGAACGC-1-37_s3,ATCGTGATCCGAACGC-1-37_s3,19_leaf
AGACAAAAGCCTAGGA-1-38_s3,AGACAAAAGCCTAGGA-1-38_s3,20_leaf
GCCCGAACACGCCAGT-1-43_s3,GCCCGAACACGCCAGT-1-43_s3,19_leaf
GAAGGACCAGACACCC-1-41_s3,GAAGGACCAGACACCC-1-41_s3,19_leaf
TCACAAGTCTGTCGCT-1-36_s3,TCACAAGTCTGTCGCT-1-36_s3,10_leaf
ATGTCTTTCACTGAAC-1-42_s3,ATGTCTTTCACTGAAC-1-42_s3,5_leaf
GAGTGTTTCGACCAAT-1-42_s3,GAGTGTTTCGACCAAT-1-42_s3,3_leaf
ACTGTGAAGCACTCTA-1-42_s3,ACTGTGAAGCACTCTA-1-42_s3,19_leaf
CATGCTCTCAGGAAAT-1-42_s3,CATGCTCTCAGGAAAT-1-42_s3,20_leaf
GGCACGTTCTGCTAGA-1-41_s3,GGCACGTTCTGCTAGA-1-41_s3,19_leaf
TCAAGCAAGAGTCTTC-1-43_s3,TCAAGCAAGAGTCTTC-1-43_s3,5_leaf
GAAGGGTTCTCTGCCA-1-37_s3,GAAGGGTTCTCTGCCA-1-37_s3,3_leaf
GTAGAGGAGTAACAGT-1-39_s3,GTAGAGGAGTAACAGT-1-39_s3,5_leaf
CTGCAGGAGCCTCACG-1-36_s3,CTGCAGGAGCCTCACG-1-36_s3,3_leaf
GCATGATGTGTCATTG-1-40_s3,GCATGATGTGTCATTG-1-40_s3,5_leaf
GTGATGTCAGTCAACT-1-41_s3,GTGATGTCAGTCAACT-1-41_s3,19_leaf
CATCGGGCAACTAGAA-1-38_s3,CATCGGGCAACTAGAA-1-38_s3,3_leaf
TTAGTCTTCATTCGGA-1-42_s3,TTAGTCTTCATTCGGA-1-42_s3,19_leaf
TGGGCTGTCACCTGGG-1-39_s3,TGGGCTGTCACCTGGG-1-39_s3,10_leaf
ATACTTCAGATGGCGT-1-41_s3,ATACTTCAGATGGCGT-1-41_s3,5_leaf
AACAACCAGGTCCAGA-1-42_s3,AACAACCAGGTCCAGA-1-42_s3,19_leaf
AATGAAGCAAGCCATT-1-41_s3,AATGAAGCAAGCCATT-1-41_s3,5_leaf
ATCATTCAGCATCTTG-1-42_s3,ATCATTCAGCATCTTG-1-42_s3,5_leaf
CTCAATTCAACTTGCA-1-36_s3,CTCAATTCAACTTGCA-1-36_s3,5_leaf
TTGCATTAGTAAGGGA-1-40_s3,TTGCATTAGTAAGGGA-1-40_s3,3_leaf
ATTTACCTCATTTACC-1-43_s3,ATTTACCTCATTTACC-1-43_s3,3_leaf
AGTAGTCGTGAGTGAC-1-41_s3,AGTAGTCGTGAGTGAC-1-41_s3,19_leaf
GCTTCACAGCGAATGC-1-40_s3,GCTTCACAGCGAATGC-1-40_s3,20_leaf
TGTTCCGAGCTAGAAT-1-36_s3,TGTTCCGAGCTAGAAT-1-36_s3,20_leaf
GGGCTCAAGATGTTCC-1-41_s3,GGGCTCAAGATGTTCC-1-41_s3,5_leaf
TCATTACTCGAGCACC-1-42_s3,TCATTACTCGAGCACC-1-42_s3,19_leaf
CGAGGAATCCTTATAC-1-41_s3,CGAGGAATCCTTATAC-1-41_s3,3_leaf
CAGCAGCCACACGCCA-1-40_s3,CAGCAGCCACACGCCA-1-40_s3,20_leaf
CTTCGGTGTCTGTCAA-1-39_s3,CTTCGGTGTCTGTCAA-1-39_s3,3_leaf
TGACGCGGTTGTCCCT-1-42_s3,TGACGCGGTTGTCCCT-1-42_s3,3_leaf
ACAGCCGAGGCTAGCA-1-39_s3,ACAGCCGAGGCTAGCA-1-39_s3,5_leaf
GACCTTCCAAGCCTGC-1-40_s3,GACCTTCCAAGCCTGC-1-40_s3,20_leaf
ATCACAGAGCTAGAGC-1-39_s3,ATCACAGAGCTAGAGC-1-39_s3,5_leaf
AGACCCGCAAGATCCT-1-38_s3,AGACCCGCAAGATCCT-1-38_s3,3_leaf
CCACCATCAGTTCTAG-1-42_s3,CCACCATCAGTTCTAG-1-42_s3,19_leaf
GGGATGAGTAGGCAAC-1-37_s3,GGGATGAGTAGGCAAC-1-37_s3,20_leaf
TCCGAAAGTGCTTATG-1-40_s3,TCCGAAAGTGCTTATG-1-40_s3,5_leaf
CCTTCAGGTGAGACGT-1-38_s3,CCTTCAGGTGAGACGT-1-38_s3,5_leaf
CATGAGTCAAACACCT-1-39_s3,CATGAGTCAAACACCT-1-39_s3,19_leaf
GTACAGTCAGCCTATA-1-38_s3,GTACAGTCAGCCTATA-1-38_s3,5_leaf
TACAGGTTCTGGGTCG-1-42_s3,TACAGGTTCTGGGTCG-1-42_s3,19_leaf
GATAGAATCTGTCTCG-1-39_s3,GATAGAATCTGTCTCG-1-39_s3,5_leaf
AGACCCGGTACAAAGT-1-36_s3,AGACCCGGTACAAAGT-1-36_s3,5_leaf
GTGCGTGCATCCGATA-1-39_s3,GTGCGTGCATCCGATA-1-39_s3,5_leaf
CCCTCTCGTACTTCCC-1-42_s3,CCCTCTCGTACTTCCC-1-42_s3,10_leaf
CGAAGTTTCACTGATG-1-40_s3,CGAAGTTTCACTGATG-1-40_s3,10_leaf
CTGCAGGTCACCTCTG-1-43_s3,CTGCAGGTCACCTCTG-1-43_s3,19_leaf
ACTTTCATCGCCATAA-1-38_s3,ACTTTCATCGCCATAA-1-38_s3,20_leaf
AGACCCGCAGAGTCTT-1-43_s3,AGACCCGCAGAGTCTT-1-43_s3,19_leaf
GTGGCGTAGTGGAAGA-1-38_s3,GTGGCGTAGTGGAAGA-1-38_s3,19_leaf
GTCGTTCTCTCTAAGG-1-39_s3,GTCGTTCTCTCTAAGG-1-39_s3,5_leaf
CACAACAAGGGTCACA-1-37_s3,CACAACAAGGGTCACA-1-37_s3,19_leaf
CAGCACGCAGTCTGGC-1-40_s3,CAGCACGCAGTCTGGC-1-40_s3,3_leaf
TAGACTGTCTGTGCTC-1-43_s3,TAGACTGTCTGTGCTC-1-43_s3,19_leaf
AGGGTGAAGTTGGACG-1-43_s3,AGGGTGAAGTTGGACG-1-43_s3,5_leaf
TGTTACTAGCTCTGTA-1-40_s3,TGTTACTAGCTCTGTA-1-40_s3,5_leaf
AAAGGATAGCGCCCAT-1-40_s3,AAAGGATAGCGCCCAT-1-40_s3,5_leaf
TCCTTTCCAATAGAGT-1-39_s3,TCCTTTCCAATAGAGT-1-39_s3,3_leaf
GTCGCGAGTCAGTCGC-1-38_s3,GTCGCGAGTCAGTCGC-1-38_s3,20_leaf
GTGATGTAGCGACTGA-1-42_s3,GTGATGTAGCGACTGA-1-42_s3,3_leaf
AGTGACTAGCTAGATA-1-40_s3,AGTGACTAGCTAGATA-1-40_s3,20_leaf
AAGCGTTGTTACGCCG-1-39_s3,AAGCGTTGTTACGCCG-1-39_s3,19_leaf
CTGTAGAAGGTCACTT-1-36_s3,CTGTAGAAGGTCACTT-1-36_s3,5_leaf
TGGGTTAGTATCGGTT-1-42_s3,TGGGTTAGTATCGGTT-1-42_s3,6_leaf
GTCATCCTCCGGACGT-1-42_s3,GTCATCCTCCGGACGT-1-42_s3,19_leaf
GTAGGAGAGGTTTACC-1-38_s3,GTAGGAGAGGTTTACC-1-38_s3,5_leaf
TATTTCGAGTGAGGTC-1-42_s3,TATTTCGAGTGAGGTC-1-42_s3,5_leaf
CAGAGCCCATGAAAGT-1-43_s3,CAGAGCCCATGAAAGT-1-43_s3,5_leaf
TAGGTTGAGCCAAGCA-1-42_s3,TAGGTTGAGCCAAGCA-1-42_s3,5_leaf
TATCGCCGTGTTCGAT-1-43_s3,TATCGCCGTGTTCGAT-1-43_s3,19_leaf
ACCGTTCTCTTACACT-1-41_s3,ACCGTTCTCTTACACT-1-41_s3,20_leaf
GACGCTGTCGCGATCG-1-37_s3,GACGCTGTCGCGATCG-1-37_s3,3_leaf
TTCCGGTTCTGGAGAG-1-36_s3,TTCCGGTTCTGGAGAG-1-36_s3,19_leaf
GCGAGAATCGACATCA-1-39_s3,GCGAGAATCGACATCA-1-39_s3,5_leaf
ATTCCCGGTTGGGATG-1-40_s3,ATTCCCGGTTGGGATG-1-40_s3,5_leaf
CGAGGCTGTTGTTGCA-1-43_s3,CGAGGCTGTTGTTGCA-1-43_s3,5_leaf
GAGATGGTCCGTAGGC-1-38_s3,GAGATGGTCCGTAGGC-1-38_s3,20_leaf
TGGGCGTGTGCAGTGA-1-38_s3,TGGGCGTGTGCAGTGA-1-38_s3,5_leaf
GGTGTCGGTGATAGTA-1-43_s3,GGTGTCGGTGATAGTA-1-43_s3,20_leaf
AATCACGGTGAGAGGG-1-42_s3,AATCACGGTGAGAGGG-1-42_s3,19_leaf
AGATGCTTCTGAGTCA-1-37_s3,AGATGCTTCTGAGTCA-1-37_s3,10_leaf
CTGTACCGTACCTGTA-1-38_s3,CTGTACCGTACCTGTA-1-38_s3,5_leaf
CAGGTATTCTCATTTG-1-40_s3,CAGGTATTCTCATTTG-1-40_s3,10_leaf
TAACGACCAGCACGAA-1-37_s3,TAACGACCAGCACGAA-1-37_s3,5_leaf
TCAGGGCTCCGGCAGT-1-40_s3,TCAGGGCTCCGGCAGT-1-40_s3,3_leaf
CTACTATGTGTGAGCA-1-37_s3,CTACTATGTGTGAGCA-1-37_s3,19_leaf
TATCTGTCACATATCG-1-42_s3,TATCTGTCACATATCG-1-42_s3,19_leaf
AGACACTAGTGGAATT-1-38_s3,AGACACTAGTGGAATT-1-38_s3,10_leaf
AAGATAGTCCCATACC-1-38_s3,AAGATAGTCCCATACC-1-38_s3,5_leaf
GCCAGCAAGTGCTAGG-1-36_s3,GCCAGCAAGTGCTAGG-1-36_s3,19_leaf
GTAACCAGTGTCGATT-1-36_s3,GTAACCAGTGTCGATT-1-36_s3,5_leaf
GGTAACTTCGTGTTCC-1-42_s3,GGTAACTTCGTGTTCC-1-42_s3,20_leaf
GATGAGGGTGCGTCGT-1-41_s3,GATGAGGGTGCGTCGT-1-41_s3,3_leaf
CCTTCAGTCGCCGAAC-1-43_s3,CCTTCAGTCGCCGAAC-1-43_s3,19_leaf
TGCATCCTCCCTCTAG-1-42_s3,TGCATCCTCCCTCTAG-1-42_s3,19_leaf
GATTCTTGTTCGGCGT-1-38_s3,GATTCTTGTTCGGCGT-1-38_s3,5_leaf
ACAGCCGGTACTGCCG-1-39_s3,ACAGCCGGTACTGCCG-1-39_s3,5_leaf
CTAAGTGTCATACGAC-1-38_s3,CTAAGTGTCATACGAC-1-38_s3,19_leaf
TTGCGTCTCGACATTG-1-36_s3,TTGCGTCTCGACATTG-1-36_s3,20_leaf
TCGTCCAAGCGGGTTA-1-36_s3,TCGTCCAAGCGGGTTA-1-36_s3,19_leaf
GGTTGTATCGCGATCG-1-40_s3,GGTTGTATCGCGATCG-1-40_s3,5_leaf
AGTACTGCATATGCGT-1-36_s3,AGTACTGCATATGCGT-1-36_s3,19_leaf
TGGGTTAAGAATCCCT-1-41_s3,TGGGTTAAGAATCCCT-1-41_s3,20_leaf
GTTGTCCGTAGACAGC-1-43_s3,GTTGTCCGTAGACAGC-1-43_s3,19_leaf
GTGCACGCACGTGAGA-1-39_s3,GTGCACGCACGTGAGA-1-39_s3,10_leaf
CGAGTGCGTCAATCTG-1-40_s3,CGAGTGCGTCAATCTG-1-40_s3,5_leaf
TGATCTTCAACACGAG-1-39_s3,TGATCTTCAACACGAG-1-39_s3,20_leaf
GGGTTTATCCGATGTA-1-41_s3,GGGTTTATCCGATGTA-1-41_s3,20_leaf
GGTGAAGTCGCAGAGA-1-39_s3,GGTGAAGTCGCAGAGA-1-39_s3,19_leaf
TTCCTTCAGTCGGCAA-1-40_s3,TTCCTTCAGTCGGCAA-1-40_s3,5_leaf
TTTGTTGAGGAGCAAA-1-38_s3,TTTGTTGAGGAGCAAA-1-38_s3,19_leaf
CTCAAGAAGGGTATAT-1-43_s3,CTCAAGAAGGGTATAT-1-43_s3,20_leaf
TTACAGGAGATCGCCC-1-41_s3,TTACAGGAGATCGCCC-1-41_s3,20_leaf
GAGAGGTAGTTGCGCC-1-40_s3,GAGAGGTAGTTGCGCC-1-40_s3,20_leaf
ATGGATCTCAAGATAG-1-42_s3,ATGGATCTCAAGATAG-1-42_s3,5_leaf
CAAGAGGCACCGTCGA-1-40_s3,CAAGAGGCACCGTCGA-1-40_s3,20_leaf
ATGAGGGTCCTGTACC-1-39_s3,ATGAGGGTCCTGTACC-1-39_s3,5_leaf
GGGTTTAAGATTACCC-1-37_s3,GGGTTTAAGATTACCC-1-37_s3,5_leaf
TACCCACCACTACAGT-1-42_s3,TACCCACCACTACAGT-1-42_s3,3_leaf
GTACAGTTCTTAGCTT-1-40_s3,GTACAGTTCTTAGCTT-1-40_s3,20_leaf
GATTGGTAGATGAAGG-1-43_s3,GATTGGTAGATGAAGG-1-43_s3,5_leaf
ACCGTTCTCCCTTGGT-1-36_s3,ACCGTTCTCCCTTGGT-1-36_s3,19_leaf
TTGTTTGAGCCGAACA-1-40_s3,TTGTTTGAGCCGAACA-1-40_s3,20_leaf
ACCAAACAGGACGCAT-1-43_s3,ACCAAACAGGACGCAT-1-43_s3,20_leaf
TAGACTGCAGGAGACT-1-37_s3,TAGACTGCAGGAGACT-1-37_s3,10_leaf
CGTTGGGAGTCTCCTC-1-39_s3,CGTTGGGAGTCTCCTC-1-39_s3,19_leaf
ACTCTCGGTCGTATTG-1-36_s3,ACTCTCGGTCGTATTG-1-36_s3,3_leaf
CTCCATGTCTCGCTCA-1-36_s3,CTCCATGTCTCGCTCA-1-36_s3,19_leaf
ATATCCTGTACAAGCG-1-40_s3,ATATCCTGTACAAGCG-1-40_s3,19_leaf
AGCTCAATCCGCTAGG-1-39_s3,AGCTCAATCCGCTAGG-1-39_s3,20_leaf
CCCTAACTCATTGAGC-1-37_s3,CCCTAACTCATTGAGC-1-37_s3,5_leaf
GTCCCATAGGCGTTAG-1-41_s3,GTCCCATAGGCGTTAG-1-41_s3,10_leaf
CAACGATGTACCTTCC-1-37_s3,CAACGATGTACCTTCC-1-37_s3,19_leaf
GAGCTGCTCAACCGAT-1-41_s3,GAGCTGCTCAACCGAT-1-41_s3,19_leaf
CATCGTCTCTGAGCAT-1-40_s3,CATCGTCTCTGAGCAT-1-40_s3,3_leaf
CTATAGGCACGGCACT-1-41_s3,CTATAGGCACGGCACT-1-41_s3,3_leaf
ACAAAGACACCCTATC-1-36_s3,ACAAAGACACCCTATC-1-36_s3,5_leaf
TCAAGACGTTAGCTAC-1-37_s3,TCAAGACGTTAGCTAC-1-37_s3,5_leaf
TCTACCGCAAAGGTTA-1-42_s3,TCTACCGCAAAGGTTA-1-42_s3,20_leaf
CAACCTCAGCAGCGAT-1-42_s3,CAACCTCAGCAGCGAT-1-42_s3,19_leaf
GCGGATCGTCGTCATA-1-36_s3,GCGGATCGTCGTCATA-1-36_s3,19_leaf
CCACGAGGTGGTTTAC-1-38_s3,CCACGAGGTGGTTTAC-1-38_s3,20_leaf
TCCTCTTGTGAATATG-1-40_s3,TCCTCTTGTGAATATG-1-40_s3,5_leaf
CCTCTAGTCACTGTTT-1-39_s3,CCTCTAGTCACTGTTT-1-39_s3,19_leaf
TCTACATGTAACATGA-1-43_s3,TCTACATGTAACATGA-1-43_s3,20_leaf
TTTGGTTAGCCAAGCA-1-42_s3,TTTGGTTAGCCAAGCA-1-42_s3,20_leaf
AAGGAATGTGCTGTCG-1-41_s3,AAGGAATGTGCTGTCG-1-41_s3,19_leaf
GATGGAGCAGTAGAAT-1-39_s3,GATGGAGCAGTAGAAT-1-39_s3,20_leaf
ATGCCTCGTAGATGTA-1-41_s3,ATGCCTCGTAGATGTA-1-41_s3,5_leaf
GTCAAGTGTCATCCCT-1-36_s3,GTCAAGTGTCATCCCT-1-36_s3,20_leaf
ATGGTTGCACTGTCCT-1-39_s3,ATGGTTGCACTGTCCT-1-39_s3,19_leaf
TAGTGCAGTCTCCCTA-1-43_s3,TAGTGCAGTCTCCCTA-1-43_s3,5_leaf
ACAAAGACAGATCCTA-1-39_s3,ACAAAGACAGATCCTA-1-39_s3,3_leaf
GTATTTCTCTTAGGAC-1-41_s3,GTATTTCTCTTAGGAC-1-41_s3,5_leaf
CATGAGTAGCGAGGAG-1-37_s3,CATGAGTAGCGAGGAG-1-37_s3,19_leaf
TGTTCCGGTCCGAAAG-1-38_s3,TGTTCCGGTCCGAAAG-1-38_s3,19_leaf
GTCTAGAGTTCTAACG-1-43_s3,GTCTAGAGTTCTAACG-1-43_s3,19_leaf
GAGTCTAGTCCGGCAT-1-38_s3,GAGTCTAGTCCGGCAT-1-38_s3,5_leaf
CGTGTCTCACGCGCAT-1-40_s3,CGTGTCTCACGCGCAT-1-40_s3,5_leaf
CAGTTCCCAACGCATT-1-37_s3,CAGTTCCCAACGCATT-1-37_s3,20_leaf
ATGAGTCTCATATGGC-1-42_s3,ATGAGTCTCATATGGC-1-42_s3,19_leaf
CTGCTCACAGCTCATA-1-36_s3,CTGCTCACAGCTCATA-1-36_s3,20_leaf
GTAGCTAAGCGGATCA-1-38_s3,GTAGCTAAGCGGATCA-1-38_s3,19_leaf
CGCCAGACAATCTGCA-1-40_s3,CGCCAGACAATCTGCA-1-40_s3,19_leaf
CATGAGTCAGGCCTGT-1-41_s3,CATGAGTCAGGCCTGT-1-41_s3,20_leaf
ACGATCACATTACGGT-1-38_s3,ACGATCACATTACGGT-1-38_s3,20_leaf
ATCGCCTGTATTTCTC-1-43_s3,ATCGCCTGTATTTCTC-1-43_s3,5_leaf
AAGTTCGAGTGAATAC-1-38_s3,AAGTTCGAGTGAATAC-1-38_s3,19_leaf
GGAATCTAGTAAACAC-1-40_s3,GGAATCTAGTAAACAC-1-40_s3,5_leaf
GGTCTGGGTATTTCTC-1-38_s3,GGTCTGGGTATTTCTC-1-38_s3,19_leaf
CTCATCGCATTACGGT-1-37_s3,CTCATCGCATTACGGT-1-37_s3,5_leaf
CTCCACAGTCATCCGG-1-40_s3,CTCCACAGTCATCCGG-1-40_s3,3_leaf
AATCGACTCTAGGCAT-1-38_s3,AATCGACTCTAGGCAT-1-38_s3,3_leaf
TTAGGGTCAGCAGATG-1-42_s3,TTAGGGTCAGCAGATG-1-42_s3,10_leaf
GCTACAAAGATCCGAG-1-41_s3,GCTACAAAGATCCGAG-1-41_s3,19_leaf
CTCAAGACAAAGCTAA-1-43_s3,CTCAAGACAAAGCTAA-1-43_s3,5_leaf
AGATAGAAGACGGTCA-1-42_s3,AGATAGAAGACGGTCA-1-42_s3,3_leaf
GTCTTTAGTGTAACGG-1-39_s3,GTCTTTAGTGTAACGG-1-39_s3,19_leaf
GATGTTGAGTGCAACG-1-36_s3,GATGTTGAGTGCAACG-1-36_s3,19_leaf
CGATGGCGTCGGTAAG-1-42_s3,CGATGGCGTCGGTAAG-1-42_s3,5_leaf
ATGTCCCAGCGGTATG-1-36_s3,ATGTCCCAGCGGTATG-1-36_s3,19_leaf
TTTACCAGTCTTAGTG-1-42_s3,TTTACCAGTCTTAGTG-1-42_s3,3_leaf
TCTATCATCATGCATG-1-37_s3,TCTATCATCATGCATG-1-37_s3,3_leaf
GATCCCTAGCATGAAT-1-43_s3,GATCCCTAGCATGAAT-1-43_s3,19_leaf
AACTTCTGTTGCCATA-1-42_s3,AACTTCTGTTGCCATA-1-42_s3,5_leaf
ACTTTGTTCATCCTGC-1-37_s3,ACTTTGTTCATCCTGC-1-37_s3,3_leaf
CTTTCAAAGAGCATTA-1-37_s3,CTTTCAAAGAGCATTA-1-37_s3,20_leaf
CGGCAGTTCGTTCCTG-1-41_s3,CGGCAGTTCGTTCCTG-1-41_s3,19_leaf
TCAGCCTGTCAGATTC-1-40_s3,TCAGCCTGTCAGATTC-1-40_s3,3_leaf
GTTGCTCCAATCTAGC-1-41_s3,GTTGCTCCAATCTAGC-1-41_s3,10_leaf
CGCATGGTCCACTGAA-1-42_s3,CGCATGGTCCACTGAA-1-42_s3,19_leaf
AGAAATGAGTTTGGCT-1-42_s3,AGAAATGAGTTTGGCT-1-42_s3,5_leaf
ACGTACAAGAGCTGAC-1-40_s3,ACGTACAAGAGCTGAC-1-40_s3,19_leaf
ATCGGCGAGTTTGGCT-1-43_s3,ATCGGCGAGTTTGGCT-1-43_s3,5_leaf
CTGGACGCACACCGCA-1-42_s3,CTGGACGCACACCGCA-1-42_s3,3_leaf
AGTGACTTCCATTCGC-1-43_s3,AGTGACTTCCATTCGC-1-43_s3,19_leaf
TTGCGTCAGGTACTGG-1-42_s3,TTGCGTCAGGTACTGG-1-42_s3,10_leaf
GTAGATCGTAGGTCAG-1-36_s3,GTAGATCGTAGGTCAG-1-36_s3,20_leaf
TCATTTGCATGTGCCG-1-36_s3,TCATTTGCATGTGCCG-1-36_s3,20_leaf
AGGAAATAGGCAGTCA-1-37_s3,AGGAAATAGGCAGTCA-1-37_s3,3_leaf
GTGTAACTCTTGGATG-1-43_s3,GTGTAACTCTTGGATG-1-43_s3,20_leaf
TGATGCACAACCTAAC-1-42_s3,TGATGCACAACCTAAC-1-42_s3,3_leaf
AGAAGTACAGCATCTA-1-40_s3,AGAAGTACAGCATCTA-1-40_s3,19_leaf
AAAGGATCACAAATGA-1-37_s3,AAAGGATCACAAATGA-1-37_s3,3_leaf
AAGGAATGTACGATCT-1-41_s3,AAGGAATGTACGATCT-1-41_s3,5_leaf
CATGCAATCTAGAGCT-1-43_s3,CATGCAATCTAGAGCT-1-43_s3,5_leaf
CTGGCAGTCACGACTA-1-42_s3,CTGGCAGTCACGACTA-1-42_s3,20_leaf
TTGGGATCAGAGTGAC-1-38_s3,TTGGGATCAGAGTGAC-1-38_s3,3_leaf
CGGGTCATCTAAGCGT-1-38_s3,CGGGTCATCTAAGCGT-1-38_s3,5_leaf
GTATTGGTCATTTGCT-1-41_s3,GTATTGGTCATTTGCT-1-41_s3,3_leaf
AACAGGGGTTGTGTTG-1-43_s3,AACAGGGGTTGTGTTG-1-43_s3,3_leaf
ACGATGTGTACTAAGA-1-43_s3,ACGATGTGTACTAAGA-1-43_s3,20_leaf
GACCAATGTTCGGCTG-1-36_s3,GACCAATGTTCGGCTG-1-36_s3,20_leaf
AGATGCTTCAGCGGAA-1-38_s3,AGATGCTTCAGCGGAA-1-38_s3,10_leaf
ACACTGAGTAGACAGC-1-43_s3,ACACTGAGTAGACAGC-1-43_s3,3_leaf
GCTGCAGAGACTTCAC-1-39_s3,GCTGCAGAGACTTCAC-1-39_s3,5_leaf
AGCCAGCCAGGCATGA-1-39_s3,AGCCAGCCAGGCATGA-1-39_s3,5_leaf
GTTTACTGTCAAAGAT-1-42_s3,GTTTACTGTCAAAGAT-1-42_s3,10_leaf
GACCCAGAGGCGAAGG-1-37_s3,GACCCAGAGGCGAAGG-1-37_s3,3_leaf
AGACAAACACCCTGAG-1-36_s3,AGACAAACACCCTGAG-1-36_s3,3_leaf
TCGATTTCACATGACT-1-43_s3,TCGATTTCACATGACT-1-43_s3,20_leaf
TGGGCGTTCTCGAACA-1-39_s3,TGGGCGTTCTCGAACA-1-39_s3,20_leaf
AATTTCCAGATCACTC-1-39_s3,AATTTCCAGATCACTC-1-39_s3,19_leaf
GGTTAACCAATCTCTT-1-42_s3,GGTTAACCAATCTCTT-1-42_s3,19_leaf
AGAGAGCAGTGGTTAA-1-41_s3,AGAGAGCAGTGGTTAA-1-41_s3,20_leaf
TCCCACAGTCGTACTA-1-36_s3,TCCCACAGTCGTACTA-1-36_s3,3_leaf
AGGATAATCAGCGCGT-1-43_s3,AGGATAATCAGCGCGT-1-43_s3,19_leaf
ATACCTTCAGCACAGA-1-40_s3,ATACCTTCAGCACAGA-1-40_s3,3_leaf
AAGTTCGAGTTTCAGC-1-40_s3,AAGTTCGAGTTTCAGC-1-40_s3,20_leaf
ACTATGGAGCTTAGTC-1-37_s3,ACTATGGAGCTTAGTC-1-37_s3,19_leaf
TGATTTCTCCGTGTAA-1-43_s3,TGATTTCTCCGTGTAA-1-43_s3,19_leaf
ATGATCGTCTCCATAT-1-37_s3,ATGATCGTCTCCATAT-1-37_s3,20_leaf
CCCATTGCATACCATG-1-42_s3,CCCATTGCATACCATG-1-42_s3,20_leaf
AGACTCAAGCCTGACC-1-36_s3,AGACTCAAGCCTGACC-1-36_s3,20_leaf
ATTCATCCAGCTGTCG-1-40_s3,ATTCATCCAGCTGTCG-1-40_s3,20_leaf
GGAGCAACAAGGTTGG-1-37_s3,GGAGCAACAAGGTTGG-1-37_s3,20_leaf
CTTCGGTGTTGCACGC-1-43_s3,CTTCGGTGTTGCACGC-1-43_s3,5_leaf
GGCGTCACAAGCACCC-1-36_s3,GGCGTCACAAGCACCC-1-36_s3,5_leaf
AAGGTAAAGGCATCTT-1-39_s3,AAGGTAAAGGCATCTT-1-39_s3,6_leaf
AATTCCTCAATTGCCA-1-40_s3,AATTCCTCAATTGCCA-1-40_s3,5_leaf
TGCAGATCAAACTAGA-1-36_s3,TGCAGATCAAACTAGA-1-36_s3,20_leaf
TACAGGTTCGTGTGAT-1-39_s3,TACAGGTTCGTGTGAT-1-39_s3,19_leaf
TCGATTTGTAACGCGA-1-43_s3,TCGATTTGTAACGCGA-1-43_s3,20_leaf
TTCACGCTCACCTCGT-1-42_s3,TTCACGCTCACCTCGT-1-42_s3,10_leaf
CAGCAATTCGGAGTAG-1-41_s3,CAGCAATTCGGAGTAG-1-41_s3,19_leaf
CGCATGGCAACCAGAG-1-42_s3,CGCATGGCAACCAGAG-1-42_s3,5_leaf
GACCCAGAGGTTGACG-1-43_s3,GACCCAGAGGTTGACG-1-43_s3,20_leaf
TCACTCGGTCATCACA-1-40_s3,TCACTCGGTCATCACA-1-40_s3,19_leaf
TTGGTTTAGAAGATCT-1-42_s3,TTGGTTTAGAAGATCT-1-42_s3,19_leaf
ACGATCACATCCAATG-1-40_s3,ACGATCACATCCAATG-1-40_s3,3_leaf
TAGGTACTCTTACCGC-1-37_s3,TAGGTACTCTTACCGC-1-37_s3,5_leaf
ATGGGTTAGCCTAGGA-1-43_s3,ATGGGTTAGCCTAGGA-1-43_s3,3_leaf
CGAATTGAGTCACACT-1-40_s3,CGAATTGAGTCACACT-1-40_s3,10_leaf
GAGAGGTGTGATTCTG-1-36_s3,GAGAGGTGTGATTCTG-1-36_s3,19_leaf
ACCCTTGCATGTCAGT-1-41_s3,ACCCTTGCATGTCAGT-1-41_s3,3_leaf
ATGACCAGTGATATAG-1-42_s3,ATGACCAGTGATATAG-1-42_s3,20_leaf
GTGAGTTGTACACGCC-1-37_s3,GTGAGTTGTACACGCC-1-37_s3,20_leaf
CGTTCTGCAGGCTTGC-1-36_s3,CGTTCTGCAGGCTTGC-1-36_s3,19_leaf
TCGTAGAGTCACTGAT-1-40_s3,TCGTAGAGTCACTGAT-1-40_s3,10_leaf
AGTAACCAGAAATGGG-1-41_s3,AGTAACCAGAAATGGG-1-41_s3,3_leaf
CCAATTTGTCCAGGTC-1-41_s3,CCAATTTGTCCAGGTC-1-41_s3,19_leaf
GTTGTCCAGTCGCGAA-1-37_s3,GTTGTCCAGTCGCGAA-1-37_s3,19_leaf
ATCGCCTAGCATCCCG-1-40_s3,ATCGCCTAGCATCCCG-1-40_s3,6_leaf
TCGTCCAAGGTCCTGC-1-39_s3,TCGTCCAAGGTCCTGC-1-39_s3,19_leaf
TTGTTGTGTTAAGAAC-1-42_s3,TTGTTGTGTTAAGAAC-1-42_s3,10_leaf
ACCAACAAGAGAGTTT-1-41_s3,ACCAACAAGAGAGTTT-1-41_s3,10_leaf
ACGGTTAAGTTGAATG-1-43_s3,ACGGTTAAGTTGAATG-1-43_s3,20_leaf
TCGTGCTGTCTGCATA-1-41_s3,TCGTGCTGTCTGCATA-1-41_s3,6_leaf
ACAGAAAAGATCCCAT-1-43_s3,ACAGAAAAGATCCCAT-1-43_s3,5_leaf
CAGCACGGTATGAGCG-1-42_s3,CAGCACGGTATGAGCG-1-42_s3,19_leaf
GAGATGGGTATAGGAT-1-41_s3,GAGATGGGTATAGGAT-1-41_s3,20_leaf
GTGACGCCAGCAGACA-1-40_s3,GTGACGCCAGCAGACA-1-40_s3,5_leaf
ACTTCGCAGCCATTGT-1-38_s3,ACTTCGCAGCCATTGT-1-38_s3,3_leaf
ATTCCCGTCCAACCGG-1-42_s3,ATTCCCGTCCAACCGG-1-42_s3,19_leaf
GAGGCCTCATTAGGAA-1-40_s3,GAGGCCTCATTAGGAA-1-40_s3,3_leaf
TACGCTCCATAATCCG-1-42_s3,TACGCTCCATAATCCG-1-42_s3,3_leaf
ATTCTTGAGGAACATT-1-43_s3,ATTCTTGAGGAACATT-1-43_s3,19_leaf
GCAGCCAGTAGTGCGA-1-36_s3,GCAGCCAGTAGTGCGA-1-36_s3,20_leaf
CCAATGACAAATGAGT-1-37_s3,CCAATGACAAATGAGT-1-37_s3,10_leaf
GAACGTTAGGGATCGT-1-43_s3,GAACGTTAGGGATCGT-1-43_s3,20_leaf
CGAAGGATCCTGTAAG-1-43_s3,CGAAGGATCCTGTAAG-1-43_s3,20_leaf
GTTACGATCGTTGTAG-1-40_s3,GTTACGATCGTTGTAG-1-40_s3,5_leaf
GGGTCTGGTAGGATAT-1-40_s3,GGGTCTGGTAGGATAT-1-40_s3,20_leaf
AACAACCCACGGCACT-1-38_s3,AACAACCCACGGCACT-1-38_s3,19_leaf
GTCTACCTCTACCACC-1-42_s3,GTCTACCTCTACCACC-1-42_s3,5_leaf
AATTTCCTCGCACTCT-1-37_s3,AATTTCCTCGCACTCT-1-37_s3,20_leaf
CCTAAGACATTCACAG-1-38_s3,CCTAAGACATTCACAG-1-38_s3,20_leaf
TCTTCCTAGTCTCTGA-1-38_s3,TCTTCCTAGTCTCTGA-1-38_s3,5_leaf
TATCTTGAGTCATGGG-1-37_s3,TATCTTGAGTCATGGG-1-37_s3,5_leaf
TGATGGTTCAGCTTCC-1-43_s3,TGATGGTTCAGCTTCC-1-43_s3,20_leaf
TCTTCCTCACGTACAT-1-41_s3,TCTTCCTCACGTACAT-1-41_s3,20_leaf
GGTTAACAGGATAATC-1-41_s3,GGTTAACAGGATAATC-1-41_s3,20_leaf
CTCCAACAGGCACTCC-1-38_s3,CTCCAACAGGCACTCC-1-38_s3,20_leaf
CGAAGTTGTTGATCGT-1-43_s3,CGAAGTTGTTGATCGT-1-43_s3,5_leaf
GATTCGAAGCGACTTT-1-36_s3,GATTCGAAGCGACTTT-1-36_s3,6_leaf
AAATGGAAGCCTCAAT-1-42_s3,AAATGGAAGCCTCAAT-1-42_s3,5_leaf
TCACTATAGGTCACCC-1-42_s3,TCACTATAGGTCACCC-1-42_s3,5_leaf
CATCCGTTCCGGACGT-1-39_s3,CATCCGTTCCGGACGT-1-39_s3,20_leaf
GCCAGCACAAGTTCCA-1-37_s3,GCCAGCACAAGTTCCA-1-37_s3,3_leaf
TCTGTCGTCATCACCC-1-38_s3,TCTGTCGTCATCACCC-1-38_s3,19_leaf
TTCTGTACATGGGAAC-1-40_s3,TTCTGTACATGGGAAC-1-40_s3,3_leaf
TCATCCGTCGCTTACC-1-36_s3,TCATCCGTCGCTTACC-1-36_s3,20_leaf
CGTCCATTCGAGTGAG-1-42_s3,CGTCCATTCGAGTGAG-1-42_s3,10_leaf
CACGTGGTCTGACAGT-1-40_s3,CACGTGGTCTGACAGT-1-40_s3,3_leaf
ACTATTCCAAGCGCTC-1-38_s3,ACTATTCCAAGCGCTC-1-38_s3,5_leaf
ACCCTTGTCGCATTAG-1-41_s3,ACCCTTGTCGCATTAG-1-41_s3,19_leaf
GTGTGGCTCCCATAGA-1-37_s3,GTGTGGCTCCCATAGA-1-37_s3,20_leaf
ATACCTTGTTACCCTC-1-43_s3,ATACCTTGTTACCCTC-1-43_s3,3_leaf
TCATTGTAGTCTGCGC-1-36_s3,TCATTGTAGTCTGCGC-1-36_s3,3_leaf
TGTTCCGTCAAGCCCG-1-41_s3,TGTTCCGTCAAGCCCG-1-41_s3,5_leaf
AGGTCTAGTCGTATGT-1-42_s3,AGGTCTAGTCGTATGT-1-42_s3,5_leaf
CCATCACTCAACTGGT-1-39_s3,CCATCACTCAACTGGT-1-39_s3,5_leaf
AGGAAATCAGCTGAGA-1-39_s3,AGGAAATCAGCTGAGA-1-39_s3,3_leaf
AGGGTGAAGGTATCTC-1-41_s3,AGGGTGAAGGTATCTC-1-41_s3,20_leaf
ATCCCTGCACTGATTG-1-41_s3,ATCCCTGCACTGATTG-1-41_s3,20_leaf
ACTTCCGCATTGTACG-1-40_s3,ACTTCCGCATTGTACG-1-40_s3,20_leaf
CCTCCAAAGCATCTTG-1-40_s3,CCTCCAAAGCATCTTG-1-40_s3,5_leaf
GACCGTGGTTGCAACT-1-37_s3,GACCGTGGTTGCAACT-1-37_s3,3_leaf
CTACCCATCTACTGAG-1-38_s3,CTACCCATCTACTGAG-1-38_s3,5_leaf
AACCACAGTGGATCGA-1-41_s3,AACCACAGTGGATCGA-1-41_s3,3_leaf
CTACGGGCAAGTCGTT-1-37_s3,CTACGGGCAAGTCGTT-1-37_s3,5_leaf
AATGGCTGTCGATTAC-1-42_s3,AATGGCTGTCGATTAC-1-42_s3,5_leaf
CGGGTGTTCAGCTCTC-1-41_s3,CGGGTGTTCAGCTCTC-1-41_s3,3_leaf
GGTGGCTCACGGTGCT-1-43_s3,GGTGGCTCACGGTGCT-1-43_s3,5_leaf
CTGTAGATCTTAATCC-1-37_s3,CTGTAGATCTTAATCC-1-37_s3,5_leaf
ACTTATCAGTCTCGTA-1-42_s3,ACTTATCAGTCTCGTA-1-42_s3,20_leaf
CAGATCATCGGTAGAG-1-40_s3,CAGATCATCGGTAGAG-1-40_s3,6_leaf
TACATTCTCACTGGGC-1-38_s3,TACATTCTCACTGGGC-1-38_s3,19_leaf
CATCCCAAGATGCGAC-1-38_s3,CATCCCAAGATGCGAC-1-38_s3,20_leaf
GTTCATTAGGCTAAAT-1-42_s3,GTTCATTAGGCTAAAT-1-42_s3,5_leaf
GAGACCCGTCTGCAAT-1-38_s3,GAGACCCGTCTGCAAT-1-38_s3,20_leaf
CTGTCGTAGAGGCGTT-1-37_s3,CTGTCGTAGAGGCGTT-1-37_s3,20_leaf
AAAGGATAGACGCATG-1-41_s3,AAAGGATAGACGCATG-1-41_s3,5_leaf
TCCGGGAAGTGTTGAA-1-42_s3,TCCGGGAAGTGTTGAA-1-42_s3,5_leaf
CTCAAGAAGAGCGACT-1-39_s3,CTCAAGAAGAGCGACT-1-39_s3,3_leaf
AGTCAACCACCGGTCA-1-43_s3,AGTCAACCACCGGTCA-1-43_s3,19_leaf
TCTACCGGTTCAGGTT-1-42_s3,TCTACCGGTTCAGGTT-1-42_s3,19_leaf
CGCAGGTCAGGACTTT-1-42_s3,CGCAGGTCAGGACTTT-1-42_s3,5_leaf
CGATGCGCAGGGTCTC-1-42_s3,CGATGCGCAGGGTCTC-1-42_s3,3_leaf
GTTTACTAGTCGCCAC-1-42_s3,GTTTACTAGTCGCCAC-1-42_s3,3_leaf
ATCGTAGCAAGAGAGA-1-38_s3,ATCGTAGCAAGAGAGA-1-38_s3,5_leaf
GTGATGTGTTCATCTT-1-40_s3,GTGATGTGTTCATCTT-1-40_s3,5_leaf
TACGGGCCACTTGGGC-1-42_s3,TACGGGCCACTTGGGC-1-42_s3,19_leaf
TACAACGGTTAAACCC-1-36_s3,TACAACGGTTAAACCC-1-36_s3,5_leaf
CCTTTGGAGACATCCT-1-42_s3,CCTTTGGAGACATCCT-1-42_s3,19_leaf
CATTCCGAGAGGATGA-1-42_s3,CATTCCGAGAGGATGA-1-42_s3,20_leaf
CGCAGGTGTGTCACAT-1-38_s3,CGCAGGTGTGTCACAT-1-38_s3,5_leaf
GTGAGTTAGCCTCAAT-1-41_s3,GTGAGTTAGCCTCAAT-1-41_s3,5_leaf
ATCTTCAAGCTGTTAC-1-40_s3,ATCTTCAAGCTGTTAC-1-40_s3,19_leaf
ATCGTCCTCGTGGTAT-1-39_s3,ATCGTCCTCGTGGTAT-1-39_s3,5_leaf
GGTTAACTCTGCGGAC-1-42_s3,GGTTAACTCTGCGGAC-1-42_s3,3_leaf
TATGTTCCAGAGCCCT-1-42_s3,TATGTTCCAGAGCCCT-1-42_s3,5_leaf
TTCATTGTCACCGACG-1-39_s3,TTCATTGTCACCGACG-1-39_s3,20_leaf
TTCTCTCTCGAGAAGC-1-43_s3,TTCTCTCTCGAGAAGC-1-43_s3,19_leaf
ATTCTTGCAAGGCGTA-1-39_s3,ATTCTTGCAAGGCGTA-1-39_s3,10_leaf
AGCGCCAGTTACGATC-1-38_s3,AGCGCCAGTTACGATC-1-38_s3,19_leaf
GGAGCAAAGACAACTA-1-38_s3,GGAGCAAAGACAACTA-1-38_s3,10_leaf
GGAGATGGTGACTCGC-1-36_s3,GGAGATGGTGACTCGC-1-36_s3,5_leaf
CTACCCACAAGCGCTC-1-36_s3,CTACCCACAAGCGCTC-1-36_s3,10_leaf
ATCGTCCGTCATCCGG-1-36_s3,ATCGTCCGTCATCCGG-1-36_s3,3_leaf
TGTTCTAAGCGACTTT-1-42_s3,TGTTCTAAGCGACTTT-1-42_s3,20_leaf
CCTCAACTCATAGAGA-1-42_s3,CCTCAACTCATAGAGA-1-42_s3,3_leaf
CCAAGCGTCATCTCTA-1-36_s3,CCAAGCGTCATCTCTA-1-36_s3,20_leaf
CCTATCGAGCCTTTCC-1-37_s3,CCTATCGAGCCTTTCC-1-37_s3,3_leaf
AGGGCCTCAAGACGGT-1-40_s3,AGGGCCTCAAGACGGT-1-40_s3,5_leaf
TGCTCGTGTCGCTCGA-1-41_s3,TGCTCGTGTCGCTCGA-1-41_s3,10_leaf
TGGGTTACATAGATGA-1-41_s3,TGGGTTACATAGATGA-1-41_s3,3_leaf
CCCATTGGTCTCGACG-1-38_s3,CCCATTGGTCTCGACG-1-38_s3,5_leaf
GACTGATAGACACACG-1-41_s3,GACTGATAGACACACG-1-41_s3,20_leaf
GCTACAACAAGAGGCT-1-42_s3,GCTACAACAAGAGGCT-1-42_s3,19_leaf
GCAGGCTCAACGTTAC-1-38_s3,GCAGGCTCAACGTTAC-1-38_s3,5_leaf
TCACGGGCATCCGCGA-1-38_s3,TCACGGGCATCCGCGA-1-38_s3,19_leaf
TTTAGTCCAAGTGGGT-1-37_s3,TTTAGTCCAAGTGGGT-1-37_s3,19_leaf
TCCATCGAGTTACTCG-1-40_s3,TCCATCGAGTTACTCG-1-40_s3,19_leaf
GGTTCTCAGATGATTG-1-38_s3,GGTTCTCAGATGATTG-1-38_s3,6_leaf
TCTCCGAGTTTCGTAG-1-36_s3,TCTCCGAGTTTCGTAG-1-36_s3,20_leaf
CTATCTAGTTCTGAGT-1-39_s3,CTATCTAGTTCTGAGT-1-39_s3,3_leaf
CATGCTCGTCGATTCA-1-39_s3,CATGCTCGTCGATTCA-1-39_s3,19_leaf
AATGCCAAGAATCGCG-1-42_s3,AATGCCAAGAATCGCG-1-42_s3,19_leaf
AGAAGTAGTTTCTATC-1-40_s3,AGAAGTAGTTTCTATC-1-40_s3,19_leaf
CCAATGAGTTTCCATT-1-43_s3,CCAATGAGTTTCCATT-1-43_s3,19_leaf
AAGTACCCATCACGGC-1-43_s3,AAGTACCCATCACGGC-1-43_s3,20_leaf
TACCCGTGTACATACC-1-42_s3,TACCCGTGTACATACC-1-42_s3,3_leaf
CACAGGCAGGACAGTC-1-36_s3,CACAGGCAGGACAGTC-1-36_s3,3_leaf
AGACAGGGTCGGTGAA-1-36_s3,AGACAGGGTCGGTGAA-1-36_s3,20_leaf
GGTTGTACACGTACTA-1-41_s3,GGTTGTACACGTACTA-1-41_s3,3_leaf
GGTGTTACACACCTAA-1-37_s3,GGTGTTACACACCTAA-1-37_s3,5_leaf
CACAACATCCCTCGTA-1-41_s3,CACAACATCCCTCGTA-1-41_s3,19_leaf
TCCTCCCAGGGCTAAC-1-37_s3,TCCTCCCAGGGCTAAC-1-37_s3,20_leaf
CTGCCTACATCGGATT-1-36_s3,CTGCCTACATCGGATT-1-36_s3,19_leaf
TCTCCGAAGCTTCATG-1-40_s3,TCTCCGAAGCTTCATG-1-40_s3,3_leaf
CATCCACAGCCTGGAA-1-36_s3,CATCCACAGCCTGGAA-1-36_s3,3_leaf
AGTAGCTGTAGGTTTC-1-37_s3,AGTAGCTGTAGGTTTC-1-37_s3,19_leaf
GTTAGACAGAGCATCG-1-41_s3,GTTAGACAGAGCATCG-1-41_s3,10_leaf
CTCATTATCATTGCCC-1-38_s3,CTCATTATCATTGCCC-1-38_s3,10_leaf
AGTCTCCTCGTTATCT-1-38_s3,AGTCTCCTCGTTATCT-1-38_s3,19_leaf
CTGCGAGTCCCGAGGT-1-42_s3,CTGCGAGTCCCGAGGT-1-42_s3,10_leaf
GTCCACTAGAAGGTAG-1-40_s3,GTCCACTAGAAGGTAG-1-40_s3,19_leaf
TACGTCCAGCCTAACT-1-37_s3,TACGTCCAGCCTAACT-1-37_s3,3_leaf
ACAGCCGGTACTAACC-1-36_s3,ACAGCCGGTACTAACC-1-36_s3,5_leaf
TCGGGTGTCATCGCAA-1-43_s3,TCGGGTGTCATCGCAA-1-43_s3,20_leaf
GGGACAAGTATGTCCA-1-43_s3,GGGACAAGTATGTCCA-1-43_s3,19_leaf
GAGGCAACACCTTCGT-1-37_s3,GAGGCAACACCTTCGT-1-37_s3,5_leaf
CGCAGGTCAGAAATCA-1-43_s3,CGCAGGTCAGAAATCA-1-43_s3,19_leaf
GGTGGCTGTGACATCT-1-38_s3,GGTGGCTGTGACATCT-1-38_s3,5_leaf
GTACAACAGAGCCTGA-1-43_s3,GTACAACAGAGCCTGA-1-43_s3,19_leaf
TATACCTTCCACGTAA-1-38_s3,TATACCTTCCACGTAA-1-38_s3,3_leaf
AGATAGACAAGGCAAC-1-36_s3,AGATAGACAAGGCAAC-1-36_s3,5_leaf
CTCGAGGGTCAAAGCG-1-43_s3,CTCGAGGGTCAAAGCG-1-43_s3,19_leaf
ATCCGTCAGCCACAAG-1-38_s3,ATCCGTCAGCCACAAG-1-38_s3,20_leaf
TGATCAGGTGGCTTGC-1-38_s3,TGATCAGGTGGCTTGC-1-38_s3,3_leaf
AGGTCTAGTACCGGAA-1-43_s3,AGGTCTAGTACCGGAA-1-43_s3,3_leaf
TCGAAGTAGACTCGAG-1-42_s3,TCGAAGTAGACTCGAG-1-42_s3,3_leaf
AAGTGAAAGGGAGTTC-1-36_s3,AAGTGAAAGGGAGTTC-1-36_s3,5_leaf
ACTGTCCCAATGGCCC-1-37_s3,ACTGTCCCAATGGCCC-1-37_s3,5_leaf
TATCTTGCACGTCATA-1-36_s3,TATCTTGCACGTCATA-1-36_s3,19_leaf
AGGGCTCTCCTTCAGC-1-36_s3,AGGGCTCTCCTTCAGC-1-36_s3,3_leaf
GGGCTACCACTACCGG-1-38_s3,GGGCTACCACTACCGG-1-38_s3,5_leaf
TCATTCAAGAAATTGC-1-40_s3,TCATTCAAGAAATTGC-1-40_s3,5_leaf
TTCCACGGTATCAGCT-1-42_s3,TTCCACGGTATCAGCT-1-42_s3,20_leaf
TCGACCTCAGACACCC-1-42_s3,TCGACCTCAGACACCC-1-42_s3,5_leaf
TATCCTATCGGTGAAG-1-40_s3,TATCCTATCGGTGAAG-1-40_s3,5_leaf
TCCTCGACAAGTATAG-1-41_s3,TCCTCGACAAGTATAG-1-41_s3,20_leaf
GCTACAAAGTTCTCTT-1-38_s3,GCTACAAAGTTCTCTT-1-38_s3,19_leaf
CTGAATGCACGCACCA-1-38_s3,CTGAATGCACGCACCA-1-38_s3,6_leaf
ATGCGATCATGGACAG-1-40_s3,ATGCGATCATGGACAG-1-40_s3,3_leaf
GTTTACTGTAGGCAAC-1-36_s3,GTTTACTGTAGGCAAC-1-36_s3,20_leaf
TTGGGATAGGTCCCGT-1-43_s3,TTGGGATAGGTCCCGT-1-43_s3,19_leaf
AGGACGACAAGAGGCT-1-43_s3,AGGACGACAAGAGGCT-1-43_s3,20_leaf
TGGTTAGAGGATTTCC-1-41_s3,TGGTTAGAGGATTTCC-1-41_s3,6_leaf
ATCAGGTGTGGTACAG-1-43_s3,ATCAGGTGTGGTACAG-1-43_s3,3_leaf
AATCGTGAGTCAACAA-1-38_s3,AATCGTGAGTCAACAA-1-38_s3,5_leaf
ATCATTCCATGAGATA-1-36_s3,ATCATTCCATGAGATA-1-36_s3,3_leaf
GCCGATGAGCACTAGG-1-37_s3,GCCGATGAGCACTAGG-1-37_s3,10_leaf
TTGGGATTCTTCGTAT-1-38_s3,TTGGGATTCTTCGTAT-1-38_s3,5_leaf
TATATCCTCAGCGCAC-1-37_s3,TATATCCTCAGCGCAC-1-37_s3,3_leaf
CCGTTCAGTGGATGAC-1-41_s3,CCGTTCAGTGGATGAC-1-41_s3,5_leaf
ACTTAGGGTCTGATCA-1-39_s3,ACTTAGGGTCTGATCA-1-39_s3,20_leaf
GCAGGCTGTACAACGG-1-40_s3,GCAGGCTGTACAACGG-1-40_s3,5_leaf
TTGTTGTTCGCCAACG-1-40_s3,TTGTTGTTCGCCAACG-1-40_s3,5_leaf
ACTATGGAGTAGATCA-1-42_s3,ACTATGGAGTAGATCA-1-42_s3,5_leaf
TTTCAGTTCGAGATGG-1-41_s3,TTTCAGTTCGAGATGG-1-41_s3,3_leaf
CTTCCGAGTGAATTAG-1-42_s3,CTTCCGAGTGAATTAG-1-42_s3,10_leaf
GAGAGGTGTGGACCTC-1-37_s3,GAGAGGTGTGGACCTC-1-37_s3,19_leaf
GGTGATTTCGAGATAA-1-42_s3,GGTGATTTCGAGATAA-1-42_s3,3_leaf
CAAGCTACATCGTCCT-1-41_s3,CAAGCTACATCGTCCT-1-41_s3,19_leaf
ATTACCTCACAAAGCG-1-36_s3,ATTACCTCACAAAGCG-1-36_s3,5_leaf
CACAGATCACCAGCGT-1-41_s3,CACAGATCACCAGCGT-1-41_s3,5_leaf
TGTGAGTGTAATGTGA-1-42_s3,TGTGAGTGTAATGTGA-1-42_s3,20_leaf
ATACCTTCAACCCGCA-1-43_s3,ATACCTTCAACCCGCA-1-43_s3,19_leaf
CACTTCGAGCTCATAC-1-36_s3,CACTTCGAGCTCATAC-1-36_s3,3_leaf
GAAGCGAAGTCTGCGC-1-43_s3,GAAGCGAAGTCTGCGC-1-43_s3,5_leaf
GCAGCCAAGCTCCACG-1-42_s3,GCAGCCAAGCTCCACG-1-42_s3,5_leaf
GGGACTCGTTTACTGG-1-36_s3,GGGACTCGTTTACTGG-1-36_s3,5_leaf
TTCTAACGTGATGGCA-1-36_s3,TTCTAACGTGATGGCA-1-36_s3,20_leaf
CCGGTAGTCGCGTTTC-1-40_s3,CCGGTAGTCGCGTTTC-1-40_s3,19_leaf
TAGTGCACATAATCCG-1-39_s3,TAGTGCACATAATCCG-1-39_s3,3_leaf
TTAGGGTTCTCCTGTG-1-38_s3,TTAGGGTTCTCCTGTG-1-38_s3,20_leaf
GGAGCAAGTCCAAAGG-1-41_s3,GGAGCAAGTCCAAAGG-1-41_s3,20_leaf
ACGCACGCAATTGCAC-1-41_s3,ACGCACGCAATTGCAC-1-41_s3,19_leaf
ATCTTCATCTAGACCA-1-36_s3,ATCTTCATCTAGACCA-1-36_s3,5_leaf
GTCTAGAGTGGCATCC-1-36_s3,GTCTAGAGTGGCATCC-1-36_s3,5_leaf
GGAGCAATCCCTCTAG-1-41_s3,GGAGCAATCCCTCTAG-1-41_s3,5_leaf
TCAAGACGTATGGTAA-1-40_s3,TCAAGACGTATGGTAA-1-40_s3,5_leaf
TGTCCACAGTCGAATA-1-37_s3,TGTCCACAGTCGAATA-1-37_s3,5_leaf
CTTGAGAAGTGACCTT-1-43_s3,CTTGAGAAGTGACCTT-1-43_s3,20_leaf
TTGTGTTCACCCTTAC-1-36_s3,TTGTGTTCACCCTTAC-1-36_s3,20_leaf
TAATCTCGTACTAAGA-1-38_s3,TAATCTCGTACTAAGA-1-38_s3,10_leaf
ACGTAGTCATTGAAAG-1-36_s3,ACGTAGTCATTGAAAG-1-36_s3,10_leaf
GTCATCCTCACTGGGC-1-39_s3,GTCATCCTCACTGGGC-1-39_s3,3_leaf
TGGGTTAGTATGGAGC-1-43_s3,TGGGTTAGTATGGAGC-1-43_s3,3_leaf
TATCGCCCAGAATTCC-1-38_s3,TATCGCCCAGAATTCC-1-38_s3,3_leaf
CATTGTTGTCGAATGG-1-37_s3,CATTGTTGTCGAATGG-1-37_s3,5_leaf
ACATCGACAAGCGCTC-1-43_s3,ACATCGACAAGCGCTC-1-43_s3,20_leaf
TAAGTCGGTACGGATG-1-38_s3,TAAGTCGGTACGGATG-1-38_s3,20_leaf
CGCGTGACATCTCAAG-1-36_s3,CGCGTGACATCTCAAG-1-36_s3,6_leaf
GGGCTACGTGAATGAT-1-41_s3,GGGCTACGTGAATGAT-1-41_s3,3_leaf
TTAGTCTCATGTTACG-1-40_s3,TTAGTCTCATGTTACG-1-40_s3,3_leaf
CTAGGTAGTCCCGTGA-1-41_s3,CTAGGTAGTCCCGTGA-1-41_s3,19_leaf
GCTACCTTCAGAATAG-1-36_s3,GCTACCTTCAGAATAG-1-36_s3,10_leaf
TGTCCCAAGCATAGGC-1-43_s3,TGTCCCAAGCATAGGC-1-43_s3,3_leaf
TCACACCGTTGAAGTA-1-38_s3,TCACACCGTTGAAGTA-1-38_s3,20_leaf
AAGCCATCAGACTGCC-1-43_s3,AAGCCATCAGACTGCC-1-43_s3,20_leaf
GCGTGCATCGCAACAT-1-40_s3,GCGTGCATCGCAACAT-1-40_s3,20_leaf
CTGAGCGGTGTTTGCA-1-38_s3,CTGAGCGGTGTTTGCA-1-38_s3,19_leaf
GCAGCCACACACACTA-1-41_s3,GCAGCCACACACACTA-1-41_s3,19_leaf
CGCATAAGTCGTCAGC-1-36_s3,CGCATAAGTCGTCAGC-1-36_s3,20_leaf
CTTAGGAAGCATCAGG-1-41_s3,CTTAGGAAGCATCAGG-1-41_s3,10_leaf
TGAATCGTCCACATAG-1-38_s3,TGAATCGTCCACATAG-1-38_s3,20_leaf
CTGCTCACATTCTTCA-1-37_s3,CTGCTCACATTCTTCA-1-37_s3,5_leaf
AAATGGAAGGTTCTTG-1-37_s3,AAATGGAAGGTTCTTG-1-37_s3,5_leaf
AAAGTGAAGCGTCTGC-1-36_s3,AAAGTGAAGCGTCTGC-1-36_s3,6_leaf
AGACAGGTCGATCCCT-1-40_s3,AGACAGGTCGATCCCT-1-40_s3,5_leaf
AGAGCCCAGTAACCGG-1-43_s3,AGAGCCCAGTAACCGG-1-43_s3,5_leaf
GGTGTCGAGCAACTCT-1-41_s3,GGTGTCGAGCAACTCT-1-41_s3,5_leaf
AGTTCGATCTCGTCGT-1-43_s3,AGTTCGATCTCGTCGT-1-43_s3,3_leaf
GTCCTCACATTCTTCA-1-36_s3,GTCCTCACATTCTTCA-1-36_s3,3_leaf
ATGAAAGGTCTACACA-1-36_s3,ATGAAAGGTCTACACA-1-36_s3,5_leaf
AGTGACTCACTGTCCT-1-41_s3,AGTGACTCACTGTCCT-1-41_s3,5_leaf
AACAACCGTGTACAGG-1-40_s3,AACAACCGTGTACAGG-1-40_s3,5_leaf
CCGGTAGCAAACTAGA-1-36_s3,CCGGTAGCAAACTAGA-1-36_s3,3_leaf
TGGTGATGTAGCGTAG-1-38_s3,TGGTGATGTAGCGTAG-1-38_s3,10_leaf
CATGGTAGTGACTGAG-1-38_s3,CATGGTAGTGACTGAG-1-38_s3,5_leaf
GTGTCCTGTCGTGCCA-1-43_s3,GTGTCCTGTCGTGCCA-1-43_s3,5_leaf
ACCTGTCAGTAGCATA-1-43_s3,ACCTGTCAGTAGCATA-1-43_s3,5_leaf
GAAGCCCTCGCCAATA-1-42_s3,GAAGCCCTCGCCAATA-1-42_s3,3_leaf
TACTTGTGTGTGTGGA-1-37_s3,TACTTGTGTGTGTGGA-1-37_s3,19_leaf
ACATGCAGTCTCGACG-1-37_s3,ACATGCAGTCTCGACG-1-37_s3,5_leaf
AGTTCCCAGGCCTTGC-1-36_s3,AGTTCCCAGGCCTTGC-1-36_s3,19_leaf
CGCGTGAGTTAGTTCG-1-40_s3,CGCGTGAGTTAGTTCG-1-40_s3,20_leaf
AGACTCATCTGACAGT-1-40_s3,AGACTCATCTGACAGT-1-40_s3,5_leaf
CAATACGAGTCCTGTA-1-38_s3,CAATACGAGTCCTGTA-1-38_s3,3_leaf
GTGTGATCATACTGAC-1-37_s3,GTGTGATCATACTGAC-1-37_s3,20_leaf
TCGGGCAAGAGCCGTA-1-43_s3,TCGGGCAAGAGCCGTA-1-43_s3,5_leaf
AGGTTACTCGAGGCAA-1-39_s3,AGGTTACTCGAGGCAA-1-39_s3,5_leaf
CTCAGAACAATCACGT-1-37_s3,CTCAGAACAATCACGT-1-37_s3,5_leaf
CGAGGCTTCTATCACT-1-38_s3,CGAGGCTTCTATCACT-1-38_s3,3_leaf
ATCATTCAGTGAGGCT-1-36_s3,ATCATTCAGTGAGGCT-1-36_s3,5_leaf
TCCACCATCTGCGTCT-1-41_s3,TCCACCATCTGCGTCT-1-41_s3,6_leaf
CAGTGCGGTGTATTGC-1-39_s3,CAGTGCGGTGTATTGC-1-39_s3,20_leaf
TTCCTTCCAACTTCTT-1-40_s3,TTCCTTCCAACTTCTT-1-40_s3,3_leaf
TACTTACGTACCTATG-1-37_s3,TACTTACGTACCTATG-1-37_s3,5_leaf
ACAGGGACACACTGGC-1-41_s3,ACAGGGACACACTGGC-1-41_s3,10_leaf
GGAATCTCATGCGGTC-1-39_s3,GGAATCTCATGCGGTC-1-39_s3,20_leaf
AGAGCCCAGGTGGCTA-1-40_s3,AGAGCCCAGGTGGCTA-1-40_s3,5_leaf
GTACAGTGTTCTCCCA-1-40_s3,GTACAGTGTTCTCCCA-1-40_s3,10_leaf
TCCCAGTTCCACTAGA-1-42_s3,TCCCAGTTCCACTAGA-1-42_s3,19_leaf
GACTCAATCGCTACGG-1-40_s3,GACTCAATCGCTACGG-1-40_s3,5_leaf
TATTGCTTCACCTCAC-1-39_s3,TATTGCTTCACCTCAC-1-39_s3,19_leaf
TACCCGTGTTGGCTAT-1-36_s3,TACCCGTGTTGGCTAT-1-36_s3,6_leaf
AGGTTGTAGGCGTCCT-1-38_s3,AGGTTGTAGGCGTCCT-1-38_s3,20_leaf
TTCGATTAGATTAGTG-1-39_s3,TTCGATTAGATTAGTG-1-39_s3,20_leaf
CTCGAGGCAAGCACCC-1-37_s3,CTCGAGGCAAGCACCC-1-37_s3,5_leaf
CATGGTAAGCAGGTCA-1-37_s3,CATGGTAAGCAGGTCA-1-37_s3,19_leaf
GATCAGTGTCAGTCGC-1-43_s3,GATCAGTGTCAGTCGC-1-43_s3,3_leaf
ACTTCGCAGGTTGGAC-1-40_s3,ACTTCGCAGGTTGGAC-1-40_s3,5_leaf
CCGATCTTCCAATCTT-1-36_s3,CCGATCTTCCAATCTT-1-36_s3,20_leaf
CAGAGCCTCAACCTCC-1-40_s3,CAGAGCCTCAACCTCC-1-40_s3,5_leaf
ACTATGGCATTGTAGC-1-43_s3,ACTATGGCATTGTAGC-1-43_s3,5_leaf
TCTGGCTTCCTTATAC-1-40_s3,TCTGGCTTCCTTATAC-1-40_s3,5_leaf
GACTATGCAAATGGTA-1-36_s3,GACTATGCAAATGGTA-1-36_s3,20_leaf
ACAAAGATCGTACACA-1-40_s3,ACAAAGATCGTACACA-1-40_s3,20_leaf
AAGCGTTAGCACTCTA-1-42_s3,AAGCGTTAGCACTCTA-1-42_s3,6_leaf
CGGGTGTCAAAGGTTA-1-36_s3,CGGGTGTCAAAGGTTA-1-36_s3,3_leaf
GTCTACCCATGGAATA-1-40_s3,GTCTACCCATGGAATA-1-40_s3,3_leaf
CATTCATGTTGGAGGT-1-41_s3,CATTCATGTTGGAGGT-1-41_s3,5_leaf
CCCTCAAAGATTTGCC-1-41_s3,CCCTCAAAGATTTGCC-1-41_s3,19_leaf
CTGGACGCAGACACCC-1-39_s3,CTGGACGCAGACACCC-1-39_s3,10_leaf
TAATTCCTCTGCGAGC-1-41_s3,TAATTCCTCTGCGAGC-1-41_s3,20_leaf
GAGTCATGTGTCCATA-1-37_s3,GAGTCATGTGTCCATA-1-37_s3,20_leaf
TTGTTCATCTCGTGGG-1-42_s3,TTGTTCATCTCGTGGG-1-42_s3,5_leaf
ATGAAAGGTGCGTTTA-1-41_s3,ATGAAAGGTGCGTTTA-1-41_s3,3_leaf
CGGCAGTCAAGAGCTG-1-42_s3,CGGCAGTCAAGAGCTG-1-42_s3,6_leaf
GTTACCCCAACACGTT-1-37_s3,GTTACCCCAACACGTT-1-37_s3,5_leaf
TTGTTTGTCAGACCCG-1-38_s3,TTGTTTGTCAGACCCG-1-38_s3,20_leaf
GGAGCAAGTAATGTGA-1-40_s3,GGAGCAAGTAATGTGA-1-40_s3,19_leaf
ATTGGGTCAGTTCCAA-1-41_s3,ATTGGGTCAGTTCCAA-1-41_s3,19_leaf
TCTGCCATCAAACCTG-1-37_s3,TCTGCCATCAAACCTG-1-37_s3,5_leaf
AATCGACCAACAGAGC-1-38_s3,AATCGACCAACAGAGC-1-38_s3,5_leaf
TAGACTGTCGGCATTA-1-42_s3,TAGACTGTCGGCATTA-1-42_s3,19_leaf
GTAAGTCCACTAGGTT-1-36_s3,GTAAGTCCACTAGGTT-1-36_s3,20_leaf
AGAGCCCCACCAGCGT-1-38_s3,AGAGCCCCACCAGCGT-1-38_s3,19_leaf
GACTGATTCTATCGGA-1-37_s3,GACTGATTCTATCGGA-1-37_s3,10_leaf
CGTGCTTTCTCTTGCG-1-43_s3,CGTGCTTTCTCTTGCG-1-43_s3,19_leaf
AGGGTTTAGTTGTAAG-1-42_s3,AGGGTTTAGTTGTAAG-1-42_s3,19_leaf
CAGATTGCATGGGTCC-1-36_s3,CAGATTGCATGGGTCC-1-36_s3,3_leaf
CTGCTCACATGGCACC-1-41_s3,CTGCTCACATGGCACC-1-41_s3,5_leaf
TGAATGCGTGGCGCTT-1-37_s3,TGAATGCGTGGCGCTT-1-37_s3,3_leaf
AGATCGTAGCTCATAC-1-40_s3,AGATCGTAGCTCATAC-1-40_s3,20_leaf
TCAGGTAAGAGAGCGG-1-43_s3,TCAGGTAAGAGAGCGG-1-43_s3,3_leaf
AAGATAGTCGATACTG-1-41_s3,AAGATAGTCGATACTG-1-41_s3,5_leaf
TGGTAGTGTCCCGTGA-1-40_s3,TGGTAGTGTCCCGTGA-1-40_s3,19_leaf
AGCATCAAGTGATAGT-1-39_s3,AGCATCAAGTGATAGT-1-39_s3,5_leaf
CAATCGATCACAGTGT-1-40_s3,CAATCGATCACAGTGT-1-40_s3,3_leaf
ATTCCCGCAATTCACG-1-40_s3,ATTCCCGCAATTCACG-1-40_s3,20_leaf
CACTTCGAGACTGTTC-1-43_s3,CACTTCGAGACTGTTC-1-43_s3,19_leaf
CTCAAGACACAAGCTT-1-40_s3,CTCAAGACACAAGCTT-1-40_s3,20_leaf
ATGCATGGTTGCATAC-1-36_s3,ATGCATGGTTGCATAC-1-36_s3,5_leaf
CCCTCAACACTACCCT-1-42_s3,CCCTCAACACTACCCT-1-42_s3,5_leaf
TTGCTGCAGGCTAGCA-1-41_s3,TTGCTGCAGGCTAGCA-1-41_s3,5_leaf
TCCTGCAAGACGGAAA-1-37_s3,TCCTGCAAGACGGAAA-1-37_s3,5_leaf
CCAAGCGCAGTGTGGA-1-42_s3,CCAAGCGCAGTGTGGA-1-42_s3,20_leaf
CACGAATGTGCGGATA-1-36_s3,CACGAATGTGCGGATA-1-36_s3,10_leaf
GTTCCGTAGGACGCAT-1-41_s3,GTTCCGTAGGACGCAT-1-41_s3,19_leaf
TTCGGTCGTCATATGC-1-43_s3,TTCGGTCGTCATATGC-1-43_s3,10_leaf
CTTTCGGAGACTCTAC-1-37_s3,CTTTCGGAGACTCTAC-1-37_s3,5_leaf
CACTGTCAGCGTGCCT-1-42_s3,CACTGTCAGCGTGCCT-1-42_s3,20_leaf
GTAGTACGTAGGCAGT-1-36_s3,GTAGTACGTAGGCAGT-1-36_s3,19_leaf
GATAGCTTCGTTACCC-1-36_s3,GATAGCTTCGTTACCC-1-36_s3,10_leaf
GTAACCAGTCATCGCG-1-38_s3,GTAACCAGTCATCGCG-1-38_s3,3_leaf
GAGGCCTAGGATTTCC-1-41_s3,GAGGCCTAGGATTTCC-1-41_s3,5_leaf
GGACGTCTCGCCTATC-1-37_s3,GGACGTCTCGCCTATC-1-37_s3,3_leaf
CTACCCACAGAAGTTA-1-39_s3,CTACCCACAGAAGTTA-1-39_s3,3_leaf
TTGGGATCAAGTGCAG-1-39_s3,TTGGGATCAAGTGCAG-1-39_s3,20_leaf
ATACTTCTCCTACAAG-1-40_s3,ATACTTCTCCTACAAG-1-40_s3,20_leaf
CATTCTAAGGCTGAAC-1-43_s3,CATTCTAAGGCTGAAC-1-43_s3,20_leaf
GTCATGAGTCTAGGTT-1-38_s3,GTCATGAGTCTAGGTT-1-38_s3,20_leaf
AGCCACGGTAGAATGT-1-41_s3,AGCCACGGTAGAATGT-1-41_s3,20_leaf
TTGCTGCTCACGGGAA-1-38_s3,TTGCTGCTCACGGGAA-1-38_s3,20_leaf
GTGCACGTCTACCTTA-1-37_s3,GTGCACGTCTACCTTA-1-37_s3,5_leaf
TCTACATTCTGGGAGA-1-37_s3,TCTACATTCTGGGAGA-1-37_s3,19_leaf
GGCACGTCAGGTCAGA-1-40_s3,GGCACGTCAGGTCAGA-1-40_s3,19_leaf
GCAACATGTGCTCGTG-1-39_s3,GCAACATGTGCTCGTG-1-39_s3,20_leaf
TAATTCCAGTTGGGAC-1-38_s3,TAATTCCAGTTGGGAC-1-38_s3,3_leaf
CCTCATGAGAGAGGTA-1-41_s3,CCTCATGAGAGAGGTA-1-41_s3,5_leaf
ACTATCTAGTAACAGT-1-37_s3,ACTATCTAGTAACAGT-1-37_s3,5_leaf
CATGCTCGTCTACAAC-1-42_s3,CATGCTCGTCTACAAC-1-42_s3,20_leaf
CTCATTACACCATAAC-1-41_s3,CTCATTACACCATAAC-1-41_s3,5_leaf
GCTTCACAGGCACTAG-1-42_s3,GCTTCACAGGCACTAG-1-42_s3,19_leaf
GTGCTGGAGACCAAAT-1-41_s3,GTGCTGGAGACCAAAT-1-41_s3,20_leaf
CGCGTGAAGGCTTTCA-1-39_s3,CGCGTGAAGGCTTTCA-1-39_s3,5_leaf
CACAGATAGGATCATA-1-37_s3,CACAGATAGGATCATA-1-37_s3,20_leaf
TATCCTATCACTAGCA-1-39_s3,TATCCTATCACTAGCA-1-39_s3,5_leaf
CATTCCGAGTCAGGGT-1-36_s3,CATTCCGAGTCAGGGT-1-36_s3,5_leaf
TCGGATAAGCTGTTAC-1-36_s3,TCGGATAAGCTGTTAC-1-36_s3,3_leaf
GTTATGGAGCATGGGT-1-38_s3,GTTATGGAGCATGGGT-1-38_s3,5_leaf
CTACAGAGTGTATCCA-1-41_s3,CTACAGAGTGTATCCA-1-41_s3,5_leaf
CTGTAGATCAGTGTGT-1-39_s3,CTGTAGATCAGTGTGT-1-39_s3,5_leaf
CCTCATGCAGAGAAAG-1-37_s3,CCTCATGCAGAGAAAG-1-37_s3,19_leaf
GAATCGTTCTGCGGAC-1-43_s3,GAATCGTTCTGCGGAC-1-43_s3,10_leaf
AAGTGAAGTGCACATT-1-40_s3,AAGTGAAGTGCACATT-1-40_s3,19_leaf
TGCTCGTGTAACAGGC-1-43_s3,TGCTCGTGTAACAGGC-1-43_s3,20_leaf
CTCATTAAGCTCAGAG-1-42_s3,CTCATTAAGCTCAGAG-1-42_s3,19_leaf
GGGCGTTAGTAGGATT-1-36_s3,GGGCGTTAGTAGGATT-1-36_s3,5_leaf
GTTGTGACACTGTGTA-1-36_s3,GTTGTGACACTGTGTA-1-36_s3,19_leaf
CGATGGCCAGCATTGT-1-41_s3,CGATGGCCAGCATTGT-1-41_s3,3_leaf
TTCGCTGGTTGATCGT-1-42_s3,TTCGCTGGTTGATCGT-1-42_s3,3_leaf
GACACGCTCATGGAGG-1-36_s3,GACACGCTCATGGAGG-1-36_s3,19_leaf
GTGGTTATCACGTAGT-1-37_s3,GTGGTTATCACGTAGT-1-37_s3,19_leaf
AAGCATCGTCTCGACG-1-40_s3,AAGCATCGTCTCGACG-1-40_s3,3_leaf
ATCGGATGTACAAACA-1-36_s3,ATCGGATGTACAAACA-1-36_s3,19_leaf
CCATCACTCAGGTAAA-1-36_s3,CCATCACTCAGGTAAA-1-36_s3,19_leaf
TCACTCGAGGTTCACT-1-36_s3,TCACTCGAGGTTCACT-1-36_s3,20_leaf
ACTCTCGAGAAGCCTG-1-40_s3,ACTCTCGAGAAGCCTG-1-40_s3,6_leaf
CAACCAATCAAATAGG-1-40_s3,CAACCAATCAAATAGG-1-40_s3,5_leaf
AAAGGATCAGCTGCCA-1-40_s3,AAAGGATCAGCTGCCA-1-40_s3,5_leaf
TTCTAACGTGTCGCTG-1-39_s3,TTCTAACGTGTCGCTG-1-39_s3,5_leaf
TCGCAGGCAGGCCTGT-1-38_s3,TCGCAGGCAGGCCTGT-1-38_s3,3_leaf
TCCGTGTGTACAGAGC-1-38_s3,TCCGTGTGTACAGAGC-1-38_s3,3_leaf
CATTTCAGTAGCACGA-1-40_s3,CATTTCAGTAGCACGA-1-40_s3,3_leaf
TCCGAAAAGTGGGAAA-1-36_s3,TCCGAAAAGTGGGAAA-1-36_s3,5_leaf
TGGGCTGAGTTCCAGT-1-43_s3,TGGGCTGAGTTCCAGT-1-43_s3,10_leaf
TACACCCGTGTGAGCA-1-38_s3,TACACCCGTGTGAGCA-1-38_s3,5_leaf
CAGCACGTCATTTGTC-1-42_s3,CAGCACGTCATTTGTC-1-42_s3,19_leaf
TATCCTACAAACCACT-1-39_s3,TATCCTACAAACCACT-1-39_s3,5_leaf
CGTTCTGGTCTGTGGC-1-41_s3,CGTTCTGGTCTGTGGC-1-41_s3,19_leaf
GTGATGTAGGGAGATA-1-42_s3,GTGATGTAGGGAGATA-1-42_s3,19_leaf
GGGTAGATCCGAGTGC-1-41_s3,GGGTAGATCCGAGTGC-1-41_s3,5_leaf
TTCTGTACAGGTGACA-1-41_s3,TTCTGTACAGGTGACA-1-41_s3,3_leaf
GCTACAATCCCGAGTG-1-36_s3,GCTACAATCCCGAGTG-1-36_s3,5_leaf
CCACACTTCATGTCTT-1-42_s3,CCACACTTCATGTCTT-1-42_s3,5_leaf
TTACTGTCACATACTG-1-38_s3,TTACTGTCACATACTG-1-38_s3,5_leaf
CGGGCATTCGAGCTGC-1-40_s3,CGGGCATTCGAGCTGC-1-40_s3,20_leaf
ACGATGTCATTGTACG-1-40_s3,ACGATGTCATTGTACG-1-40_s3,5_leaf
AAATGGAGTAGGACTG-1-40_s3,AAATGGAGTAGGACTG-1-40_s3,3_leaf
GTGGAGATCCCTCGAT-1-41_s3,GTGGAGATCCCTCGAT-1-41_s3,5_leaf
GATTCTTGTCGTGATT-1-36_s3,GATTCTTGTCGTGATT-1-36_s3,5_leaf
CATCGCTAGTGGTTAA-1-40_s3,CATCGCTAGTGGTTAA-1-40_s3,3_leaf
GATCACATCCAATGCA-1-36_s3,GATCACATCCAATGCA-1-36_s3,10_leaf
TACCGGGCATATCTCT-1-42_s3,TACCGGGCATATCTCT-1-42_s3,5_leaf
CTACATTCACCATTCC-1-40_s3,CTACATTCACCATTCC-1-40_s3,5_leaf
TTGGGATAGAGAGCCT-1-36_s3,TTGGGATAGAGAGCCT-1-36_s3,5_leaf
TTGCCTGGTGCCTATA-1-39_s3,TTGCCTGGTGCCTATA-1-39_s3,20_leaf
TTGTTCAAGCGTCTGC-1-36_s3,TTGTTCAAGCGTCTGC-1-36_s3,3_leaf
CCCGAAGGTAGAGGAA-1-41_s3,CCCGAAGGTAGAGGAA-1-41_s3,20_leaf
CCTCTCCGTGTCGATT-1-42_s3,CCTCTCCGTGTCGATT-1-42_s3,19_leaf
TCATCATAGGTCACAG-1-38_s3,TCATCATAGGTCACAG-1-38_s3,3_leaf
TTCCAATAGGTCACTT-1-38_s3,TTCCAATAGGTCACTT-1-38_s3,3_leaf
ATGAGGGCAGCAGACA-1-40_s3,ATGAGGGCAGCAGACA-1-40_s3,19_leaf
TTTCCTCTCTCTGACC-1-40_s3,TTTCCTCTCTCTGACC-1-40_s3,19_leaf
ACGGGTCAGCTGTACT-1-37_s3,ACGGGTCAGCTGTACT-1-37_s3,19_leaf
GAATCGTAGTCCGCGT-1-43_s3,GAATCGTAGTCCGCGT-1-43_s3,19_leaf
GATGGAGAGAGAACCC-1-42_s3,GATGGAGAGAGAACCC-1-42_s3,20_leaf
AGGGCCTTCATCGCTC-1-37_s3,AGGGCCTTCATCGCTC-1-37_s3,20_leaf
GTCAGCGTCTTTGATC-1-38_s3,GTCAGCGTCTTTGATC-1-38_s3,5_leaf
TGCAGATAGTGCAACG-1-41_s3,TGCAGATAGTGCAACG-1-41_s3,3_leaf
TGGGAGATCCATTCAT-1-43_s3,TGGGAGATCCATTCAT-1-43_s3,20_leaf
AAGCATCTCAACCCGG-1-37_s3,AAGCATCTCAACCCGG-1-37_s3,6_leaf
ACCAAACTCTATGCCC-1-43_s3,ACCAAACTCTATGCCC-1-43_s3,5_leaf
TGTGCGGTCTTAATCC-1-37_s3,TGTGCGGTCTTAATCC-1-37_s3,19_leaf
TGGTTAGCATTGAGCT-1-41_s3,TGGTTAGCATTGAGCT-1-41_s3,3_leaf
GATTCTTTCCCTCTTT-1-42_s3,GATTCTTTCCCTCTTT-1-42_s3,20_leaf
TATCGCCAGCTTCTAG-1-36_s3,TATCGCCAGCTTCTAG-1-36_s3,5_leaf
AGTCTCCAGACTTCCA-1-40_s3,AGTCTCCAGACTTCCA-1-40_s3,3_leaf
TGTTCTAGTGACGTCC-1-43_s3,TGTTCTAGTGACGTCC-1-43_s3,5_leaf
GTAACACGTTCGGACC-1-37_s3,GTAACACGTTCGGACC-1-37_s3,5_leaf
CGGCAGTAGGTTTGAA-1-36_s3,CGGCAGTAGGTTTGAA-1-36_s3,20_leaf
TGGTTAGAGCTGGAGT-1-40_s3,TGGTTAGAGCTGGAGT-1-40_s3,10_leaf
GTGCACGAGCTGAGTG-1-37_s3,GTGCACGAGCTGAGTG-1-37_s3,19_leaf
TCAATCTGTGCATGAG-1-37_s3,TCAATCTGTGCATGAG-1-37_s3,20_leaf
ATAGACCCAAATTGCC-1-43_s3,ATAGACCCAAATTGCC-1-43_s3,5_leaf
GAGCCTGAGCCTGACC-1-38_s3,GAGCCTGAGCCTGACC-1-38_s3,19_leaf
GATGCTAGTCACCGCA-1-42_s3,GATGCTAGTCACCGCA-1-42_s3,5_leaf
GTTAGTGAGGATTACA-1-37_s3,GTTAGTGAGGATTACA-1-37_s3,20_leaf
TGGGATTTCTTCCTAA-1-42_s3,TGGGATTTCTTCCTAA-1-42_s3,20_leaf
GCAGCTGGTGTACGCC-1-37_s3,GCAGCTGGTGTACGCC-1-37_s3,20_leaf
TGATGGTTCCTTGAAG-1-41_s3,TGATGGTTCCTTGAAG-1-41_s3,3_leaf
GCTGGGTTCCGACAGC-1-40_s3,GCTGGGTTCCGACAGC-1-40_s3,19_leaf
ATACCTTAGCGCAATG-1-42_s3,ATACCTTAGCGCAATG-1-42_s3,20_leaf
CGAGTTATCCCAGCGA-1-38_s3,CGAGTTATCCCAGCGA-1-38_s3,19_leaf
TACCGAAGTGGCATCC-1-42_s3,TACCGAAGTGGCATCC-1-42_s3,5_leaf
CTTGAGAGTATGCTTG-1-37_s3,CTTGAGAGTATGCTTG-1-37_s3,5_leaf
GGTGAAGGTCTACGAT-1-40_s3,GGTGAAGGTCTACGAT-1-40_s3,3_leaf
TAAGTCGTCTAGTTCT-1-36_s3,TAAGTCGTCTAGTTCT-1-36_s3,10_leaf
CACGTTCCACGTCATA-1-39_s3,CACGTTCCACGTCATA-1-39_s3,19_leaf
GGTAATCGTACGAGCA-1-38_s3,GGTAATCGTACGAGCA-1-38_s3,20_leaf
GCTGCAGTCCAGCACG-1-39_s3,GCTGCAGTCCAGCACG-1-39_s3,3_leaf
TACTTACGTCATATGC-1-37_s3,TACTTACGTCATATGC-1-37_s3,5_leaf
CAGATACGTTTACTGG-1-37_s3,CAGATACGTTTACTGG-1-37_s3,5_leaf
TCAGTTTTCTCTAGGA-1-39_s3,TCAGTTTTCTCTAGGA-1-39_s3,3_leaf
GGGAAGTCATCGATAC-1-41_s3,GGGAAGTCATCGATAC-1-41_s3,19_leaf
AAGACTCGTACCGTCG-1-39_s3,AAGACTCGTACCGTCG-1-39_s3,5_leaf
CACGTGGTCAACTGGT-1-37_s3,CACGTGGTCAACTGGT-1-37_s3,3_leaf
ATTCCTAGTCAAGCCC-1-41_s3,ATTCCTAGTCAAGCCC-1-41_s3,5_leaf
TCGTGGGCAACACAAA-1-39_s3,TCGTGGGCAACACAAA-1-39_s3,5_leaf
TTAGGGTCAGTGAGCA-1-39_s3,TTAGGGTCAGTGAGCA-1-39_s3,19_leaf
CAGCGTGGTCCGTACG-1-41_s3,CAGCGTGGTCCGTACG-1-41_s3,19_leaf
TCAAGCACACATTCGA-1-39_s3,TCAAGCACACATTCGA-1-39_s3,3_leaf
TGAACGTGTTTGTTGG-1-36_s3,TGAACGTGTTTGTTGG-1-36_s3,20_leaf
GAAGAATCAGTATGAA-1-38_s3,GAAGAATCAGTATGAA-1-38_s3,5_leaf
ATTCTTGGTCGCCACA-1-41_s3,ATTCTTGGTCGCCACA-1-41_s3,20_leaf
AGTGCCGCAATACCCA-1-39_s3,AGTGCCGCAATACCCA-1-39_s3,5_leaf
GCTACAAAGGCCTTGC-1-38_s3,GCTACAAAGGCCTTGC-1-38_s3,20_leaf
GAAGCGAAGTTACTCG-1-41_s3,GAAGCGAAGTTACTCG-1-41_s3,3_leaf
ATAGACCTCGTAGAGG-1-40_s3,ATAGACCTCGTAGAGG-1-40_s3,20_leaf
AGGTTACTCCAGTGTA-1-42_s3,AGGTTACTCCAGTGTA-1-42_s3,5_leaf
CTTCTCTCAGATTTCG-1-40_s3,CTTCTCTCAGATTTCG-1-40_s3,10_leaf
TACCCACAGTCGGCCT-1-43_s3,TACCCACAGTCGGCCT-1-43_s3,19_leaf
CGTAGTACAGGACAGT-1-43_s3,CGTAGTACAGGACAGT-1-43_s3,5_leaf
TGTGCGGGTGATAGTA-1-42_s3,TGTGCGGGTGATAGTA-1-42_s3,3_leaf
ATCCCTGGTGATACTC-1-41_s3,ATCCCTGGTGATACTC-1-41_s3,5_leaf
CGTGCTTCATAGGAGC-1-37_s3,CGTGCTTCATAGGAGC-1-37_s3,3_leaf
GTCGAATCACGCTTAA-1-40_s3,GTCGAATCACGCTTAA-1-40_s3,5_leaf
TGCTTGCCAATTGCGT-1-38_s3,TGCTTGCCAATTGCGT-1-38_s3,5_leaf
GACGTTAGTGATGTAA-1-37_s3,GACGTTAGTGATGTAA-1-37_s3,3_leaf
TGGTTAGAGAAGGTAG-1-42_s3,TGGTTAGAGAAGGTAG-1-42_s3,19_leaf
TGCGACGGTCTAACTG-1-36_s3,TGCGACGGTCTAACTG-1-36_s3,20_leaf
TCAATTCCAAAGAGTT-1-43_s3,TCAATTCCAAAGAGTT-1-43_s3,5_leaf
GCCGATGAGCGCATCC-1-42_s3,GCCGATGAGCGCATCC-1-42_s3,19_leaf
TTCGGTCCAATCGCAT-1-37_s3,TTCGGTCCAATCGCAT-1-37_s3,20_leaf
GTCATGAGTTAGCGGA-1-40_s3,GTCATGAGTTAGCGGA-1-40_s3,5_leaf
TAGACTGTCGCCGAAC-1-41_s3,TAGACTGTCGCCGAAC-1-41_s3,20_leaf
ATTCATCTCTGTCGTC-1-38_s3,ATTCATCTCTGTCGTC-1-38_s3,20_leaf
ATCGATGGTGACGTCC-1-39_s3,ATCGATGGTGACGTCC-1-39_s3,5_leaf
TCCCAGTCAATTGAGA-1-43_s3,TCCCAGTCAATTGAGA-1-43_s3,19_leaf
ACAGGGATCGGCGATC-1-38_s3,ACAGGGATCGGCGATC-1-38_s3,5_leaf
CTCATCGTCCAAGAGG-1-39_s3,CTCATCGTCCAAGAGG-1-39_s3,3_leaf
CTTTCGGAGGACTAAT-1-42_s3,CTTTCGGAGGACTAAT-1-42_s3,20_leaf
CTGTAGAGTTGTAAAG-1-42_s3,CTGTAGAGTTGTAAAG-1-42_s3,20_leaf
CAACCTCGTCGTCTCT-1-36_s3,CAACCTCGTCGTCTCT-1-36_s3,3_leaf
TTTCCTCTCGCTCCTA-1-41_s3,TTTCCTCTCGCTCCTA-1-41_s3,5_leaf
GGTGATTTCCATTTAC-1-37_s3,GGTGATTTCCATTTAC-1-37_s3,19_leaf
AGTCACATCGCTGTTC-1-40_s3,AGTCACATCGCTGTTC-1-40_s3,20_leaf
TTGCGTCTCCATCGTC-1-40_s3,TTGCGTCTCCATCGTC-1-40_s3,5_leaf
TTTAGTCTCTCAGGCG-1-43_s3,TTTAGTCTCTCAGGCG-1-43_s3,19_leaf
TTTGATCTCTTCCCGA-1-38_s3,TTTGATCTCTTCCCGA-1-38_s3,3_leaf
CGTAATGAGCGCCCAT-1-38_s3,CGTAATGAGCGCCCAT-1-38_s3,20_leaf
CCGTGAGGTTTACTTC-1-37_s3,CCGTGAGGTTTACTTC-1-37_s3,19_leaf
ACGTTCCTCAACCGAT-1-37_s3,ACGTTCCTCAACCGAT-1-37_s3,5_leaf
CTCATGCCATAGGTAA-1-43_s3,CTCATGCCATAGGTAA-1-43_s3,10_leaf
TTCCGGTTCCAACTAG-1-42_s3,TTCCGGTTCCAACTAG-1-42_s3,20_leaf
AAGACAACAAGATCCT-1-38_s3,AAGACAACAAGATCCT-1-38_s3,10_leaf
AACCACAAGCTGCCAC-1-36_s3,AACCACAAGCTGCCAC-1-36_s3,19_leaf
GCAGGCTCATCATCCC-1-36_s3,GCAGGCTCATCATCCC-1-36_s3,3_leaf
GCCAGTGAGGTCACTT-1-42_s3,GCCAGTGAGGTCACTT-1-42_s3,5_leaf
ATGGAGGGTGGATACG-1-42_s3,ATGGAGGGTGGATACG-1-42_s3,20_leaf
AGCCAGCGTCATCACA-1-42_s3,AGCCAGCGTCATCACA-1-42_s3,5_leaf
GTGTGATCAGCAATTC-1-39_s3,GTGTGATCAGCAATTC-1-39_s3,5_leaf
CTCAATTCAGCGTAGA-1-36_s3,CTCAATTCAGCGTAGA-1-36_s3,6_leaf
TCATCATTCGTGGTAT-1-39_s3,TCATCATTCGTGGTAT-1-39_s3,5_leaf
GTCTCACTCATGTCTT-1-40_s3,GTCTCACTCATGTCTT-1-40_s3,19_leaf
ATCGGATTCCTAGCGG-1-40_s3,ATCGGATTCCTAGCGG-1-40_s3,10_leaf
CACCGTTAGGGCGAAG-1-42_s3,CACCGTTAGGGCGAAG-1-42_s3,20_leaf
TACGGTAAGAGTCTGG-1-40_s3,TACGGTAAGAGTCTGG-1-40_s3,19_leaf
CAGCCAGGTTCATCGA-1-42_s3,CAGCCAGGTTCATCGA-1-42_s3,20_leaf
AAGGTAACATGGCGCT-1-39_s3,AAGGTAACATGGCGCT-1-39_s3,20_leaf
CAGCAGCGTAGCACAG-1-41_s3,CAGCAGCGTAGCACAG-1-41_s3,19_leaf
GTAGGAGGTATCCCAA-1-37_s3,GTAGGAGGTATCCCAA-1-37_s3,5_leaf
CCCTCTCGTATCTCTT-1-40_s3,CCCTCTCGTATCTCTT-1-40_s3,3_leaf
AGCGCTGGTAAGTCAA-1-42_s3,AGCGCTGGTAAGTCAA-1-42_s3,5_leaf
CGCCAGAGTGCTCTCT-1-38_s3,CGCCAGAGTGCTCTCT-1-38_s3,20_leaf
ACGTACAAGAGCACTG-1-42_s3,ACGTACAAGAGCACTG-1-42_s3,3_leaf
TGCGGGTAGGCATTTC-1-42_s3,TGCGGGTAGGCATTTC-1-42_s3,19_leaf
GTAACACTCTGTGCGG-1-42_s3,GTAACACTCTGTGCGG-1-42_s3,5_leaf
ACTTCGCTCTTGGAAC-1-37_s3,ACTTCGCTCTTGGAAC-1-37_s3,10_leaf
TTCTAGTAGATCACTC-1-38_s3,TTCTAGTAGATCACTC-1-38_s3,3_leaf
TACCCACCATTGTACG-1-41_s3,TACCCACCATTGTACG-1-41_s3,5_leaf
CCTTGTGAGGCCACCT-1-37_s3,CCTTGTGAGGCCACCT-1-37_s3,20_leaf
ATCCATTCAGATACCT-1-38_s3,ATCCATTCAGATACCT-1-38_s3,3_leaf
AGGACTTGTCCCTGTT-1-36_s3,AGGACTTGTCCCTGTT-1-36_s3,19_leaf
CAGTGCGCAGCTCTGG-1-43_s3,CAGTGCGCAGCTCTGG-1-43_s3,20_leaf
ACCATTTAGATGTTCC-1-43_s3,ACCATTTAGATGTTCC-1-43_s3,10_leaf
CTGTACCAGCTTGTGT-1-42_s3,CTGTACCAGCTTGTGT-1-42_s3,3_leaf
CCGTAGGAGTGGCGAT-1-36_s3,CCGTAGGAGTGGCGAT-1-36_s3,19_leaf
TTTCACATCGTTCAGA-1-37_s3,TTTCACATCGTTCAGA-1-37_s3,20_leaf
TTGCCTGAGGAATCGC-1-43_s3,TTGCCTGAGGAATCGC-1-43_s3,5_leaf
CATCGTCCATTACGGT-1-42_s3,CATCGTCCATTACGGT-1-42_s3,5_leaf
ATCGGCGGTGCATTAC-1-42_s3,ATCGGCGGTGCATTAC-1-42_s3,5_leaf
GTGTGGCCATAGATCC-1-42_s3,GTGTGGCCATAGATCC-1-42_s3,19_leaf
TCTTGCGCACATGTTG-1-38_s3,TCTTGCGCACATGTTG-1-38_s3,5_leaf
CCAATGACAGCTCTGG-1-40_s3,CCAATGACAGCTCTGG-1-40_s3,5_leaf
CATTCATCACCGCTGA-1-42_s3,CATTCATCACCGCTGA-1-42_s3,6_leaf
ATTCCTATCAACGCTA-1-40_s3,ATTCCTATCAACGCTA-1-40_s3,5_leaf
GCCGTGATCCACACAA-1-41_s3,GCCGTGATCCACACAA-1-41_s3,5_leaf
ACGGGTCGTAGTCTGT-1-40_s3,ACGGGTCGTAGTCTGT-1-40_s3,19_leaf
TGGTAGTCATGTGGTT-1-41_s3,TGGTAGTCATGTGGTT-1-41_s3,20_leaf
TTTACGTTCCATTTGT-1-40_s3,TTTACGTTCCATTTGT-1-40_s3,19_leaf
AAGACAAGTAGTCTGT-1-37_s3,AAGACAAGTAGTCTGT-1-37_s3,20_leaf
ACCAACAAGATAGTCA-1-43_s3,ACCAACAAGATAGTCA-1-43_s3,20_leaf
AGGATCTTCAGGAAAT-1-40_s3,AGGATCTTCAGGAAAT-1-40_s3,20_leaf
TGAGCATCAGTCGGAA-1-36_s3,TGAGCATCAGTCGGAA-1-36_s3,5_leaf
GTAACCATCTTAGGAC-1-40_s3,GTAACCATCTTAGGAC-1-40_s3,10_leaf
TCGACCTGTGCGAACA-1-38_s3,TCGACCTGTGCGAACA-1-38_s3,19_leaf
GGCACGTAGAATTCAG-1-42_s3,GGCACGTAGAATTCAG-1-42_s3,5_leaf
TTCGATTCACCGTACG-1-42_s3,TTCGATTCACCGTACG-1-42_s3,20_leaf
ATCACAGGTAACACGG-1-43_s3,ATCACAGGTAACACGG-1-43_s3,3_leaf
GCGTTTCAGCACACAG-1-36_s3,GCGTTTCAGCACACAG-1-36_s3,19_leaf
GTAGCTAGTTCACGAT-1-38_s3,GTAGCTAGTTCACGAT-1-38_s3,19_leaf
AAGTGAAAGTGGTTAA-1-42_s3,AAGTGAAAGTGGTTAA-1-42_s3,5_leaf
CCCTCTCAGTTTCGGT-1-37_s3,CCCTCTCAGTTTCGGT-1-37_s3,19_leaf
TATCAGGGTAGTGATA-1-40_s3,TATCAGGGTAGTGATA-1-40_s3,5_leaf
ACTATGGAGAGAGCGG-1-37_s3,ACTATGGAGAGAGCGG-1-37_s3,10_leaf
GGTAGAGGTTGTTGTG-1-42_s3,GGTAGAGGTTGTTGTG-1-42_s3,3_leaf
CGAAGGACAAATCCCA-1-41_s3,CGAAGGACAAATCCCA-1-41_s3,5_leaf
GAGACCCCAGCAGTGA-1-42_s3,GAGACCCCAGCAGTGA-1-42_s3,20_leaf
GCTTCACTCGTCGATA-1-38_s3,GCTTCACTCGTCGATA-1-38_s3,19_leaf
GGTCACGTCCACCCTA-1-41_s3,GGTCACGTCCACCCTA-1-41_s3,5_leaf
GTGGCGTTCGGATACT-1-42_s3,GTGGCGTTCGGATACT-1-42_s3,19_leaf
AAACCCACACCCGTAG-1-41_s3,AAACCCACACCCGTAG-1-41_s3,20_leaf
GGGCCATGTCGCTCGA-1-42_s3,GGGCCATGTCGCTCGA-1-42_s3,5_leaf
TCTTGCGTCGGTCTAA-1-39_s3,TCTTGCGTCGGTCTAA-1-39_s3,5_leaf
CACTGAAAGAAGGGAT-1-43_s3,CACTGAAAGAAGGGAT-1-43_s3,5_leaf
TCATTCACAGTTGTCA-1-40_s3,TCATTCACAGTTGTCA-1-40_s3,10_leaf
ATCCATTCAATCTGCA-1-38_s3,ATCCATTCAATCTGCA-1-38_s3,20_leaf
ATTACTCGTTCCCACT-1-40_s3,ATTACTCGTTCCCACT-1-40_s3,6_leaf
ATGTCTTTCCCGAGGT-1-42_s3,ATGTCTTTCCCGAGGT-1-42_s3,20_leaf
TCGGGTGCAAGGGTCA-1-43_s3,TCGGGTGCAAGGGTCA-1-43_s3,19_leaf
CCATAAGAGTCACACT-1-43_s3,CCATAAGAGTCACACT-1-43_s3,5_leaf
CATTCCGAGAATCCCT-1-43_s3,CATTCCGAGAATCCCT-1-43_s3,19_leaf
GCCAGCAGTATCTCTT-1-39_s3,GCCAGCAGTATCTCTT-1-39_s3,20_leaf
TACGGGCAGCCGTTGC-1-38_s3,TACGGGCAGCCGTTGC-1-38_s3,3_leaf
GTGTGATAGAAGATCT-1-37_s3,GTGTGATAGAAGATCT-1-37_s3,10_leaf
CCTCAACAGTTAGAAC-1-41_s3,CCTCAACAGTTAGAAC-1-41_s3,10_leaf
GTCGTTCAGCGTTGTT-1-42_s3,GTCGTTCAGCGTTGTT-1-42_s3,5_leaf
GGACGTCAGGCGACAT-1-38_s3,GGACGTCAGGCGACAT-1-38_s3,5_leaf
ACTGATGTCGGCCAAC-1-43_s3,ACTGATGTCGGCCAAC-1-43_s3,19_leaf
TATGTTCGTTCCAAAC-1-38_s3,TATGTTCGTTCCAAAC-1-38_s3,5_leaf
CGAGAAGTCTCGACGG-1-40_s3,CGAGAAGTCTCGACGG-1-40_s3,6_leaf
CCAAGCGAGCGGTAAC-1-42_s3,CCAAGCGAGCGGTAAC-1-42_s3,20_leaf
CCTGCATGTGTCCACG-1-37_s3,CCTGCATGTGTCCACG-1-37_s3,5_leaf
CAGAGCCTCCGAGCTG-1-38_s3,CAGAGCCTCCGAGCTG-1-38_s3,20_leaf
AACGAAAGTGCATCTA-1-43_s3,AACGAAAGTGCATCTA-1-43_s3,3_leaf
CATTGCCCAATCTAGC-1-37_s3,CATTGCCCAATCTAGC-1-37_s3,19_leaf
GGGCCATTCCAGCAAT-1-40_s3,GGGCCATTCCAGCAAT-1-40_s3,3_leaf
TATTGGGTCTACACTT-1-37_s3,TATTGGGTCTACACTT-1-37_s3,10_leaf
GATCCCTCAGCGTGAA-1-38_s3,GATCCCTCAGCGTGAA-1-38_s3,3_leaf
ATTCGTTGTCGATTTG-1-41_s3,ATTCGTTGTCGATTTG-1-41_s3,19_leaf
GCCAGCATCCGTATAG-1-38_s3,GCCAGCATCCGTATAG-1-38_s3,20_leaf
TTAGTCTGTATGGAAT-1-42_s3,TTAGTCTGTATGGAAT-1-42_s3,5_leaf
ACAACCAGTTTAGTCG-1-41_s3,ACAACCAGTTTAGTCG-1-41_s3,3_leaf
CGATGGCTCAACACCA-1-41_s3,CGATGGCTCAACACCA-1-41_s3,20_leaf
TGCAGTAAGTAAATGC-1-40_s3,TGCAGTAAGTAAATGC-1-40_s3,19_leaf
TAGGGTTAGTGCTAGG-1-43_s3,TAGGGTTAGTGCTAGG-1-43_s3,19_leaf
AAGGTAACATGTAACC-1-38_s3,AAGGTAACATGTAACC-1-38_s3,5_leaf
TCGACGGTCTTGGCTC-1-38_s3,TCGACGGTCTTGGCTC-1-38_s3,10_leaf
TTGGGATCATTCCTAT-1-40_s3,TTGGGATCATTCCTAT-1-40_s3,5_leaf
AGGTGTTCAGAACTCT-1-42_s3,AGGTGTTCAGAACTCT-1-42_s3,20_leaf
AAGTCGTCATGCGGTC-1-42_s3,AAGTCGTCATGCGGTC-1-42_s3,20_leaf
CGTGAATTCCTTCTAA-1-40_s3,CGTGAATTCCTTCTAA-1-40_s3,20_leaf
CACGGGTTCACGTCCT-1-37_s3,CACGGGTTCACGTCCT-1-37_s3,20_leaf
GACTCAATCGTACACA-1-38_s3,GACTCAATCGTACACA-1-38_s3,19_leaf
TTATTGCTCATAGCAC-1-37_s3,TTATTGCTCATAGCAC-1-37_s3,19_leaf
AGGACTTAGAGTGAAG-1-36_s3,AGGACTTAGAGTGAAG-1-36_s3,5_leaf
TCAGTGAAGTGAGGCT-1-41_s3,TCAGTGAAGTGAGGCT-1-41_s3,5_leaf
TGAGCATAGCGCTTCG-1-39_s3,TGAGCATAGCGCTTCG-1-39_s3,5_leaf
ATAGAGAGTTCGCGTG-1-40_s3,ATAGAGAGTTCGCGTG-1-40_s3,5_leaf
CCACAAACAGCTGTCG-1-40_s3,CCACAAACAGCTGTCG-1-40_s3,3_leaf
GGACGTCTCATTACCT-1-38_s3,GGACGTCTCATTACCT-1-38_s3,20_leaf
GCGTGCATCAGTGTGT-1-38_s3,GCGTGCATCAGTGTGT-1-38_s3,10_leaf
GCCGATGAGAATCTAG-1-37_s3,GCCGATGAGAATCTAG-1-37_s3,5_leaf
TCATATCAGATCCCGC-1-41_s3,TCATATCAGATCCCGC-1-41_s3,5_leaf
ATGAGTCAGGCCTTCG-1-36_s3,ATGAGTCAGGCCTTCG-1-36_s3,5_leaf
ACCAACACACCCTGTT-1-38_s3,ACCAACACACCCTGTT-1-38_s3,20_leaf
CGTTCTGAGAATACAC-1-42_s3,CGTTCTGAGAATACAC-1-42_s3,5_leaf
TGCAGATTCATGAGTC-1-43_s3,TGCAGATTCATGAGTC-1-43_s3,19_leaf
TACTTCAAGAGAGTGA-1-41_s3,TACTTCAAGAGAGTGA-1-41_s3,20_leaf
AATTCCTCAGGCTTGC-1-42_s3,AATTCCTCAGGCTTGC-1-42_s3,19_leaf
GTTTACTGTGATTAGA-1-42_s3,GTTTACTGTGATTAGA-1-42_s3,19_leaf
TACTTGTGTAGGCTCC-1-37_s3,TACTTGTGTAGGCTCC-1-37_s3,20_leaf
AGTACCAGTTACCTTT-1-40_s3,AGTACCAGTTACCTTT-1-40_s3,5_leaf
GAATCACTCAACCTTT-1-36_s3,GAATCACTCAACCTTT-1-36_s3,5_leaf
CTCCCTCAGACAAGCC-1-40_s3,CTCCCTCAGACAAGCC-1-40_s3,19_leaf
TCGGTCTCAAGTAGTA-1-37_s3,TCGGTCTCAAGTAGTA-1-37_s3,3_leaf
TAATCTCTCACTTATC-1-42_s3,TAATCTCTCACTTATC-1-42_s3,20_leaf
GCACATAAGGCTAAAT-1-38_s3,GCACATAAGGCTAAAT-1-38_s3,19_leaf
CTCTCAGTCAGGAACG-1-37_s3,CTCTCAGTCAGGAACG-1-37_s3,5_leaf
GGGTGAATCGCCTATC-1-36_s3,GGGTGAATCGCCTATC-1-36_s3,5_leaf
ACGCACGCAAGTTGGG-1-38_s3,ACGCACGCAAGTTGGG-1-38_s3,10_leaf
GTCTACCCAACTTGCA-1-43_s3,GTCTACCCAACTTGCA-1-43_s3,5_leaf
GTGTAACTCTAGTGTG-1-40_s3,GTGTAACTCTAGTGTG-1-40_s3,6_leaf
GCGAGAAAGGTCCTGC-1-38_s3,GCGAGAAAGGTCCTGC-1-38_s3,5_leaf
GGGCCATCACTGAGTT-1-36_s3,GGGCCATCACTGAGTT-1-36_s3,5_leaf
TACTTACGTCAAGTTC-1-36_s3,TACTTACGTCAAGTTC-1-36_s3,19_leaf
GTTGAACGTTGCCAAT-1-40_s3,GTTGAACGTTGCCAAT-1-40_s3,20_leaf
ATCATTCCAATGCAGG-1-42_s3,ATCATTCCAATGCAGG-1-42_s3,5_leaf
CCCTCTCAGTCACTAC-1-40_s3,CCCTCTCAGTCACTAC-1-40_s3,5_leaf
GCTGGGTTCAGGACGA-1-43_s3,GCTGGGTTCAGGACGA-1-43_s3,5_leaf
GTAACCAAGACCGTTT-1-40_s3,GTAACCAAGACCGTTT-1-40_s3,10_leaf
CCGATGGCACCCTAGG-1-38_s3,CCGATGGCACCCTAGG-1-38_s3,3_leaf
GACTTCCCAAGCTACT-1-39_s3,GACTTCCCAAGCTACT-1-39_s3,5_leaf
AAACCCATCGTTCGCT-1-42_s3,AAACCCATCGTTCGCT-1-42_s3,3_leaf
CACAGATGTGGCTGAA-1-39_s3,CACAGATGTGGCTGAA-1-39_s3,3_leaf
CCTACGTGTGGAAGTC-1-38_s3,CCTACGTGTGGAAGTC-1-38_s3,5_leaf
TCACTATCACGGAAGT-1-36_s3,TCACTATCACGGAAGT-1-36_s3,3_leaf
TCGCTCACACTAGAGG-1-43_s3,TCGCTCACACTAGAGG-1-43_s3,20_leaf
AGCGCCAAGAGCCGAT-1-42_s3,AGCGCCAAGAGCCGAT-1-42_s3,5_leaf
GTGCGTGGTGACAACG-1-41_s3,GTGCGTGGTGACAACG-1-41_s3,3_leaf
TACTTCATCATCACTT-1-40_s3,TACTTCATCATCACTT-1-40_s3,19_leaf
GCCTGTTCAACTCCCT-1-36_s3,GCCTGTTCAACTCCCT-1-36_s3,10_leaf
TTCCGGTTCCAAGCTA-1-41_s3,TTCCGGTTCCAAGCTA-1-41_s3,5_leaf
CATTGCCGTGCGAGTA-1-43_s3,CATTGCCGTGCGAGTA-1-43_s3,19_leaf
CTACCCATCCCGGTAG-1-38_s3,CTACCCATCCCGGTAG-1-38_s3,5_leaf
CCTCTCCTCAGCGTCG-1-40_s3,CCTCTCCTCAGCGTCG-1-40_s3,20_leaf
CAATGACTCAACACCA-1-39_s3,CAATGACTCAACACCA-1-39_s3,10_leaf
TTCGGTCCAGCTCATA-1-42_s3,TTCGGTCCAGCTCATA-1-42_s3,3_leaf
GAAGGACTCGTCGATA-1-40_s3,GAAGGACTCGTCGATA-1-40_s3,20_leaf
AACGTCATCCGATCTC-1-39_s3,AACGTCATCCGATCTC-1-39_s3,5_leaf
CCATAAGTCTGAGGTT-1-40_s3,CCATAAGTCTGAGGTT-1-40_s3,5_leaf
AGAGAATAGATACGAT-1-43_s3,AGAGAATAGATACGAT-1-43_s3,3_leaf
CGGTCAGGTTATGGTC-1-40_s3,CGGTCAGGTTATGGTC-1-40_s3,19_leaf
TAAGCACAGGTATTGA-1-39_s3,TAAGCACAGGTATTGA-1-39_s3,19_leaf
TGCTCCAGTACAGTCT-1-41_s3,TGCTCCAGTACAGTCT-1-41_s3,5_leaf
AGGTTGTAGCTGCGAA-1-37_s3,AGGTTGTAGCTGCGAA-1-37_s3,3_leaf
TGGATCATCCCTCTAG-1-40_s3,TGGATCATCCCTCTAG-1-40_s3,5_leaf
TCGACGGGTTAATGAG-1-40_s3,TCGACGGGTTAATGAG-1-40_s3,19_leaf
AGTCACAAGAGAGAAC-1-40_s3,AGTCACAAGAGAGAAC-1-40_s3,5_leaf
GATCATGCATGACTTG-1-41_s3,GATCATGCATGACTTG-1-41_s3,19_leaf
GCATCTCTCAACTGAC-1-36_s3,GCATCTCTCAACTGAC-1-36_s3,10_leaf
TTCATTGCACAGCCTG-1-40_s3,TTCATTGCACAGCCTG-1-40_s3,5_leaf
ACGTACAAGATGCAGC-1-39_s3,ACGTACAAGATGCAGC-1-39_s3,3_leaf
CCGCAAGGTGCTCTTC-1-42_s3,CCGCAAGGTGCTCTTC-1-42_s3,3_leaf
TGCATCCGTAGTTACC-1-41_s3,TGCATCCGTAGTTACC-1-41_s3,3_leaf
CTGATCCCAGACTCTA-1-40_s3,CTGATCCCAGACTCTA-1-40_s3,19_leaf
TCCACCAAGACGATAT-1-42_s3,TCCACCAAGACGATAT-1-42_s3,6_leaf
TGTTCTAGTCGTTGGC-1-39_s3,TGTTCTAGTCGTTGGC-1-39_s3,5_leaf
TGTTCATGTGGCTCTG-1-39_s3,TGTTCATGTGGCTCTG-1-39_s3,19_leaf
TATACCTTCGAAGTGG-1-37_s3,TATACCTTCGAAGTGG-1-37_s3,19_leaf
GTCTCACAGCCGTCGT-1-37_s3,GTCTCACAGCCGTCGT-1-37_s3,20_leaf
GCCTGTTGTGCGTTTA-1-38_s3,GCCTGTTGTGCGTTTA-1-38_s3,5_leaf
GGGAGATAGGTGCTAG-1-41_s3,GGGAGATAGGTGCTAG-1-41_s3,3_leaf
GTGTCCTAGTTAGTAG-1-39_s3,GTGTCCTAGTTAGTAG-1-39_s3,3_leaf
CTTGAGAAGCCTGGAA-1-40_s3,CTTGAGAAGCCTGGAA-1-40_s3,5_leaf
CTCCTCCCACGTAACT-1-37_s3,CTCCTCCCACGTAACT-1-37_s3,19_leaf
TACACCCGTTCCTTGC-1-40_s3,TACACCCGTTCCTTGC-1-40_s3,19_leaf
TCATACTAGACTTGTC-1-38_s3,TCATACTAGACTTGTC-1-38_s3,6_leaf
AGGGTCCCAGAATTCC-1-37_s3,AGGGTCCCAGAATTCC-1-37_s3,5_leaf
ACGGAAGCAGCGCGTT-1-40_s3,ACGGAAGCAGCGCGTT-1-40_s3,5_leaf
ATTCTTGAGCTTGTTG-1-42_s3,ATTCTTGAGCTTGTTG-1-42_s3,3_leaf
ACAACCATCGGTGAAG-1-41_s3,ACAACCATCGGTGAAG-1-41_s3,19_leaf
GTCTAGACAAGTACCT-1-38_s3,GTCTAGACAAGTACCT-1-38_s3,19_leaf
TCTTCCTAGACCATAA-1-36_s3,TCTTCCTAGACCATAA-1-36_s3,5_leaf
AGATCGTCAGCCATTA-1-36_s3,AGATCGTCAGCCATTA-1-36_s3,20_leaf
CGATCGGGTACAGGTG-1-36_s3,CGATCGGGTACAGGTG-1-36_s3,19_leaf
ATGACCAAGGTCTTTG-1-39_s3,ATGACCAAGGTCTTTG-1-39_s3,5_leaf
GTAACCATCCAAGCAT-1-41_s3,GTAACCATCCAAGCAT-1-41_s3,19_leaf
AGATAGAAGAGGATCC-1-40_s3,AGATAGAAGAGGATCC-1-40_s3,20_leaf
TCCTAATGTGCAAGAC-1-39_s3,TCCTAATGTGCAAGAC-1-39_s3,19_leaf
GGCTGTGTCTGTGCTC-1-41_s3,GGCTGTGTCTGTGCTC-1-41_s3,20_leaf
GTGAGTTCATCACGGC-1-40_s3,GTGAGTTCATCACGGC-1-40_s3,20_leaf
ACTATTCCAAGTTTGC-1-43_s3,ACTATTCCAAGTTTGC-1-43_s3,5_leaf
ACGATGTAGTCTCTGA-1-36_s3,ACGATGTAGTCTCTGA-1-36_s3,19_leaf
CTCGAGGAGCCTCTGG-1-36_s3,CTCGAGGAGCCTCTGG-1-36_s3,5_leaf
TCATCCGGTACAGTTC-1-40_s3,TCATCCGGTACAGTTC-1-40_s3,20_leaf
ATGTCTTGTCGCAACC-1-40_s3,ATGTCTTGTCGCAACC-1-40_s3,10_leaf
AGAAGCGCACCGTGCA-1-42_s3,AGAAGCGCACCGTGCA-1-42_s3,19_leaf
GAGTCATGTGATTCAC-1-42_s3,GAGTCATGTGATTCAC-1-42_s3,3_leaf
TAAGTCGGTATCAGCT-1-38_s3,TAAGTCGGTATCAGCT-1-38_s3,3_leaf
TTACTGTGTACTAACC-1-42_s3,TTACTGTGTACTAACC-1-42_s3,3_leaf
GCCAACGCAAGCGCAA-1-42_s3,GCCAACGCAAGCGCAA-1-42_s3,10_leaf
TTTCCTCCAACCGATT-1-37_s3,TTTCCTCCAACCGATT-1-37_s3,19_leaf
AATCGACTCAACCCGG-1-43_s3,AATCGACTCAACCCGG-1-43_s3,5_leaf
TGAACGTAGGACTGGT-1-40_s3,TGAACGTAGGACTGGT-1-40_s3,20_leaf
ACTCTCGAGGCCGCTT-1-42_s3,ACTCTCGAGGCCGCTT-1-42_s3,19_leaf
CGACAGCTCTGACCCT-1-40_s3,CGACAGCTCTGACCCT-1-40_s3,3_leaf
CGGCAGTCAAGGTACG-1-41_s3,CGGCAGTCAAGGTACG-1-41_s3,20_leaf
TTTGGTTCATAACTCG-1-37_s3,TTTGGTTCATAACTCG-1-37_s3,3_leaf
TCTTGCGCACAGTCCG-1-37_s3,TCTTGCGCACAGTCCG-1-37_s3,5_leaf
CTACCCATCCCTTGGT-1-42_s3,CTACCCATCCCTTGGT-1-42_s3,5_leaf
TGGATCAAGCTAGATA-1-42_s3,TGGATCAAGCTAGATA-1-42_s3,5_leaf
TCCCACATCATCGCTC-1-36_s3,TCCCACATCATCGCTC-1-36_s3,20_leaf
ACTATCTCAGTTGTCA-1-38_s3,ACTATCTCAGTTGTCA-1-38_s3,19_leaf
GTAGGTTGTATCGATC-1-40_s3,GTAGGTTGTATCGATC-1-40_s3,3_leaf
TTAATCCAGGATGAGA-1-37_s3,TTAATCCAGGATGAGA-1-37_s3,3_leaf
GTCGTTCGTCTGTCAA-1-42_s3,GTCGTTCGTCTGTCAA-1-42_s3,5_leaf
CGTCAAACATGAATCC-1-40_s3,CGTCAAACATGAATCC-1-40_s3,5_leaf
ATTTCTGGTGAGGCAT-1-38_s3,ATTTCTGGTGAGGCAT-1-38_s3,3_leaf
TCCACCATCGAAACAA-1-36_s3,TCCACCATCGAAACAA-1-36_s3,5_leaf
AACCTGAAGCTAAATG-1-43_s3,AACCTGAAGCTAAATG-1-43_s3,20_leaf
CTACAGACACATTACG-1-36_s3,CTACAGACACATTACG-1-36_s3,10_leaf
TCATGTTTCCTTTGAT-1-36_s3,TCATGTTTCCTTTGAT-1-36_s3,3_leaf
AGGGTTTTCACGGTCG-1-40_s3,AGGGTTTTCACGGTCG-1-40_s3,19_leaf
TGGCGTGTCCTCGATC-1-41_s3,TGGCGTGTCCTCGATC-1-41_s3,5_leaf
GGGACCTTCTAGTTCT-1-42_s3,GGGACCTTCTAGTTCT-1-42_s3,19_leaf
CCGTAGGGTCTTCCGT-1-43_s3,CCGTAGGGTCTTCCGT-1-43_s3,19_leaf
GGGTGTCCATGATCTG-1-42_s3,GGGTGTCCATGATCTG-1-42_s3,5_leaf
GACTTCCTCACAAGGG-1-43_s3,GACTTCCTCACAAGGG-1-43_s3,3_leaf
TTGGGCGAGATGGCAC-1-36_s3,TTGGGCGAGATGGCAC-1-36_s3,20_leaf
GATTTCTTCAAGAGTA-1-42_s3,GATTTCTTCAAGAGTA-1-42_s3,5_leaf
ACCAACATCCACCTGT-1-36_s3,ACCAACATCCACCTGT-1-36_s3,19_leaf
TGTCCTGCAACACGTT-1-37_s3,TGTCCTGCAACACGTT-1-37_s3,20_leaf
TGTGAGTTCCATCTCG-1-36_s3,TGTGAGTTCCATCTCG-1-36_s3,19_leaf
CCGTGAGGTATGGAGC-1-36_s3,CCGTGAGGTATGGAGC-1-36_s3,20_leaf
CTCCATGCAAGCGATG-1-40_s3,CTCCATGCAAGCGATG-1-40_s3,5_leaf
TGTGGCGCACCAATTG-1-43_s3,TGTGGCGCACCAATTG-1-43_s3,20_leaf
ACACGCGGTCAGTCGC-1-40_s3,ACACGCGGTCAGTCGC-1-40_s3,19_leaf
CAGTGCGAGTGGCCTC-1-36_s3,CAGTGCGAGTGGCCTC-1-36_s3,3_leaf
ATTCGTTTCTTCCCAG-1-37_s3,ATTCGTTTCTTCCCAG-1-37_s3,20_leaf
GGCTGTGCACCTCTAC-1-37_s3,GGCTGTGCACCTCTAC-1-37_s3,20_leaf
CAATCGAAGTTCTCTT-1-36_s3,CAATCGAAGTTCTCTT-1-36_s3,20_leaf
ACTGTCCCATAGAGGC-1-43_s3,ACTGTCCCATAGAGGC-1-43_s3,5_leaf
TTTACGTGTAGCTTGT-1-37_s3,TTTACGTGTAGCTTGT-1-37_s3,6_leaf
GGGAGTAGTATAGGGC-1-42_s3,GGGAGTAGTATAGGGC-1-42_s3,19_leaf
TGTTACTGTTTCACTT-1-36_s3,TGTTACTGTTTCACTT-1-36_s3,19_leaf
CGAGGCTCAATGGCAG-1-40_s3,CGAGGCTCAATGGCAG-1-40_s3,3_leaf
TCCTAATAGCAAGGAA-1-42_s3,TCCTAATAGCAAGGAA-1-42_s3,20_leaf
GGGACCTTCTGAGAAA-1-40_s3,GGGACCTTCTGAGAAA-1-40_s3,19_leaf
CAACCTCGTAGGACTG-1-40_s3,CAACCTCGTAGGACTG-1-40_s3,3_leaf
CTTCTCTTCCACTTCG-1-40_s3,CTTCTCTTCCACTTCG-1-40_s3,20_leaf
CAATCGATCCCAACTC-1-42_s3,CAATCGATCCCAACTC-1-42_s3,5_leaf
CGCATAAAGTTGGCGA-1-40_s3,CGCATAAAGTTGGCGA-1-40_s3,5_leaf
AGTCTCCCAATCAGCT-1-36_s3,AGTCTCCCAATCAGCT-1-36_s3,5_leaf
AACAACCAGCCTTCTC-1-38_s3,AACAACCAGCCTTCTC-1-38_s3,5_leaf
AGCGTCGGTGAGACCA-1-38_s3,AGCGTCGGTGAGACCA-1-38_s3,3_leaf
ACTATTCGTCACCACG-1-38_s3,ACTATTCGTCACCACG-1-38_s3,5_leaf
CTGTGGGTCGTAGTCA-1-39_s3,CTGTGGGTCGTAGTCA-1-39_s3,10_leaf
CCTACGTCAGCGTGCT-1-42_s3,CCTACGTCAGCGTGCT-1-42_s3,3_leaf
TGTCCCAGTTGCATCA-1-43_s3,TGTCCCAGTTGCATCA-1-43_s3,10_leaf
GCGGAAAGTTTGGGTT-1-42_s3,GCGGAAAGTTTGGGTT-1-42_s3,3_leaf
GATGCTACAAACACCT-1-37_s3,GATGCTACAAACACCT-1-37_s3,19_leaf
TGAGGGACATCCAATG-1-43_s3,TGAGGGACATCCAATG-1-43_s3,5_leaf
TCATGCCTCCGATAAC-1-42_s3,TCATGCCTCCGATAAC-1-42_s3,20_leaf
AATCGACAGCGCAATG-1-38_s3,AATCGACAGCGCAATG-1-38_s3,20_leaf
CACATGACAGTACTAC-1-41_s3,CACATGACAGTACTAC-1-41_s3,5_leaf
ATGTCTTCACTCCTTG-1-38_s3,ATGTCTTCACTCCTTG-1-38_s3,5_leaf
CATACAGCAGGACGAT-1-37_s3,CATACAGCAGGACGAT-1-37_s3,20_leaf
CTCCTTTCAACTCGAT-1-41_s3,CTCCTTTCAACTCGAT-1-41_s3,20_leaf
GCGGAAACAGCAGGAT-1-43_s3,GCGGAAACAGCAGGAT-1-43_s3,3_leaf
ATGCGATTCATGCATG-1-37_s3,ATGCGATTCATGCATG-1-37_s3,3_leaf
GGGATCCAGTCTGCGC-1-41_s3,GGGATCCAGTCTGCGC-1-41_s3,20_leaf
GATCACACATCAGCTA-1-42_s3,GATCACACATCAGCTA-1-42_s3,20_leaf
GTGGGAACAGCAGTCC-1-37_s3,GTGGGAACAGCAGTCC-1-37_s3,5_leaf
TTCATGTAGACTCTAC-1-43_s3,TTCATGTAGACTCTAC-1-43_s3,5_leaf
TCGGATAAGATAGCTA-1-41_s3,TCGGATAAGATAGCTA-1-41_s3,5_leaf
CTAACCCTCGTAATGC-1-40_s3,CTAACCCTCGTAATGC-1-40_s3,5_leaf
GTGTTAGTCGCCTTGT-1-37_s3,GTGTTAGTCGCCTTGT-1-37_s3,6_leaf
GAGATGGAGTCGGCAA-1-36_s3,GAGATGGAGTCGGCAA-1-36_s3,5_leaf
AGCGTATCAGAGGACT-1-42_s3,AGCGTATCAGAGGACT-1-42_s3,5_leaf
GTCACTCTCCCTCGTA-1-41_s3,GTCACTCTCCCTCGTA-1-41_s3,5_leaf
CGTCAAAGTTGCATAC-1-42_s3,CGTCAAAGTTGCATAC-1-42_s3,20_leaf
TCCGGGACATCTCGTC-1-40_s3,TCCGGGACATCTCGTC-1-40_s3,3_leaf
GAGGCAAAGTGCTACT-1-39_s3,GAGGCAAAGTGCTACT-1-39_s3,19_leaf
ATGGGTTTCGAGATAA-1-42_s3,ATGGGTTTCGAGATAA-1-42_s3,5_leaf
AGATAGAGTCTTACTT-1-41_s3,AGATAGAGTCTTACTT-1-41_s3,19_leaf
CTGCCATCAGAGCTAG-1-43_s3,CTGCCATCAGAGCTAG-1-43_s3,5_leaf
ATTACCTAGGTACAAT-1-43_s3,ATTACCTAGGTACAAT-1-43_s3,5_leaf
AACAAAGCAACTGGTT-1-39_s3,AACAAAGCAACTGGTT-1-39_s3,10_leaf
CATCGCTTCTACGGTA-1-39_s3,CATCGCTTCTACGGTA-1-39_s3,20_leaf
CTCCAACCATCCGAGC-1-41_s3,CTCCAACCATCCGAGC-1-41_s3,5_leaf
ACCTGAAAGGTGAGCT-1-41_s3,ACCTGAAAGGTGAGCT-1-41_s3,5_leaf
CTGTACCGTAACGTTC-1-37_s3,CTGTACCGTAACGTTC-1-37_s3,3_leaf
GTCCTCAAGGGATCTG-1-37_s3,GTCCTCAAGGGATCTG-1-37_s3,10_leaf
CACTGTCCAGAGTTGG-1-43_s3,CACTGTCCAGAGTTGG-1-43_s3,5_leaf
TGAGCATCAGGACAGT-1-41_s3,TGAGCATCAGGACAGT-1-41_s3,19_leaf
GTTAGACGTTATGTCG-1-36_s3,GTTAGACGTTATGTCG-1-36_s3,20_leaf
GCCCGAATCCTCAGAA-1-42_s3,GCCCGAATCCTCAGAA-1-42_s3,19_leaf
AGGCATTCACACGTGC-1-38_s3,AGGCATTCACACGTGC-1-38_s3,5_leaf
AGGTGTTCAACCGTGC-1-38_s3,AGGTGTTCAACCGTGC-1-38_s3,5_leaf
ACGTTCCGTACTCGCG-1-42_s3,ACGTTCCGTACTCGCG-1-42_s3,5_leaf
TTCTGTATCTGGACTA-1-36_s3,TTCTGTATCTGGACTA-1-36_s3,3_leaf
TGAATCGAGGATAATC-1-38_s3,TGAATCGAGGATAATC-1-38_s3,20_leaf
TCCCACAAGATGCTAA-1-39_s3,TCCCACAAGATGCTAA-1-39_s3,19_leaf
AGGCTGCCAACCAATC-1-42_s3,AGGCTGCCAACCAATC-1-42_s3,5_leaf
CAAGAGGGTCTGTGAT-1-39_s3,CAAGAGGGTCTGTGAT-1-39_s3,5_leaf
GAATCGTTCTTCTTCC-1-40_s3,GAATCGTTCTTCTTCC-1-40_s3,3_leaf
TGTACAGTCAAATGCC-1-37_s3,TGTACAGTCAAATGCC-1-37_s3,5_leaf
ATTCTACAGTCGCTAT-1-42_s3,ATTCTACAGTCGCTAT-1-42_s3,20_leaf
GTTGTCCTCCCGGTAG-1-39_s3,GTTGTCCTCCCGGTAG-1-39_s3,20_leaf
ACCAAACCATGGGTTT-1-38_s3,ACCAAACCATGGGTTT-1-38_s3,3_leaf
ATGAAAGAGTGTGTTC-1-36_s3,ATGAAAGAGTGTGTTC-1-36_s3,3_leaf
TACTTACCACTCGATA-1-38_s3,TACTTACCACTCGATA-1-38_s3,5_leaf
CCCGAAGCATATGGCT-1-36_s3,CCCGAAGCATATGGCT-1-36_s3,19_leaf
ACAAGCTCAGTCCCGA-1-42_s3,ACAAGCTCAGTCCCGA-1-42_s3,20_leaf
GTCTAGAAGGTCGTGA-1-41_s3,GTCTAGAAGGTCGTGA-1-41_s3,3_leaf
AATCACGGTACGTAGG-1-37_s3,AATCACGGTACGTAGG-1-37_s3,5_leaf
AGGTAGGAGCTGAGCA-1-41_s3,AGGTAGGAGCTGAGCA-1-41_s3,20_leaf
CATCGCTTCCTGTACC-1-38_s3,CATCGCTTCCTGTACC-1-38_s3,3_leaf
CGGTCAGCACAGTCGC-1-41_s3,CGGTCAGCACAGTCGC-1-41_s3,20_leaf
ATTCGTTTCTGCGGGT-1-43_s3,ATTCGTTTCTGCGGGT-1-43_s3,3_leaf
