,0,1,2,4,9
TCGAGGCAGGGAACGG-1-gPlexB4_s1,-0.15123498,0.05437638,-0.0073768576,0.032034025,2.1449258
CGGACGTTCCCAGGTG-1-gPlexB3_s1,7.759124,-0.9239361,2.7040389,-1.5552768,2.8779144
GGCTCGATCCGGGTGT-1-gPlexB1_s1,7.5008817,-1.1635602,0.7585326,-1.2482582,2.1749237
TGTCCCAAGCTAAACA-1-gPlexB6_s1,7.23991,-1.2284616,-0.9563382,-0.6292081,1.2367876
TGACGGCAGATGCGAC-1-gPlexB1_s1,-1.4911982,2.7951753,1.0279738,-0.08171435,0.7626833
GGGCATCAGTTTAGGA-1-gPlexB1_s1,7.2038565,-0.6717777,-0.989167,0.20723498,3.0712705
CGCGGTAGTGCCTTGG-1-gPlexB3_s1,8.521053,0.07392325,-0.7397788,0.914918,-0.02551037
AACCGCGCAGTTCATG-1-gPlexB4_s1,0.9041687,-0.17528537,-0.83538073,-0.35628057,2.0929482
GCGCAACTCACAATGC-1-gPlexB3_s1,-1.0461736,2.286551,0.65311444,-0.26616555,1.0134921
GTCATTTTCAACCATG-1-gPlexB6_s1,-1.1764303,2.7478907,-0.38562837,0.43390572,-0.111296624
ATTTCTGGTGTAATGA-1-gPlexB6_s1,0.7143306,-0.6603223,-0.5141122,-0.13537587,1.2771629
CTCTAATTCATTATCC-1-gPlexB3_s1,6.572454,-0.21837339,-1.5577002,0.6574392,0.8077183
AGAGTGGTCAAACAAG-1-gPlexB4_s1,-1.0686665,1.9517581,0.24501136,0.09529753,1.6012933
GCACTCTCAGGAATCG-1-gPlexB1_s1,-0.5986328,2.053166,0.22226946,-0.07387847,0.47441575
ATCGAGTCACGAAATA-1-gPlexB1_s1,0.04825392,0.1302263,-0.031574614,-0.70855474,2.3877048
GCGAGAACATCGACGC-1-gPlexB4_s1,0.35557157,-0.6367587,-0.36649874,-0.64548004,0.97678393
GCGCCAAGTATATGAG-1-gPlexB3_s1,-2.1199174,2.9040637,0.62003535,-0.26446536,0.3116661
AGAGTGGAGCTGTCTA-1-gPlexB6_s1,9.046757,-0.68028134,-0.7468159,-0.47280663,1.2555062
CTTAGGAGTAACGCGA-1-gPlexB5_s1,6.76285,-1.4483522,1.4412454,-1.9089091,2.0245392
GGGCACTAGCTAGCCC-1-gPlexB3_s1,-1.7309464,2.5738254,1.0596567,0.4698678,1.8014017
CCTACACCACGTGAGA-1-gPlexB7_s1,-0.032481015,-0.077479005,-0.34985828,-0.08010763,1.187053
GCCTCTAGTCTGATCA-1-gPlexB6_s1,-1.6124977,1.8428996,-0.41400492,-0.3065297,2.1947632
AGTCTTTGTTCAGGCC-1-gPlexB5_s1,0.28892615,-0.492297,0.08191689,0.5039127,0.8456562
GTCAAGTTCGAACTGT-1-gPlexB6_s1,9.728753,-1.2177551,-1.0171716,-0.8546938,1.5305325
ATCATGGAGTTATCGC-1-gPlexB6_s1,1.0681653,-0.3900518,-0.5577233,-0.5924049,1.3859334
GCTGCAGTCCCTCAGT-1-gPlexB6_s1,0.1752114,-0.3688126,-0.004650949,0.06130457,0.7610267
TTGCGTCAGTCTCAAC-1-gPlexB7_s1,-1.5559714,2.538972,0.58750117,0.21012375,0.79978925
GATGAGGCAGTATCTG-1-gPlexB1_s1,-0.18391666,-0.16393757,1.063237,1.7387155,0.31698817
TTGAACGCATACCATG-1-gPlexB1_s1,7.760813,-0.85596097,-1.1731269,-0.16945094,0.7999459
GGTGTTATCATCGCTC-1-gPlexB2_s1,0.0056498647,-0.1297057,0.08665449,-0.82347274,1.5531546
GCGCAGTGTACTCGCG-1-gPlexB7_s1,-0.044029117,-0.47430757,0.49478865,1.2775531,0.72740924
CAGGTGCAGTGGAGAA-1-gPlexB5_s1,-1.3340375,2.4791598,0.61017567,-0.49155894,1.7995249
CGCTGGACAAGAAGAG-1-gPlexB5_s1,-0.33479458,-0.5460752,-1.0359075,2.028879,-1.0969665
AGGTCATTCCGCGCAA-1-gPlexB6_s1,0.21126142,-0.32064694,-0.9687992,-0.48898816,1.5564816
GGTGTTAAGGATCGCA-1-gPlexB2_s1,0.12932473,-0.29885906,0.5198097,-0.23220903,-0.030456066
CTACATTTCCGCGCAA-1-gPlexB3_s1,-1.3265954,2.8106046,-0.0031330464,0.18375033,-0.26990104
GGGTTGCAGTTTCCTT-1-gPlexB4_s1,7.307493,-0.30866128,-1.4482315,-0.37104928,2.1990552
CAGCCGAAGGTAGCCA-1-gPlexB5_s1,0.10543086,-0.25399303,-1.8684314,-0.49877796,0.73019356
ACACCGGTCAGCATGT-1-gPlexB5_s1,-0.35298875,-0.09096579,-0.50379974,-0.6335968,1.095977
CGATTGACACGAAACG-1-gPlexB4_s1,0.50422376,-0.26241577,-0.30856022,0.032819748,0.6372192
TCGCGTTCACACCGAC-1-gPlexB2_s1,7.5326595,-0.7260924,-0.72410417,0.30094334,1.5226352
AGTTGGTCAATGCCAT-1-gPlexB3_s1,-1.2875874,2.755488,0.28839824,0.6489078,1.687434
GCTGCTTTCTCCGGTT-1-gPlexB3_s1,7.5834074,-0.5756578,-0.6729807,0.62832975,2.2314115
CCTAGCTGTATAGGGC-1-gPlexB6_s1,0.6005691,-0.114668295,0.565149,0.123352826,1.8277248
GAGGTGACATACAGCT-1-gPlexB5_s1,-1.4350133,1.6034328,0.38918585,-0.16378932,1.5497104
AACTTTCTCCCACTTG-1-gPlexB1_s1,7.520772,-0.6894095,-0.919953,-0.64402944,1.3568711
GTACTTTTCCACGTTC-1-gPlexB3_s1,7.925213,-0.7710532,-0.8572219,0.019613996,1.4133768
ACTTTCAGTTGTTTGG-1-gPlexB5_s1,-2.06373,3.2759502,0.04022338,-0.39042848,0.8469634
CAGGTGCGTTGTGGAG-1-gPlexB3_s1,-1.1475184,1.7036647,0.21455586,-0.4152099,0.21534088
GTGCATAGTTCCACAA-1-gPlexB7_s1,0.035586055,0.36795908,0.43289357,-0.28069323,1.5836543
CCGGTAGGTAGCACGA-1-gPlexB3_s1,-1.3823133,2.4808702,0.43989044,1.1449584,2.32511
GTACGTATCCGTTGTC-1-gPlexB5_s1,-2.0245175,3.0684748,0.63856775,0.19354841,0.75801885
TCGGTAAGTGGCAAAC-1-gPlexB5_s1,-1.4491541,2.3203993,0.3165926,-0.2781961,0.7977794
CAACCAAGTTCCCGAG-1-gPlexB3_s1,0.2608555,-0.5079458,0.032305717,-0.53448534,2.2980285
TTGTAGGGTATCTGCA-1-gPlexB4_s1,0.5281507,-0.544896,-0.45363858,0.3108664,0.3687051
GCAGCCAGTCTAAACC-1-gPlexB5_s1,-1.8398138,2.7262304,0.13759008,0.049205437,1.2545416
AACTCTTAGGTCGGAT-1-gPlexB7_s1,-1.2630539,2.5639555,0.6594077,-0.17380983,1.7113167
AACTTTCGTTCACCTC-1-gPlexB5_s1,7.797338,-0.67155993,-0.50652575,-1.22322,0.008960307
TGACGGCTCGAATGGG-1-gPlexB1_s1,6.0699615,0.08281421,-0.38526937,-0.8126473,1.9061289
GCTTGAAAGTATGACA-1-gPlexB4_s1,8.284861,-0.84777427,-0.33896983,-0.8583317,2.6099806
TGCGCAGGTACCGAGA-1-gPlexB1_s1,7.239371,-1.4787768,1.4875273,0.5888584,1.5590014
CGATTGAAGGTGTGGT-1-gPlexB4_s1,0.294756,-0.4707621,0.50782555,-0.263523,-0.060589105
CAGCGACGTACCGTAT-1-gPlexB6_s1,8.643842,-0.99769604,1.340306,-0.21799384,1.4651396
GGTGCGTTCGACAGCC-1-gPlexB6_s1,0.4788583,-0.25558382,-0.33501834,-0.5314933,0.36256748
GTTCTCGCATCGGTTA-1-gPlexB3_s1,6.796385,-0.88342446,-0.3199317,0.16421543,1.9934903
GGGTCTGTCCTCTAGC-1-gPlexB7_s1,7.56342,-1.1222701,-0.9264232,0.518752,2.915752
CGGACGTCATGTAGTC-1-gPlexB5_s1,0.41674936,-0.15671352,-0.90836936,-0.9475595,0.35869658
GCGCGATCACTCTGTC-1-gPlexB3_s1,-0.056564253,0.44810057,0.010466736,0.15478311,2.570377
CCTCTGATCCGAACGC-1-gPlexB2_s1,-0.061252713,-0.30763513,-0.39144063,-0.19600543,1.5071936
GGTGAAGGTCCCGACA-1-gPlexB5_s1,-1.3660704,2.8403773,-0.448941,-0.08094697,0.6569794
ACGGAGACACACCGCA-1-gPlexB7_s1,0.1701515,-0.1303899,0.8491032,-0.19741765,0.6187155
CTTCTCTCAAGAAAGG-1-gPlexB3_s1,-0.16006806,-0.29069328,0.20066428,-0.45882344,2.2405567
CAGCTAACAGAAGCAC-1-gPlexB1_s1,7.4694138,-0.25760975,-1.3310236,-0.5367195,1.2572694
CACATTTTCAGAAATG-1-gPlexB3_s1,9.247212,-0.67655504,-0.10150646,-0.055820733,1.7756956
ATTTCTGCATTGCGGC-1-gPlexB1_s1,0.46153036,-0.39334202,0.009050056,-0.39267546,2.0362484
GCGGGTTCATTGGTAC-1-gPlexB2_s1,6.66535,-1.2469655,-1.0330276,-0.7640646,0.5342224
TGCTGCTTCCGCAAGC-1-gPlexB7_s1,-1.536499,2.211795,0.39465776,0.5167549,2.246136
TCAGATGCATTGAGCT-1-gPlexB6_s1,0.540508,-0.06350686,-0.116566874,-0.64925706,1.1861169
CGCTGGAAGACCCACC-1-gPlexB3_s1,-0.25494996,-0.26122534,-0.01859572,2.6220787,-0.76165736
TGCCAAATCCCTGACT-1-gPlexB5_s1,9.058378,-0.59436375,-1.1786896,-1.5224314,1.2337737
CAACTAGAGCCACGTC-1-gPlexB1_s1,7.4396873,-0.036475405,-0.7681031,-1.2947701,2.3201623
AACCGCGTCTTGAGGT-1-gPlexB6_s1,-0.28352714,2.6090453,0.56826925,0.3139826,2.6966057
GGTGCGTTCGGCGCAT-1-gPlexB7_s1,0.56635314,-0.27224606,0.23706888,0.30531532,1.3340888
CCTAGCTTCATCGCTC-1-gPlexB4_s1,-0.26959133,-0.053766068,0.9032808,-0.36244637,2.478212
CCAGCGACACTTCTGC-1-gPlexB1_s1,-1.3360673,2.035671,0.4456465,-1.5249832,-0.61005956
CTGATCCCATGGAATA-1-gPlexB3_s1,7.5144706,-0.86016726,1.8741205,-0.7487899,2.0663445
CGTAGCGTCTTGGGTA-1-gPlexB7_s1,0.80757505,-0.62433076,-1.8352724,0.11414322,2.1833913
TGTGGTACATATACCG-1-gPlexB4_s1,5.3336673,-0.23509195,-0.34937143,-1.0079529,-0.33380806
CTTAACTAGCCGTCGT-1-gPlexB5_s1,8.566259,-0.8167529,-1.4472673,0.58717644,1.5046116
TAGAGCTCAGCTGTGC-1-gPlexB6_s1,-0.84127474,2.6189685,0.76511085,-0.4371134,1.4766784
AGCTCCTCAAACTGCT-1-gPlexB4_s1,0.66132426,-0.34443742,-0.36213344,-0.278659,0.9819757
CGACTTCGTAAGGGCT-1-gPlexB3_s1,-0.15888843,-0.32311523,0.48085752,-0.8038582,1.019575
GCCTCTAAGCCAACAG-1-gPlexB6_s1,8.919312,-0.86023855,-0.9148597,-0.7503891,1.6412103
CGTCACTAGACTAGGC-1-gPlexB4_s1,0.032778017,-0.12711868,0.10411157,1.747866,0.3882026
CCGGGATCACGCGAAA-1-gPlexB5_s1,8.519583,-0.61757195,-1.1439074,-0.18584083,1.0517168
GAGGTGACAGCGATCC-1-gPlexB2_s1,-2.219945,2.97409,1.3351231,-0.15552865,0.9978623
GCAAACTTCTGCTTGC-1-gPlexB7_s1,8.287454,-1.142373,-0.5832743,-1.4666008,1.3359767
TGCCCATGTCATCGGC-1-gPlexB2_s1,0.56926095,-0.5516403,0.23260866,-0.74209434,0.7577732
TACGGATAGAAGGTGA-1-gPlexB1_s1,7.8149986,-0.6479345,1.2244127,0.13072398,2.8047194
GCTCTGTAGCACCGCT-1-gPlexB3_s1,7.663383,-0.42950255,-1.2303098,0.6016242,0.70678455
GGTGAAGGTCCGCTGA-1-gPlexB3_s1,0.0983929,-0.3429226,0.8232016,0.42932478,0.8891978
TCCCGATTCGTTTGCC-1-gPlexB1_s1,0.09939461,-0.24681291,0.3553771,-0.35208258,1.1536139
GAGTCCGTCTGTGCAA-1-gPlexB7_s1,7.461535,-0.0802765,-0.9064354,-0.22713621,0.6745088
TGCCAAACACGCTTTC-1-gPlexB3_s1,-0.91081977,1.8234936,-0.54482543,-0.124926224,2.3973594
CAGTCCTCACGCTTTC-1-gPlexB3_s1,0.5217327,-0.45674622,-0.26324072,-0.4978006,1.3570515
TGTGGTAAGCTCCTTC-1-gPlexB5_s1,-0.9766397,2.20513,-0.017811801,-1.3005611,0.29588217
TGACTTTAGTGACATA-1-gPlexB3_s1,5.1570168,-1.5098294,-0.5513247,-0.5167518,3.194561
ATTTCTGGTCAAAGAT-1-gPlexB5_s1,6.674923,-0.29623523,-0.99085087,-0.18126099,0.9314613
GAAGCAGCATTCCTCG-1-gPlexB5_s1,6.7185116,-1.7477255,-0.26862332,-1.3040948,1.3664979
CAGTAACGTCATCCCT-1-gPlexB5_s1,-1.156014,2.6585782,0.95181906,-0.14562315,0.24126688
GTTCTCGAGTACGTAA-1-gPlexB3_s1,-1.4131976,2.3964832,0.4216246,-0.32864085,1.3559304
GCATACAAGCAGCGTA-1-gPlexB3_s1,7.704412,-0.67690134,-2.213049,0.024930641,0.5430218
GGACAAGGTATAAACG-1-gPlexB1_s1,0.07158677,-0.023137882,0.2196592,-0.15077724,-0.47811604
CTCTACGGTGATGTCT-1-gPlexB4_s1,9.071345,-0.8450325,-1.4047261,1.7638525,0.8274437
TTTACTGCAGCTTAAC-1-gPlexB3_s1,-1.52395,2.7937188,0.48165855,0.06839305,0.5395283
GCAAACTGTAGCGTGA-1-gPlexB2_s1,7.4241695,-1.0631884,-1.1893163,-0.20389389,2.0734053
CTCGTACGTGACTACT-1-gPlexB2_s1,8.181575,-1.3394054,-1.3441684,0.11156072,1.052053
TCAGCTCGTACCGAGA-1-gPlexB6_s1,5.564413,-0.50437814,-0.87732947,0.30977678,2.0190403
GTTACAGGTACCGGCT-1-gPlexB5_s1,0.93334836,-0.3984416,-0.14247338,-0.6761955,1.6889137
ATAACGCAGGCTAGAC-1-gPlexB1_s1,-0.031973295,-0.12639038,0.60645133,1.0941747,0.82877284
CATATGGCACACATGT-1-gPlexB7_s1,-2.0975733,2.3002944,1.072284,0.6178624,1.0419358
AGTGAGGTCAGTTCGA-1-gPlexB3_s1,0.14804265,-0.48197874,0.15755191,-0.428733,2.4612155
TGCCAAAAGCCGCCTA-1-gPlexB2_s1,-1.5879203,2.833213,0.5660917,-0.42110142,1.3225783
AAGCCGCCAAAGTGCG-1-gPlexB4_s1,8.100139,-0.50794244,-0.17275676,-2.5382395,1.503441
CTGATAGGTACCGTTA-1-gPlexB2_s1,0.4205325,-0.11847514,1.0799509,1.2127149,2.7160134
AGATCTGTCTTATCTG-1-gPlexB2_s1,0.1724085,-0.18201368,-0.67575127,-0.31567216,2.0450168
TCGAGGCTCCGTTGTC-1-gPlexB3_s1,0.49620757,-0.2517973,0.08050108,0.08583322,1.3423207
CTCTACGCATGTTCCC-1-gPlexB2_s1,0.4792843,-0.17219958,0.28269926,-0.39989936,2.4563117
TTAGTTCCACGAAAGC-1-gPlexB6_s1,7.608715,-0.3042726,-0.8634704,-0.11857169,1.8597732
GGAACTTCATCCTTGC-1-gPlexB4_s1,-0.14346024,0.00053776056,-0.08364785,-0.6314136,1.7378887
CAAGATCAGAAACCGC-1-gPlexB3_s1,0.07823977,-0.30593985,0.13995808,1.592147,-0.78172994
TCAGGTATCTAACTCT-1-gPlexB2_s1,0.07130091,-0.0031694062,0.19569048,0.113098085,1.4794474
GGTGAAGAGTACGCCC-1-gPlexB2_s1,8.482562,-0.19096732,-1.7417923,-0.2542653,0.5858475
GGAATAAAGAGACTTA-1-gPlexB6_s1,8.07455,-1.1482834,-1.3419948,-0.05690193,1.1772592
ACAGCCGCACATTAGC-1-gPlexB4_s1,-1.0712306,2.1976655,0.21885245,1.0633142,1.7288705
CACTCCAAGTGGCACA-1-gPlexB2_s1,5.191738,-1.1931422,-1.3534814,-1.2995604,0.0059055984
GTGCGGTCAGTAGAGC-1-gPlexB7_s1,-1.522821,2.6262212,-0.30155268,-0.85524786,1.5405433
ATGCGATGTCATCGGC-1-gPlexB4_s1,-2.096264,2.8524768,0.32457423,0.06109649,1.6257124
CACAGGCTCATCGCTC-1-gPlexB1_s1,-0.19069462,0.017890032,-0.18919587,-0.29190063,1.8327518
CACACAAAGGGTGTTG-1-gPlexB6_s1,0.24742508,-0.31193703,0.66952413,-0.17741537,0.86906457
AACTCCCCAGACACTT-1-gPlexB5_s1,7.716216,-0.28397888,-0.90809363,-0.68642247,1.7117674
CCGTACTAGATCCGAG-1-gPlexB1_s1,7.68356,-0.8766278,-0.7315917,-1.1342083,1.5627369
CCTATTATCTTCCTTC-1-gPlexB3_s1,-0.12847416,-0.30110592,0.30646825,1.7926593,-0.15505329
CTCCTAGCACCAGTTA-1-gPlexB5_s1,-0.029255126,0.18047692,0.2560029,-0.38181362,1.5605848
CACTCCAGTGCAGACA-1-gPlexB4_s1,-0.47989875,-0.016515903,0.09122743,1.1233139,0.08903441
GATCAGTCAGCTGTAT-1-gPlexB6_s1,0.08824146,-0.10708161,-0.22480345,0.84922767,2.3535337
GTATTCTAGTCGTACT-1-gPlexB4_s1,0.46628118,-0.16489239,-0.08512934,-0.10306126,0.77238506
ATCACGATCAAACCAC-1-gPlexB4_s1,0.40478674,-0.3239041,0.30940327,-0.60662454,1.5699909
CGCGTTTGTGTGCCTG-1-gPlexB6_s1,8.882673,-1.1349595,-0.5576675,1.2095878,0.2171886
CGCGTTTGTGTGCGTC-1-gPlexB1_s1,6.756922,-0.8487184,-0.50039107,-0.06062424,1.342808
TAAGTGCAGACTTGAA-1-gPlexB6_s1,-0.6584688,2.3528783,1.6308513,-0.32105404,0.41074502
AACTTTCAGATCGATA-1-gPlexB7_s1,0.11208697,-0.6252616,0.54396534,2.352311,0.46879652
AGGTCCGAGTCCTCCT-1-gPlexB1_s1,0.05152329,-0.32939184,0.24050993,0.21920788,-0.21776158
TCAGATGAGTGTACCT-1-gPlexB5_s1,0.121292524,-0.48836607,0.34802857,0.19382823,1.1582487
GCACATATCAAGGTAA-1-gPlexB1_s1,0.28386915,-0.6148012,0.2629527,0.7453469,1.716678
ACAGCCGCAGGTCCAC-1-gPlexB5_s1,0.08665155,-0.27822384,0.63332236,-0.43515334,0.6424906
CGTGAGCGTCGAAAGC-1-gPlexB1_s1,7.612636,-1.071574,-0.63572365,-0.7764142,2.005562
TAAGAGAAGACAAGCC-1-gPlexB6_s1,0.32993752,-0.5628043,0.029889703,0.28251648,0.9706433
CTTGGCTCACCGCTAG-1-gPlexB5_s1,-0.4653492,-0.33656418,0.6595138,1.9798111,0.57591414
CGCTGGACAGGCGATA-1-gPlexB6_s1,0.048330948,0.14180003,-0.3542112,-0.32475764,-0.3668722
ATGTGTGCAACGCACC-1-gPlexB7_s1,1.1183898,-0.2454766,-0.20859645,-0.45454895,3.4676893
TCACGAACATGCAATC-1-gPlexB3_s1,-1.3140769,1.9378618,-0.06136705,0.97505385,0.8477186
ATCTGCCTCACAACGT-1-gPlexB1_s1,8.453918,-1.0551875,-0.9173129,-0.70065314,2.1284933
CGGACACAGAAACGCC-1-gPlexB6_s1,8.492899,-0.56977844,-0.35282192,0.5388066,1.0011369
GAAACTCCATAGAAAC-1-gPlexB3_s1,-1.9608634,2.8856113,-0.048267897,-0.01719635,2.5400681
GGTGCGTTCTCTAGGA-1-gPlexB6_s1,5.707187,-0.95177567,-1.0058525,-1.0804023,1.0412779
TCAACGACAACTTGAC-1-gPlexB5_s1,0.22791696,-0.517814,-0.032435365,1.9865378,-0.053397804
GTGCGGTCATCCAACA-1-gPlexB6_s1,0.06092389,-0.44715157,-0.37765726,-0.10923341,0.6699955
CTCGAAATCAAACCAC-1-gPlexB4_s1,0.0011475235,-0.111844584,0.1455178,-0.2914158,1.2924074
TCATTTGTCCACGAAT-1-gPlexB3_s1,-1.662278,2.0682533,-0.04127636,-0.6398799,1.6794493
ACATACGGTGTTGGGA-1-gPlexB5_s1,-1.3288593,1.9027736,1.5423425,0.652734,-0.13826385
AGGTCCGGTTCAACCA-1-gPlexB6_s1,0.3585859,-0.4840815,-0.30442137,-0.3894843,0.9789584
CGTTAGAGTAATCGTC-1-gPlexB3_s1,-0.6625775,0.69817454,-0.29198575,0.054834872,1.0048943
AAAGCAATCGGTGTTA-1-gPlexB2_s1,0.20809917,-0.5143706,0.2815428,-0.2151151,1.1510756
TCCCGATCACCTATCC-1-gPlexB2_s1,-0.8184162,2.4176643,0.70535314,-0.24007666,1.0160103
TTCGGTCCACCATGTA-1-gPlexB2_s1,8.942252,-1.010008,-0.83274806,-0.7542101,2.355391
CTTAACTCAGATCCAT-1-gPlexB2_s1,6.730885,-0.53165567,-1.6016984,-0.059566602,0.46628934
ACGGAGATCCCTCTTT-1-gPlexB2_s1,-1.3364192,2.8004498,0.7532899,0.01028353,0.7098725
CCTATTATCTAACCGA-1-gPlexB7_s1,7.9330688,-0.7312133,-0.09975519,-1.0429182,2.064618
CGGACGTGTCCAGTTA-1-gPlexB1_s1,0.4355508,-0.6509333,0.79418206,1.1186717,1.2161165
GCTGCAGCAGCGTAAG-1-gPlexB6_s1,-1.3035377,2.6601777,1.0254515,-0.1320764,1.0587686
GTTTCTACAGGGCATA-1-gPlexB5_s1,-1.331148,2.872824,0.45093212,0.15929066,1.0972699
CTTAACTCATGGTTGT-1-gPlexB5_s1,0.7358843,-0.47301418,0.24133633,0.6745133,0.24178451
CCAGCGAGTAAGGGAA-1-gPlexB5_s1,-1.0396923,3.0639906,0.7640592,-0.5408733,0.124595135
ACACTGACAGATCCAT-1-gPlexB5_s1,0.24701828,-0.40679845,-0.037255663,-0.27347487,1.0163949
ACGGAGATCAGTGCAT-1-gPlexB3_s1,0.49836105,-0.5421006,-0.3873972,-0.41781253,1.7531627
TACAGTGAGCAAATCA-1-gPlexB2_s1,0.36080498,-0.2157681,0.08156392,-0.13284183,-0.7967341
CACACTCGTAAGCACG-1-gPlexB3_s1,7.1358275,-0.24219951,2.1414058,-0.14891829,2.1285827
GGATTACGTGCTAGCC-1-gPlexB5_s1,6.9246426,-0.1343586,-0.7356632,-1.582772,1.8605692
CGCTATCCAAAGCGGT-1-gPlexB4_s1,7.747722,-0.5210044,-1.1277,-0.65048766,1.0555004
AGCAGCCTCCGCAAGC-1-gPlexB7_s1,0.6443393,-0.39384073,0.61085826,0.9214459,1.0408542
TTCTCAAGTGTTTGTG-1-gPlexB3_s1,0.22380872,-0.07261942,1.0017833,-0.20932212,1.4649286
AGTGAGGTCCATTCTA-1-gPlexB4_s1,0.5172305,-0.29981524,-0.47295225,-0.24539776,0.873971
CACATTTAGTGTCTCA-1-gPlexB3_s1,0.81226665,-0.47016424,0.16083556,-0.18736967,2.5059996
CACCTTGTCGCTAGCG-1-gPlexB5_s1,-1.221922,3.283711,0.85715425,-0.097619414,1.3362259
GCTTCCACATTGAGCT-1-gPlexB5_s1,0.010222599,-0.27820587,-0.13697217,-0.011130989,0.1961678
GCACTCTCAGGAATCG-1-gPlexB7_s1,7.9431396,-0.61798316,-1.390053,0.17563869,0.8806047
ACACCCTAGCGATATA-1-gPlexB5_s1,8.004983,-1.0323195,-1.5369614,-0.32471505,1.6277684
CTTAGGAAGTCTCGGC-1-gPlexB5_s1,0.417153,-0.13324556,-1.6794745,-0.3142797,0.83507353
GGACGTCCATCCGTGG-1-gPlexB7_s1,0.09786898,-0.31789544,-0.110495426,-0.20883001,1.0854967
TCGTACCAGGCAAAGA-1-gPlexB5_s1,0.99153304,-0.432103,-0.03992794,-0.027773187,2.9509332
GCGCCAACATTATCTC-1-gPlexB2_s1,-2.111,2.6417503,-0.25986946,0.1509045,0.27165157
TCGAGGCAGAACAACT-1-gPlexB5_s1,-0.55915016,2.2563105,0.27347273,1.0348127,-0.6087686
TGGACGCGTCCCGACA-1-gPlexB4_s1,1.0285444,-0.3860548,0.32046202,0.6137905,0.67238736
CCTACCACATGCAACT-1-gPlexB3_s1,-0.11429539,-0.2743976,0.43260536,0.8334488,0.30796522
TGGCCAGCAATGGACG-1-gPlexB7_s1,-1.0889288,2.2937582,-0.14135298,-0.42390072,2.0014567
GTACGTATCGAACGGA-1-gPlexB3_s1,-0.04335834,-0.007891022,0.6699944,0.27663568,2.0232134
CTAAGACGTTACGCGC-1-gPlexB6_s1,0.075356424,-0.3651359,-0.3730732,-0.9952123,1.5660126
CTTAACTCAAGGTGTG-1-gPlexB6_s1,0.3146757,-0.19056265,-0.8268066,-0.3259111,2.389051
GTGCATAAGGAATTAC-1-gPlexB7_s1,8.899915,-0.96285534,-0.71611154,-0.38142887,0.05630526
TTTACTGAGATGCCAG-1-gPlexB2_s1,-0.45306048,-0.18682577,-0.27156588,0.6254355,-0.7358408
CAGGTGCGTAAGTGTA-1-gPlexB4_s1,0.64786536,-0.61244553,-0.5973367,-0.30966398,0.32520273
TGTATTCTCGGCGCTA-1-gPlexB4_s1,-1.3390609,2.3997998,0.38767102,-0.06027057,2.2238457
CTCAGAAGTCGCGGTT-1-gPlexB3_s1,-1.6601912,2.2679136,-0.19698055,-0.49896482,0.590449
CAAGAAACATGCCCGA-1-gPlexB3_s1,-0.07987223,-0.06964362,-0.41294172,0.19330119,2.4525573
ACGGGTCGTTGGTAAA-1-gPlexB6_s1,7.69357,-0.8097868,0.6293885,0.011301577,3.1704667
GTCCTCACACTCAGGC-1-gPlexB2_s1,-0.7569628,2.4003153,0.61049855,0.4672503,1.3172843
CCCATACGTCCAACTA-1-gPlexB4_s1,0.15682986,-0.44550148,0.6145924,0.8254721,0.15102845
ATAACGCTCCAAAGTC-1-gPlexB1_s1,-0.09266276,-0.06615366,0.29095894,0.3934446,0.3193756
TCACAAGGTTCATGGT-1-gPlexB1_s1,0.4499762,-0.70033175,-0.33281913,-0.43889916,1.559366
CTGCGGAGTGACGCCT-1-gPlexB6_s1,8.048414,0.02762568,-0.6643873,-0.2844374,1.2572427
TCGGGACGTCACTGGC-1-gPlexB5_s1,0.120790616,-0.41030744,-0.6675467,-0.3249212,0.83932674
ACGGGTCCACAAGACG-1-gPlexB4_s1,8.264378,-0.8473194,-0.96473765,-0.72971314,0.5798625
GGACAGATCGTTACAG-1-gPlexB3_s1,6.4011955,-0.38661966,-0.5674952,-0.58421546,-0.4139179
TACTCATCAATGTAAG-1-gPlexB4_s1,8.421721,-1.2380458,-1.601677,-0.38306645,1.148406
TGACTTTCAATAGCGG-1-gPlexB5_s1,-0.07678162,-0.6166931,-0.43657038,2.0333464,-1.420935
AGAGCGAAGCCCAATT-1-gPlexB2_s1,-1.5200425,2.7399182,1.3219321,-0.12820372,1.8355517
TGAGAGGGTAGAGCTG-1-gPlexB6_s1,7.143593,-0.19940336,-0.52006906,-0.7039676,0.5385397
GGACAGAGTGTAACGG-1-gPlexB6_s1,8.650192,-1.5944217,0.29075158,-0.82505727,1.1160359
GCAGTTACACGGCGTT-1-gPlexB2_s1,0.8755424,-0.5810646,0.38218787,-0.10359228,0.15748027
GGGTCTGAGTACCGGA-1-gPlexB1_s1,7.1279864,-1.2538308,-1.5013759,-0.6405075,1.9746484
TTGCCGTAGGGCTCTC-1-gPlexB6_s1,-1.3127785,2.4072647,0.7684694,0.6159228,0.32450265
CACACTCTCGTTTATC-1-gPlexB1_s1,8.375205,-0.38508907,-1.3109092,-0.05451554,2.0959847
CCTTTCTCAGTGACAG-1-gPlexB1_s1,-0.87878406,2.3764126,0.33542934,0.14008258,-0.5702341
CTTCTCTGTCGCATCG-1-gPlexB4_s1,-0.97483826,2.219181,0.3611942,-0.19082695,-0.44223025
GTGCAGCTCGTACCGG-1-gPlexB5_s1,-1.8481619,2.3674102,-0.31107616,0.40623337,0.75143725
GTATCTTCAGACTCGC-1-gPlexB4_s1,0.15418668,-0.4600525,0.07804773,0.039924026,1.0890707
GTACTTTTCAGGTAAA-1-gPlexB6_s1,7.63822,-1.130628,-0.7593272,-0.6435989,1.4281834
GACCTGGTCCACGAAT-1-gPlexB2_s1,0.25716928,-0.7763396,0.20968194,-0.30553633,1.9142901
CTCATTAAGAAGATTC-1-gPlexB7_s1,0.14883742,-0.35661456,0.051648557,-0.86444485,1.1648061
GAAATGAGTCTAACGT-1-gPlexB6_s1,-0.97096646,1.9467522,1.2331897,1.4175177,0.8605795
TAGAGCTTCCCTAACC-1-gPlexB4_s1,0.020335838,0.16375339,-0.57152665,-0.4318654,2.2826195
CGACTTCGTCGCCATG-1-gPlexB5_s1,0.13304892,-0.4875558,0.71493495,1.6807607,-0.0377582
GCTGGGTTCCTTTACA-1-gPlexB6_s1,-0.69950074,1.8949907,0.7142516,-0.25549895,1.0943451
CGCCAAGGTGGTTTCA-1-gPlexB3_s1,8.753997,-0.8310299,-1.289508,0.03474258,1.4817473
AGTCTTTTCTTGTTTG-1-gPlexB1_s1,0.1773996,-0.13833338,-0.116349146,-0.6677866,2.2448084
TACTCGCAGAATTGTG-1-gPlexB4_s1,0.016093448,0.10545675,-0.17363238,-0.45555824,1.4138002
TCACGAACACGAGGTA-1-gPlexB6_s1,0.5071686,-0.43218875,-0.38568303,0.044274405,0.9108852
CATGGCGAGTCAATAG-1-gPlexB5_s1,-0.9012575,2.1773674,0.037655115,0.6154284,1.7485027
CTTCTCTGTTACAGAA-1-gPlexB1_s1,0.52152133,-0.40192392,0.08534776,0.0692333,0.33319792
CGTCAGGTCGGATGGA-1-gPlexB3_s1,0.09121284,-0.64482707,-0.076647,-0.01496242,1.7664008
AGTGTCAAGTTAACGA-1-gPlexB3_s1,-0.023165055,-0.33100152,1.0610514,-0.655655,1.6436112
TTAGGCAGTACCATCA-1-gPlexB2_s1,8.026266,-0.8959748,-1.4663346,-0.6096053,2.4015067
CTGAAGTTCTATCCTA-1-gPlexB6_s1,9.138472,-0.31620112,-1.1104879,0.43599942,0.3155523
AAAGCAACATCCGCGA-1-gPlexB6_s1,-0.06076461,-0.18237403,-0.25740996,0.3694709,0.39266217
TTCTACAAGGGATCTG-1-gPlexB3_s1,0.120480254,-0.24986954,0.6739502,-0.23478284,0.8248079
CACCACTAGGGTTTCT-1-gPlexB7_s1,7.4170012,-1.08397,-1.392906,0.6036991,1.8992878
CATTATCGTTCGCTAA-1-gPlexB5_s1,0.3156852,0.17079449,0.7018088,-0.60207266,1.81863
CGTAGCGTCTCTGCTG-1-gPlexB5_s1,7.9331117,-0.74734235,-1.1288617,-2.247852,1.7922592
ACACCAACAGCATGAG-1-gPlexB4_s1,-1.977622,2.583891,0.7954471,0.19022718,0.3851433
GGGAATGTCGGAGGTA-1-gPlexB1_s1,0.36327684,-0.4118123,-1.1930109,0.13351598,-0.34147343
TTAGTTCCAGATGGCA-1-gPlexB5_s1,0.15617682,-0.43157676,-0.050543066,-0.33077377,0.31808755
TATCTCAGTTCGTTGA-1-gPlexB5_s1,8.141673,-0.5751686,-1.5040605,0.3096997,1.461766
AAAGATGGTAAACACA-1-gPlexB6_s1,-2.121933,2.5456762,0.28681657,0.9013351,2.364188
GCTTCCATCATCACCC-1-gPlexB7_s1,-0.062907375,-0.19395806,-0.032917414,-0.14970951,1.844357
GTCCTCACACTGAAGG-1-gPlexB2_s1,0.8531736,-0.4172359,-0.34873518,-0.5120456,1.3282423
TGCGTGGTCGAGGTAG-1-gPlexB7_s1,0.2036439,0.107624166,0.57215106,-0.57707125,1.5281427
GGAGCAACAGTATAAG-1-gPlexB5_s1,6.6085086,-0.5641786,-1.5086496,-0.6194132,2.1908777
GCGGGTTAGCATCATC-1-gPlexB1_s1,-1.2749469,2.2276492,0.98997945,0.17722169,0.3666547
AGCATACAGGTGATAT-1-gPlexB2_s1,-0.047592998,-0.24182844,0.41929415,1.0960639,-1.1481167
AAGGTTCTCCATTCTA-1-gPlexB6_s1,7.914862,-0.40169492,-0.9919316,-0.24057767,2.3049464
CGAGCACGTATCGCAT-1-gPlexB3_s1,6.6125126,-0.31985623,-1.1695745,-0.12515745,2.0350034
CGGAGTCGTCTAACGT-1-gPlexB5_s1,5.9806204,-0.95205224,-0.5148152,-1.3074499,2.1612632
CTAACTTAGCCAGTTT-1-gPlexB3_s1,-0.19987491,-0.10737406,0.20951661,-0.42933238,0.044045478
CTCACACTCAGCTGGC-1-gPlexB4_s1,0.49903038,-0.36443985,0.66212356,0.10745749,0.54599196
GGTGAAGCAGGATTGG-1-gPlexB6_s1,7.9463215,-0.28483373,-1.2712492,-0.7886395,2.2708766
GTCATTTAGCAGACTG-1-gPlexB6_s1,-0.95464313,2.911236,1.2505713,0.8472444,0.43157572
CCTATTAAGGCTAGGT-1-gPlexB7_s1,-0.16285917,-0.05750922,0.082353234,-0.6746312,0.92872053
CCGTACTCATATGAGA-1-gPlexB1_s1,-1.3942459,2.3060868,-0.21561374,-0.45485145,1.9012538
TGGGAAGCATTTCACT-1-gPlexB1_s1,0.46195936,-0.37035996,-0.015789436,-0.1502618,1.275594
GATGAGGAGTTAGCGG-1-gPlexB5_s1,0.32147515,-0.23184171,-0.6976314,-0.5292865,0.76164997
TGTATTCCAGGACCCT-1-gPlexB2_s1,0.24496496,-0.14121428,-0.1437579,1.5787637,1.8818123
CGCTTCACAGCTATTG-1-gPlexB5_s1,8.941465,-0.60275066,-1.0344565,-0.36370206,0.6147616
CCTAGCTTCGAATGCT-1-gPlexB7_s1,1.0928135,-0.5419216,0.14470433,-0.7600682,2.987365
ACTGTCCTCTTCTGGC-1-gPlexB4_s1,-0.011889413,0.080198266,0.30892137,0.01010111,-0.58957255
CTAATGGTCAGAAATG-1-gPlexB6_s1,8.506202,-1.2729301,1.2217126,-0.65210223,1.8991324
GATGCTAAGGGAAACA-1-gPlexB5_s1,7.357965,-0.7536672,-0.53482777,-0.114399195,1.2981466
AGAATAGTCAGAGGTG-1-gPlexB5_s1,8.035078,-1.2402207,-0.22258006,-0.97715867,1.1444088
GTGTTAGGTGTGAAAT-1-gPlexB6_s1,0.45285088,-0.15877904,-0.24437113,-0.2616898,1.8614275
AGCAGCCAGACAGGCT-1-gPlexB7_s1,-1.4112769,2.426717,0.014460664,-0.1255609,2.4243205
TACTTGTAGATGGGTC-1-gPlexB6_s1,8.787575,-0.30704668,-1.1888565,-0.44782573,2.5503588
AACTTTCGTGGCCCTA-1-gPlexB3_s1,-1.9793854,2.6695962,0.8099007,0.5521869,-0.2322928
ACTGATGTCCTTTCTC-1-gPlexB3_s1,0.6133953,-0.33761925,0.109152816,-0.36693954,1.9046435
AGAGCTTGTTTCCACC-1-gPlexB2_s1,-0.6584411,2.3253775,0.12904254,0.24011989,1.9170886
CCTCTGACACAGGCCT-1-gPlexB7_s1,0.25266823,1.694573,1.2001162,-0.21274133,1.4993806
CATGACATCTCGAGTA-1-gPlexB4_s1,-0.058013976,-0.4507246,0.4908029,-0.2675919,0.8059559
GGGCATCAGGAGCGTT-1-gPlexB4_s1,0.3603224,-0.23436007,-0.2603562,-0.16592988,2.109747
CATATTCAGTCTCCTC-1-gPlexB5_s1,0.27702296,-0.55104584,0.49424914,-0.94150215,1.272289
CGCGGTATCGGACAAG-1-gPlexB3_s1,0.36798602,-0.3846406,0.57505435,0.73391026,0.42102772
TACCTATTCGAATCCA-1-gPlexB5_s1,0.32786423,0.008494914,0.11872128,-0.1838968,-0.08909726
TACAGTGGTCGAATCT-1-gPlexB5_s1,0.549195,-0.19739276,-0.9620277,-0.42496374,0.95352256
GTAACGTAGGGAGTAA-1-gPlexB4_s1,-0.61493534,2.2302198,0.55036265,0.3943678,0.67491376
TCATTACGTTAGAACA-1-gPlexB6_s1,0.54134214,-0.31568268,0.6099449,-0.41246694,0.5797005
TCAGCTCTCCTTGACC-1-gPlexB6_s1,0.85094684,-0.49399975,0.96622765,-0.3475241,0.9371608
CATGCCTTCGCTAGCG-1-gPlexB6_s1,-1.7047292,2.4649854,0.6365814,-0.30279297,1.7717826
AAACGGGCAACGATGG-1-gPlexB7_s1,-0.54472053,2.8842459,1.2512226,0.78824055,1.4108727
TACACGAGTGCTAGCC-1-gPlexB6_s1,7.029385,-0.48215464,1.1700938,-0.68145555,2.8677301
TTTGGTTAGCCCGAAA-1-gPlexB3_s1,0.3073072,-0.18204106,0.30399567,-0.008436769,2.1445386
GGCTGGTGTGCCTGGT-1-gPlexB2_s1,-1.2007195,2.0207417,0.7463909,0.49687582,1.1523069
CTGAAGTCACGGTAAG-1-gPlexB7_s1,0.31832257,0.8665033,-1.4805356,-0.0008687973,1.5298326
TTTCCTCTCTTTAGTC-1-gPlexB7_s1,0.7512357,-0.6560914,-0.7712357,0.0055866987,-0.04000649
CGACCTTTCCAGAAGG-1-gPlexB7_s1,8.1792,-0.948956,-0.8813233,-1.3406808,0.3399678
GATGAGGTCATCTGCC-1-gPlexB5_s1,-0.008434184,-0.49872026,0.35524535,1.158267,0.86463547
CGAACATAGCCAGTTT-1-gPlexB3_s1,-1.5806017,2.45876,-0.28666893,-0.6189145,2.0639362
CTGTGCTCATCTATGG-1-gPlexB1_s1,0.51344585,-0.54912794,0.11021814,-0.30240974,-0.26941997
ACAGCTAAGATGTGTA-1-gPlexB5_s1,-0.564829,-0.07172567,0.520276,1.9027305,-1.4199592
GAACGGACAACTGCTA-1-gPlexB4_s1,0.43781283,-0.65490663,0.1122016,0.029377028,1.5004345
TTAGGACCATGACGGA-1-gPlexB7_s1,0.22211659,-0.38107204,-0.04839734,1.6948218,-0.2288343
ACGTCAACATTGGCGC-1-gPlexB1_s1,0.29136795,-0.16005385,0.08751651,-0.57224655,-0.61691487
TCTTCGGAGCTGCCCA-1-gPlexB5_s1,8.174857,-0.925202,-0.9642247,0.009552643,0.99793243
CTGGTCTTCTAACTTC-1-gPlexB5_s1,6.5470443,-1.4451196,1.9462628,-0.97012246,1.935045
CTCTAATGTAGGGACT-1-gPlexB6_s1,-1.0317631,2.4648364,-0.05907263,-0.4825668,0.19099867
ACACCAATCTACCAGA-1-gPlexB1_s1,-1.9147388,2.4351919,0.18631771,-1.2401302,0.57556343
TCGTAGAAGTGGCACA-1-gPlexB5_s1,5.796982,-0.47381574,-1.9859347,1.9107981,0.3999834
CTTGGCTTCTGATTCT-1-gPlexB2_s1,8.033865,-0.87830347,-1.1114211,-0.9041925,1.4956932
ATCTGCCTCGCGTAGC-1-gPlexB5_s1,-1.203909,3.1196134,1.5038644,-0.0484889,0.1847623
ACGATACCACCGATAT-1-gPlexB3_s1,-2.0875244,2.7617228,0.6753951,-0.96190685,1.1968077
CTAATGGAGCCGTCGT-1-gPlexB1_s1,8.448408,-0.82373583,-0.7362254,-1.1284468,1.3987204
CAGCATAAGATCGGGT-1-gPlexB3_s1,0.6882677,-0.98340255,-0.20930271,0.054378808,2.0873632
GCATGCGCAGATCTGT-1-gPlexB6_s1,6.8476195,-0.8391207,1.1961151,-1.2021573,3.1056588
GCATGTAAGGACGAAA-1-gPlexB1_s1,-0.32288614,-0.6075727,-0.28632963,1.5113986,-1.0191977
AGGTCATCATCAGTCA-1-gPlexB3_s1,5.005751,-0.56057644,1.2465076,-0.53651863,1.5251956
AGCTCCTAGTACGACG-1-gPlexB5_s1,0.4559229,-0.24216384,-0.19049865,0.12562668,0.014890313
AGCAGCCCATACTACG-1-gPlexB2_s1,6.94955,-0.82146305,-1.1709701,-0.60218525,1.9250351
TGTTCCGCAAGCTGTT-1-gPlexB3_s1,-1.7149719,2.780482,-0.18665348,0.24608998,0.86714697
CGAGAAGGTTGTTTGG-1-gPlexB1_s1,-0.3867995,-0.44624946,0.3753592,0.02232343,-0.684548
TCTGGAAGTTCTCATT-1-gPlexB1_s1,6.4470773,-0.31181267,-1.2632359,0.10287972,1.2786539
CTAATGGTCAAGATCC-1-gPlexB3_s1,7.903938,-0.86436313,-0.7503619,-0.77078855,1.4217476
GCAGCCAGTAGTAGTA-1-gPlexB4_s1,0.21083322,-0.24711753,0.2970975,1.176023,1.4240825
CCCAATCCATGTCCTC-1-gPlexB4_s1,8.30632,-1.531163,-0.9272055,0.16201164,1.3846538
ACGGAGAAGTTCCACA-1-gPlexB5_s1,-1.4656352,2.3279235,0.40815127,0.24230272,2.0029585
ATCCACCGTCCTAGCG-1-gPlexB3_s1,6.157116,-0.41925687,1.5378729,-1.3906523,1.3744324
CCGTACTCAAAGAATC-1-gPlexB5_s1,0.32831952,-0.24530755,0.32968286,-0.024246827,-0.13261822
GATCTAGAGATGGGTC-1-gPlexB5_s1,0.17558955,-0.20062773,0.435539,-0.09378547,1.0270474
TCGGTAAAGGATATAC-1-gPlexB4_s1,6.9947834,-0.709929,-0.43336624,-0.43491387,1.7014215
GTGCATAAGGAGTTTA-1-gPlexB6_s1,0.25691333,-0.3300734,-0.009480536,-0.3582108,0.7200852
TGCACCTCAATCACAC-1-gPlexB5_s1,7.879904,-0.840427,2.6664927,-1.099822,2.9733198
TCAGCAATCAAACGGG-1-gPlexB4_s1,0.033307645,0.08018038,-0.21204272,-0.6138046,1.6118515
TAGTTGGCACTCTGTC-1-gPlexB4_s1,0.29045188,-0.44242007,0.60712785,-0.27289122,1.279126
GACACGCGTCCCTACT-1-gPlexB5_s1,8.230397,-1.1525998,-1.1059911,-0.6853487,2.0138373
TACAGTGGTTTCCACC-1-gPlexB7_s1,8.648919,-0.94136506,-1.8921818,-0.8796091,0.89962226
CCGGTAGCATCCTAGA-1-gPlexB2_s1,6.9997697,-1.0170634,1.5700817,-0.829159,1.826164
AAGGTTCGTCTAGCGC-1-gPlexB5_s1,-0.26152223,-0.36032525,-0.059753913,1.3207258,0.9268198
ACGATGTTCTGGCGAC-1-gPlexB1_s1,-1.7332604,2.8779166,0.2827174,0.06451507,0.16313383
TCTGAGAAGACTTGAA-1-gPlexB2_s1,-2.0113485,2.523965,0.1374611,-0.39778823,0.9129908
GCAGCCACAGCCAATT-1-gPlexB4_s1,0.39540276,-0.4524436,0.31201357,0.7023338,0.8122299
CAACTAGGTATTCGTG-1-gPlexB5_s1,-1.827421,2.6282823,0.26649737,0.14353241,0.95558524
TGGTTAGAGAGTAAGG-1-gPlexB2_s1,7.6301394,-0.66842574,-0.05063967,-1.6064498,2.136959
TCGGTAAAGACAATAC-1-gPlexB5_s1,-0.65505683,-0.25669983,-0.3558589,1.1053927,0.5072837
CTCCTAGGTAGCGCTC-1-gPlexB6_s1,6.788158,-1.2472899,-0.8231109,-0.96611965,2.440351
GGGCATCTCCAAAGTC-1-gPlexB2_s1,9.307865,-0.7577621,-1.245922,-0.06789177,1.209517
GATCGATGTGGCGAAT-1-gPlexB4_s1,0.07088661,-0.35226673,0.5613767,0.0031031072,-0.5467687
ACTGAGTCAACTTGAC-1-gPlexB4_s1,0.23550218,-0.43749642,0.24957398,-0.4116783,1.7895707
CAAGATCTCCTGCAGG-1-gPlexB3_s1,0.4735113,-0.24299148,-0.023087261,-0.59283537,1.4978349
TACGGGCGTTAGATGA-1-gPlexB6_s1,8.078583,-1.826951,-0.5915235,-2.0209048,0.3402875
GCTGGGTTCAGAGACG-1-gPlexB5_s1,-0.002768606,-0.42424613,0.39663357,1.419809,0.20738676
TAGCCGGTCGCGCCAA-1-gPlexB7_s1,0.448888,-0.44418687,-0.53325826,-0.44307938,1.1382844
TACGGATAGCTTATCG-1-gPlexB4_s1,8.136602,-0.9838381,-1.6940851,-0.0020171553,1.811313
GAACCTACACTAGTAC-1-gPlexB4_s1,0.37973413,-0.23432176,-0.26000458,0.18096843,-0.21511564
ACACCGGAGAGTAAGG-1-gPlexB5_s1,0.32953054,-0.6449661,-0.16677488,-0.62992996,0.40155855
CCGGGATGTGGACGAT-1-gPlexB3_s1,8.725476,-0.8828365,-1.0820875,-0.022639409,1.8927426
TGGCCAGTCACGACTA-1-gPlexB3_s1,-0.98326117,2.402171,0.946368,-0.069321185,-0.9571756
GGGATGATCTTCATGT-1-gPlexB6_s1,0.06887603,-0.30689198,0.9597489,1.2565427,-0.16309269
CACATTTGTGGTCTCG-1-gPlexB1_s1,8.469251,-0.7589452,-0.8295616,0.22051972,1.1811631
TAAGAGATCTTGACGA-1-gPlexB5_s1,0.48689204,-0.47879317,-0.16150379,1.1739135,0.73451775
TAGGCATTCAACACTG-1-gPlexB3_s1,0.14000934,-0.29999307,1.2236522,-0.27182296,1.2083315
CGCGGTATCGCAAGCC-1-gPlexB1_s1,7.6995797,-0.68271244,-0.63353926,-0.40524438,1.8059101
ACGGGTCAGTACGTTC-1-gPlexB4_s1,0.5771876,-0.39489192,0.5452979,-0.11586945,1.0834718
CGGACTGAGCTGTTCA-1-gPlexB4_s1,0.075530946,-0.18371809,-1.084999,-0.008643523,0.17024562
ACAGCCGTCATTGCGA-1-gPlexB2_s1,-0.8975971,2.101305,0.96113664,-0.42709118,0.98952603
AGGGTGACAGGACCCT-1-gPlexB7_s1,7.198048,-1.1530817,-0.7658632,-0.012545064,2.3682342
AGCTCCTGTCAACATC-1-gPlexB4_s1,0.21587774,-0.23909146,0.4723281,-0.96132886,1.3685195
CGCCAAGAGTGTTTGC-1-gPlexB5_s1,0.5593655,-0.4515913,-0.07843538,-0.0932618,1.9355412
AGGCCACCAGGGTATG-1-gPlexB4_s1,0.40827912,-0.77528906,-1.5744911,-0.4028674,2.577162
ACATCAGCACTTGGAT-1-gPlexB3_s1,-0.19276269,-0.16742973,-0.15212657,0.16975798,2.1593947
GGATTACTCCAACCAA-1-gPlexB1_s1,8.048465,-0.94629943,-1.239014,-0.05618024,2.8674986
CATCAGAGTTAAGATG-1-gPlexB2_s1,0.4117511,-0.40151706,-0.44044057,-0.48645896,0.9570151
TAAGCGTTCCTCTAGC-1-gPlexB6_s1,0.69911015,-0.5592524,-0.24333689,-0.30002856,1.6949666
CCCATACTCGCAGGCT-1-gPlexB1_s1,-0.33151153,-0.1772204,0.014953415,1.1115631,-0.3243789
CAAGTTGGTCGCATCG-1-gPlexB6_s1,-1.14674,2.206947,0.30551228,-0.051893063,0.504151
GTGTGCGAGGTGTGGT-1-gPlexB2_s1,-1.2225281,2.7386396,0.42716345,-0.19142511,1.5195266
CCTCAGTAGAGCTGCA-1-gPlexB7_s1,7.3226957,-0.42451155,-0.72551197,-0.37107557,0.6910433
GGGCATCTCCCGGATG-1-gPlexB3_s1,7.51504,-0.3825087,-0.06660427,-1.4086019,1.4613718
GCTGCTTCAGATAATG-1-gPlexB5_s1,0.41785288,-0.07338875,0.025161933,-0.11474659,1.1805516
TGGCTGGAGATGGCGT-1-gPlexB1_s1,6.724605,-0.84176975,-1.3836659,0.38801047,3.436197
CGACTTCGTCTTCGTC-1-gPlexB4_s1,7.6645603,-0.9893838,1.5609626,-0.7382977,1.5020508
GGACAAGTCCACGAAT-1-gPlexB4_s1,-1.8737522,2.5742283,0.48948994,0.33788693,0.70125854
TCACGAACAGCTGGCT-1-gPlexB7_s1,5.217192,-0.7935418,-0.66524214,-1.3328394,0.65304726
ACTGAGTAGCGATGAC-1-gPlexB2_s1,0.4767983,-0.43217757,0.1513271,-0.31951264,0.7227719
GCGCCAATCGGGAGTA-1-gPlexB7_s1,7.199788,-0.54160464,-0.830637,0.43508878,2.2626035
CCCTCCTCATTGCGGC-1-gPlexB1_s1,-1.2045645,2.981167,0.5760554,-0.6492629,1.6248121
CTTACCGGTGTTTGTG-1-gPlexB4_s1,-1.216864,2.275512,0.99801916,-0.17976117,-0.49848285
ACAGCTACATTCTCAT-1-gPlexB1_s1,5.5144625,-0.9178522,-0.596064,0.59451866,2.6075203
CGGAGCTTCTCAACTT-1-gPlexB1_s1,-0.4780764,1.7322129,0.58718354,0.15589373,0.39818934
AGCTTGATCCTTTCGG-1-gPlexB6_s1,8.419769,-0.71205163,-0.65981656,-0.68142444,2.8936033
AAACCTGTCGTCTGAA-1-gPlexB2_s1,-1.009804,2.3156056,1.4871298,0.44163203,-0.04123932
CCACTACAGGACGAAA-1-gPlexB3_s1,9.123171,-0.6631893,-0.85223496,-0.08974527,1.091399
TTCTTAGGTTCTGTTT-1-gPlexB4_s1,-1.2602477,2.75441,0.85361814,-0.6761914,1.5310905
CAACTAGGTCTAAAGA-1-gPlexB6_s1,0.47555095,-0.47922885,0.45893636,-0.40851986,1.5389042
CTAAGACTCATATCGG-1-gPlexB1_s1,6.942021,-1.3353775,-0.8931227,-0.26807615,1.7652687
GTGTGCGAGCTAGTTC-1-gPlexB3_s1,0.69001526,-0.4918974,0.06824662,-0.027668655,0.8661428
GCTGCTTGTGCAACTT-1-gPlexB7_s1,0.4803488,-0.42148304,-0.48971292,-0.27938175,0.058295906
CTGATAGCACACAGAG-1-gPlexB3_s1,7.495736,-0.22255209,-1.3324171,0.43596154,1.7642219
GACGTTAAGATGTTAG-1-gPlexB2_s1,7.849644,-0.54691416,0.24529809,-0.28931567,1.4822128
CGAGAAGAGTGTACCT-1-gPlexB3_s1,-0.39295036,-0.37481585,0.23389262,-0.12758966,1.0712352
CACAGGCGTCAAAGCG-1-gPlexB3_s1,-1.3219205,2.5460372,0.30130666,-1.1426663,1.905402
TAAGTGCAGCCCAACC-1-gPlexB1_s1,-0.9979334,2.5886953,0.008478539,-0.39256492,3.3752022
ATCTGCCCAGCTGTAT-1-gPlexB4_s1,0.015053928,-0.25528955,0.58673465,-1.028466,0.06421748
ATTTCTGCACCGCTAG-1-gPlexB1_s1,0.4393427,-0.19453518,-0.031849857,-0.1728735,0.5536516
GGCGACTTCCACTGGG-1-gPlexB7_s1,8.370788,-1.0583786,2.2251859,-0.7079401,2.467477
AAACCTGGTCTTCTCG-1-gPlexB3_s1,-2.0837657,2.535347,0.45112664,-0.13243575,0.91867685
TATCTCATCGTTTGCC-1-gPlexB7_s1,-0.8159468,2.7789352,1.463792,-0.07749905,1.9325073
AAAGATGAGTGTGGCA-1-gPlexB4_s1,7.511837,-0.9336171,-0.13285269,0.76569235,2.8100226
CCAGCGACAGTTCATG-1-gPlexB5_s1,0.5896894,-0.46828905,-0.1235482,-0.4008255,0.33806163
CGTCTACCATGGATGG-1-gPlexB5_s1,0.5329548,-0.69500273,0.19765663,-0.34786147,1.1478043
GCATGTACAAACCCAT-1-gPlexB3_s1,8.911953,-1.089397,-1.6893361,-0.24446414,1.6366084
CTCGTCAGTCCTGCTT-1-gPlexB5_s1,6.5984445,-0.47660297,-1.2812582,0.38600677,2.0173466
TCAGATGGTTCCGGCA-1-gPlexB4_s1,8.654133,-0.7633623,-0.076237895,-0.23693961,1.6969777
ACGAGCCTCATCGGAT-1-gPlexB3_s1,-1.1523418,2.44246,0.98988146,-0.13423069,0.2789348
GAACGGAAGTAGATGT-1-gPlexB1_s1,0.20164809,-0.42673925,-0.82294023,-0.13963169,1.2248714
AAAGATGGTAAAGTCA-1-gPlexB4_s1,-1.3851418,2.3333352,0.15352733,0.22444187,2.6754184
CCCAATCTCGGAAACG-1-gPlexB5_s1,7.783375,-1.1159374,-1.4482044,-1.1364926,0.26277825
GTGCGGTCACGAAATA-1-gPlexB1_s1,-1.249996,2.5484998,-0.07319851,0.010212444,-0.31973192
ACGGGCTCAGACGCCT-1-gPlexB3_s1,0.96677136,-0.39096624,-0.3374076,-0.28562576,1.611735
AACCATGAGCTGGAAC-1-gPlexB4_s1,0.15240613,-0.38668153,-0.5085032,-0.33336788,1.5512934
CAGAATCAGGGCTTCC-1-gPlexB4_s1,0.23804703,-0.1390934,0.024131507,-0.70220757,0.94944894
TACGGGCAGCCAGGAT-1-gPlexB5_s1,-0.13913293,-0.36119404,-0.6639482,-0.118052125,0.47769696
ACGAGGAAGATGGGTC-1-gPlexB7_s1,0.15670986,-0.2773593,-0.64155656,1.6032745,-0.2032119
CACAAACCATGTCGAT-1-gPlexB2_s1,-0.6064178,-0.15941924,0.7959422,1.8916433,0.39578778
ATCACGATCAGGCCCA-1-gPlexB6_s1,8.7727,-0.7555543,-0.82347023,0.09192628,0.21350384
TCACGAATCCGCGGTA-1-gPlexB6_s1,0.64457136,-0.021948121,-1.131091,0.12908322,1.2212272
CTCGTCATCTCAACTT-1-gPlexB4_s1,9.0592985,-0.8471447,-1.3004819,0.1582526,-0.13538435
ACGATACCACCTCGGA-1-gPlexB4_s1,1.0934591,-0.5179576,-0.070259966,0.18886706,2.2972627
CCAGCGAGTATCAGTC-1-gPlexB4_s1,7.9408555,-1.7918117,-0.61036247,-0.21470085,1.8127372
TGGTTCCTCATCTGTT-1-gPlexB1_s1,0.9225425,-0.5939178,0.050196614,-0.2630584,1.044752
CGTAGGCTCCGCGCAA-1-gPlexB4_s1,7.2959094,-0.8438061,2.8462741,-0.19950062,2.4198432
ATTTCTGTCGTAGGTT-1-gPlexB3_s1,7.1603966,-0.76231337,-0.045141555,-1.3749726,1.3395789
CCCAATCTCCTTGACC-1-gPlexB6_s1,0.6989151,-0.5294488,0.24727814,0.049850583,-0.0064002275
CCACTACCAGTCAGCC-1-gPlexB1_s1,8.354655,-1.3758819,-1.0172704,-0.25302923,1.6831409
GAAGCAGCAAAGCGGT-1-gPlexB4_s1,0.7456538,-0.3137204,0.27441785,-0.5290136,1.9197006
CGTCACTTCAATAAGG-1-gPlexB1_s1,-1.6369457,2.528105,-0.0039417613,0.6350914,-0.37476265
CTCTGGTAGTCATGCT-1-gPlexB5_s1,6.8591485,-1.0655591,-1.048021,-2.055822,1.7990179
GCTGCGAAGATAGCAT-1-gPlexB2_s1,-0.7755814,2.8559139,0.22729819,-0.57479393,0.8539823
TTGAACGCAGTCGATT-1-gPlexB6_s1,-0.61691487,2.1706545,0.2586341,-1.7771457,1.2185702
AGTGTCATCCGAATGT-1-gPlexB3_s1,-1.2078173,2.58178,0.5497317,0.13173977,1.0245963
CGGCTAGCAATAACGA-1-gPlexB1_s1,7.8179665,-0.44320878,-0.64475214,-0.3720907,2.8610818
ACTTGTTGTTCTGGTA-1-gPlexB2_s1,0.43232143,-0.121473804,-0.06390257,-0.24373539,-0.028140426
GACTAACCACATCTTT-1-gPlexB5_s1,-2.0910213,2.8638444,0.19723059,0.7014999,1.2516378
CTCGGAGGTTAAAGAC-1-gPlexB6_s1,0.5043485,-0.3454702,-0.17166278,-0.3473435,1.1298802
GTAACTGCATATGCTG-1-gPlexB4_s1,-0.008337356,0.04690283,-0.076744884,-0.35861465,1.0032682
TCAATCTGTTTGGCGC-1-gPlexB3_s1,0.43125534,-0.23381382,0.17929551,0.17174996,0.74456155
TTCCCAGAGAATTCCC-1-gPlexB6_s1,6.8018503,-1.405294,-0.79529864,-0.37956554,0.8014934
GTATTCTAGACAATAC-1-gPlexB5_s1,-0.18218884,-0.2730216,0.6156737,1.2716486,-0.22722578
ATTCTACGTTACCGAT-1-gPlexB5_s1,1.3182375,-0.40670237,-0.51134217,0.3655997,2.4418392
TGCACCTCAGCTCCGA-1-gPlexB1_s1,0.15088114,-0.18877761,-1.1736137,-0.21199936,-0.18128172
GACTGCGCAGCCAATT-1-gPlexB2_s1,-1.922946,2.3713217,0.83886635,-0.13252777,0.06877926
TACCTTATCCTCATTA-1-gPlexB7_s1,0.13972537,-0.27813736,0.8990881,0.44251487,0.6056438
CTCGAGGGTTCGCTAA-1-gPlexB5_s1,0.5174619,0.22245693,0.3230169,-0.23437163,0.42148688
CGAGCCATCCGTTGCT-1-gPlexB5_s1,0.69662523,-0.39935842,0.4599206,-0.5850142,0.61465013
GCAGCCAGTCTTCAAG-1-gPlexB5_s1,7.179439,-0.2801055,-0.91416454,-1.3639253,-0.82963413
GTTAAGCGTCTTCAAG-1-gPlexB2_s1,-2.1082356,2.740831,-0.6159912,-0.97666276,0.8298895
TGACGGCCACCTCGTT-1-gPlexB6_s1,7.762838,-0.8512437,-0.48247308,-0.4288721,2.7865002
CCCAGTTGTTCATGGT-1-gPlexB5_s1,-0.8266983,3.0052297,0.5985494,-0.015276492,0.7636377
CCATGTCTCGACCAGC-1-gPlexB3_s1,-0.53613913,0.21839985,-0.41234237,0.24470223,1.2313846
CGAGAAGTCTCGTATT-1-gPlexB2_s1,-1.9013048,2.1386511,1.213957,0.17351347,0.10483524
AGGGATGTCCGAAGAG-1-gPlexB2_s1,0.085466176,-0.37655967,0.26244956,0.90936005,1.0711143
GTAGTCAAGAGTCGGT-1-gPlexB1_s1,-1.661294,2.3107796,0.8122735,-0.5486809,-0.34959465
AGGCCGTGTCTCTTTA-1-gPlexB4_s1,8.689359,-1.9261423,1.7134625,-0.38122275,2.632236
AAGTCTGCAAACTGTC-1-gPlexB6_s1,0.5102626,-0.5444426,-0.73673135,-0.34487295,1.9183598
AGCATACGTCGTGGCT-1-gPlexB7_s1,0.46676448,-0.24149492,-0.010360699,-0.64000964,0.9032427
GGGCACTGTCAATACC-1-gPlexB6_s1,-1.2879252,2.2574718,0.084656276,-0.036440015,0.69746184
GGACATTAGTCAAGCG-1-gPlexB7_s1,0.706545,-0.5314752,0.27594942,-0.2722879,-0.64047134
GAACCTATCTGGCGTG-1-gPlexB1_s1,-0.19434665,2.2773435,0.4392634,-0.72002125,1.1977923
CAGATCATCAGTTGAC-1-gPlexB2_s1,-0.31727582,-0.5923394,-0.12802671,1.1103277,0.24409986
ATAAGAGAGGACCACA-1-gPlexB1_s1,0.61205864,-0.25388375,0.53292865,-0.3609373,2.4329557
GACCTGGGTAGGAGTC-1-gPlexB5_s1,-1.5856714,2.314305,0.4965929,1.0038166,1.6136731
CTCGAAAAGTACGTAA-1-gPlexB1_s1,7.2100797,-1.0520971,-0.08220333,-1.555755,2.100946
CGGTTAAAGTACGACG-1-gPlexB1_s1,0.7840223,-0.62705064,-0.14193457,-0.11629323,0.43995166
AGCCTAAAGGTTACCT-1-gPlexB4_s1,6.9339294,-0.67118174,1.7230306,-0.91847175,1.3733643
ATCATGGCACTATCTT-1-gPlexB2_s1,8.437921,-1.0620815,-1.0001194,0.28530228,3.03174
AAATGCCAGACCACGA-1-gPlexB6_s1,0.5474964,-0.077120386,0.70373094,-0.15904108,-0.76140976
CCTTACGCACAGGAGT-1-gPlexB5_s1,-1.6384668,2.4081054,-0.23100184,-0.3905367,0.5060482
ACACCCTTCATTCACT-1-gPlexB1_s1,0.46959808,-0.28850794,-0.9458349,-0.5332122,0.28349942
GGGAGATGTCAACTGT-1-gPlexB5_s1,0.33937785,-0.09402698,-0.91133374,-0.6466044,2.0237544
TCGGGACTCTGTCTCG-1-gPlexB4_s1,0.2875814,-0.41654778,-0.21702132,1.8558083,-0.6328677
TGTGTTTGTCCAGTTA-1-gPlexB3_s1,7.034381,-0.50644493,-0.7786528,-1.6004528,0.556997
GAATGAAGTAGGGTAC-1-gPlexB7_s1,0.10365558,0.030791024,-1.7136922,-0.6870005,1.7093526
TTTACTGTCAGTGCAT-1-gPlexB2_s1,-1.1227692,2.4303334,0.099149026,-0.59783995,-0.6391868
GACTAACTCAGAGACG-1-gPlexB6_s1,0.6619123,-0.44199657,0.27523255,-0.20234503,2.1270812
TGAGCCGCATGGTTGT-1-gPlexB7_s1,0.84581935,-0.23554513,0.06937052,-0.3647579,0.78636825
CATCAGACAGGGTTAG-1-gPlexB6_s1,-1.5242175,2.450254,0.39082947,-0.38758707,-1.7050639
TTGGAACCACATCCGG-1-gPlexB6_s1,-0.024000902,0.062681116,0.21518396,-0.33945626,2.624112
TGCCCTACACATTCGA-1-gPlexB2_s1,0.89821184,-0.5282195,0.4156059,-0.36031353,0.31849185
ATGAGGGAGATCTGCT-1-gPlexB2_s1,6.731906,-0.69628185,-0.72067577,-0.8077328,2.8505776
TGGTTCCTCCTTCAAT-1-gPlexB5_s1,0.15769078,-0.17978573,-0.30140507,-0.091806814,0.6551647
GCGACCACACAACTGT-1-gPlexB2_s1,-2.3022087,2.2634196,0.5696647,0.018224522,-0.57914007
GCAATCATCGCCGTGA-1-gPlexB5_s1,-0.045708165,-0.11795584,0.66470295,0.6564808,1.1499419
ACCCACTGTATATGAG-1-gPlexB2_s1,-1.6581646,2.4782891,0.6899805,0.22352293,0.5636305
CATCCACGTGGTCCGT-1-gPlexB3_s1,7.9073853,-1.2711252,-0.5338298,0.35311842,0.43734643
CAGATCATCCAGTATG-1-gPlexB5_s1,0.5457243,-0.33725977,0.114236176,-0.33129478,0.03449577
TGCGTGGTCGCGCCAA-1-gPlexB5_s1,-1.3822559,2.120661,-0.060985204,-0.4946307,0.362545
TGAGCATCACGGCCAT-1-gPlexB6_s1,0.37629896,-0.22542278,0.33935136,0.014627442,-0.039889634
GTAGTCAGTCTGATTG-1-gPlexB6_s1,7.075775,-0.91143626,1.711387,-2.08514,5.0920706
GGCCGATTCTTTAGTC-1-gPlexB6_s1,7.872689,-0.5858899,-0.8219235,-0.35848606,2.2831106
TCAGCTCGTTACTGAC-1-gPlexB6_s1,4.74893,-0.5884819,-0.5374843,-2.2315562,3.0121622
CCTAAAGTCTTTCCTC-1-gPlexB2_s1,0.17796272,-0.44059485,-0.2858777,-0.26354164,1.7255813
AGGGATGAGTTCGCAT-1-gPlexB2_s1,6.9504924,-0.8974528,0.34507722,-1.3427907,1.964175
ACTGATGTCAACACAC-1-gPlexB7_s1,0.7328129,-0.3090099,0.27589697,-0.6133749,1.3771156
ACAGCTACACTTCGAA-1-gPlexB4_s1,8.007339,-0.8337057,-1.2640316,-0.43540788,2.4641476
CACACCTCAAGCTGAG-1-gPlexB3_s1,7.522709,-0.8394007,1.3306779,-0.6497363,3.1023207
GATGCTACATCGACGC-1-gPlexB3_s1,9.157588,-1.4589546,-1.3862618,-0.43794286,1.6531726
CTCACACGTCGCATAT-1-gPlexB4_s1,0.21295568,-0.5667447,0.3391633,0.35262406,1.1400499
CTCAGAAGTCAGTGGA-1-gPlexB7_s1,0.8390745,0.05798427,0.047064047,-0.85568136,1.9198415
CAGGTGCTCAAGGTAA-1-gPlexB1_s1,0.006907001,-0.52739394,-0.3744386,1.8680798,-0.49590734
ACTGCTCCATATGAGA-1-gPlexB4_s1,-1.0818704,1.8974906,0.9920506,0.3050956,1.0933464
TCAGCAAGTATGAATG-1-gPlexB2_s1,8.956682,-0.95451975,-1.0893866,-1.3156209,2.4026904
TGTGGTAAGTCCATAC-1-gPlexB4_s1,6.4142003,-0.4092535,1.6439918,-1.4428211,0.8665568
TCATTACAGCGTCAAG-1-gPlexB5_s1,8.293591,-0.67219436,-1.0760521,-0.63897234,1.8223441
GGATGTTAGAGGTTAT-1-gPlexB7_s1,0.55009776,-0.2692492,-1.0682478,-0.51298606,1.1309534
CCCAATCCAGGGTTAG-1-gPlexB7_s1,7.5853705,-0.7360296,-0.79982334,0.03886094,2.7319822
TGAGCCGCAAATACAG-1-gPlexB1_s1,-1.1822242,2.082279,0.54558724,-0.71768135,1.3038441
TGCGTGGGTTGATTGC-1-gPlexB2_s1,8.222214,-0.44137624,-0.27719775,-0.31987706,1.6196558
GAATAAGAGTGACTCT-1-gPlexB2_s1,0.25527298,-0.42096034,-0.06426772,-0.06996392,1.1130373
TATTACCAGTTAGGTA-1-gPlexB4_s1,6.475655,-1.4818777,1.4049398,-1.5631872,1.8455998
GATGAAACAAGCGATG-1-gPlexB3_s1,-1.6883092,2.348537,1.0469946,0.26069832,1.0540254
ACTTACTGTAACGCGA-1-gPlexB4_s1,8.356807,-0.15351203,1.3299265,-0.25232494,1.5493388
AGGCCACCAATAGAGT-1-gPlexB1_s1,6.942546,-0.7945911,1.2475595,-1.581419,2.34167
CATCAGAAGTCGTACT-1-gPlexB6_s1,1.1120908,-0.34608722,-0.7738284,-0.1840056,2.911189
ACATCAGCACACAGAG-1-gPlexB4_s1,0.33350202,-0.33610272,0.33379215,-0.29378587,1.8926929
TAAGAGAAGTGTACGG-1-gPlexB3_s1,0.7417014,-0.6667666,0.4968726,-0.06763509,-0.20087606
AGCGGTCCAAGACGTG-1-gPlexB7_s1,-0.12767464,-0.013207439,-0.27232984,0.489855,1.996312
CCCAATCCAAAGCAAT-1-gPlexB3_s1,8.565787,-1.7372054,-1.237209,-0.86623955,0.52053076
TCAGGATGTAGAGGAA-1-gPlexB7_s1,5.920933,-0.49032563,0.20573929,-0.91800606,2.3368158
AGCAGCCAGGATGTAT-1-gPlexB3_s1,-0.10657537,-0.69408137,0.17415214,2.0089839,-0.1117852
GATCGATAGACTTTCG-1-gPlexB2_s1,0.2881584,-0.5125362,-0.075867936,-0.55283475,2.089685
CATCAGAGTTCACGGC-1-gPlexB2_s1,0.65465534,-0.55234486,-0.18983865,0.82496005,0.857491
CGTAGCGAGACAGAGA-1-gPlexB4_s1,8.682748,-1.3132647,-0.72284114,0.50724185,4.1682253
TGGGCGTTCAGTGCAT-1-gPlexB3_s1,0.1852973,-0.1940923,-0.14064471,-0.55219066,1.3857847
TGAGCCGTCTGCCAGG-1-gPlexB4_s1,7.1154847,-0.7914224,-0.67176366,-1.0601897,2.12815
CGCGGTATCGCGTAGC-1-gPlexB5_s1,-0.97449666,2.3867493,-0.09049801,0.119335815,1.6931722
TCTGGAACACAGAGGT-1-gPlexB2_s1,0.022057213,-0.38518155,-0.17278463,0.026589394,1.6361761
TTGGCAAGTATATCCG-1-gPlexB6_s1,-1.509588,2.8536832,0.31253937,-0.96196246,-0.19541512
TAGTTGGGTCTAGAGG-1-gPlexB1_s1,8.382107,-0.47520316,-1.2548093,0.90578103,0.8184273
GTGAAGGCAGGGCATA-1-gPlexB1_s1,0.3093121,-0.3643578,0.9893942,-0.14744183,0.8055223
GTGCAGCAGCCACCTG-1-gPlexB7_s1,7.307044,-0.5112914,1.7734714,-0.79931754,2.0103748
AGCGGTCTCCTATTCA-1-gPlexB1_s1,8.394319,-0.36760205,-0.9513919,-1.5366901,1.5971024
GAATAAGGTCTCTTTA-1-gPlexB6_s1,8.088447,-0.91614294,-0.17578673,1.0325243,2.7121086
ACTGATGCACTATCTT-1-gPlexB5_s1,0.4690867,-0.32421136,0.33367544,0.11218554,-0.36843574
CTTTGCGGTCATACTG-1-gPlexB4_s1,0.628116,0.067135036,-0.138245,0.65550053,0.4343631
GGACAGAGTACCGCTG-1-gPlexB6_s1,9.523475,-1.6182985,-1.11654,-1.3915477,1.5810397
TTCTCAAAGATATGCA-1-gPlexB6_s1,-0.68498325,2.5335376,0.37078255,-0.06655854,1.8477079
ACGATGTTCGTGGTCG-1-gPlexB3_s1,0.5190186,-0.31499723,0.33726162,-0.16933753,0.48241878
AGAGTGGTCTGGGCCA-1-gPlexB7_s1,0.37745523,-0.33668917,-0.031710442,-0.27720642,1.1380845
ACCGTAACAATTGCTG-1-gPlexB2_s1,0.2390314,-0.2844403,0.68857366,0.13441673,-0.085761964
CGATGGCAGCGTAGTG-1-gPlexB4_s1,-1.6204604,2.13473,0.9159608,0.34212413,1.3898683
TGACAACAGACCGGAT-1-gPlexB6_s1,-0.073278375,-0.47879946,0.9018521,1.4658809,-1.0594459
TTAGGCATCGTGACAT-1-gPlexB6_s1,7.1147685,-1.5862983,-0.57467866,-1.0157657,1.0692676
CTGTGCTCAACTGGCC-1-gPlexB1_s1,1.0966928,-0.57777226,-0.6789301,0.110057905,2.0553894
GACTAACGTTTAGCTG-1-gPlexB1_s1,6.7377787,-0.34850895,-1.6687764,-0.9007311,-0.9261962
CGATCGGAGTCTTGCA-1-gPlexB5_s1,0.08355391,-0.35057366,0.3096906,-0.26851407,0.81069773
TCGGGACGTGCCTGGT-1-gPlexB7_s1,1.1013204,-0.60981244,-0.78286034,0.21582016,-0.54676783
CACAGGCGTTAGGGTG-1-gPlexB6_s1,8.114735,-0.6822406,-0.9660743,1.2222846,2.079625
AACGTTGGTCATTAGC-1-gPlexB2_s1,-1.5755241,2.65844,0.15451764,0.13223906,0.73357
AGAGCGAAGCAATATG-1-gPlexB6_s1,0.8688171,-0.2943,-0.0793954,-0.44478023,1.7031121
TAGAGCTCACAACTGT-1-gPlexB6_s1,0.7297995,-0.4749963,-0.14442708,-0.34290868,0.07443932
ACCAGTAAGTCGATAA-1-gPlexB4_s1,0.015518099,-0.544977,0.52675325,1.6449418,-0.56092775
CATCAAGAGTATCGAA-1-gPlexB6_s1,-0.16818365,-0.16628996,0.62058485,1.5146744,-1.3713641
TCTCTAATCATCACCC-1-gPlexB2_s1,-0.030905984,0.01850776,-0.071586594,-0.42359042,2.201152
CGTTAGACAAGGGTCA-1-gPlexB5_s1,0.1140937,-0.6221661,0.4723448,0.033481747,2.326695
GACACGCCAATAACGA-1-gPlexB7_s1,8.141886,-0.70878524,-0.5542965,-0.49199438,1.4843428
CTAACTTGTACCGTAT-1-gPlexB6_s1,-1.0714136,2.0151184,1.7115575,-0.7570237,1.2137632
GCATGATGTCCATGAT-1-gPlexB4_s1,0.42822897,-0.38013306,0.3452359,-0.08900167,1.1539203
GCTTCCACAGTAAGCG-1-gPlexB4_s1,7.6970944,-0.43765926,-0.9282372,-0.059669375,-0.111067146
ACATACGTCTCAAACG-1-gPlexB6_s1,0.63631445,-0.3987608,-0.5676203,-0.59223974,1.2493844
CACACCTCATCATCCC-1-gPlexB6_s1,7.1000786,-0.5988814,-1.2079656,-0.7464093,-0.12204242
AAGGAGCGTTAAAGTG-1-gPlexB1_s1,0.72445166,-0.0036794506,0.077197485,0.07007533,0.18014678
CCACCTATCCATGAAC-1-gPlexB1_s1,7.157492,-0.738209,-1.2129765,0.5935356,1.339888
TACACGAAGAGACTTA-1-gPlexB5_s1,0.06311695,-0.31136534,0.6295794,-0.4389908,-0.4094873
TTCTACATCTTGCCGT-1-gPlexB7_s1,6.6323876,-2.1045017,-1.145548,-1.0556942,2.1704466
AACCATGAGCGTGAGT-1-gPlexB6_s1,-0.91574425,2.0516994,1.2033472,-0.15353677,-0.038879097
CACATTTCATCGACGC-1-gPlexB1_s1,8.567262,-0.5144765,-0.59382343,0.75633836,0.577535
TCAATCTTCAGTGTTG-1-gPlexB6_s1,7.2775626,-1.0437946,1.7462919,-1.183239,2.500604
GTGGGTCAGAGACGAA-1-gPlexB6_s1,0.4208324,-0.37283158,-0.19414806,-0.39972928,1.6054114
ACCCACTAGAGGTAGA-1-gPlexB2_s1,-0.17812395,-0.5326799,0.50687534,1.3885001,-0.5350138
TCATTTGGTTAAGACA-1-gPlexB1_s1,-0.22122777,-0.1368641,0.39610082,-0.4483017,1.4865496
AGACGTTTCCTGCCAT-1-gPlexB6_s1,0.63525826,-0.6942854,-0.6993526,-0.74689937,1.1999047
TGACAACTCCCTAATT-1-gPlexB6_s1,8.172411,-0.7346099,-1.3445475,0.67541736,0.3671437
AACCGCGAGGATGGAA-1-gPlexB1_s1,7.3198543,-0.40498054,-0.54741573,-0.272649,3.2111273
TATCAGGGTCATGCAT-1-gPlexB1_s1,6.985353,-0.11992525,-0.9355664,-1.0735278,2.7531812
CAAGATCGTGGGTCAA-1-gPlexB4_s1,8.012682,-0.6625523,-0.43201867,0.24792342,0.30435532
TGAGGGAGTTTACTCT-1-gPlexB1_s1,8.494115,-0.7916729,-1.1674336,-0.11783465,3.183703
GCAGCCATCATAAAGG-1-gPlexB7_s1,0.37088916,-0.5313936,0.57488054,1.6697379,0.12721139
GGGCATCTCGGTTCGG-1-gPlexB2_s1,5.1049724,-0.4696743,-1.3322269,-1.1136922,0.42157876
AAAGATGTCTTGGGTA-1-gPlexB5_s1,0.57589567,-0.32340693,0.8737933,-0.25783062,0.39478713
GTGCGGTAGCTGAAAT-1-gPlexB2_s1,0.026798308,0.008332841,-1.1772506,-0.16137871,1.8228211
ATTATCCGTCGTGGCT-1-gPlexB7_s1,6.308943,-0.4337456,-1.2223915,-1.3460971,0.13681027
TCAGGATTCTCCAGGG-1-gPlexB3_s1,0.65658677,0.10245828,-0.10799895,-0.077711694,0.96585274
CTTCTCTCAGAGCCAA-1-gPlexB4_s1,6.973998,-0.5819735,-1.1783268,-0.5135989,2.5053086
TGCCAAATCTGCTGTC-1-gPlexB5_s1,8.499178,-0.4368805,-0.72420186,-1.3604461,2.9465027
AACTCAGTCCTGCCAT-1-gPlexB3_s1,-1.4860896,2.681761,0.2518437,-0.34692746,0.2902796
TTGACTTCATTGAGCT-1-gPlexB3_s1,0.44301343,-0.56261593,-0.17717308,-0.15543568,2.0819545
CACATAGGTCGGCTCA-1-gPlexB6_s1,7.47233,-0.39863706,-0.58998144,-0.17693746,0.6692809
GTCTTCGTCCCGGATG-1-gPlexB2_s1,0.36787173,-0.34049112,0.12830265,-0.14317676,0.785859
TGTGGTATCTAACTGG-1-gPlexB4_s1,8.032536,-0.35439336,-1.0318083,-0.22057703,1.2276641
TTGTAGGGTCAACATC-1-gPlexB6_s1,8.134503,-1.414263,-0.64625525,-1.6077684,2.0343997
TAGCCGGTCGTGACAT-1-gPlexB6_s1,7.699477,-1.0654564,-0.51436615,-1.3513435,1.9175364
GGCCGATGTCGCTTCT-1-gPlexB1_s1,-0.07606712,-0.29956096,0.03493787,-0.2803444,1.9032294
CAGCCGATCAGGATCT-1-gPlexB1_s1,-0.30776742,-0.38752878,-0.004795236,1.4885062,-0.76116747
TACGGTAAGTCAATAG-1-gPlexB1_s1,0.15035379,-0.7162981,-0.2678077,-0.47448266,3.1764636
TGGCTGGTCAGCTCGG-1-gPlexB3_s1,7.6510606,-1.0261711,-0.6815284,0.3306898,2.470023
CTTAGGAAGCGATAGC-1-gPlexB3_s1,0.029340498,-0.25173265,0.8195358,1.2283566,-0.32653952
CCACGGAAGATGTAAC-1-gPlexB3_s1,0.024154551,-0.8049929,0.18794614,1.3339579,-0.3469689
TAGACCAAGACTCGGA-1-gPlexB5_s1,-1.8271517,2.478741,0.78271836,0.13289003,1.3990171
CTGTGCTGTACCCAAT-1-gPlexB6_s1,7.9415917,-0.85761344,-0.70939946,-0.5692595,3.2825289
CTAACTTTCTTGGGTA-1-gPlexB3_s1,0.7491467,-0.41737822,0.905163,-0.16133259,0.7309891
CTACACCGTTTAAGCC-1-gPlexB6_s1,0.1629647,-0.36780113,0.12631416,1.769992,-0.22073802
CCCAGTTTCAGTTAGC-1-gPlexB5_s1,7.695128,-0.97162396,-0.75651604,-1.1283196,0.07888934
GACGGCTAGTCCGGTC-1-gPlexB5_s1,8.152586,-0.6813937,-1.2653277,-0.21462122,1.5818918
GTCTCGTAGGACCACA-1-gPlexB3_s1,-1.9021116,2.114198,-0.13042031,0.06830843,0.3815455
CAGCAGCCACAGAGGT-1-gPlexB5_s1,8.419692,-0.9348089,-1.4861249,0.423207,2.0021827
GGTGCGTAGGTCGGAT-1-gPlexB5_s1,-1.5628885,2.3236988,-0.43706977,0.49623364,1.2490335
TGCTACCAGTGAATTG-1-gPlexB2_s1,7.9356894,-1.1033957,1.0111164,-0.7630778,1.8553463
CTGAAACTCATGTAGC-1-gPlexB4_s1,-1.4734132,2.5036542,0.5727596,-0.3327542,-0.20024711
TAGGCATTCGGTTCGG-1-gPlexB3_s1,-0.043578323,-0.48354512,0.04088309,0.18459427,0.5595423
CATATTCAGTACTTGC-1-gPlexB4_s1,0.6106199,-0.30529293,-0.35196817,-0.4971616,1.1311684
CTAGCCTCAGACTCGC-1-gPlexB6_s1,0.120572284,0.04081884,0.5650452,0.47841287,1.2522194
AACTCTTAGTAGATGT-1-gPlexB2_s1,-1.9944646,2.780322,0.021314826,-0.17802243,1.5799856
ACCGTAATCCAGTAGT-1-gPlexB2_s1,7.5176773,-0.14883491,-0.530269,-0.31897116,-0.22375277
CAGCAGCGTACATCCA-1-gPlexB3_s1,6.908379,-0.58050203,-1.117047,0.9456352,1.7777052
CAGCATAGTCTAGTCA-1-gPlexB7_s1,-0.08585507,1.5905968,0.95802534,0.23277871,-0.22152671
AGTCTTTTCATATCGG-1-gPlexB5_s1,0.698002,-0.2109069,0.1779695,-0.31953993,2.6008794
AACTCAGGTACCGAGA-1-gPlexB4_s1,0.08943786,-0.117951065,0.44925874,0.092079,-0.84659296
ATCGAGTCATGGTAGG-1-gPlexB3_s1,-1.4027009,2.5698972,0.39138308,-0.36796188,1.6030234
GTATCTTTCATCTGCC-1-gPlexB2_s1,-0.24302319,-0.3516938,0.094291665,-0.6015774,1.8123316
TGACAACCATAAAGGT-1-gPlexB3_s1,0.22620738,-0.3177234,0.046110645,-0.12338363,0.95938396
TCTTCGGGTCTCCATC-1-gPlexB6_s1,0.09886232,-0.2949356,0.24901086,-0.4217022,1.6827514
CACACCTAGTGGCACA-1-gPlexB4_s1,0.3320103,-0.74029,0.8429385,1.0847918,0.60671234
CCCAATCGTAGCGATG-1-gPlexB3_s1,8.699626,-0.87166274,-0.7302401,-0.11288814,2.010481
GCTCTGTGTTAGTGGG-1-gPlexB6_s1,0.4537048,-0.055733606,0.14380457,-0.16355321,1.2721853
CGCGGTACAAATACAG-1-gPlexB1_s1,7.0822163,-0.8345591,1.440104,-0.44060916,1.9849268
GTACTTTCATCAGTCA-1-gPlexB1_s1,7.6918316,-0.8841505,-1.1147487,0.2581295,3.1040244
TTAGGACTCTCTGAGA-1-gPlexB1_s1,7.4260554,-0.75546336,-0.70728344,-0.17107873,1.563629
AATCGGTTCCGAGCCA-1-gPlexB1_s1,0.04239647,-0.077005394,0.18167533,-0.09266004,0.797202
ACGAGGAGTACCGGCT-1-gPlexB1_s1,8.235074,-0.7273243,-0.54764634,-0.39574468,1.6565589
TAAACCGCAATCCGAT-1-gPlexB3_s1,8.443012,-0.5412383,-1.3396177,-0.2542936,1.3080049
AGCATACGTTCCACAA-1-gPlexB4_s1,8.364393,-1.0061307,-1.1544119,0.8985038,1.1886386
CTACATTGTCGCATAT-1-gPlexB1_s1,0.028386973,-0.48978674,-0.4790466,-0.6223494,1.7891332
AGCGTCGTCACTATTC-1-gPlexB1_s1,6.678929,-0.92059875,-0.51204735,-0.3265344,4.037405
GTAACTGAGCACCGCT-1-gPlexB3_s1,0.11775789,-0.6045077,0.13386522,-0.55962193,-0.08049044
CTCGTACCACAAGTAA-1-gPlexB3_s1,-0.8932358,2.125478,-0.85812217,-1.1062025,0.58665216
ACACCCTCACATTTCT-1-gPlexB4_s1,0.49828982,-0.70865214,-0.069180414,-0.101732716,0.43465897
ACGTCAATCATCTGCC-1-gPlexB5_s1,0.8378731,-0.4869239,0.1013057,0.27087453,0.7975675
ACATGGTAGTGCCAGA-1-gPlexB3_s1,0.014252216,-0.2840621,0.12656558,-0.21827766,0.5984261
GCATACAAGTTCGATC-1-gPlexB1_s1,7.2224045,-0.65223885,1.1266701,-1.5202613,1.8975697
TAGGCATCAGCGTCCA-1-gPlexB7_s1,0.7381921,-0.34920952,0.28349984,0.49999496,1.389595
GTCATTTTCGTGGACC-1-gPlexB4_s1,0.42867723,-0.56985784,0.25336587,-0.1274899,0.8117484
AAAGCAATCGGAGGTA-1-gPlexB4_s1,7.945278,-0.5916231,1.6354431,-1.1162686,2.9952269
CTTAACTGTACCTACA-1-gPlexB3_s1,7.476754,-1.0403137,1.6778299,-1.0836091,2.0660794
ACGCAGCCAACGATGG-1-gPlexB4_s1,0.31979775,0.06045337,-0.26549557,1.5280838,0.8882444
AATCGGTAGCAATCTC-1-gPlexB3_s1,8.414422,-1.8534163,-1.4353857,-0.026850611,-0.3242072
ACCTTTACATTTCAGG-1-gPlexB5_s1,0.2856719,-0.27422968,-0.35925356,-0.14309795,1.679451
CCGGTAGCAGCGAACA-1-gPlexB2_s1,0.2118498,-0.07486011,0.39208564,-0.2678681,0.96901906
CGTCACTGTCCCGACA-1-gPlexB4_s1,-1.7099404,2.7696145,1.0521426,-0.42954284,0.5733623
AGATTGCAGGCGCTCT-1-gPlexB5_s1,6.4731197,-1.301449,-0.5721257,-1.5370336,0.4670196
AAAGTAGTCAGAGACG-1-gPlexB1_s1,0.64526737,-0.4242598,0.012086801,0.053808525,-0.22472799
GACTAACGTGGCAAAC-1-gPlexB6_s1,7.668253,-1.2754338,-0.40092286,-0.11523281,2.2326944
ATCCACCCACCGCTAG-1-gPlexB7_s1,-0.49945167,1.6668446,0.3943169,0.13175048,0.26930094
TCAGCTCAGCGTTCCG-1-gPlexB5_s1,8.127765,-1.0521233,-0.21109676,-1.3652588,2.241832
ATCGAGTAGATGAGAG-1-gPlexB7_s1,0.80780077,-0.1651318,0.31407446,-0.5322908,2.9973845
GTAACGTAGCGATGAC-1-gPlexB1_s1,6.849753,-0.7945108,-0.90013224,0.47554356,1.3738463
GTTCGGGGTGCACGAA-1-gPlexB4_s1,0.39666173,-0.14613417,0.7323925,-0.79648334,1.4860634
CTAAGACCATGTTCCC-1-gPlexB7_s1,0.9331984,-0.6134356,-0.08156777,1.2520882,1.6772637
GACAGAGCATTTGCTT-1-gPlexB5_s1,-0.042007126,-0.40895164,0.24950945,1.5647063,0.10297397
GTACTCCAGTGCTGCC-1-gPlexB1_s1,-1.7569728,2.31736,-0.18093738,-0.27357936,0.8000126
CTCGGGAGTCTAGTCA-1-gPlexB5_s1,0.06636763,-0.17267445,0.10408276,1.2062745,-0.49512702
TACTTGTGTCTCCCTA-1-gPlexB5_s1,0.530414,-0.015891258,-0.109463006,0.5146027,-0.33066264
AAGCCGCCACCGGAAA-1-gPlexB7_s1,7.3514843,-0.10272549,1.4369512,-1.3942008,0.8675382
AGGGAGTGTGGCGAAT-1-gPlexB2_s1,0.47848028,-0.4977093,0.6465837,1.1801534,1.532192
CTACGTCTCCGAAGAG-1-gPlexB7_s1,8.685358,-1.2235761,-1.827294,-0.2224433,-0.007883906
CGTCAGGAGTACGCGA-1-gPlexB3_s1,7.9814315,-0.5738772,-0.8093954,-0.72534996,1.488939
ACGGAGAGTTCTGGTA-1-gPlexB7_s1,0.4507588,-0.44719666,0.17636217,-0.041878115,1.7920046
AAAGATGAGTCAATAG-1-gPlexB2_s1,-0.25747842,-0.0082688145,0.09526182,0.9784093,1.60385
GATCGATGTATCGCAT-1-gPlexB4_s1,0.023541532,-0.48322234,0.8515781,1.4302809,1.603847
ATCCGAATCGCACTCT-1-gPlexB6_s1,0.47857168,-0.46477225,0.27630383,-0.18426767,-0.19522317
CTAAGACGTTCATGGT-1-gPlexB1_s1,7.1505823,-1.0400877,0.86607337,-1.4759378,2.0449228
CTGAAACTCGTGACAT-1-gPlexB6_s1,0.45185056,-0.27299905,0.5429469,-0.8544185,2.0405579
CCTTCCCCAAACAACA-1-gPlexB1_s1,6.1168375,-0.83591634,-1.0842687,-2.5660386,1.9638177
TTTGTCATCGGTCTAA-1-gPlexB7_s1,7.7508583,-0.776806,1.8568379,-0.22680053,1.9030287
ACGGCCAAGCCACGTC-1-gPlexB4_s1,0.22367865,-0.04635141,-0.17642777,-0.6876552,2.3257327
GAGGTGAAGCACACAG-1-gPlexB6_s1,9.036865,-1.2385584,-0.8538542,-0.29161924,1.4331472
GTTACAGTCTCGATGA-1-gPlexB6_s1,8.574682,-0.9896197,-0.4579626,-0.29145974,1.9774078
CATCCACAGGGTCTCC-1-gPlexB6_s1,7.8864913,-1.0422856,-1.3628316,-0.71283364,1.110712
GCTGCTTGTTGATTGC-1-gPlexB3_s1,-1.2480162,2.5042264,0.46079522,-0.50163734,0.049852133
TCTTCGGCATTATCTC-1-gPlexB3_s1,7.977766,-1.2910912,-0.2899593,-0.79280305,2.1168654
CATATGGGTAGCGATG-1-gPlexB1_s1,-1.3585052,2.6093717,-0.16297728,-0.21243447,0.47942588
GTGCAGCCACGACTCG-1-gPlexB3_s1,6.7665,-0.5345171,-0.5169325,-0.060467884,-0.25162357
CTCGGAGAGAGTGACC-1-gPlexB3_s1,-0.2748979,-0.69199884,0.32770395,1.7577144,-1.335315
TTAGGCAGTCTCGTTC-1-gPlexB2_s1,0.3607723,-0.034919456,0.09693864,1.0574975,1.5859447
CAGTAACCAGTAACGG-1-gPlexB7_s1,-2.0427926,3.011133,0.84270906,-0.16405007,0.93846214
AGAATAGCAAAGGTGC-1-gPlexB4_s1,-1.0367945,1.9092273,1.2877525,-0.7813599,0.040545613
CAACTAGTCCAAGTAC-1-gPlexB1_s1,0.5184683,-0.7437252,-0.70346516,-0.27436018,2.019397
CGCGTTTAGAGGTAGA-1-gPlexB2_s1,-0.2794759,-0.07145729,-0.7013099,-0.37125033,-0.6306376
CGAGAAGTCGATAGAA-1-gPlexB5_s1,-0.8380121,2.2870908,0.9318612,0.24847576,1.2499107
CATCGGGCACAACGTT-1-gPlexB5_s1,-0.023206405,-0.37170744,0.29740155,-0.22827114,0.8569443
AAGCCGCTCCTAGAAC-1-gPlexB7_s1,0.53142154,-0.44476786,0.83176565,-0.15526153,0.16783068
CTACCCAGTCTAGCCG-1-gPlexB1_s1,0.6960624,-0.40021065,0.45459366,-0.075978816,0.8331698
CTCGTACGTCGGGTCT-1-gPlexB1_s1,-0.20451528,-0.43949178,0.97514594,1.066789,-1.2827889
GACGTGCTCACTTATC-1-gPlexB6_s1,8.125789,-1.0651443,-1.017993,-0.13840522,1.0038441
CGTCACTAGTGTCTCA-1-gPlexB7_s1,8.729199,-1.1616862,-1.1786278,0.08236785,2.2168996
CTTACCGTCCAGGGCT-1-gPlexB5_s1,-1.8459224,2.3507888,1.4032843,-0.65618443,0.9739245
TCGAGGCTCCGGCACA-1-gPlexB6_s1,-0.67785424,2.2684793,0.8531658,0.46743888,-0.0026171505
AATCCAGCAATGCCAT-1-gPlexB3_s1,7.7285857,-0.34929615,1.3484097,-1.5552944,2.4597597
CACAGGCCAAACAACA-1-gPlexB1_s1,7.0875015,-0.5866686,-0.8053705,-1.8007236,1.61701
TAAGAGACACCGAAAG-1-gPlexB6_s1,7.719385,-0.72884923,2.0270617,-0.4641518,3.0363655
GACAGAGTCAGCTTAG-1-gPlexB3_s1,6.6521096,-1.2192342,-1.1055989,-2.0754645,0.5819525
TGACTAGTCTGGGCCA-1-gPlexB4_s1,0.51645494,-0.4983452,0.5025549,-0.2047824,0.9904592
GACAGAGCAATACGCT-1-gPlexB6_s1,0.79620576,-0.34580198,-0.10952581,0.91925186,1.6969798
GGACAAGCAGACGCTC-1-gPlexB2_s1,-2.1089485,2.9386594,-0.21166876,-1.4576125,0.9622426
CCGTACTGTCTTCGTC-1-gPlexB4_s1,8.690916,-0.62128866,-0.7287625,-0.4666245,0.4571112
ATCTACTTCGGTGTTA-1-gPlexB4_s1,-0.45674217,-0.025844444,0.40876225,-0.08153021,1.1899368
GCATGATAGAGATGAG-1-gPlexB1_s1,-0.089894906,-0.08081516,0.32117042,-0.23995838,0.86533946
CCATGTCTCTATCCCG-1-gPlexB4_s1,8.583848,-0.51403475,-1.1056355,-1.2371453,-0.83864313
TGCGGGTGTCTAGCGC-1-gPlexB1_s1,-0.16545142,-0.34256706,0.058839496,1.7493163,-0.5429662
GACTGCGCAATGGAAT-1-gPlexB4_s1,7.3797655,-1.0496956,1.5099055,-1.1779133,2.8362448
GGCGACTAGACAATAC-1-gPlexB2_s1,0.5495657,-0.39171273,0.6844174,1.1493773,0.17538476
CTCTAATAGACGCACA-1-gPlexB2_s1,-1.2913451,2.617431,0.4365269,-1.0417581,1.8888614
ATGTGTGAGGCGTACA-1-gPlexB4_s1,0.44387197,-0.008476026,0.4437519,1.2035894,-0.70127153
ACCGTAAGTCAGTGGA-1-gPlexB5_s1,0.4380111,-0.3713671,-0.40609556,-0.1748879,2.9054542
CGGCTAGCACCAGGTC-1-gPlexB6_s1,0.5644598,-0.22941862,-0.7502042,-0.22450206,2.4381266
GGGATGAGTGCGATAG-1-gPlexB6_s1,1.5322746,-0.5931243,0.57987726,0.4175346,0.6715934
ACTGTCCTCGAATGCT-1-gPlexB6_s1,0.26750717,-0.23446096,-0.31696334,-0.38012356,1.6479648
GGAATAAGTGTTTGGT-1-gPlexB7_s1,7.8369555,-0.82012725,-1.5070757,-0.6909875,0.7258291
TGCCCTACAAGCCGTC-1-gPlexB6_s1,7.6778297,-0.8182381,-1.165913,-0.910456,2.4532995
CTCGGGAGTCTCCATC-1-gPlexB7_s1,8.177529,-0.77628857,-0.3737606,-0.7972163,1.4394118
CTACCCAGTACCAGTT-1-gPlexB3_s1,-1.3691306,2.5054264,-0.7482665,-0.41774243,1.4393514
ATGAGGGGTGAACCTT-1-gPlexB2_s1,0.16403855,-0.019983616,1.143026,0.18906264,1.066453
CCAGCGAGTCAACATC-1-gPlexB1_s1,-0.08286691,-0.30406255,0.66752774,-0.10143195,1.4038726
ACTTACTTCACGCGGT-1-gPlexB4_s1,8.733969,-1.5941699,-1.0269006,-1.0988467,1.9976592
TCGTAGACACCGCTAG-1-gPlexB6_s1,8.0132265,-1.3127567,-1.0084362,0.293975,-0.016144067
CGCTTCAAGGCATGTG-1-gPlexB3_s1,-0.18100573,-0.122209124,0.59512866,-0.7698709,2.243927
CTAGTGAGTGTCTGAT-1-gPlexB2_s1,0.22752321,-0.40719518,0.43374518,0.10809161,1.7129643
CATATTCGTAGGACAC-1-gPlexB3_s1,8.416434,-0.6501385,-0.6752693,-0.64538735,0.8882481
TTGGCAACAAAGTCAA-1-gPlexB1_s1,7.3162694,-0.36658767,-1.7401104,-0.2894759,2.8208878
CATCAGACAACTTGAC-1-gPlexB4_s1,0.4053781,-0.45597175,-0.32591853,-0.24949755,0.5603403
AACTGGTTCTCCTATA-1-gPlexB5_s1,-1.6037382,2.5094962,0.026857857,0.24931112,2.0286388
AAGTCTGAGGCATGGT-1-gPlexB6_s1,7.2452254,-0.9921784,0.5018469,-0.40412146,1.4224132
ACAGCTAGTAGCGTCC-1-gPlexB7_s1,8.045585,-0.97159594,1.3471336,-0.48873085,1.8902754
AGTGTCAGTACTTCTT-1-gPlexB4_s1,0.19434498,-0.35244074,0.041346252,-0.68071944,0.51757693
AACTCCCAGTACGATA-1-gPlexB5_s1,-2.0447598,2.5007424,0.39764082,-0.7231565,1.6093756
CGACTTCGTCAACATC-1-gPlexB5_s1,0.3762072,-0.3791706,0.10614504,1.1282502,0.53392845
CGGTTAAAGTGTTGAA-1-gPlexB1_s1,-2.0898159,2.319685,0.45434824,-0.2010431,0.25161332
CCTACACGTGTCCTCT-1-gPlexB3_s1,-0.054325446,-0.38561392,-0.3899306,-0.18837142,1.8903148
CAGCTGGGTTATTCTC-1-gPlexB3_s1,7.5161486,0.10881187,1.1996481,-0.08995028,0.5990103
CCTACACTCAGGCAAG-1-gPlexB5_s1,8.224786,-1.3128407,-1.0167564,-0.06447974,2.0439544
ACGTCAATCACAGTAC-1-gPlexB3_s1,0.012803946,-0.40262285,-0.3208922,0.029479504,1.8015213
AGGCCACAGAGCCTAG-1-gPlexB4_s1,0.22505483,-0.49174583,-0.09152788,1.5301509,-0.79967004
GGATGTTCACAAGCCC-1-gPlexB4_s1,-0.89318246,2.3317192,0.8552503,-0.13611099,1.6989819
GGGCATCGTTGTCTTT-1-gPlexB6_s1,-1.2175093,2.230858,-0.6706202,-0.090211764,0.9663846
TAAACCGAGAGGGATA-1-gPlexB3_s1,-1.630307,2.9292672,0.98268324,-0.33961108,0.2258403
TCGTACCTCTTAACCT-1-gPlexB2_s1,0.29417443,-0.73562044,-1.1674567,-0.55973434,0.750103
CGAACATGTCGCATCG-1-gPlexB4_s1,0.19281507,-0.42306936,-0.008692341,1.5747334,0.22119698
AGCATACAGTGTACGG-1-gPlexB7_s1,8.273812,-0.72453713,1.3107735,-0.20303115,1.1315873
AACCATGCAGCTGTGC-1-gPlexB3_s1,-0.8672261,2.0172067,0.8621736,-0.35036135,0.8763652
GAATAAGCAGCTGTAT-1-gPlexB6_s1,0.6538048,-0.27610543,-0.024337478,-0.3271781,1.5730233
TTTATGCCATGCATGT-1-gPlexB2_s1,0.758837,-0.18133776,0.5547105,1.3661485,1.152302
GCCTCTAGTGACGGTA-1-gPlexB7_s1,7.335317,-1.0622165,-0.1783479,-0.5502877,3.0864053
GAAGCAGAGTAGGCCA-1-gPlexB3_s1,0.04199494,-0.318423,-0.70971143,-0.15619183,1.234781
CGTCTACAGTACATGA-1-gPlexB6_s1,9.10751,-1.3518761,-1.6158676,1.086092,0.896493
ATTACTCCAGGTGGAT-1-gPlexB1_s1,-0.12485096,-0.21398821,0.38869497,-0.33815238,0.28282505
CTCGAAATCACAGGCC-1-gPlexB3_s1,-1.5886458,2.3204622,0.8296631,0.66567147,-0.2095679
AAAGTAGCACTTCGAA-1-gPlexB4_s1,8.185362,-0.791441,-0.30835655,1.2489156,0.4871736
CGGAGCTCATGCCCGA-1-gPlexB5_s1,0.304882,0.34472546,-0.02929065,-0.89470464,0.597553
CTAATGGGTCCAGTAT-1-gPlexB2_s1,-1.3003864,2.7271078,0.7034402,-0.15424564,0.47676632
TAGCCGGGTCTTGCGG-1-gPlexB2_s1,0.10353159,-0.45714542,-0.6252355,-0.073236436,0.93135595
GGTGCGTAGTAGGTGC-1-gPlexB2_s1,7.5465283,-1.3782525,-0.89110255,-0.94561255,1.2938925
GCAAACTCATAGTAAG-1-gPlexB4_s1,-0.036361624,-0.39377844,0.2614637,1.6886274,-0.23599881
GATGCTATCTTAGCCC-1-gPlexB5_s1,0.36304337,-0.5889731,0.1660474,-0.15947679,1.6796366
CCCATACGTCTCTCGT-1-gPlexB4_s1,8.754594,-1.0491743,-1.200036,-0.3663281,1.228816
AGAATAGTCGTCTGCT-1-gPlexB1_s1,0.769419,-0.5849138,-1.2232758,-0.42624754,1.1842327
ACCAGTATCGTGGACC-1-gPlexB3_s1,0.3737435,-0.19551142,-0.21595508,-0.11746742,1.3723538
ACTATCTCACTATCTT-1-gPlexB1_s1,7.1652217,-1.1938595,-0.87109077,-0.79652005,1.8897308
CGGAGTCAGATCCTGT-1-gPlexB3_s1,7.793531,-1.3357792,-0.94252264,0.33958358,1.2934669
AACCATGAGCGCCTCA-1-gPlexB5_s1,-1.9894369,2.7122056,0.5790684,-0.509598,0.8694866
GCGCAGTAGGGTGTGT-1-gPlexB7_s1,-0.7359018,2.05743,0.44843245,0.18314373,1.146888
GATCAGTAGAGTGAGA-1-gPlexB1_s1,0.5566063,-0.48268616,-0.6944721,0.23230498,0.0030480027
TTCTTAGTCGCAAACT-1-gPlexB6_s1,0.33227754,-0.5055858,-0.5005205,-0.5064512,0.09564352
ACGGCCACATTGTGCA-1-gPlexB6_s1,-0.7558371,2.702137,0.16983417,-0.4292388,2.3514314
CAGGTGCTCTTGGGTA-1-gPlexB4_s1,0.28840566,1.7333122,0.3386955,-0.40969235,1.3614374
CGCTATCCAGGGTACA-1-gPlexB7_s1,0.51697963,-0.41782343,-0.56215173,-0.093730286,0.98399043
GGCCGATAGATGTCGG-1-gPlexB1_s1,0.30349296,-0.14181158,-0.4572737,0.0973528,-0.2597435
TGAGCCGAGAGTTGGC-1-gPlexB5_s1,6.739865,-1.0060213,-0.6520269,-1.4532794,3.3538406
ACTGTCCAGGACGAAA-1-gPlexB5_s1,1.1828953,-0.23598161,-0.17820233,0.034204975,1.5335078
GCAATCAAGTTTCCTT-1-gPlexB6_s1,-1.8278425,2.4323692,1.5765862,-1.1219662,-0.028275996
ATAGACCAGCGGCTTC-1-gPlexB4_s1,7.257127,-0.9014027,-0.74438375,0.36105165,1.0954875
CAAGTTGCAAAGGCGT-1-gPlexB2_s1,-1.0676376,2.7451656,1.2828916,0.07573989,0.9029323
ACTTTCATCTGGGCCA-1-gPlexB6_s1,-0.20117104,-0.28483582,0.30422923,1.7057095,0.54402244
CCTATTACAGGCTCAC-1-gPlexB1_s1,7.6203127,-0.49970472,-1.0420494,-0.9676971,1.2792106
CGGTTAACAGACGCTC-1-gPlexB6_s1,0.008768693,-0.18888745,0.35754547,-0.1689176,0.12984808
TTGGCAACAATAGAGT-1-gPlexB3_s1,8.433969,-1.270788,-0.76815593,0.78444946,1.4233872
GGGATGAAGAGTGAGA-1-gPlexB3_s1,-1.5572884,2.9626007,-0.083953574,-0.20850544,0.43196583
ACTGAACAGGCTACGA-1-gPlexB5_s1,0.13632733,-0.42536488,-0.41877425,-0.030638538,1.1333829
TTCTCCTTCCGTTGCT-1-gPlexB4_s1,1.0887947,-0.7595632,-0.4601775,-0.51124084,2.614634
TGGTTCCTCCGGGTGT-1-gPlexB5_s1,8.570153,-0.42256302,-0.58435756,-0.24233866,1.9155171
GTCAAGTAGTTCCACA-1-gPlexB4_s1,0.4484511,-0.535082,-1.1083226,-0.6786834,0.16673768
TACTTGTGTGTTAAGA-1-gPlexB3_s1,7.822759,-1.3720847,-0.7235033,-0.93018675,0.544155
GCATGCGAGAGCAATT-1-gPlexB2_s1,8.307203,-0.41356257,-1.307262,-0.74379534,1.2263384
ACTGATGAGTCTCAAC-1-gPlexB3_s1,6.1675906,-1.1231376,1.1723472,-1.7213619,1.4728025
CTAACTTGTACTCGCG-1-gPlexB4_s1,1.1360137,-0.44162092,0.11423743,-1.4976618,1.3872119
CATGACAAGCTATGCT-1-gPlexB2_s1,0.2306576,-0.3703766,0.95459855,-0.6105019,0.005953729
AGTCTTTGTCCGTGAC-1-gPlexB3_s1,0.09273924,-0.39981002,0.08612508,0.1590504,0.78759
AATCGGTTCATTGCCC-1-gPlexB1_s1,-0.02732084,-0.22690958,0.04026207,0.33863133,0.5218618
GAGGTGATCTATCGCC-1-gPlexB6_s1,8.829318,-0.8462839,-1.1453236,0.09018996,3.1976457
CGATGTAGTTATTCTC-1-gPlexB3_s1,0.08217597,-0.2850049,0.36221483,-0.012182653,1.376824
TACCTTATCGGACAAG-1-gPlexB6_s1,-0.9803746,2.2182117,0.27462554,0.11598559,2.7003593
AACTCAGGTACAGTTC-1-gPlexB6_s1,0.08756626,-0.49903286,0.31053862,-0.16738209,0.8568649
GTCCTCATCCTACAGA-1-gPlexB3_s1,0.41772515,-0.29307264,-0.8954927,-0.35755765,-0.17434514
TGACTAGAGGCATTGG-1-gPlexB4_s1,8.708881,-1.3839698,-0.3052123,0.02186729,2.330272
CTACCCAGTATGCTTG-1-gPlexB2_s1,0.04457709,-0.33962682,-0.52545846,0.26378942,-0.7301692
GCTCTGTCAAGGGTCA-1-gPlexB2_s1,0.23460478,-0.3889104,-0.20445356,-0.20330149,0.7757871
CATGACATCTATCCTA-1-gPlexB5_s1,0.91754967,-0.5524804,0.55190766,0.099065125,2.391117
CTCGAGGCAGCTTCGG-1-gPlexB5_s1,-0.046474084,-0.35850307,0.5628873,2.0809546,0.42293695
AACCATGGTAGCCTAT-1-gPlexB7_s1,8.232925,-0.4665467,-0.9130453,-0.1181898,0.5821878
GGCGACTTCCAAGCCG-1-gPlexB4_s1,8.3107,-1.0328872,-1.1052148,-0.59327984,1.2615521
CGCGGTAGTAGCTTGT-1-gPlexB4_s1,-2.2258208,2.791775,1.4276001,0.15242772,2.7265208
ATCTACTTCAGATAAG-1-gPlexB7_s1,7.473785,-0.7762939,-0.7590264,-0.4592973,1.9315598
GTATCTTTCTTCATGT-1-gPlexB5_s1,7.947142,-0.38237658,-1.4036961,0.028176948,2.1621594
ACTGAACAGGCTCATT-1-gPlexB4_s1,7.105211,-0.6052759,-0.77386737,-0.039430186,0.9780184
CGTCAGGCAGTAGAGC-1-gPlexB1_s1,8.643655,-0.80403686,-0.86485964,-0.5479003,1.6421776
CTGAAGTAGCACAGGT-1-gPlexB4_s1,0.59318566,-0.30782852,0.37360087,-0.021142676,0.93833697
CTGATAGGTCACTGGC-1-gPlexB7_s1,8.019521,-0.8403558,-0.38312355,0.22224611,1.7351296
GCGCGATTCGGAGGTA-1-gPlexB2_s1,7.0233374,-0.76655567,-0.95388263,-0.09864579,1.7885035
GCATGTACACCAGGCT-1-gPlexB5_s1,0.26465634,-0.4474908,0.14023867,-0.15755212,1.4988805
CGGACGTGTGTAAGTA-1-gPlexB7_s1,0.28767154,-0.3414081,-0.13024366,-0.37260032,-0.0036661625
CTCCTAGCACGGTTTA-1-gPlexB6_s1,0.5194361,-0.19245997,-0.31101555,-0.23116253,0.29424748
ATCATGGTCCGCGCAA-1-gPlexB5_s1,0.052816153,-0.21899995,0.06814892,-0.41838375,1.4864594
GGGAATGTCGACGGAA-1-gPlexB6_s1,0.10379118,-0.34089646,0.39590925,-0.29011267,0.70515025
ACATCAGGTAAGAGAG-1-gPlexB3_s1,-0.10061913,2.1571982,-0.069921434,0.9209929,0.7783748
AGTGTCAGTTCAGGCC-1-gPlexB3_s1,0.61953163,-0.4230552,0.34934172,-0.60352916,-0.16409816
GGGATGAAGGATGCGT-1-gPlexB7_s1,0.13005328,-0.1044481,-0.6763798,-0.07737635,2.326782
GTCTCGTAGTGGCACA-1-gPlexB5_s1,0.2610163,-0.3432656,0.7792126,-0.05931014,0.038538277
GCACTCTGTTCCACTC-1-gPlexB2_s1,-0.23431042,-0.5469918,0.719343,-0.26544577,0.2840744
ACTTACTCAAGCCGTC-1-gPlexB2_s1,0.8852461,-0.4471369,-0.43294224,-0.15115443,0.3421558
CTCGAGGAGCTACCTA-1-gPlexB6_s1,8.3448925,-0.9669866,-0.65422124,0.34765548,1.3328515
ACGGGCTCAGGTGGAT-1-gPlexB6_s1,6.8207917,-0.8899342,-1.5934219,0.4349596,1.3720474
ACTGCTCAGACTCGGA-1-gPlexB2_s1,7.0243926,-0.6374572,-0.96502006,-1.1994764,1.0908206
ATAACGCTCTCTAAGG-1-gPlexB2_s1,9.154572,-1.431404,-1.336177,-0.3967349,1.584907
GTCACAACACTGTCGG-1-gPlexB6_s1,-1.8271891,2.0211673,0.41113928,0.39035788,0.36500305
CGTAGGCTCACGGTTA-1-gPlexB6_s1,-1.3300322,2.4391782,0.55476874,-1.4063687,1.1736776
CTCCTAGAGCCGATTT-1-gPlexB2_s1,-0.18883762,-0.46930844,0.05289316,1.324959,-0.8059616
TCTTCGGGTCAATACC-1-gPlexB7_s1,0.016313054,-0.4260626,0.11004765,1.718028,0.26469165
CATTATCAGGCGTACA-1-gPlexB2_s1,7.669223,-1.3043822,0.5858978,-0.32417166,0.91276884
GACGTTAGTGATGATA-1-gPlexB7_s1,7.2578506,-1.380457,-1.2844969,0.097798616,1.2137836
CACATAGCACCACCAG-1-gPlexB7_s1,0.6446882,-0.4975807,0.37762806,0.34817752,2.2350278
CACAGTAAGGTGCACA-1-gPlexB2_s1,-0.726181,1.9735874,-0.5283728,-0.509269,0.34680524
TATGCCCTCAGCTCGG-1-gPlexB7_s1,0.3824717,-0.38074833,-0.16562603,0.14859147,0.90947974
AAAGCAACATGCAACT-1-gPlexB5_s1,-0.31405854,-0.37091738,0.4689563,1.414108,-0.29170287
GATGAAAGTAAACACA-1-gPlexB1_s1,0.4881727,-0.27851713,-0.27420098,-0.06951174,3.1069276
ACGGAGAGTTAAGGGC-1-gPlexB6_s1,6.410036,-0.513893,0.014889285,-1.5152999,2.4011018
GTGTTAGAGGACATTA-1-gPlexB5_s1,6.640934,-0.24897227,1.2587504,-0.94935143,1.9677205
GACTACACATACGCCG-1-gPlexB6_s1,8.142137,-1.2379603,-1.7047123,0.47546756,1.6170863
TGGGCGTGTTGCCTCT-1-gPlexB4_s1,6.0347786,-0.4459887,1.6606574,-1.5197434,3.0208335
ACAGCCGGTACCATCA-1-gPlexB7_s1,6.2808166,-0.62157637,0.97017896,-0.18747425,2.29455
AGCGTATAGACAAGCC-1-gPlexB5_s1,6.77561,-0.2657293,-0.8938185,-1.4025033,0.703903
CTTAGGACATACTCTT-1-gPlexB6_s1,6.9390903,-0.9414453,1.3037221,-1.0831065,3.0782514
ACGTCAACAGTACACT-1-gPlexB1_s1,-2.1167767,2.9892802,0.5159072,0.2108393,0.96591926
GTGCGGTGTTGGTGGA-1-gPlexB5_s1,0.09107661,-0.481699,0.33987984,2.3935003,-0.30297512
AGCTCTCGTCTCTCTG-1-gPlexB4_s1,-1.3517481,2.6995978,0.32342497,-0.8056854,-0.007221177
CCATGTCCAAGCTGAG-1-gPlexB4_s1,0.38007715,-0.3192189,1.1662949,0.46064225,0.49172613
CGCGGTATCTCTGCTG-1-gPlexB4_s1,6.636568,-1.1456096,0.97266984,-1.1243819,2.0636952
ACTTGTTGTGAGCGAT-1-gPlexB3_s1,-0.71987647,3.1689186,0.8574937,-0.8056708,0.8944112
TGTGTTTAGTTACGGG-1-gPlexB5_s1,-0.45029494,-0.32924795,0.1531757,2.070506,0.027462691
TGGGAAGCATCACGTA-1-gPlexB2_s1,-0.08762547,-0.19871217,-0.21727768,-0.12797648,-0.0891532
TCTATTGAGTGGCACA-1-gPlexB6_s1,-1.4979796,2.98304,0.19053714,0.14159489,1.835828
CTGGTCTTCGCGGATC-1-gPlexB5_s1,8.70741,-0.70059776,-0.5916059,-0.56901604,2.1392941
AACACGTTCAACCAAC-1-gPlexB2_s1,-0.4061768,-0.14533798,0.037490185,-0.19130021,1.5595535
GTCATTTAGGATGTAT-1-gPlexB2_s1,0.3080458,-0.11612809,-0.13518207,-0.06492333,1.7455903
CACATTTCATCAGTAC-1-gPlexB2_s1,6.576462,-0.6432265,-0.89425474,0.16274509,-0.28038645
GATGAGGCATCGTCGG-1-gPlexB4_s1,-0.428377,-0.010986306,-0.08991583,1.6224592,-1.1043806
GTGAAGGTCCTTGGTC-1-gPlexB5_s1,7.738831,-1.3092197,-0.13403247,0.2729069,0.45867276
CACAGTATCTGTACGA-1-gPlexB5_s1,-1.4591029,2.8633418,-0.4318217,0.5435933,0.9521152
GATGCTATCGAGAGCA-1-gPlexB6_s1,0.06995694,-0.03415008,0.2452586,1.3344257,-1.0977297
AGCAGCCAGTCCCACG-1-gPlexB5_s1,0.36399338,-0.15502872,0.30980736,0.23945476,0.24408695
AACTCTTTCTGTTGAG-1-gPlexB1_s1,-1.1859783,2.199952,0.42952242,0.25292593,0.3214207
ACAGCCGCATCCAACA-1-gPlexB7_s1,-1.1016738,2.4723716,-0.06214372,-0.15711609,1.6788374
AGATTGCCATCCTAGA-1-gPlexB5_s1,0.056146875,-0.33351928,0.5433131,1.3911893,0.44281518
AAGACCTAGCGCCTCA-1-gPlexB1_s1,8.188571,-0.29951778,-1.1406221,0.29566634,0.528051
TCAGGATTCAGCTTAG-1-gPlexB2_s1,0.61851674,-0.5299382,-0.60059494,-0.42809165,0.45405075
GGGTCTGCACGTGAGA-1-gPlexB6_s1,6.2019863,-1.0025873,-0.53894824,-0.47578812,0.4891042
GCGAGAATCCCAAGAT-1-gPlexB2_s1,6.9779263,-1.191896,0.6964427,-0.8182528,1.3083825
AGGTCCGAGCAGGTCA-1-gPlexB3_s1,7.183795,-0.8510539,1.6344749,-1.5790861,2.507362
GATGCTAGTTATTCTC-1-gPlexB4_s1,0.33823642,-0.38753575,0.9752811,-0.15616122,1.8131573
GCATGATGTCGCGGTT-1-gPlexB3_s1,-0.4486648,-0.29662108,0.1957976,1.3548257,0.41691384
CGGACACGTCGCTTCT-1-gPlexB3_s1,9.017123,-0.9744878,-1.128149,-0.25911945,1.7916455
CCAGCGAAGGACGAAA-1-gPlexB2_s1,7.5959,-0.7169433,-1.1815788,-1.5839912,1.1565161
CTCGAGGCAATTGCTG-1-gPlexB3_s1,0.5084664,-0.5195611,-0.14355113,-0.5651923,2.1489716
ATTCTACTCGACAGCC-1-gPlexB7_s1,-0.022980206,0.67710817,-0.7556069,-0.13083853,0.52857935
TGCCAAACAGTCACTA-1-gPlexB5_s1,8.380428,-1.1073867,-1.431663,0.1458982,0.57070124
TTGCGTCCACGCTTTC-1-gPlexB7_s1,0.6253719,0.023437984,-0.6755229,1.2827054,2.4731426
TACTCATGTATAGTAG-1-gPlexB4_s1,-1.1274861,2.2021284,0.5190894,0.18577556,1.418517
CCTTCCCAGACACTAA-1-gPlexB2_s1,0.39801872,-0.48508316,-0.15904413,0.12305939,0.048941523
GATCGTAGTCAGATAA-1-gPlexB3_s1,-1.8784343,2.251054,0.33776346,-0.87759984,0.933407
CTGCTGTAGTCACGCC-1-gPlexB6_s1,7.6127324,-0.9737573,-0.66399825,-1.0319021,1.5078893
GAACGGAAGGACAGCT-1-gPlexB2_s1,7.7949224,-0.95061934,-0.6425151,-0.014054045,2.2871914
GGGACCTAGTACACCT-1-gPlexB6_s1,7.2489276,-1.3057677,-0.63514435,-0.6958017,1.8988802
AGGGAGTGTGCTTCTC-1-gPlexB6_s1,7.8424163,-1.0223995,-1.0603987,0.23367642,1.0857282
CTTAACTCACTTCTGC-1-gPlexB2_s1,-0.20256856,2.232532,0.0859928,-0.4538156,1.6539012
AAAGTAGAGCGTGAGT-1-gPlexB7_s1,8.537477,-0.5341376,-0.5067948,-0.6949221,1.0718706
TGAGGGATCTTGTTTG-1-gPlexB4_s1,7.955312,-0.9627646,-1.1751822,0.42010123,2.6586611
TGCGCAGTCTGTCTAT-1-gPlexB4_s1,0.37568504,-0.4263398,0.37859854,0.101441965,1.2082129
ATGCGATCATGCTAGT-1-gPlexB3_s1,-1.7184054,2.4476385,0.055182975,-0.30501336,1.3892262
GGCGTGTGTGGTGTAG-1-gPlexB5_s1,-1.1072648,2.688087,1.0968091,-0.07230078,1.1772153
TCTATTGCAGTCTTCC-1-gPlexB4_s1,0.2122283,-0.30037594,0.17838414,-0.24256665,0.7199395
GATCGATTCCAGTAGT-1-gPlexB5_s1,7.980703,-1.6953399,-0.9621223,1.4388751,3.5958202
TGCTGCTTCTAAGCCA-1-gPlexB4_s1,-1.4945346,2.0355203,-0.08125383,-0.10754866,2.3661284
CGATCGGGTGACGGTA-1-gPlexB4_s1,7.609566,-0.77456135,-1.0847248,-0.64020324,0.8429345
GATGAAATCAAAGACA-1-gPlexB7_s1,1.3255894,-0.35100007,-0.89975595,-0.5617484,2.458737
AAGGTTCCATGGTTGT-1-gPlexB7_s1,0.6225708,-0.41320387,0.3543617,-0.30690634,1.440193
TGGCTGGCACACCGAC-1-gPlexB4_s1,7.0700088,-0.21141854,-0.718048,-0.12674211,-0.3094172
AGCATACTCTTATCTG-1-gPlexB7_s1,6.2673936,-0.25384912,-0.30468622,0.444584,1.3850738
GACGGCTAGCCCAGCT-1-gPlexB1_s1,0.011198316,-0.35679516,0.05654,-0.4033578,1.0637863
GTGGGTCTCCCAGGTG-1-gPlexB5_s1,-1.0062271,2.3189433,0.9257692,-0.045361273,1.7120461
TCAACGAGTCCTAGCG-1-gPlexB4_s1,-0.28916535,-0.36937028,0.30585787,1.814377,-0.90483797
GTAGTCAAGACACTAA-1-gPlexB7_s1,6.778364,-0.84863985,-0.20068875,-1.0606804,1.3087054
AAAGCAAGTGCGATAG-1-gPlexB5_s1,0.17304307,0.18051428,0.14327501,-0.4517213,1.6115196
AAAGCAACATCTGGTA-1-gPlexB7_s1,0.4985879,-0.52168286,-0.0019940105,-0.2840941,1.9036183
ATTGGTGGTCGTTGTA-1-gPlexB1_s1,0.34469306,-0.38928765,0.70770556,-0.3447157,1.3352408
CCTTTCTTCCATGCTC-1-gPlexB2_s1,6.7929215,-0.7421094,-0.54879624,-0.5819156,2.6711414
GCAGCCATCTGGTTCC-1-gPlexB2_s1,0.3205002,-0.14051767,0.32609838,-0.43886757,1.3081881
TTATGCTGTCTAGGTT-1-gPlexB4_s1,7.135653,-0.7098462,-0.7898145,-0.50579834,1.4812601
GTTCATTCAGATGGCA-1-gPlexB6_s1,0.16305384,-0.32244065,0.41256505,0.04612024,0.42487448
TCAGGATAGGCATTGG-1-gPlexB6_s1,0.8752725,-0.2461047,1.0420076,-0.63660294,1.6703337
TAAGTGCGTAGCGATG-1-gPlexB6_s1,0.5245995,-0.28052,-0.2833997,-0.5210117,0.17785761
TACACGATCAGTTTGG-1-gPlexB2_s1,-1.5060971,2.2967055,-0.33967403,-0.5606675,2.6660278
CTGGTCTAGGCAATTA-1-gPlexB2_s1,7.4642086,-0.99774724,-1.4541776,-0.7414421,1.663221
ATAAGAGGTAAGTGGC-1-gPlexB1_s1,7.251861,-0.7624286,0.49786907,0.005309388,1.5222054
GGGTCTGTCAACCATG-1-gPlexB4_s1,0.4530514,-0.5910084,1.1255163,0.12984969,1.4228778
CGATGTAGTTTACTCT-1-gPlexB2_s1,0.5841147,-0.06063279,-0.6967821,-0.31283593,0.5043509
CAAGAAAAGATCTGAA-1-gPlexB7_s1,7.7855253,-0.9078462,-1.1764095,-0.2659502,1.0386373
CCAATCCAGCGACGTA-1-gPlexB5_s1,0.079651,-0.06727865,0.010481058,0.043861285,0.64633644
AGGGTGACAGTGAGTG-1-gPlexB2_s1,-1.6568834,2.9875526,0.8518789,-1.8460432,1.8056808
CCGTGGACACGGTAGA-1-gPlexB1_s1,0.8429758,-0.3255064,-0.32740963,-0.4653236,0.34417054
GTGAAGGGTGTGACGA-1-gPlexB7_s1,0.56261694,0.16126478,-0.88855785,-0.5820243,1.2729855
CCTATTACATACGCTA-1-gPlexB2_s1,0.48341626,-0.7169176,-0.84954906,-0.42531452,1.1249331
TTGACTTTCCGAAGAG-1-gPlexB2_s1,0.87081236,-0.26245394,0.76945126,-0.16642249,1.1631987
AGAGCTTGTCATGCCG-1-gPlexB2_s1,-2.0218458,3.074434,0.2312237,-0.6862504,0.78609955
GTCACAACATGGTCTA-1-gPlexB2_s1,0.8248831,-0.3447952,-0.97839046,-0.13158965,0.042749554
ATCATGGTCATTATCC-1-gPlexB1_s1,-1.4203284,2.8558362,0.5896889,-0.5637861,0.58055747
TTCTCCTGTCGCCATG-1-gPlexB3_s1,9.014328,-1.0106117,-1.1776054,-0.7481434,0.118400335
GTGTTAGAGAGACTAT-1-gPlexB2_s1,0.7717017,-0.20294234,-0.16317873,-0.081362754,0.5663901
GACTAACTCCAATGGT-1-gPlexB3_s1,7.2637477,-0.40720496,1.4664432,-0.911651,2.7924883
TAGGCATAGGACAGCT-1-gPlexB1_s1,6.5119386,-0.47101456,2.3133929,-1.2770827,1.4734943
TAGTGGTGTAAAGTCA-1-gPlexB4_s1,7.0978775,-0.11503688,0.0794759,-0.88965875,2.6139512
GGCTGGTTCCAAGCCG-1-gPlexB3_s1,-1.1228423,2.4887128,0.49262914,-0.8707975,1.2809916
TTCCCAGAGACCCACC-1-gPlexB2_s1,-0.27197027,0.11303214,0.08056582,-0.7536011,1.9422216
CCATGTCGTCGAGTTT-1-gPlexB3_s1,6.64419,-0.70777303,2.0167758,-2.3185024,1.6911128
CGGACGTTCGACCAGC-1-gPlexB2_s1,8.263228,-1.1263957,-0.6098667,-0.37983528,0.35282734
GAATGAACAAAGGAAG-1-gPlexB3_s1,6.5042095,-0.86701167,-0.75843614,-0.33430567,1.0032945
GCACTCTAGGTGTGGT-1-gPlexB2_s1,7.522848,-1.027529,-1.4414313,-0.9271132,0.31676686
AGTGGGAGTGGAAAGA-1-gPlexB1_s1,0.79996175,-0.1369861,-0.36844903,-0.4474529,2.19419
CGTCTACAGGATCGCA-1-gPlexB6_s1,1.1445776,-0.16521962,0.033148736,0.16238031,1.5623467
GTCATTTTCTTCATGT-1-gPlexB3_s1,8.609652,-2.1418977,-1.0240558,-0.6089088,1.1389645
GTGGGTCTCAATCACG-1-gPlexB3_s1,-0.03549695,-0.44470584,0.6380355,-0.7392259,0.9920522
GCAGTTAGTTCCGTCT-1-gPlexB5_s1,0.4559582,-0.37817222,-0.39010406,-0.67367125,-0.1322934
TATCTCAAGATGTGTA-1-gPlexB7_s1,7.3183913,-0.11671028,-0.9299821,-0.14747286,0.7949171
TACAGTGTCCAAACTG-1-gPlexB3_s1,8.627999,-1.7633775,-1.4234887,-0.018940762,2.1911452
TCTCATAGTGGTACAG-1-gPlexB5_s1,-1.8983488,2.8671105,1.0395709,-0.286538,1.4699068
GGCTCGAGTACTTCTT-1-gPlexB3_s1,0.17876443,-0.551694,0.5156993,-0.5640731,2.6371062
CACAAACGTACCGGCT-1-gPlexB2_s1,0.30062157,-0.46183774,0.24295475,-0.49875557,1.0394338
TGCTACCAGTGAATTG-1-gPlexB7_s1,5.3711596,-0.21175271,-0.9813526,-1.4758382,2.2628448
TAGTTGGCACAAGACG-1-gPlexB4_s1,0.5259686,-0.5124302,-0.60257566,-0.37899727,1.6976589
TAGAGCTGTATTCGTG-1-gPlexB3_s1,8.511677,-0.5384894,-0.22850777,-0.9091429,1.6561654
CGTAGCGTCCACTGGG-1-gPlexB5_s1,-1.140109,1.8978171,0.37182495,0.12596074,-0.2125378
AACTCAGGTATAAACG-1-gPlexB1_s1,0.15995233,0.1903418,0.10895234,-0.6512596,2.2611058
TCAATCTCATACGCTA-1-gPlexB1_s1,-1.3381579,2.9876542,0.4314332,-0.45191067,1.8196452
CCATGTCGTCTAAAGA-1-gPlexB2_s1,5.2588325,-0.74712294,-0.1625421,-1.2938021,1.2301958
AACCATGTCGTACCGG-1-gPlexB2_s1,6.9771137,-0.65841025,-0.7997657,-0.620626,2.685592
GCGACCAAGACGCAAC-1-gPlexB7_s1,-0.22814627,2.2290268,0.39025393,-0.041195944,0.824834
GATCAGTGTGGACGAT-1-gPlexB5_s1,8.076365,-0.9741757,-1.3450323,-0.04589936,1.2521265
AGCGTATGTAGGACAC-1-gPlexB4_s1,-1.5970706,2.5671985,0.69196165,0.11158593,0.882624
GGCCGATAGTGGGTTG-1-gPlexB4_s1,0.78709143,-0.16338849,0.016029542,1.42412,-0.749213
ATCATGGTCGGCATCG-1-gPlexB7_s1,4.854067,-0.76902974,-0.9023664,-0.6351826,2.3653016
GTGCGGTTCAGCACAT-1-gPlexB3_s1,0.008284297,-0.12544784,0.67076737,1.2354122,0.19126436
ACATGGTGTCCTCTTG-1-gPlexB6_s1,8.37146,-1.2513226,-0.7276115,0.4041917,1.0740647
CCACGGATCCGCGCAA-1-gPlexB2_s1,-1.2966056,1.9902439,0.956424,0.2958139,0.39845392
CTCTGGTGTGTTTGGT-1-gPlexB1_s1,7.5300055,-0.88955206,0.7573041,-2.1344285,2.6876974
TGCCAAACAGGCAGTA-1-gPlexB3_s1,0.56304324,-0.28958723,-0.68301445,-0.22721717,0.07429233
GCTGGGTCACCTTGTC-1-gPlexB3_s1,-0.0010724291,-0.2134282,-0.1448316,-0.6020439,2.967426
TCTGGAATCATCTGTT-1-gPlexB3_s1,0.35523543,-0.4904257,-0.0016847309,-0.017516598,0.42277393
AGTTGGTCATAGACTC-1-gPlexB3_s1,8.231475,-0.5690634,0.68498427,-0.16291246,1.9148854
GAGTCCGAGGAGTTGC-1-gPlexB3_s1,0.33781713,-0.37234426,0.14669181,-0.61918736,1.9966164
ACGGGTCTCAACACCA-1-gPlexB3_s1,8.488721,-1.0359538,-0.6367139,-0.6835855,1.8342772
CATATGGTCCTTGACC-1-gPlexB1_s1,-1.9729531,2.7839885,0.58629054,0.5511807,1.3710234
CCTAAAGCAGTAAGCG-1-gPlexB5_s1,-0.99920285,2.6782718,0.022669824,-1.2444686,0.5892469
CTCTGGTTCGTCACGG-1-gPlexB1_s1,8.81269,-1.094515,-1.0569615,0.34865755,1.1939497
GGCTCGAAGTATCTCG-1-gPlexB6_s1,7.732689,-0.66795033,-1.4356358,-1.1540091,2.2653484
GTCATTTAGTGTACGG-1-gPlexB3_s1,-0.0792471,-0.09168789,0.29169106,1.3166718,-0.6191251
TAAACCGTCCTTAATC-1-gPlexB3_s1,6.9706125,-1.2622259,2.3168614,-1.2531784,1.6141348
ACCTTTAGTCATGCAT-1-gPlexB6_s1,-1.4368137,1.785974,0.30474338,0.4800687,0.5954757
TCGTACCCAAGCGCTC-1-gPlexB5_s1,0.0039319694,-0.12706129,0.19223383,-0.45686057,0.3021489
CGAGCACGTGATGTCT-1-gPlexB4_s1,-1.4108175,2.0078504,-0.4118663,1.1252924,0.6145551
AACCATGGTTTAGCTG-1-gPlexB4_s1,0.41359627,-0.4986811,-0.7249252,-0.27696696,1.0762845
TGCGTGGTCCGTTGCT-1-gPlexB3_s1,6.847035,-0.38982677,-0.18108153,-1.721902,2.8692813
AAGCCGCGTTCTGTTT-1-gPlexB1_s1,0.006638758,-0.43585733,0.4747083,-0.14176548,1.0789847
GAGTCCGAGGTGATTA-1-gPlexB3_s1,-0.073265396,-0.12429361,-0.13323388,-0.1690008,0.6678542
TCTATTGGTAGCTAAA-1-gPlexB5_s1,0.4100532,0.042128418,0.015600108,1.8688774,-0.020505339
TCTTCGGGTCCAGTAT-1-gPlexB6_s1,7.059687,-0.79253143,0.04243689,-0.113736555,1.6557944
AAGACCTGTTCTCATT-1-gPlexB4_s1,-1.1731409,2.2422018,0.023465991,0.30300874,1.8348633
GCGCAACGTCTACCTC-1-gPlexB5_s1,0.29994655,-0.041250784,0.1641268,-0.7477059,0.4940237
TCATTACGTATCGCAT-1-gPlexB4_s1,-0.77146816,2.1922417,-0.8309242,-0.5829286,0.9615349
TTCTTAGAGAAACCAT-1-gPlexB3_s1,0.6021755,-0.08072701,0.06391387,-0.41745526,-0.0832327
GGCAATTGTAAGGATT-1-gPlexB3_s1,8.917888,0.04440844,-1.1713175,-1.9513716,2.0324912
GGACGTCCACCCATGG-1-gPlexB7_s1,7.2133594,-0.7746351,-0.7732446,-0.44323742,2.1805525
GGCCGATTCACTGGGC-1-gPlexB6_s1,0.08531138,-0.338008,0.16666877,0.21914838,-0.067661196
CAGGTGCCAATGGAAT-1-gPlexB2_s1,-1.8853025,2.5188951,0.4840708,-0.0789767,2.836436
CCATGTCAGAGAGCTC-1-gPlexB2_s1,-0.08144151,-0.6388805,0.047012117,1.4456663,-0.036597997
ATTTCTGTCGCTAGCG-1-gPlexB5_s1,0.12203342,-0.5744495,0.22716968,-0.17941897,2.5770874
CTGGTCTTCCCGACTT-1-gPlexB1_s1,8.063781,-0.81993,-0.9306567,-0.00071392953,0.48472258
CCCATACGTAATAGCA-1-gPlexB4_s1,8.103563,-1.0448233,-0.54876935,-1.6689199,0.43837157
ACAGCTAAGAGTACCG-1-gPlexB2_s1,0.106454946,-0.34939685,0.16204433,-0.090048306,0.14950451
CCCAATCAGTTGCAGG-1-gPlexB2_s1,-1.3926097,2.7524621,-0.48638073,-0.2933138,1.4313643
CTTAGGAGTTCAACCA-1-gPlexB2_s1,7.330009,-1.4523642,-0.1340976,-0.6730304,0.86343634
CTAATGGGTAGGCATG-1-gPlexB6_s1,0.74052286,-0.73510253,-0.08303417,0.6897084,1.6474098
GTTCGGGGTTGGTGGA-1-gPlexB1_s1,6.161936,-0.6458337,-1.3066537,0.60964674,2.5016265
CTCAGAACAAGTAATG-1-gPlexB6_s1,7.564502,-0.5906973,-0.9233099,-0.04445687,0.78322935
CTTGGCTGTAGAGGAA-1-gPlexB1_s1,0.07951265,-0.37724084,0.5056286,-0.88794076,1.2658782
ATTGGTGCATGCAATC-1-gPlexB6_s1,0.50189483,-0.23340599,0.40872985,-0.4235629,2.2892265
GTGTTAGTCTATCCCG-1-gPlexB4_s1,-1.2917048,2.194419,1.5020025,1.4388261,-0.47750255
ACCGTAAGTACTCGCG-1-gPlexB6_s1,0.508909,-0.3182053,-0.3738615,0.36501426,1.139752
CCCATACAGATGCCAG-1-gPlexB7_s1,-1.2360736,2.0249171,-0.34217656,-0.23428172,1.0600448
TGACTAGTCCGATATG-1-gPlexB5_s1,-1.3049707,2.2301445,0.34083956,0.14634274,2.2239141
CGGTTAAGTCTCCACT-1-gPlexB5_s1,0.3189851,-0.6027071,-0.07287975,-0.12718219,0.7414974
TTGTAGGGTTCGCTAA-1-gPlexB6_s1,7.7893476,-1.7872584,-1.0637012,-0.82585555,2.409124
CACACCTTCAGCGATT-1-gPlexB3_s1,7.54514,-1.565304,1.2886995,-1.7156632,2.6009343
CAGGTGCCAGTCACTA-1-gPlexB3_s1,7.66635,-0.66798073,-0.8683176,0.3702148,2.2742982
GTTCTCGGTCAACATC-1-gPlexB3_s1,6.9206753,-0.73554933,1.0050521,-0.62081945,2.1153665
TCAGCAAAGCCCGAAA-1-gPlexB1_s1,6.4614563,-0.5821352,-1.759289,-0.80434775,-0.7798245
ACACCAAAGCGTTGCC-1-gPlexB7_s1,-0.72059005,2.2494812,0.4841916,0.16696595,0.46703714
ACACTGATCTTACCGC-1-gPlexB6_s1,0.7030069,-0.44714925,-0.21770097,-0.89777887,1.163772
GCTGCAGAGCCAGTAG-1-gPlexB5_s1,-1.6347858,2.7529378,0.28843662,-0.44775498,1.0505886
GATGAAAAGCAGGCTA-1-gPlexB6_s1,-0.09976813,-0.13027737,0.26802185,1.2825058,-0.03656906
CTCCTAGGTCCGCTGA-1-gPlexB5_s1,0.49640828,-0.30387783,-0.17314309,-0.45203227,2.1911247
TAGTGGTTCGGCCGAT-1-gPlexB3_s1,7.3311296,-0.8376515,-1.421692,-0.72078925,1.1985487
GGGTTGCTCGTGGTCG-1-gPlexB4_s1,-1.2365443,2.4081395,0.6088218,0.08435996,1.2238916
TCCCGATCATCAGTAC-1-gPlexB5_s1,0.24581382,-0.37926033,0.53527737,-0.5047006,1.021203
GCTGCTTGTAATAGCA-1-gPlexB5_s1,-1.3010194,2.5799959,-0.013328181,0.24345213,2.0707014
CAACTAGTCATCTGTT-1-gPlexB1_s1,0.5735364,-0.5871208,-0.12278753,-1.0363142,1.1835172
TTGGAACCATGCATGT-1-gPlexB3_s1,7.226007,-0.764238,1.49597,-1.1172477,1.6733134
TCAGGATTCACCAGGC-1-gPlexB6_s1,0.36297017,0.009172931,-0.12568928,-0.6501204,1.8111515
TACTTGTAGTAGTGCG-1-gPlexB6_s1,0.2767627,-0.25056833,-0.37587598,1.6036739,-0.3152692
CTCGTACGTCACTGGC-1-gPlexB6_s1,8.578935,-1.079342,-0.57370895,-1.1144477,0.97245157
GACGTGCGTGTTGGGA-1-gPlexB3_s1,0.004233435,0.20365652,-0.37728763,-0.22511247,2.196851
CGTTCTGTCAGTCAGT-1-gPlexB5_s1,-0.37334985,0.054163903,-0.6916908,2.0049193,-1.0820357
GAAGCAGCACAGCGTC-1-gPlexB1_s1,-0.3089352,1.0322483,0.39356536,-0.4550607,2.821559
CGCTGGAAGATGTAAC-1-gPlexB1_s1,-0.0096619725,-0.16611888,-0.013479833,-0.49570948,0.011087447
TGAGCCGTCTCGTATT-1-gPlexB7_s1,0.69809943,0.008924201,0.2786292,-0.40934342,0.44273332
AAGACCTGTGCAACTT-1-gPlexB4_s1,-1.4174386,1.9212314,-0.6057872,0.15429474,0.41480392
GAGTCCGTCTGGAGCC-1-gPlexB7_s1,0.46873268,-0.29448205,0.4423118,0.23214665,1.795253
TCGTAGACATCTCGCT-1-gPlexB5_s1,-2.040753,3.0449412,0.81552196,0.12298186,1.3425303
AGGTCATCATGTCCTC-1-gPlexB4_s1,0.18843788,0.01565829,0.6606164,-0.37465233,1.3393588
CATGACAAGAATGTTG-1-gPlexB3_s1,0.059386067,-0.050662704,0.37967625,0.15640835,1.3130522
TGACTTTAGCGATTCT-1-gPlexB4_s1,1.3037153,-0.73855966,-0.25303638,0.29576248,-0.55110466
CGAACATTCGGCGCTA-1-gPlexB4_s1,-0.19096075,-0.38951415,-0.093524925,0.45707086,-0.3431353
CACATAGGTTACCAGT-1-gPlexB4_s1,0.3326794,-0.64078915,-0.5190469,-0.67466295,2.26158
TTGACTTAGAGCCTAG-1-gPlexB6_s1,8.154452,-1.0245919,-0.49974477,-0.32433796,2.3998458
GTAGGCCCAGACAAAT-1-gPlexB6_s1,0.8828911,-0.3187139,0.23009941,-0.37262437,0.53831303
GTAGGCCCAGATGGGT-1-gPlexB3_s1,5.2595606,-0.5709764,-1.1269314,0.94337493,2.146985
GAGTCCGTCTACTCAT-1-gPlexB5_s1,8.087143,-1.2095152,1.2740964,-0.824584,1.5729376
AGAGCTTGTAGAAAGG-1-gPlexB4_s1,7.000686,-1.3688006,-0.41417995,0.24562399,2.1207151
GCTGCTTAGAAGGTTT-1-gPlexB1_s1,-0.038202196,-0.25492144,-1.1488984,0.059198484,1.9072396
ATAAGAGAGTGAAGTT-1-gPlexB3_s1,6.165209,-0.7407686,-0.96937037,-1.7622862,0.78334606
AGATCTGCAGTAACGG-1-gPlexB7_s1,-1.2046744,2.4702604,0.2840328,-0.062939145,1.6277534
CATCAGAGTGCTCTTC-1-gPlexB1_s1,0.64813626,-0.33975777,-1.0401355,-0.76729244,2.1651464
AGCTTGACAACTGCTA-1-gPlexB1_s1,8.826011,-1.0912502,-0.7497587,0.38474384,0.97492325
GCGCAGTTCCCAAGTA-1-gPlexB2_s1,0.09114447,-0.20062768,0.37321845,-0.44958407,0.57882607
ACTTTCACAGCTCGCA-1-gPlexB5_s1,9.283177,-0.6282673,-0.30942392,-0.9403554,1.8410265
CTTCTCTGTATGAATG-1-gPlexB6_s1,-0.017872997,0.1584633,0.2555395,-0.6308365,1.8162779
TCAGGTAGTTACGCGC-1-gPlexB3_s1,0.48826033,0.1330563,0.23121879,-0.18021181,-0.3846988
CGTCACTTCAGAGACG-1-gPlexB2_s1,0.13262346,-0.28375292,-0.31775364,-0.38134927,-0.25194702
GGACATTGTTCAGTAC-1-gPlexB4_s1,0.43803808,-0.5284973,0.46722433,1.4759364,-0.12589309
AGTAGTCGTGACGGTA-1-gPlexB3_s1,6.200879,-0.5837863,1.8056835,-0.24121848,3.5760627
CTAAGACCAGGACCCT-1-gPlexB3_s1,0.7034158,-0.1719251,0.06124822,0.39870042,1.3533994
GGCAATTTCCAAACTG-1-gPlexB6_s1,0.54272175,-0.19498907,-0.16741936,0.5792506,2.407432
ACTGATGGTGACCAAG-1-gPlexB4_s1,7.1148634,-0.6810841,1.8199288,-1.0761214,1.6729558
TGTCCCAGTTGTTTGG-1-gPlexB7_s1,0.1521142,-0.34498295,-0.36172023,-0.29650074,1.7584631
TAGAGCTGTACTCTCC-1-gPlexB1_s1,0.38548914,-0.5475496,-1.6182196,1.2048926,1.4801632
AGCATACAGAATCTCC-1-gPlexB4_s1,-0.41978937,2.2267725,0.6762992,-0.7509567,0.87986475
CATCCACTCATAGCAC-1-gPlexB6_s1,-0.07924476,0.14858149,-0.28881502,0.51504207,1.2475805
GGTGAAGAGGTGTGGT-1-gPlexB1_s1,-0.7362962,2.4330204,0.34689572,0.15383403,-0.26622635
CGCTGGATCATGCTCC-1-gPlexB4_s1,7.816904,-0.88385165,-0.26547676,-0.18917611,2.1476688
ACTGAACAGAACTGTA-1-gPlexB7_s1,7.5968814,-0.57948947,-1.0237997,-0.30384344,2.6119492
GATCAGTGTGCTGTAT-1-gPlexB3_s1,8.648718,-0.7460425,-1.8622721,-0.25518674,1.1883035
CATTATCGTGGCAAAC-1-gPlexB7_s1,6.716972,-0.23029447,-0.6150808,-1.4712303,0.3101376
AGGTCCGCAAGCGTAG-1-gPlexB3_s1,5.730916,-0.24869326,-1.367291,0.645478,2.9040833
CACCACTTCCGTTGTC-1-gPlexB6_s1,0.3564343,-0.120662704,0.7250885,-0.3225595,0.2919509
TCGCGAGAGTCGTTTG-1-gPlexB4_s1,0.16573119,-0.1592034,-0.8122379,0.88437414,-0.74581456
AGATCTGAGCTTTGGT-1-gPlexB5_s1,0.053081125,-0.06624982,0.42446443,1.8935058,-0.041240364
CTGCTGTGTTAGGGTG-1-gPlexB7_s1,7.2132564,-0.48150745,2.261314,-1.5778004,1.8879391
GGTGAAGCAAGCGTAG-1-gPlexB6_s1,6.0788107,-0.74385446,-1.2570174,-0.72245544,1.6859779
ATCATCTCACAGAGGT-1-gPlexB6_s1,-0.07147664,0.5634603,0.2692386,-0.9260816,0.86667544
AAACCTGGTACAAGTA-1-gPlexB5_s1,0.030571397,-0.27019995,0.83918345,0.037049145,-0.33509818
CTCTAATAGCGCCTTG-1-gPlexB2_s1,-1.4237571,2.6702313,-0.10061659,-0.40849125,1.3469125
AGGTCCGTCAGGTTCA-1-gPlexB3_s1,5.81076,-0.49912903,-0.1369569,-0.882509,2.1070616
ACATACGGTAAGCACG-1-gPlexB3_s1,8.619136,-1.3208596,-1.2242666,-2.0102334,2.0643692
TCGGGACGTGCTTCTC-1-gPlexB5_s1,-0.10772897,-0.32272482,0.15424418,-0.12776864,-0.4694139
CTACATTCAGCGTTCG-1-gPlexB4_s1,-0.2789962,-0.3266607,-0.14054199,1.8658537,-0.636749
CTGCCTAGTTATGTGC-1-gPlexB2_s1,8.1765785,-0.77031887,-1.5209969,0.5819106,1.8064109
TGGCTGGCACGAGAGT-1-gPlexB4_s1,8.598655,-0.8737846,-0.66092616,-0.14588745,2.1721807
TTTACTGTCAGTTTGG-1-gPlexB4_s1,0.7919677,-0.22597514,0.21641314,0.12300415,1.240603
TAGCCGGCACTGTGTA-1-gPlexB7_s1,-2.4097893,3.0273192,0.5403145,-0.30103886,1.5751715
GGAACTTGTCCGACGT-1-gPlexB6_s1,8.191319,-1.6259688,-0.5753047,-1.0411074,1.9942555
TGAAAGATCTTAGAGC-1-gPlexB6_s1,7.2218995,-0.67471313,-0.6953374,-0.8813541,0.7019068
TGCCCATAGGCAGTCA-1-gPlexB7_s1,-0.006754108,-0.043109845,-0.20403919,1.1493459,-0.021701545
ACCCACTAGGTGCTAG-1-gPlexB6_s1,7.1655893,-0.5155654,2.1108081,-0.84534305,2.0439758
TGGACGCTCCCTGACT-1-gPlexB6_s1,0.55977756,-0.4790127,-0.11516523,-0.15726948,1.6587412
CTGATAGGTAACGCGA-1-gPlexB5_s1,0.47317475,-0.35135227,0.028357636,-0.1143496,0.5856948
TCGGTAATCACAAACC-1-gPlexB6_s1,-1.4016125,2.8694057,0.041350525,-0.42639172,0.27331236
TGCTGCTAGTTGAGAT-1-gPlexB4_s1,6.7041245,-1.0741279,-0.5609581,0.25931352,2.5547721
ACGGCCAAGGACAGAA-1-gPlexB6_s1,0.4143298,-0.5456571,0.06928325,-0.6838418,2.57633
CATGACACAAGGCTCC-1-gPlexB4_s1,6.9312806,-0.50232905,-1.4930223,-1.9181428,0.60789955
TTGGCAATCCAATGGT-1-gPlexB5_s1,0.06458156,-0.5080143,1.0008972,-0.010517061,0.15526643
CTCGTACTCTGTGCAA-1-gPlexB3_s1,-0.4830989,0.44177613,-0.2682772,-0.27514476,1.6054769
AGCGTATCAGGTGCCT-1-gPlexB2_s1,7.522976,-0.22019315,-0.7959905,-0.38061887,1.6363732
ACTGTCCCAAAGAATC-1-gPlexB1_s1,0.9085408,-0.5689298,0.37630925,0.31447807,0.1351327
CAACCAAAGATGGCGT-1-gPlexB5_s1,-2.1788511,2.6799395,0.3628687,1.3908145,0.99521005
CAAGGCCCAGCATACT-1-gPlexB6_s1,8.523179,-0.9247066,-0.1353803,-0.6164591,0.8685631
CTTAGGACACCACCAG-1-gPlexB3_s1,0.037998416,-0.30215567,0.21997282,-0.21974325,1.1070856
TACGGTAAGAGGGCTT-1-gPlexB5_s1,9.060566,-0.82837677,-1.0108101,0.1182356,3.309975
CAAGATCGTAGGGACT-1-gPlexB2_s1,-1.7412808,2.5747807,0.87915415,-0.32323492,0.67134106
ATTGGTGCATGGTCTA-1-gPlexB2_s1,8.043115,-0.5683543,-0.78703576,-0.24352354,0.9611553
TGCACCTAGCAGGCTA-1-gPlexB2_s1,-1.3943555,2.3861332,0.9177675,-0.085053235,0.2527905
GACGTTAAGTTGCAGG-1-gPlexB7_s1,8.628337,-0.7483047,-0.17482515,-0.23644087,2.7772834
TGCCCATCATCAGTAC-1-gPlexB4_s1,0.46421885,-0.1809684,0.15197866,-0.17320238,-0.10606384
ATTATCCTCGTGGACC-1-gPlexB7_s1,0.42906177,-0.38615194,-0.4493255,1.6434386,-0.37610918
GTGTGCGGTTATCGGT-1-gPlexB6_s1,-1.5283396,2.5737205,0.5166266,0.96588075,-0.683265
CGACTTCGTGATGTCT-1-gPlexB6_s1,-0.31882071,-0.0018265918,0.40473062,-0.0060489327,1.3577808
ATCCGAATCCGAACGC-1-gPlexB6_s1,0.3696033,-0.06992549,-0.7086505,-0.6006546,1.8893701
GACAGAGTCATTGCGA-1-gPlexB2_s1,-1.3189219,2.7961862,0.4222952,-0.31234476,0.070925474
TCGAGGCGTGCGATAG-1-gPlexB7_s1,8.61102,-1.2641664,-0.39398482,0.04336886,1.5646544
ATTTCTGCACGCCAGT-1-gPlexB1_s1,7.4877563,-0.17122802,-0.6863514,0.8899314,0.07729438
GGGAGATAGTATTGGA-1-gPlexB2_s1,0.66414994,-0.66015816,-0.27473477,-0.82432324,2.178065
CTTGGCTGTTTAGCTG-1-gPlexB5_s1,8.053886,-0.44885227,-0.65094376,-0.38683176,1.5391589
AGCTCCTAGATGTCGG-1-gPlexB6_s1,0.31867462,-0.23035079,-0.58188576,0.2640605,-0.094193906
GGCCGATCATATACGC-1-gPlexB3_s1,-0.46405557,0.15587583,0.17291693,-0.8229702,1.9252622
ACATACGTCTCCAACC-1-gPlexB3_s1,7.9061728,-1.148645,-1.0004754,-0.050861828,1.3723857
TCTGAGACATGTCTCC-1-gPlexB6_s1,7.9948826,-0.28395334,-0.9536431,0.6611404,2.2845526
TGCTGCTCACATTCGA-1-gPlexB1_s1,-1.7431068,2.6145692,0.1965898,-0.0010196939,2.2535074
AAGACCTAGTACGCGA-1-gPlexB7_s1,0.027636774,-0.40433002,0.018283676,-0.06103711,0.25008982
CAGCCGATCATTTGGG-1-gPlexB7_s1,0.25697282,-0.2513431,0.3735143,-0.012267156,0.8867518
TACGGATGTAGAAAGG-1-gPlexB2_s1,8.424062,-0.7864106,-1.4232464,0.45559967,3.300519
ACCAGTACACATTTCT-1-gPlexB7_s1,-1.2607837,1.9793632,0.32243627,0.28443468,1.7005191
CTTTGCGTCACATAGC-1-gPlexB5_s1,0.07269323,-0.31534642,-0.3517223,-0.41435426,2.683993
CCTTCGAAGGTAAACT-1-gPlexB4_s1,6.8668,-1.002297,-1.3681961,-1.3918923,1.8509783
ACGCCGACAATCCGAT-1-gPlexB4_s1,6.5549335,-0.7241016,-1.2161921,-0.19310626,-0.9529433
ATGAGGGGTAAACACA-1-gPlexB5_s1,-1.5514992,2.47396,0.6320651,0.27357537,0.5323227
ACATACGCAATCACAC-1-gPlexB1_s1,-0.07111685,-0.58185756,-0.24717686,-0.6069724,1.2598296
TAGGCATTCGGAAATA-1-gPlexB2_s1,0.038616747,-0.25274625,0.6240755,-0.53303593,1.1199019
CAGGTGCTCCCAGGTG-1-gPlexB1_s1,1.3479803,-0.532352,-0.42319202,-1.0539235,2.3269129
GCACATAGTTATGCGT-1-gPlexB6_s1,0.35593224,-0.49398488,-0.18961143,-0.98118454,1.6876578
GTAACGTTCACGATGT-1-gPlexB2_s1,0.47844833,-0.21752864,0.17503035,-0.59188116,0.6100726
CACAGTACAACTGCTA-1-gPlexB3_s1,8.212351,-0.93749005,-0.5706577,-0.3397762,2.2281437
GCACATAGTAACGACG-1-gPlexB7_s1,0.8003285,-0.2985504,-0.26957008,-0.18322161,2.373986
TTTGGTTAGCTACCGC-1-gPlexB7_s1,6.6455646,-1.0390445,-1.5819863,-2.1827834,0.24542585
CAACCTCCACGAAACG-1-gPlexB6_s1,8.31025,-0.6004087,-0.52581054,-0.5767953,3.2714353
GCGCCAAAGAGCCCAA-1-gPlexB7_s1,7.5130315,-0.7062172,-0.6399904,-1.7480074,1.4933976
ATGGGAGCAAATCCGT-1-gPlexB4_s1,0.41153878,-0.08572596,0.5889311,-0.15075648,0.16035005
TCGAGGCTCAGGTAAA-1-gPlexB6_s1,-0.025466442,-0.57236356,-0.4263577,0.20170945,0.32306212
TGAGCATAGATGTTAG-1-gPlexB1_s1,-1.5622748,2.7067127,0.073193654,0.057853103,1.8102586
AGGGTGAAGCTAGTTC-1-gPlexB2_s1,-0.26449513,-0.48276493,0.33741862,2.0311408,0.36039817
AACCATGGTCAACTGT-1-gPlexB5_s1,8.11368,-1.3489993,-0.87867135,-0.6161031,1.7288115
ACTGTCCAGATGTTAG-1-gPlexB7_s1,0.26102936,-0.5864092,-0.26901388,-0.09096728,1.136783
CTACACCAGTATCTCG-1-gPlexB3_s1,0.010540336,-0.34653088,-0.5547396,0.99641246,0.0014593303
GCACTCTTCTTACCTA-1-gPlexB1_s1,6.2297516,-0.85924137,1.172172,-0.96935487,1.570792
TACTCGCGTCTGGAGA-1-gPlexB3_s1,0.68547744,-0.021911137,0.01152203,-1.0000744,2.300496
TCACAAGTCGTTGACA-1-gPlexB6_s1,-1.6005529,2.5000834,0.4553264,0.71280575,1.2827942
CAGCCGATCGCGTAGC-1-gPlexB7_s1,1.0646132,-0.9784073,-0.43953818,-0.31443065,0.96706975
GCAGCCAGTAAGGATT-1-gPlexB2_s1,-1.3181887,2.4847639,-0.76063776,-0.94872546,2.7242115
CAACTAGAGTCAATAG-1-gPlexB6_s1,0.7163603,-0.36661932,-0.7980345,-0.15430205,2.1872923
TATCAGGCAGGATCGA-1-gPlexB6_s1,0.2337979,-0.31045225,-0.20937508,1.6488837,0.71435714
GGTGCGTGTTCCCGAG-1-gPlexB2_s1,-0.07086286,-0.34996396,0.3239151,-0.7752876,1.0007915
TCACGAATCTTAGAGC-1-gPlexB1_s1,0.12273604,-0.51551056,-0.08640506,0.5210862,1.8854665
TCAGCTCGTTACAGAA-1-gPlexB1_s1,-0.9385633,2.202708,0.678203,-0.09329155,2.2140257
CCTTCCCAGTATTGGA-1-gPlexB3_s1,8.492802,-1.3088727,-1.0236064,-0.416299,1.1053305
TAGACCACACGGACAA-1-gPlexB1_s1,0.6097825,-0.59237736,0.20743942,-0.71907175,1.5600135
TCTCATAAGCGTCTAT-1-gPlexB7_s1,0.30634397,-0.30808637,0.47506103,1.9286253,0.68192124
AACTCCCTCAGCTGGC-1-gPlexB6_s1,8.515765,-0.009708889,-1.3296922,-0.4840047,1.7586358
GCCTCTACACAGCGTC-1-gPlexB3_s1,-1.9315449,2.0974722,0.093881845,0.4632702,1.0890088
CTCGAGGGTCCAGTAT-1-gPlexB6_s1,0.2769063,-0.56375784,0.50559956,0.080355145,1.3160402
TCTCTAACAGACGCTC-1-gPlexB7_s1,-1.8258839,2.6496863,0.2521338,0.18368493,1.5006509
ACGCCAGAGTTGAGAT-1-gPlexB3_s1,0.22672114,-0.17500716,0.32801566,-0.38168657,1.5057715
CGGACACCATACAGCT-1-gPlexB7_s1,8.800937,-1.3619229,-0.22573182,0.018765405,0.725497
ACGGGTCGTTCGTCTC-1-gPlexB6_s1,-2.0522828,2.5180807,-0.49777973,-0.2481884,1.0151513
CGAGCCATCTGGCGTG-1-gPlexB4_s1,0.5931215,-0.24735022,-0.25330573,-0.6537289,-0.17569254
CCACCTAGTCTAACGT-1-gPlexB2_s1,-1.7442461,2.7039149,0.36752722,-0.6454107,-0.21631548
GTATTCTTCCATGAAC-1-gPlexB5_s1,0.10839041,-0.061215,0.38071787,-0.056980893,1.9468453
GTTCGGGGTCGGATCC-1-gPlexB6_s1,6.2723856,-0.47888893,-0.46970776,0.43729794,2.6755095
CAGCCGAAGAAGAAGC-1-gPlexB5_s1,0.67914855,-0.31507716,0.63451785,-0.3263417,0.30724636
TCGCGAGTCGCGCCAA-1-gPlexB4_s1,0.30686706,0.52631474,0.511833,-0.08070909,3.0508528
AACGTTGAGTCGAGTG-1-gPlexB6_s1,0.71827406,-0.23649669,-0.3784611,-0.38545328,1.718209
GTAACGTTCCTGCAGG-1-gPlexB1_s1,-1.1972511,2.5534003,0.39995635,0.047703505,1.2083039
TTTGTCATCATTGCGA-1-gPlexB1_s1,0.023184046,-0.039827462,-0.3171497,-0.15582052,0.53452456
AAGGAGCTCCAAGCCG-1-gPlexB3_s1,-1.5062089,2.4428349,0.7331409,-0.15356484,0.5888594
TAGCCGGAGATATGCA-1-gPlexB5_s1,-0.1805012,0.012901869,0.58685,1.5198537,-0.8777139
TTTGTCAGTATTCGTG-1-gPlexB3_s1,8.519713,-1.0753509,0.2661089,-1.34517,1.0471151
TCGGGACTCTTCATGT-1-gPlexB7_s1,0.8990936,-0.27716786,0.2940102,-0.93919486,3.0912213
GAGGTGACAGGATTGG-1-gPlexB2_s1,0.2917857,-0.3166563,-0.089978695,-0.39321682,1.4828106
GACGCGTGTAATCGTC-1-gPlexB2_s1,7.308255,-0.74798816,0.14221741,-0.35297224,1.6358535
TGCACCTTCATGCATG-1-gPlexB4_s1,0.7187215,-0.41560847,0.5795487,-0.28343147,1.591882
GGCAATTGTCCCGACA-1-gPlexB3_s1,-1.802813,2.4101453,0.62697023,-0.24357432,-0.0065300465
CATCCACTCAGAGGTG-1-gPlexB5_s1,8.575011,-0.79793674,1.4410908,-1.6137897,1.6718032
CTCGAGGCACACAGAG-1-gPlexB7_s1,6.5950475,-0.8341175,-0.60730445,-0.95492095,1.1847693
TGCTGCTCATCCGTGG-1-gPlexB2_s1,0.10966622,-0.288589,-0.19473645,1.1972345,-0.1974433
CCTCTGAAGTACGACG-1-gPlexB5_s1,-0.47112513,-0.3090289,0.10957618,1.1968179,-0.5162753
GGGCATCTCAAGGCTT-1-gPlexB1_s1,5.932234,-1.1111975,1.4084923,-1.3759183,1.4522763
CTACATTTCTCCCTGA-1-gPlexB2_s1,0.71513784,-0.5500463,0.7004401,-0.82206786,-0.15599486
AGTGTCAAGTCTTGCA-1-gPlexB4_s1,-1.1619724,3.0771646,-0.32188463,-0.35917687,0.5615468
TCGTAGATCTCACATT-1-gPlexB5_s1,-1.4466672,2.6436539,-0.21580099,-0.6516516,0.88408226
CTCAGAACACGCATCG-1-gPlexB2_s1,0.29278412,-0.38162312,0.32781547,0.26463604,0.6197419
CACAGGCAGGAACTGC-1-gPlexB2_s1,-1.3930037,2.347363,-0.2555363,0.8592871,2.0901122
TTGAACGTCAGCGACC-1-gPlexB2_s1,-0.6719362,2.798257,0.792443,-0.40840954,2.0895495
CGTCAGGTCTCATTCA-1-gPlexB7_s1,-0.34859422,2.4299262,-0.110792756,0.21948661,0.37090072
GCCAAATAGCACACAG-1-gPlexB7_s1,0.39239085,-0.70613927,0.7610714,-0.19086793,1.1114656
TACGGGCGTCAAAGAT-1-gPlexB4_s1,6.794075,-0.8837241,0.52777267,-0.5753533,2.9079857
ATGGGAGCATCCGTGG-1-gPlexB6_s1,-2.3360724,2.9872508,1.520746,0.82015496,2.308446
CTACACCCAGCTGCTG-1-gPlexB4_s1,8.42975,-1.4501097,1.6254313,-1.7496525,2.5119934
CGGGTCAAGAGCAATT-1-gPlexB3_s1,7.0063324,-1.13641,-0.29100096,-0.36401102,2.069739
GACGTGCAGGTGTGGT-1-gPlexB6_s1,1.6908544,-0.7428409,-0.22777928,-0.40410566,1.9549634
CAGCCGACAGTTCCCT-1-gPlexB7_s1,-0.5760048,0.26206997,0.408962,-0.23444685,1.823834
GTATTCTTCGCGTTTC-1-gPlexB6_s1,7.6997366,-1.00495,1.3392087,-1.4708737,2.6414075
GTATTCTAGTCGATAA-1-gPlexB2_s1,-0.13349566,-0.032259166,0.14764753,-0.13675167,-0.1731574
GACCAATAGTGGGATC-1-gPlexB5_s1,7.7990346,-1.6864452,-1.0466356,-0.7002907,1.4925528
ATCCGAAGTAAGGGCT-1-gPlexB6_s1,7.395077,-1.07062,0.8404701,-1.1907606,1.624644
GAAATGAAGGCAATTA-1-gPlexB5_s1,0.21614245,-0.1627176,0.52483547,-0.7172849,0.6426524
ACACCGGTCGCAAGCC-1-gPlexB2_s1,-1.3521641,2.9320085,1.3234053,-0.38689205,1.2210027
CATTCGCGTTAAGAAC-1-gPlexB7_s1,0.42453092,-0.41983443,-0.40726775,-0.53961265,1.8497525
GTAGGCCTCATCACCC-1-gPlexB2_s1,0.14119714,0.1331627,-0.25954407,0.09269671,1.9323127
GTTCTCGGTTAAGACA-1-gPlexB6_s1,8.029513,-0.71779954,-0.70533234,-1.4194437,3.226597
GTAACGTCATCGATGT-1-gPlexB2_s1,7.2245255,-0.6967588,-1.6103028,0.3249207,0.77238333
TTTACTGTCCAAACAC-1-gPlexB4_s1,7.956629,-0.91082454,-0.73373634,-0.25059426,1.3530372
ACGAGCCAGCTACCTA-1-gPlexB7_s1,0.5747597,-0.4732592,-0.87266606,-0.34946787,2.59381
TAAGAGAGTTCCACAA-1-gPlexB2_s1,-2.1315043,3.4500322,0.6759432,-1.286375,0.30048504
CTCGTACAGGACAGCT-1-gPlexB7_s1,1.0994776,-0.06851354,-0.733526,-0.3038357,-0.068609
AAAGTAGAGGTGGGTT-1-gPlexB1_s1,0.97699946,-0.34225214,0.6305505,1.2534986,1.0806519
CTCTAATTCACTGGGC-1-gPlexB4_s1,0.89711404,-0.34217927,0.6310765,-0.7156552,1.7641313
GCAGTTACAAGTCATC-1-gPlexB1_s1,-0.098866016,-0.15694217,-0.2527499,-0.14730366,-0.20208693
AGGTCCGAGGACCACA-1-gPlexB2_s1,-1.5116233,2.7493072,0.10035221,-0.6462963,0.24387053
GACCTGGCAATCACAC-1-gPlexB6_s1,0.63460886,-0.38710895,-0.27924818,-0.15127088,-0.17779404
CAGCCGATCCACTGGG-1-gPlexB1_s1,-0.32317722,0.1459103,-0.5428988,-0.9422995,1.7878166
AACCGCGCATTTCAGG-1-gPlexB3_s1,7.3236375,-0.70557374,-1.3959976,0.89490616,0.6612799
GCACATAAGGTGATAT-1-gPlexB3_s1,-2.2574883,2.9317489,0.27634156,0.5428188,1.7542737
AGGGAGTTCATGGTCA-1-gPlexB5_s1,-0.106039286,-0.24602285,-0.53992796,-0.16499698,-0.12678197
TCAGCTCCAGTCTTCC-1-gPlexB7_s1,0.25938725,-0.43475133,-0.1690579,1.8674717,-0.4194031
GTGCTTCGTATAAACG-1-gPlexB7_s1,0.59524304,-0.5062458,0.5589046,-0.7607383,1.718509
CATCAGATCCAGATCA-1-gPlexB5_s1,-0.0642318,0.43845686,0.4905301,-0.23324575,-0.49477655
TTCTCCTAGACGCTTT-1-gPlexB5_s1,-0.052988254,0.64646786,-0.58784866,-0.4472896,1.3883271
GTCAAGTGTTCCGTCT-1-gPlexB2_s1,8.457981,-0.7714753,-1.4231521,0.36149412,1.7689109
TGGCTGGTCATATCGG-1-gPlexB2_s1,-0.024809591,-0.28128582,-0.045920566,-0.8014815,1.5211899
AACTGGTTCGCGTTTC-1-gPlexB6_s1,0.49187797,0.26394653,-0.9522664,1.0094471,2.4493155
CATCGAATCTACCAGA-1-gPlexB5_s1,-1.9207366,2.8573546,0.38039953,-0.80784285,0.38129312
GGAACTTCATTGGCGC-1-gPlexB3_s1,8.2733555,-0.5153155,-0.91578865,-1.4719136,1.5004343
TGCTGCTGTGCATCTA-1-gPlexB5_s1,8.305391,-1.4521003,-1.0797778,0.4294352,3.4509497
CATCAAGAGTATCGAA-1-gPlexB4_s1,-0.09701215,-0.19482523,-0.26249778,-0.39756995,1.9664865
CGCTGGAGTAATCACC-1-gPlexB3_s1,-1.0942687,2.2941818,-0.35288632,-0.36817914,0.23973137
AGAGCTTAGGCGATAC-1-gPlexB4_s1,0.45837992,-0.7673912,0.2528418,-0.21225786,1.9673741
GGCTGGTCACCGGAAA-1-gPlexB6_s1,7.111651,-0.7964684,1.0505997,-0.37695456,2.5239866
AGAGCGAAGCCTATGT-1-gPlexB4_s1,0.77819264,-0.27030045,0.03469145,-0.7119376,2.1621313
AACTTTCTCGTGACAT-1-gPlexB2_s1,0.061652746,0.5167829,0.28830627,-0.4776954,1.6723183
GTCTCGTGTTCTGTTT-1-gPlexB6_s1,0.34505665,-0.32912093,-0.13433465,-0.35486388,0.8300079
CATCAAGCAGACAAAT-1-gPlexB1_s1,0.2213819,-0.30526704,-0.2993986,-0.52027404,0.018971711
GTTAAGCTCTGATTCT-1-gPlexB5_s1,-0.08308417,-0.66205865,-0.22566408,1.2380018,0.4804079
ACAGCTATCGGAGGTA-1-gPlexB7_s1,0.061861545,-0.27438116,0.19910419,-0.26363608,0.400738
GTCACAAAGCTGATAA-1-gPlexB2_s1,-0.07733618,-0.46479365,-1.3849554,-0.3160717,0.3795013
CACTCCACAAGCCGCT-1-gPlexB2_s1,8.233943,-0.26287758,-1.119618,0.84781533,-0.5462066
GTTCGGGAGTCGAGTG-1-gPlexB2_s1,-0.123775944,-0.27161226,-0.35266772,0.053266123,1.1590315
TAAGCGTTCAGTTAGC-1-gPlexB7_s1,0.89565486,-0.20822453,0.46347815,0.0342997,0.52500343
TCAGATGCACTGAAGG-1-gPlexB1_s1,7.940921,-0.97647303,-1.2884532,-0.054723114,1.4131109
CAGTAACGTCAACATC-1-gPlexB3_s1,-0.984967,2.3692913,-0.20681697,0.69259626,0.6798302
ACAGCCGGTGCCTGCA-1-gPlexB4_s1,0.42428985,-0.36946094,0.014843522,-0.105506115,-0.21250623
GTCACAACAAGAGTCG-1-gPlexB3_s1,-1.8239604,2.850156,0.5942377,-0.27758762,1.2393517
TCAGCTCAGGTCGGAT-1-gPlexB1_s1,0.39063057,-0.15805969,-0.06828938,-0.61020213,1.2215984
CTGATAGTCTTAGCCC-1-gPlexB4_s1,-1.2943611,3.2076778,-0.090588436,-0.21278466,1.4514618
CAGAGAGCACCATGTA-1-gPlexB2_s1,0.181959,-0.54823864,0.32450354,-0.39526236,0.25218377
GTATCTTAGTATCTCG-1-gPlexB2_s1,7.699304,-0.30231047,1.9088969,-0.071704194,2.187886
TCTCTAATCAAAGTAG-1-gPlexB2_s1,0.8023699,-0.0754935,-0.6163843,-0.8211811,1.6513898
AGGCCGTGTCGTTGTA-1-gPlexB3_s1,7.423011,-1.0260005,-0.85285515,-1.041671,1.3216769
ACGGAGACAGACTCGC-1-gPlexB7_s1,6.9320016,-0.34276527,0.9774182,-1.3766958,2.796887
CCTTCGAGTCAACTGT-1-gPlexB1_s1,0.41901815,-0.4694101,-0.3027057,0.58558834,0.7665355
GGAAAGCCATCGGTTA-1-gPlexB3_s1,-1.8216445,2.2694557,0.66881084,-0.38900018,1.5100665
ACTTGTTAGGCTACGA-1-gPlexB3_s1,9.044926,-1.2663215,-0.9146471,1.3390028,2.1470084
ACGATGTTCCCACTTG-1-gPlexB4_s1,6.691765,-0.95998627,-1.290278,-0.9392775,1.98617
CACTCCACAGTGACAG-1-gPlexB6_s1,-0.8467791,2.4633164,0.08521731,1.0589856,2.2204154
AGCTCTCGTCGCATAT-1-gPlexB6_s1,0.284312,-0.48305207,0.3299684,0.1162644,1.381145
AGTTGGTAGAGTCGGT-1-gPlexB6_s1,0.13061637,-0.23512854,-0.27937743,-0.19910094,1.4646913
ACGGCCACACTGCCAG-1-gPlexB3_s1,0.3492308,-0.5211247,-0.21978325,1.6809299,0.51241106
GCAATCAAGCCACGCT-1-gPlexB4_s1,7.121286,-0.6265252,-1.1283383,-0.4665056,2.6600876
TCGGTAAGTGTAATGA-1-gPlexB4_s1,7.357565,-0.8879333,-0.27371526,-0.24709207,2.7502694
TTCTCAACATATGAGA-1-gPlexB4_s1,-0.10283744,0.14196357,-0.043708272,-0.34631923,1.0369483
ACATGGTGTTTGACTG-1-gPlexB7_s1,6.570237,-0.29393262,-0.4570043,-0.9167089,1.5601215
TTCTTAGTCAATCTCT-1-gPlexB6_s1,6.42765,-0.763533,1.4410412,-1.1299967,0.9779973
GTCGTAATCTACCAGA-1-gPlexB4_s1,7.884496,-0.68930465,-0.8970414,-0.32084125,1.0504285
CTTAACTCATCGATGT-1-gPlexB5_s1,-1.6117417,2.6601064,0.5305907,-0.14830507,0.5606744
GCAGTTATCCTCATTA-1-gPlexB1_s1,-1.4792475,2.9241054,0.6596844,0.16095051,0.5417899
CCGGTAGTCATTCACT-1-gPlexB1_s1,6.653906,-1.0562042,1.3639445,-0.7049733,1.475533
CACCACTCACGCATCG-1-gPlexB7_s1,-0.70144045,2.3708866,0.36316702,-0.1885545,0.5532401
ACGGGTCAGCGTTCCG-1-gPlexB1_s1,-0.44891012,2.5082808,-0.3202331,0.07798126,0.5883651
CCTACACGTCGGCACT-1-gPlexB5_s1,0.653287,-0.4077287,-0.047059238,-0.54994786,1.6903735
AATCGGTAGAGTGAGA-1-gPlexB1_s1,-0.10555544,-0.38189733,0.91658235,-0.38173077,1.1438272
CGCGTTTGTCAGATAA-1-gPlexB3_s1,-0.11922082,-0.48161373,0.49214432,-0.5321064,1.1291499
ATGGGAGCACCGAATT-1-gPlexB6_s1,8.477837,-1.5705894,-1.0570328,1.5212529,-0.7203376
GAATAAGGTCGAACAG-1-gPlexB1_s1,-1.1431566,2.654483,0.5163366,0.44391045,0.14470512
TAGGCATTCAGCATGT-1-gPlexB4_s1,6.937279,-1.5294217,0.36532187,-1.3075886,1.6945894
ACCTTTATCGTCTGAA-1-gPlexB1_s1,-1.2564737,2.3537562,0.51366466,-0.45407087,0.1709413
ACTTTCAGTCCGAACC-1-gPlexB7_s1,6.0125494,-0.5135852,-0.018351616,-1.4794909,1.1945813
TGCGTGGCACGAAACG-1-gPlexB2_s1,-1.474104,2.2114213,1.0293281,0.3870628,0.91655886
GTACTCCCACGCCAGT-1-gPlexB6_s1,-0.57878447,2.2765186,0.8202026,-0.19692068,1.2012159
ACTTGTTAGCGTTTAC-1-gPlexB2_s1,5.011828,-0.7011748,1.7129698,-1.1255312,0.48577622
AAAGCAAAGTGAATTG-1-gPlexB7_s1,7.888401,-0.4616052,-0.931244,-1.524153,1.8481133
AGATCTGAGACTGGGT-1-gPlexB2_s1,6.5881696,-0.2027906,-1.2196571,-0.65155727,0.44794494
TATTACCGTAAACGCG-1-gPlexB4_s1,0.9420558,-0.22324677,0.57693595,-0.29493457,1.5562955
GCATACATCAGGCAAG-1-gPlexB3_s1,0.46291065,-0.44516215,0.39123353,0.016142443,1.3164165
CGTGAGCGTATGAATG-1-gPlexB3_s1,0.3059749,-0.46899813,-0.7891306,0.086792454,-0.30380392
CTCACACAGGGCATGT-1-gPlexB7_s1,6.8406653,-0.67618924,-1.0883647,0.55372703,1.4346664
CGTGTAATCTTGACGA-1-gPlexB1_s1,6.3974056,-0.29136798,-0.6482948,-0.07811168,1.1718701
CACAGGCTCTTCCTTC-1-gPlexB3_s1,0.33735034,-0.3766626,0.7173159,-0.5469654,0.3875143
ACGCCAGGTACAGACG-1-gPlexB5_s1,8.254687,-0.78235465,-0.4066697,0.3060999,3.2556806
ACGAGGAAGTAACCCT-1-gPlexB2_s1,6.8498282,-0.39220253,-1.0381336,-0.9968014,-0.46945098
CATCAAGGTCACACGC-1-gPlexB5_s1,7.2512302,-0.566156,-0.71700746,0.24803233,1.5429301
CGTAGCGTCTTAACCT-1-gPlexB1_s1,0.21083194,-0.28760287,0.831609,-0.68951434,1.3783417
AACTCAGAGCCCAGCT-1-gPlexB1_s1,0.0142016485,-0.18381003,-0.36630446,0.15159237,1.7490815
AACTCCCGTTGCCTCT-1-gPlexB5_s1,0.2596552,0.025385063,-0.6913774,0.5277753,0.72002435
ACACCGGGTTGGGACA-1-gPlexB3_s1,0.2599016,-0.5248401,0.20674783,-0.6150843,-0.17158175
CTACACCGTGTAAGTA-1-gPlexB7_s1,9.94849,-1.516382,1.4692616,-0.76570797,2.0502505
CTCAGAAGTTGTGGCC-1-gPlexB7_s1,-1.2082638,2.5168834,0.9292136,-0.06423419,0.8869407
GACTACACACATCTTT-1-gPlexB7_s1,-1.0554762,2.5780787,1.1700127,0.69614214,2.430932
GAAGCAGAGTCTCGGC-1-gPlexB4_s1,6.8495116,-0.83147615,-0.6702805,-0.42051768,2.0838618
ACCCACTTCTGATACG-1-gPlexB4_s1,-1.3414785,2.4791071,0.6941453,0.391747,1.5224391
AATCCAGCATGACGGA-1-gPlexB5_s1,0.5741636,-0.6127056,-0.36507586,0.031188853,1.9078203
TTAGGCACACGTTGGC-1-gPlexB1_s1,-1.5001849,2.5594711,0.08332285,0.43512297,0.65782315
TTCTTAGTCCTCCTAG-1-gPlexB7_s1,0.40847886,-0.47037363,-0.68220574,-0.36525136,1.8435093
CCTTCGAAGGACGAAA-1-gPlexB3_s1,0.5065581,-0.38758376,-0.8789254,-0.23319489,0.37770087
TTAGGCAGTTCAGCGC-1-gPlexB2_s1,-2.027691,2.6160598,-0.27064973,-0.37673056,0.9417521
CGTCCATAGCAGCGTA-1-gPlexB1_s1,-0.22633298,-0.26593027,0.5175169,1.2203157,-0.28570056
TGTATTCTCACGAAGG-1-gPlexB4_s1,-1.3125632,2.6117346,-0.0034535406,0.053179592,1.8832629
CGCTGGAGTATAATGG-1-gPlexB4_s1,0.26721647,-0.43197685,0.045622148,-0.7726903,3.135757
AAAGTAGAGCTAAACA-1-gPlexB3_s1,0.27013567,-0.3738737,0.23723646,-0.054937735,0.49828342
CGAACATCAAGCGTAG-1-gPlexB6_s1,7.501481,-0.6707956,-1.0577608,-0.80682063,0.3992629
TACGGGCCAGGATTGG-1-gPlexB6_s1,0.6635819,-0.1945765,-0.07220182,0.41157728,1.7075585
TGCGGGTGTACTTCTT-1-gPlexB1_s1,0.28466344,-0.4182755,-0.14154157,-0.77298474,1.3756155
TACACGAAGGAGTTTA-1-gPlexB5_s1,8.655908,-0.7718402,-1.9285797,-0.35708123,2.1233268
GCGCAGTTCAAACGGG-1-gPlexB4_s1,8.177717,-0.9596646,-1.237246,0.5998001,1.629205
ATCGAGTTCGAATGGG-1-gPlexB4_s1,8.545601,-1.3999388,-0.70512664,0.23383112,3.071821
GGACAAGAGATGTAAC-1-gPlexB4_s1,0.05927348,-0.48696518,0.050749727,2.5990653,0.77402556
ACGAGGAGTAAAGGAG-1-gPlexB5_s1,6.7576423,-0.84019697,1.601552,-0.5212147,1.9729271
CGAGAAGAGGACAGCT-1-gPlexB2_s1,0.4313234,-0.42920423,-0.29785845,-0.5720854,0.30319646
TGGCCAGGTCATCGGC-1-gPlexB5_s1,10.185049,-1.8327856,-0.21464191,-0.98448104,1.2212582
CTCATTATCAAACAAG-1-gPlexB2_s1,6.7152805,-1.1552743,-0.8395706,-0.6612392,1.7562962
GAAACTCAGCTGTCTA-1-gPlexB3_s1,8.686796,-0.54207367,-1.1078762,0.12230992,1.1339184
CTCTAATTCTGCGACG-1-gPlexB4_s1,-1.5943502,2.3220892,0.19210348,-0.5992885,1.1695211
TAGGCATAGGCTAGCA-1-gPlexB6_s1,0.067983225,-0.32771423,0.5261029,-0.21482955,0.71285117
TTTGGTTCATTACGAC-1-gPlexB2_s1,-0.03932984,-0.37943053,0.29305592,0.94878113,-0.547926
CCTCTGAGTCGGCTCA-1-gPlexB4_s1,0.25709724,0.02233421,-0.2719013,0.6938741,1.7744519
AAAGCAAAGATCTGAA-1-gPlexB4_s1,-1.3962486,2.6568282,0.68326896,-0.5496309,0.94115967
CCGGGATAGACAAAGG-1-gPlexB3_s1,1.0928285,-0.46355653,-0.53310364,-0.26142353,1.3543065
CATCAGAAGACTCGGA-1-gPlexB1_s1,-1.7999313,2.5531664,0.21971676,0.11638753,1.0297726
GATTCAGAGACACTAA-1-gPlexB2_s1,-1.4138024,2.5708935,-0.6711656,0.56034327,2.0605264
CACAAACTCCACGCAG-1-gPlexB6_s1,0.033988178,-0.16264981,-0.8024692,-0.047495306,1.9982061
AGGGATGTCCAATGGT-1-gPlexB6_s1,0.4497544,-0.35371736,-0.68039185,-0.27846393,0.27994975
TGCCAAAGTTCAGCGC-1-gPlexB4_s1,8.974549,-1.5122699,-0.45092636,0.5365576,2.1990857
GACGGCTGTGCTGTAT-1-gPlexB4_s1,-0.03589841,-0.28985247,0.263664,-0.48574355,1.345571
ACGCCAGCACGGCCAT-1-gPlexB7_s1,7.7660437,-0.75241506,-0.89509374,-0.9977822,2.2462099
CCTAAAGCAGGTGCCT-1-gPlexB5_s1,7.903423,-1.1089793,-0.7935995,-1.3255144,1.6764996
GCGAGAAAGCTAACTC-1-gPlexB3_s1,2.053017,-0.4951617,-0.94881666,-0.1448333,2.6265297
GATGCTACAAGCTGAG-1-gPlexB6_s1,7.7813687,-1.0492985,-1.4822384,-1.1792822,0.69182396
CATATTCAGACGCAAC-1-gPlexB6_s1,0.30527157,-0.37908277,0.25880516,1.8360488,0.652511
TAAGAGAGTACCGTAT-1-gPlexB1_s1,-1.9969842,3.1730292,-0.07189987,-0.24529475,1.3631637
GCTCCTAGTTCACCTC-1-gPlexB5_s1,0.49924734,-0.5428204,0.040681023,0.8770255,-0.07983205
TGACTAGCACCTCGTT-1-gPlexB7_s1,5.9809456,-0.46821597,1.4271854,-0.7807263,0.7246593
CTCTAATTCTATCCTA-1-gPlexB3_s1,-0.14543796,-0.29488128,-0.94020844,-0.73994267,1.7074642
CTAGTGAAGTTTGCGT-1-gPlexB3_s1,0.05557386,-0.21742529,0.36500221,-0.11542845,0.263314
TTTGCGCAGGATCGCA-1-gPlexB6_s1,0.014632456,-0.048202183,0.12658775,1.3016511,-0.67248523
CTCGAAACAGACGCTC-1-gPlexB7_s1,0.46966898,-0.35528868,0.13998787,-0.4461882,0.746141
GAACGGATCACCTTAT-1-gPlexB2_s1,6.7673216,-0.24214162,-0.8746249,-1.348121,1.5766135
CCGGTAGAGCTGAACG-1-gPlexB1_s1,6.629841,-0.3074415,-0.6360922,0.42984027,1.5767407
TGAGAGGTCTACGAGT-1-gPlexB7_s1,0.5645119,-0.43575656,-0.3651759,-0.4589369,1.3080558
GTGTGCGCACAACTGT-1-gPlexB7_s1,-0.26218483,1.1123837,-0.19215654,-0.32825246,2.027578
GCTGCTTTCGTGGACC-1-gPlexB6_s1,-0.011746012,-0.1924707,-0.6611812,-0.8412297,3.0801876
AGCGTCGTCCGAACGC-1-gPlexB3_s1,0.27141404,-0.22683892,-0.3422539,-0.04876195,1.5991712
TAAGCGTAGTCCATAC-1-gPlexB2_s1,0.20494278,0.058481243,0.34837526,-0.454978,0.5352557
GTTTCTAAGAAGATTC-1-gPlexB1_s1,0.40684465,-0.06173223,0.12285035,-0.20068508,0.93947154
CCAATCCAGACTAGGC-1-gPlexB4_s1,0.031352073,-0.55564773,-0.18192005,0.07731831,2.0826359
CCCAGTTAGTTCGATC-1-gPlexB4_s1,-1.3940824,2.7246764,0.8894933,0.93397784,0.6736554
CGTTGGGAGAGACTTA-1-gPlexB6_s1,-0.006814864,1.7506189,1.2854958,-1.5109429,-0.38780758
CAGTAACCATTGGGCC-1-gPlexB3_s1,0.86202896,-0.25913984,0.4203301,-0.6541729,1.8763716
TCTCATACAACTGCTA-1-gPlexB2_s1,0.55983096,-0.11961806,-0.12149012,-0.40783793,1.2937807
AGTGTCACACACTGCG-1-gPlexB6_s1,0.071701735,-0.5353799,0.13916135,1.2480589,0.46555626
ACGAGCCGTGCTAGCC-1-gPlexB3_s1,0.10861311,-0.1898741,-0.17046234,0.4549837,0.682966
GGGTCTGGTTGTCGCG-1-gPlexB6_s1,8.534216,-1.25951,-0.85832554,-0.49623197,1.6456118
CAGCCGACAGCATACT-1-gPlexB6_s1,-1.0730251,2.0296228,0.40931568,-0.34253064,1.2862456
TCGGGACGTCACACGC-1-gPlexB2_s1,-2.1778364,2.3427706,0.13950343,-0.21418276,2.4937887
GTACTCCAGTTAGCGG-1-gPlexB7_s1,0.26693833,-0.19727632,-0.0341582,-0.20563799,0.8106427
GTTACAGTCCGCGTTT-1-gPlexB4_s1,0.28403682,-0.4213855,-0.0043517477,0.020136654,0.36395124
GTTCGGGCAGTATAAG-1-gPlexB3_s1,0.28408027,-0.13159359,-0.2022451,-0.067983195,1.9517009
TAGGCATCAATGTAAG-1-gPlexB5_s1,-0.106052905,-0.43782574,0.43458304,-0.2977672,0.3679105
ACCAGTACATCCGCGA-1-gPlexB3_s1,0.3452347,-0.44495973,0.15245204,1.6217676,0.7269583
GTCACGGTCAAAGTAG-1-gPlexB7_s1,0.06644496,-0.2624079,0.3020604,-0.8199934,1.2325894
CGGTTAACACAGAGGT-1-gPlexB7_s1,7.6690235,-1.3378125,0.44143108,-0.3511542,2.1448517
AGTTGGTAGGCGCTCT-1-gPlexB4_s1,0.08463869,-0.4251773,0.4861225,-0.4441837,0.8185024
ACGGGTCTCATACGGT-1-gPlexB3_s1,8.195619,-0.5541265,-1.5232711,-1.0528572,0.9512159
CAGCGACCAGCGTAAG-1-gPlexB4_s1,-0.14094952,-0.015540279,-1.1398735,1.4097215,0.1260562
CTTGGCTTCTGTCTCG-1-gPlexB7_s1,-0.17060176,-0.08718075,-0.025944576,1.4974173,-0.17152321
AAGCCGCGTAGCGTGA-1-gPlexB4_s1,1.1870914,-0.5812044,0.93477386,-0.6823293,1.9472464
ACATCAGCAGCCTGTG-1-gPlexB7_s1,0.16453022,0.21716173,-0.33135685,-0.4052721,2.4798462
AGGGATGAGATCGGGT-1-gPlexB5_s1,0.38313007,-0.26290375,0.11615671,-0.2835965,1.0293016
CTCCTAGGTGACGCCT-1-gPlexB2_s1,8.396576,-0.63884336,-1.044649,-1.6631131,0.32667246
AAGGTTCAGTGCGTGA-1-gPlexB2_s1,7.728634,-0.44721586,-1.1681961,-1.1307653,1.2604278
TCAGCAACATGACATC-1-gPlexB7_s1,0.2681477,1.2766665,0.7110909,-0.23875864,-0.7415758
TCAGGATGTTGTCTTT-1-gPlexB5_s1,-0.06951609,-0.46113563,0.13950606,-0.31327575,-0.4737017
CCCAATCTCTGCCCTA-1-gPlexB6_s1,-1.381886,2.742202,1.1138103,0.543382,1.1680082
GACTGCGTCATTGCCC-1-gPlexB6_s1,-1.2777128,2.4976933,0.54461765,-0.40671444,1.9323174
AACTCAGCATGCAACT-1-gPlexB7_s1,0.5306208,-0.034343716,0.1147845,-0.22232524,0.83819366
GGGTTGCCAGACTCGC-1-gPlexB4_s1,0.59095186,-0.6240993,0.31100637,-0.6868479,1.3595316
ACTATCTCAGAGTGTG-1-gPlexB6_s1,7.2122006,-0.580586,-0.9769717,0.09035474,1.4038337
AGTTGGTTCGTGACAT-1-gPlexB6_s1,0.4842752,-0.72319317,-0.5254624,-0.011479273,1.6426709
GTAGGCCGTCCTCTTG-1-gPlexB2_s1,0.068797916,-0.3361725,0.6361193,2.5418813,0.3134277
CTCGTACCAAGACACG-1-gPlexB1_s1,8.325546,-0.6763371,-1.1390991,-1.5295953,2.2258544
CATCGAACATCTATGG-1-gPlexB3_s1,-0.7191446,2.4086392,0.9902066,-0.07025559,0.99734795
TTCTTAGGTGGTCCGT-1-gPlexB3_s1,-0.39178115,-0.06301911,-0.10929672,1.0846156,-0.11425793
CAAGAAAGTGCTAGCC-1-gPlexB3_s1,-1.1291562,1.749929,-0.22859699,0.14810376,1.8881967
ACCTTTAAGCATCATC-1-gPlexB1_s1,0.395056,-0.4489389,-0.077469274,0.7891957,0.54762185
AAAGATGTCTAGCACA-1-gPlexB2_s1,0.37541035,-0.38305473,-0.17276174,-0.32025704,1.4199871
GCATGTAGTTAAAGTG-1-gPlexB7_s1,0.34312528,-0.49285206,-0.22224957,-0.47785842,2.1163344
CTTGGCTTCTGCTGTC-1-gPlexB1_s1,-0.000761956,-0.037675768,0.26159915,-0.54686695,-0.52252483
TGGCTGGGTACATGTC-1-gPlexB7_s1,0.7220545,-0.56322944,1.2314234,-0.32818392,0.39752206
ACGAGCCCAATGGAGC-1-gPlexB1_s1,-1.1696118,2.1204805,0.23659405,-0.8377148,2.0280275
CACATTTGTATATGAG-1-gPlexB5_s1,8.89664,-0.04306387,-0.44159725,-1.2703419,0.74369067
GTAACGTGTGTTTGTG-1-gPlexB3_s1,7.692152,-0.9234384,-1.6821966,-0.3224151,1.1675669
GATTCAGGTGCACTTA-1-gPlexB5_s1,0.9134084,-0.54949373,0.37185955,-0.79903084,2.712946
CACCTTGTCCCAGGTG-1-gPlexB3_s1,7.61081,-0.8992103,0.86466223,-0.8781642,1.6042922
GGCGACTGTAGTACCT-1-gPlexB4_s1,6.629947,-0.59289813,-0.63172746,-0.6901936,1.3100259
CGTAGCGTCGACGGAA-1-gPlexB7_s1,6.98713,-1.3283298,1.5186222,-1.890339,1.1569111
TCGTACCCATGTAGTC-1-gPlexB5_s1,-0.47004312,-0.07463339,0.46180812,1.9114382,-1.4089806
GAAGCAGTCTATGTGG-1-gPlexB7_s1,0.1868444,-0.49667242,0.35942793,1.4388113,-0.5013969
TTCTCAAAGTCTTGCA-1-gPlexB5_s1,-1.1273526,2.3984952,1.0324997,-0.38803336,-0.47276774
GGTATTGGTAGCGCTC-1-gPlexB5_s1,6.888893,-0.14586489,-0.37558177,-1.0455174,1.9256328
AGAGCGAGTAATCGTC-1-gPlexB5_s1,8.040943,-1.5423557,-0.76940703,0.27432048,1.2015635
GGACATTTCAGTTAGC-1-gPlexB5_s1,7.3984036,-0.7578429,-0.8115589,0.46703273,-1.0020335
TATCAGGTCCCTTGTG-1-gPlexB7_s1,-1.5453331,2.621968,0.8439,0.040486857,1.5020945
CTGCCTAAGATCGGGT-1-gPlexB4_s1,-0.17579034,0.33559453,-0.43837044,-0.5713376,1.2005608
TCTTTCCGTTGCGTTA-1-gPlexB2_s1,7.402853,-0.36479142,-0.8814599,-0.4218874,2.259304
TCAACGAGTACCGTTA-1-gPlexB3_s1,-0.16460548,-0.4137064,-0.022315945,-0.36586958,-0.015975356
TCCACACAGTGTGGCA-1-gPlexB2_s1,8.109724,-0.8916761,0.18476132,-1.2011373,1.8795712
TGGCGCATCTTCAACT-1-gPlexB3_s1,0.8305575,-0.5304997,-1.1987801,0.1723604,1.1072235
TATGCCCTCAGTTAGC-1-gPlexB5_s1,8.217485,-0.6435615,-0.74180114,-0.635744,1.6523004
CTAGAGTTCCTGTAGA-1-gPlexB2_s1,-0.11448896,1.2478572,-0.4162134,-1.116731,1.5729802
TGGTTCCCACGCGAAA-1-gPlexB1_s1,0.039077282,-0.38970336,-0.12571411,-0.11716763,0.8385838
CAGTAACTCCGCAAGC-1-gPlexB1_s1,0.20886332,-0.20428285,0.20690699,-0.40820992,0.6037513
CTGAAGTCAGTAGAGC-1-gPlexB5_s1,8.237619,-0.25908333,-0.64370376,0.12327194,1.0070972
ATGAGGGCAGAAGCAC-1-gPlexB2_s1,1.0089558,-0.18817872,0.427916,-0.7019298,2.6587963
GCCAAATGTCTAACGT-1-gPlexB3_s1,-1.8755572,2.8871067,0.042122986,-0.67465067,-0.11858493
CTGCGGATCAAGGCTT-1-gPlexB5_s1,0.712498,-0.36427876,-0.64058435,-0.6912253,1.6295792
GAAATGATCGTACGGC-1-gPlexB1_s1,0.075864315,0.19877754,0.5379654,-0.5018116,2.0349061
GAATAAGGTAACGTTC-1-gPlexB3_s1,-1.5581017,2.8179748,0.7047662,0.11471875,0.51829153
CGCTTCAGTCACAAGG-1-gPlexB7_s1,1.5972902,-0.11627833,-0.68584424,0.5424949,0.1204685
ATTACTCTCCTGCAGG-1-gPlexB2_s1,0.00062583387,-0.37693042,0.40443662,-0.33399683,1.0699648
TTAGGCAAGGGAAACA-1-gPlexB2_s1,-0.80382586,2.6033692,-0.47641802,-0.6161766,1.1469457
TGGTTAGGTCAAACTC-1-gPlexB2_s1,7.450145,-0.9143583,-1.0153383,-0.23988217,1.626244
AGCGTATGTTATTCTC-1-gPlexB3_s1,-1.3238015,2.8824196,0.49410355,-0.14646906,-0.7405882
CTGATCCGTAAGGGAA-1-gPlexB1_s1,0.3305828,-0.31273443,1.1778905,1.8937032,0.66124296
GCAATCAGTATAATGG-1-gPlexB4_s1,-0.48831418,0.6086058,-0.56914085,0.21070781,2.2636287
CTGCCTACAGGTCGTC-1-gPlexB4_s1,-1.7885518,2.10624,1.331414,-0.1317509,-0.25067723
GATCAGTTCCCTAATT-1-gPlexB2_s1,8.310421,-1.1862241,-1.2786812,-1.024042,0.10163614
GATCGCGTCCCAACGG-1-gPlexB6_s1,6.660032,-0.7947545,0.89477026,-0.4409632,1.6941023
GGTGTTAAGTGTCTCA-1-gPlexB1_s1,8.202215,-0.941652,-1.3918095,-0.6313321,1.7117647
TGACTTTCAATGGAAT-1-gPlexB4_s1,8.263085,-0.3745346,-1.1389667,-2.2461395,0.44149196
AAGTCTGAGGCTAGGT-1-gPlexB7_s1,0.31469968,-0.3372069,-0.3575686,0.4347765,-0.08036506
CCCAGTTAGCGTTTAC-1-gPlexB4_s1,0.683166,-0.5175268,0.31704497,1.0742015,0.8101082
CGAACATGTCTTGATG-1-gPlexB3_s1,0.09815365,-0.22480772,0.0376619,0.03982249,0.64309394
GCTGCAGGTTGCTCCT-1-gPlexB6_s1,0.9111862,-0.536858,0.15037474,-0.25350195,0.87251854
TTATGCTCATGAGCGA-1-gPlexB4_s1,7.0624924,-0.1402165,-1.0118711,-0.5230366,1.5120268
CTCCTAGGTACAGACG-1-gPlexB2_s1,0.30189282,-0.40036997,-0.9935247,-0.123452395,0.98810923
CAGTAACGTAAGTGTA-1-gPlexB4_s1,9.277334,-0.6963395,-1.3650922,0.4618358,2.3048594
TACAGTGTCGTGGGAA-1-gPlexB6_s1,6.69909,-1.1577448,0.04586526,-1.7821339,1.8616652
GGAACTTGTGCGGTAA-1-gPlexB6_s1,-0.8968051,2.3672993,1.0573989,-0.047363855,0.2157976
TCACGAAGTTATCACG-1-gPlexB1_s1,-0.119154066,-0.20025757,-0.07310125,0.021672592,1.9765196
GTCGTAAAGATCTGCT-1-gPlexB4_s1,-1.7886363,2.2006311,0.721259,-0.6396844,1.1684799
TGGTTCCAGTATGACA-1-gPlexB2_s1,7.868141,-0.59459054,-1.8542879,0.11888231,0.5338929
GGATGTTGTACTTCTT-1-gPlexB1_s1,-1.9757768,2.392904,1.1766698,0.011924401,1.1364958
CAGTCCTAGTTGCAGG-1-gPlexB5_s1,0.48572686,-0.02711308,-0.42385158,-0.25099224,1.468761
ATGGGAGAGGGCACTA-1-gPlexB4_s1,0.014022872,-0.4557043,0.16645476,-0.34508467,0.28088894
AACTCTTCAGAGCCAA-1-gPlexB3_s1,0.73433125,-0.48615202,0.27679577,-0.29925904,2.649782
CATCAAGAGAAGGACA-1-gPlexB2_s1,-0.011190295,-0.6170665,0.95796424,-0.73450696,-0.023985386
AGTGTCATCTTGGGTA-1-gPlexB3_s1,7.1754107,0.10599545,-0.38469774,-0.5815456,0.01563695
CATCAGAAGTGATCGG-1-gPlexB2_s1,7.602461,-0.943401,-0.8998519,-0.6797445,0.8829051
TCTTTCCTCTGGTATG-1-gPlexB1_s1,0.6140263,-0.53144133,0.33828872,1.8079035,-0.49816144
CAAGATCGTCGGCACT-1-gPlexB1_s1,-1.7753037,2.9661262,0.21737094,-0.24519956,1.1711073
CCCATACAGAGCTATA-1-gPlexB6_s1,6.115664,-1.1270671,-0.28087798,0.12807624,1.1645459
GACGGCTGTTACGCGC-1-gPlexB4_s1,-0.044239014,0.05329085,0.46969697,-0.18934795,2.1588328
CTGAAGTCAGCCTTGG-1-gPlexB1_s1,-0.23404709,-0.21248046,-0.0173012,1.1052243,-0.8020618
CAGCCGACACCAGATT-1-gPlexB6_s1,0.39451757,-0.37324184,-0.9616552,1.8365685,-0.18338877
GTGAAGGCAAGCCCAC-1-gPlexB1_s1,0.019801244,0.2432782,-0.28494185,-0.52405477,1.6577092
CACAGGCGTCAACTGT-1-gPlexB2_s1,8.165732,-1.4400946,-1.0427719,0.416442,0.36742923
CGCGGTACATCAGTAC-1-gPlexB2_s1,-1.3224058,2.4213326,1.1658586,0.47786292,0.2967361
CACCTTGGTGGTACAG-1-gPlexB4_s1,0.29421404,-0.5269411,-0.76777524,-0.84437156,2.3102887
TGACTAGGTCGAAAGC-1-gPlexB2_s1,-0.03706149,-0.099313,0.018448353,0.11186944,1.9431084
ACACCAACACGAGGTA-1-gPlexB3_s1,0.5784298,0.32496357,0.45298705,-0.16216737,0.708696
TGACGGCTCACCGTAA-1-gPlexB1_s1,-0.074045554,-0.36388844,0.18543084,1.353504,1.2384275
TAGAGCTGTCGCTTTC-1-gPlexB7_s1,6.8095846,-1.0696051,-0.8247248,-0.0887914,2.3002555
CTACACCGTCACTTCC-1-gPlexB4_s1,8.292881,-0.77222484,1.370424,-1.8644956,1.2041599
TCGTACCGTCCAAGTT-1-gPlexB3_s1,0.77187175,-0.57251954,0.27402258,-0.0835306,0.057005286
CGCGGTAGTTTGACTG-1-gPlexB7_s1,0.8277127,-0.55469686,-0.5809914,1.3717849,0.92046654
CGAACATGTCTGCAAT-1-gPlexB1_s1,0.2614853,-0.05940177,0.23979579,1.2698213,-0.29997888
AGCGTCGAGAGAACAG-1-gPlexB2_s1,7.214227,-1.5683421,1.0694041,-1.5560237,0.88877547
ACACCCTCAAGGTTTC-1-gPlexB1_s1,8.189539,-0.87909853,-1.3530335,-0.7786749,-0.10764679
GACACGCAGACAATAC-1-gPlexB3_s1,-1.4953599,3.0721753,-0.83070695,0.23832491,2.5086749
AGGCCACTCATTGCGA-1-gPlexB5_s1,0.2946391,-0.047358736,0.41696504,-0.35432696,1.3606335
TCAGATGGTGATAAGT-1-gPlexB2_s1,0.382814,-0.043274738,0.039849117,-0.24009392,0.20510742
GTCCTCACACAAGTAA-1-gPlexB4_s1,-0.7204847,2.1228225,-0.07216644,0.13367549,0.719017
CGTAGGCTCACTGGGC-1-gPlexB4_s1,7.5274014,-0.6391672,-0.22496317,-1.0381442,2.195345
GCTGCAGCATCTCCCA-1-gPlexB2_s1,0.14850871,-0.42316028,-0.043357685,-0.29815483,0.42101204
GTGGGTCCATTAGGCT-1-gPlexB7_s1,0.67086464,0.04073628,0.08073547,-0.15418729,1.3204486
GGGATGATCGAATCCA-1-gPlexB3_s1,-0.21524115,-0.020107523,-0.1425094,-0.78316545,1.8508286
GCGACCATCCTGCTTG-1-gPlexB2_s1,7.2460403,-1.5465126,0.10676118,-0.039348,2.3564491
CAGAGAGCAGCCACCA-1-gPlexB3_s1,0.045757294,-0.601388,0.19572313,0.6526561,1.4885678
CTCGTACGTTCGGCAC-1-gPlexB1_s1,6.8874116,-1.086069,1.8962328,-0.8438316,1.8169112
CTTACCGAGGCGTACA-1-gPlexB2_s1,6.740996,-0.59817344,-0.94888437,-2.0542152,0.7069061
ATGAGGGGTTCCCTTG-1-gPlexB4_s1,-0.8762498,2.377204,0.23432685,0.13883685,0.8849639
AGTCTTTTCTGCCCTA-1-gPlexB1_s1,-0.2730148,-0.5564604,0.5609335,1.6400436,0.8683714
ATAACGCCATTCGACA-1-gPlexB7_s1,-0.76844174,2.0625741,0.43505228,-0.029151969,1.02189
CTAACTTTCCAAAGTC-1-gPlexB2_s1,0.067615256,-0.29520983,0.5876336,-0.39018595,-0.08027351
ACGGGCTAGCATCATC-1-gPlexB2_s1,0.25258565,-0.30981922,-0.36457422,-0.0541566,2.0656757
ATGCGATGTCTTCAAG-1-gPlexB3_s1,0.34178114,-0.57557493,0.31670123,0.6799357,1.3094189
TCTTTCCGTTGCTCCT-1-gPlexB1_s1,7.832095,-1.1658657,1.2940308,-0.7802926,2.313084
CTGATCCGTTAAGGGC-1-gPlexB1_s1,-0.20594507,-0.54252946,-0.20176758,1.6544287,-0.31812578
GTACTCCAGGCGCTCT-1-gPlexB7_s1,8.190036,-0.87202024,-0.64832956,-0.022472307,0.83358383
CGAGAAGAGTACCGGA-1-gPlexB4_s1,0.69612616,-0.3339299,-0.47146806,-0.80636144,2.524507
GTGCGGTCAGGACCCT-1-gPlexB3_s1,-0.08183944,-0.33686405,0.4805268,0.47853208,0.91952467
CTGGTCTAGTAGCCGA-1-gPlexB3_s1,8.590922,-0.42596298,-0.48996747,0.8061936,1.5255513
GATCAGTCAGGAATGC-1-gPlexB7_s1,-0.86672044,2.3954308,0.079976045,-0.51816386,0.062984794
TCGGTAACACTGTCGG-1-gPlexB1_s1,-0.36197048,-0.077115335,0.12138233,0.20846224,-0.08116722
CGCCAAGCACATGGGA-1-gPlexB5_s1,8.65839,-0.97270495,-0.106490366,0.3682158,-0.17734131
GTAGTCATCCGCGTTT-1-gPlexB7_s1,0.52658045,-0.5339462,0.09735238,-0.2687924,0.26015776
CTCTACGAGCTAAGAT-1-gPlexB6_s1,0.46231234,0.109766334,-0.123399355,-0.273134,2.0375254
ACAGCCGAGCTTCGCG-1-gPlexB4_s1,0.7944183,-0.50021625,-1.3556569,-1.0438858,2.4657001
TACGGGCAGGCTAGAC-1-gPlexB6_s1,0.40390038,-0.26769507,-0.72320545,-0.3344623,0.34871447
CACTCCACAGGTGCCT-1-gPlexB5_s1,-1.1878306,2.2318497,0.47410503,-0.8793696,1.8804057
CTGATCCCAATCCGAT-1-gPlexB2_s1,-0.07823399,-0.3919413,0.07755967,1.25148,-0.11563319
TTCTACATCGAATGGG-1-gPlexB7_s1,0.8543905,-0.429329,1.3009843,-0.22874773,0.9707509
CGATGTATCACATGCA-1-gPlexB2_s1,7.358066,-1.4772059,1.7180007,-0.15612806,2.4050305
AGTCTTTTCAGCAACT-1-gPlexB4_s1,0.06941366,-0.66061115,0.3355445,-0.26144946,0.97423005
TTGTAGGGTGACTACT-1-gPlexB1_s1,0.6402424,-0.1875318,-0.15029025,1.3943717,-0.5333566
TGTTCCGTCAAGAAGT-1-gPlexB4_s1,8.020981,-1.4224741,-1.6141275,-0.41473714,1.4869287
TATCTCAAGACTCGGA-1-gPlexB3_s1,0.20157468,-0.33547494,-0.22286735,-0.63916117,1.8947116
AAAGATGGTTCCACTC-1-gPlexB1_s1,-2.3481033,2.952797,0.0053204386,-0.63048166,1.3496011
AACTCAGGTGATGATA-1-gPlexB2_s1,-0.21745105,-0.3953586,0.11066347,2.077337,0.35009712
TACCTTAAGCCCAATT-1-gPlexB6_s1,0.82947564,-0.4250054,0.101968855,-0.32583636,3.0803084
ATTTCTGTCTAACGGT-1-gPlexB4_s1,0.38144222,-0.29700214,0.9632201,-0.5066381,1.4907277
GCAAACTAGGAGTACC-1-gPlexB1_s1,0.26644954,-0.28494334,0.39451522,1.006965,0.07726011
TCGGGACCAGCTGTAT-1-gPlexB1_s1,8.603757,-1.1230221,-0.6465834,-1.5769657,1.8659401
ACGGCCAGTTGGGACA-1-gPlexB4_s1,0.4203698,-0.64411014,-0.6151899,-0.4940067,2.3852584
ACTGAGTTCGCCATAA-1-gPlexB1_s1,7.152056,-0.21536367,-0.8469284,-1.1801943,3.0381439
TGGGCGTCATTGGTAC-1-gPlexB2_s1,-1.312562,2.462559,1.0084664,-0.10183644,2.4164455
CACACCTAGACAGAGA-1-gPlexB5_s1,0.24810094,-0.2944886,-0.52883726,-0.6240129,0.3152315
ACGAGGAAGTGCTGCC-1-gPlexB4_s1,8.32464,-0.7775192,-1.1337961,-0.24154715,2.434983
CGGACTGGTCCGACGT-1-gPlexB7_s1,6.8848753,-1.179036,0.5627118,-1.3073933,1.4294881
CCGTGGAGTCGCATCG-1-gPlexB4_s1,0.578435,-0.19527653,0.76924366,-0.54276997,1.9702046
GTGGGTCGTATGCTTG-1-gPlexB6_s1,-0.19147411,-0.21572325,0.17464459,1.6026696,0.47266638
AGCGGTCTCAGTGCAT-1-gPlexB7_s1,7.6630735,0.1652971,-0.5460952,-2.5175712,0.4340258
ACGGGTCCAGACACTT-1-gPlexB6_s1,0.6750456,-0.5207808,-0.8673588,0.15013131,2.0125415
CGATTGAAGGTGCAAC-1-gPlexB5_s1,7.157451,-0.16615455,-1.2104437,-0.3082741,2.277695
GTGCAGCAGGGATCTG-1-gPlexB6_s1,8.654568,-1.2701703,-0.9827634,-0.004428968,1.5204705
TACGGATCAAACAACA-1-gPlexB2_s1,0.5582962,-0.44897342,-0.4015914,-0.82758516,2.4543095
GTGCATATCCAACCAA-1-gPlexB5_s1,0.43123427,-0.36046812,-0.06672942,-0.2942283,1.6736268
TTCGAAGCATCCCATC-1-gPlexB1_s1,-2.2654886,2.5792944,0.14560288,-0.18471417,0.55005777
AGAGCGAAGTACGTAA-1-gPlexB3_s1,-2.2433133,2.406262,0.38342875,-1.0551617,1.8693537
CGAGCACTCAGTACGT-1-gPlexB2_s1,-0.6604897,-0.23304781,0.5710534,1.8743839,-0.87992275
CGGAGTCTCTTAGCCC-1-gPlexB3_s1,8.501872,-0.80161434,-1.1079179,-1.1113298,1.2156218
AGAGCGAAGTGAAGAG-1-gPlexB3_s1,0.44114915,-0.35824147,-0.13057174,-0.25140682,1.3598198
TCATTTGGTCGAAAGC-1-gPlexB6_s1,0.7581253,-0.56513315,-0.11795622,0.29029202,1.0904195
TAGTGGTAGATCTGCT-1-gPlexB7_s1,-1.6522629,2.5343902,0.30282435,0.3204169,1.9033267
CCGTACTTCGGTGTTA-1-gPlexB4_s1,0.97564924,-0.3361407,-0.39399433,-0.69651926,2.3608675
TCTTTCCAGATAGCAT-1-gPlexB3_s1,0.19203748,-0.038029816,-0.1604017,-0.23582116,2.5400596
TGCCCTATCGGTTCGG-1-gPlexB1_s1,-0.17640296,-0.38329712,0.2899862,-0.18644118,0.24263057
CTAGTGATCATATCGG-1-gPlexB5_s1,7.5996304,-0.96726716,-0.8318863,-0.34962547,1.4398931
GACTAACAGCCTCGTG-1-gPlexB2_s1,-1.2850378,2.8491607,1.398274,-0.37898165,0.01331228
GTCGGGTAGTGGGATC-1-gPlexB4_s1,6.2878613,-0.34351474,-0.47395638,-0.4260028,0.73104846
CGTTAGAGTGAGGGAG-1-gPlexB5_s1,-1.6372766,2.569114,1.0535177,0.060687453,0.56924623
GGACATTCAGGTCGTC-1-gPlexB1_s1,0.81474334,-0.51793355,-0.93666226,-0.7870268,2.711554
CACACCTTCGCCGTGA-1-gPlexB1_s1,0.10654593,-0.35124767,0.9715692,1.447134,0.70693463
CACATTTTCAGCAACT-1-gPlexB6_s1,-0.66534865,2.0093098,0.36512452,-0.20563948,1.6114309
CAGCGACTCTCCAGGG-1-gPlexB5_s1,0.8615862,-0.55472076,0.33488566,-0.7114876,2.0551517
TGAGCATTCCCTTGCA-1-gPlexB7_s1,-1.4685162,2.370836,0.0012866748,0.64146185,-0.34123495
TCGGGACAGGCAGTCA-1-gPlexB6_s1,6.559344,-0.88091886,1.0515707,-1.7219018,3.3947737
ATCCGAAAGCAGCGTA-1-gPlexB4_s1,-1.5998814,2.3309464,0.38047868,1.1367742,1.293109
CGGACGTAGTGTTTGC-1-gPlexB2_s1,0.089797854,-0.39014414,0.12862042,0.8345713,0.52802265
ACCTTTATCTCGATGA-1-gPlexB4_s1,0.5297395,-0.3570392,0.721604,-0.3548363,1.3721844
ACATCAGCATTTCACT-1-gPlexB7_s1,0.92744976,-0.54984057,0.18266892,-0.32937753,1.6434284
AGCGTATTCAAGCCTA-1-gPlexB2_s1,-1.5277255,2.33892,0.08049356,-0.08294995,0.9187336
AGGCCGTTCTGGTATG-1-gPlexB4_s1,0.63638484,-0.45832372,0.6257873,-0.57225096,1.0962436
CACAGGCTCTCGCATC-1-gPlexB1_s1,7.629454,-1.407649,-0.79847205,-0.3143846,2.4430532
CGGTTAAGTCCAAGTT-1-gPlexB5_s1,0.84795517,-0.43114924,0.19068386,0.11536603,1.9539587
CGACTTCAGTTGTAGA-1-gPlexB1_s1,8.779885,-0.88906574,-1.0250627,-0.14563473,1.2330844
CCTAGCTCATACCATG-1-gPlexB4_s1,7.40089,-0.41354373,-1.2227474,-0.35618466,3.137801
GCGAGAATCTCCGGTT-1-gPlexB2_s1,6.608041,-1.1296947,2.4112692,-1.3515257,2.695878
TAGGCATGTTACTGAC-1-gPlexB4_s1,7.0921907,-0.947726,1.4022267,-0.68051213,3.8662345
CTCGGAGCAGCCTTTC-1-gPlexB1_s1,-1.3346761,2.5085258,0.85849786,-0.1653535,0.93670285
CAACCTCCAAGCCTAT-1-gPlexB2_s1,1.0197909,-0.57782865,-0.82310826,-0.4183539,1.051165
CTCGAAAAGCAAATCA-1-gPlexB7_s1,0.1956053,-0.5173848,0.73100823,-0.15873688,1.474756
AACTCAGTCCTCAACC-1-gPlexB4_s1,-2.1613636,2.7231345,-0.56660104,0.054965317,1.2362912
CGATTGAGTTGTGGCC-1-gPlexB5_s1,0.564253,-0.32079688,-0.8173335,-0.06506345,-0.10921624
TGGACGCCAGACAGGT-1-gPlexB7_s1,0.57527137,-0.3486152,-1.591594,-0.402061,0.47556964
GCGCCAAGTACAGACG-1-gPlexB3_s1,0.75190794,-0.42272043,-0.5258871,-0.42956835,0.96905315
TAGAGCTCAGCGTAAG-1-gPlexB7_s1,0.64078397,-0.75556296,0.35368043,-0.21476883,1.6290151
TGCGGGTCATTCCTCG-1-gPlexB1_s1,0.72023034,-0.46660998,-0.40151715,-0.44133204,2.2559514
ACGAGGACACTGCCAG-1-gPlexB6_s1,-1.6323174,2.819113,0.8678222,1.0023093,1.2481649
ACGATACTCTACGAGT-1-gPlexB2_s1,-0.5113393,-0.41143805,0.7555202,1.7955443,-0.819851
TCTGGAAGTATGGTTC-1-gPlexB4_s1,0.03574811,0.034231372,0.46623713,-0.20674804,0.09721431
AGGTCCGAGGCTCAGA-1-gPlexB1_s1,7.5447116,-0.7544031,-1.1191381,-0.44390678,1.9066596
CAGTCCTGTAAGTTCC-1-gPlexB2_s1,-0.44435984,0.29240876,0.7448128,0.28738856,0.90143526
CGGACTGTCTTGTCAT-1-gPlexB5_s1,0.37233537,-0.617488,-0.32339898,-0.53923285,-0.026422977
GCTGCAGTCGTTTATC-1-gPlexB1_s1,8.007531,-0.47015247,-1.4704176,-0.9087658,1.4804432
CCTTACGGTGGCAAAC-1-gPlexB1_s1,0.3253134,2.4979756,0.4129844,0.48448777,2.0726123
AGCGGTCAGCAGATCG-1-gPlexB4_s1,6.3612113,-0.45835376,-0.29759383,-0.9210788,1.5286672
GATCGATGTGTTTGTG-1-gPlexB6_s1,0.8297397,-0.30947596,-0.22397193,-0.075772636,1.2508972
CAGTCCTGTTCACCTC-1-gPlexB1_s1,-2.1343935,2.7542686,0.689627,-0.1418787,-0.061380327
GACTGCGCACCAGATT-1-gPlexB5_s1,8.254934,-0.6937725,1.0594054,-1.3800907,2.237923
CACATTTAGGGATACC-1-gPlexB4_s1,0.21139151,-0.40865254,-0.17358145,-0.355179,1.3374488
GTGGGTCTCCCTAATT-1-gPlexB3_s1,-0.18461162,0.7779963,-0.41592214,-0.2839329,2.6026
CACAAACCAAAGGCGT-1-gPlexB3_s1,-1.9429294,2.7771108,1.0500727,-0.21102956,0.6162562
GATCTAGCAGTTCATG-1-gPlexB7_s1,0.102092065,-0.33654734,-1.3365685,-0.6079322,2.6979184
CCACTACGTCCAGTAT-1-gPlexB1_s1,1.2015866,-0.5977922,-0.101003036,0.81139743,2.1573317
CATCGGGGTCTGCAAT-1-gPlexB3_s1,8.388241,-0.5805307,-0.7357539,-0.24776033,1.14771
ACACCAAGTAGTACCT-1-gPlexB1_s1,-1.476051,2.7658045,0.010858513,0.05170402,1.1399882
GCGCAGTCACAACTGT-1-gPlexB4_s1,0.09846906,-0.40858746,0.07927886,1.812473,-0.49702847
CGACCTTCATGCATGT-1-gPlexB5_s1,8.271543,-0.9734504,1.3054098,-0.9645875,1.9292314
ATGGGAGCATCCCACT-1-gPlexB4_s1,-0.38053417,-0.2985961,0.07478541,0.7287549,0.4785652
CCCTCCTGTCAGAATA-1-gPlexB2_s1,0.20667933,-0.22001828,0.074740164,-0.37324816,0.80966425
GCAGTTATCAACACGT-1-gPlexB7_s1,7.779051,-1.1704928,1.5862954,-0.7874118,1.90023
TGCTGCTAGCAGATCG-1-gPlexB1_s1,0.37291962,-0.062970035,-0.09821814,-0.033273622,0.7645775
ATCACGAGTCAGTGGA-1-gPlexB2_s1,0.04544994,-0.2914492,-0.123625465,0.10970712,-0.14269298
GACACGCAGTTGAGTA-1-gPlexB3_s1,-0.24745935,-0.081513576,-0.59705955,-0.34117573,1.3152158
TGCGCAGGTCAGGACA-1-gPlexB3_s1,0.017419755,-0.41863278,0.036409155,-0.043400265,0.68084204
ACGGGCTGTCGCATAT-1-gPlexB4_s1,-1.3969496,2.2504761,-0.1355458,-0.7994269,1.7601911
GAGTCCGCACATGACT-1-gPlexB6_s1,-1.1813381,2.8734164,0.6447307,-0.28028354,1.7678565
TCTTTCCGTGCACCAC-1-gPlexB2_s1,5.6088576,-0.33784732,-0.33829862,-1.1618066,0.6290864
GGATGTTTCAGTACGT-1-gPlexB7_s1,0.649775,-0.5225646,-0.3284991,-0.38663155,2.3518968
TTAGGCACAGTATCTG-1-gPlexB2_s1,-0.12329452,-0.08755855,0.677021,1.7860284,-0.5875324
TGCTACCCATGCCTAA-1-gPlexB3_s1,-0.0486238,-0.38126692,-0.5121307,0.015032917,2.1535287
CCTAGCTCACTACAGT-1-gPlexB7_s1,0.6756811,-0.3405726,-0.07215006,-0.1475765,1.0390048
GGCGACTTCGTACGGC-1-gPlexB3_s1,7.27553,-1.1280364,-0.2886084,-0.26493752,3.1550732
CGTGAGCAGCTCCTCT-1-gPlexB7_s1,0.27140504,-0.28057078,-0.18004358,1.4267607,-0.24019434
CGAGAAGTCAATCTCT-1-gPlexB3_s1,6.553681,-0.59425974,-1.4464449,-0.1878303,0.7334517
TGCGTGGTCGCGATCG-1-gPlexB4_s1,5.6582956,-0.7007299,-0.8542357,-0.80673814,2.5375147
TAGAGCTCAATCTGCA-1-gPlexB1_s1,-2.1020002,2.4657388,1.3454373,-1.0010659,1.8565135
CGCTTCACAGGCGATA-1-gPlexB4_s1,6.4683504,-1.0594718,0.6649457,-0.7672759,1.9409233
GGGACCTTCGCGTTTC-1-gPlexB5_s1,0.19554019,-0.53864247,0.12595676,-0.2674514,1.1936401
GATCAGTGTTTACTCT-1-gPlexB7_s1,0.96200055,-0.3137791,0.1473299,0.12084301,0.42168632
GCTGCAGAGCGTCAAG-1-gPlexB7_s1,1.0359069,-0.78231335,-0.59274256,0.046355695,1.1511178
AGGTCATAGCCACCTG-1-gPlexB4_s1,0.0072738975,-0.23596925,0.5031307,1.1423188,1.0729271
TTTGCGCCACCGCTAG-1-gPlexB5_s1,0.5483701,-0.5116956,-0.8180286,0.14548254,-0.03312558
TTCTCCTAGTTCGCAT-1-gPlexB6_s1,7.1249084,-1.116606,-0.6342732,-0.4064414,1.7831175
ACTATCTCATTAACCG-1-gPlexB5_s1,0.6440111,-0.26947966,0.33085224,-0.4319817,0.84155244
CTCTACGCAAGCTGTT-1-gPlexB1_s1,-0.11489786,-0.2546221,0.17134781,1.649379,-0.42327592
ATGGGAGCACTCAGGC-1-gPlexB4_s1,-1.2251964,2.5533946,0.3406057,-0.38439706,1.1835456
TTCTCAACACTAGTAC-1-gPlexB2_s1,7.48102,-0.7832713,-1.5249643,-0.38941336,1.4572569
TACTTGTTCACTTCAT-1-gPlexB2_s1,-1.3282132,2.3658829,0.7352773,-0.552994,1.7961373
ACGATGTGTTGTTTGG-1-gPlexB1_s1,7.446386,-0.21887901,-1.5273575,-0.19693443,0.97823036
TTCTCAAGTCAAAGCG-1-gPlexB2_s1,-0.5401334,-0.26353526,0.37785542,-0.29990548,1.1919446
CTCGGGAGTCTTCGTC-1-gPlexB2_s1,-1.6911398,2.5518715,1.1453147,-0.47850484,0.48134792
CCTACCAAGTCAAGGC-1-gPlexB3_s1,0.9438072,-0.6005121,-0.09778648,-0.5359018,0.1636565
GATCAGTAGCTACCGC-1-gPlexB1_s1,-0.11957449,-0.059161317,-0.5353135,0.2087381,0.5794586
ACAGCCGAGTTTGCGT-1-gPlexB6_s1,1.5132899,-0.55691814,0.71465516,-0.9375222,2.2815974
ATTTCTGCACCGGAAA-1-gPlexB2_s1,5.7792172,-0.20413399,-0.5816368,-0.7104948,1.5299639
AAACCTGCACTCGACG-1-gPlexB2_s1,8.588214,-0.56390727,-0.91061866,1.2286593,2.6950288
TTATGCTTCCTTTACA-1-gPlexB5_s1,-0.16816735,-0.4675425,-0.16341524,-0.2822754,1.5202639
TACGGTAAGTCATGCT-1-gPlexB3_s1,0.23526165,-0.47481412,0.18812887,-0.26027766,1.1160234
CAGCTGGGTCGAGTTT-1-gPlexB4_s1,-1.5772504,2.3082554,0.8301317,-0.100626186,-0.012329817
ACGGGTCTCTACGAGT-1-gPlexB7_s1,-0.7152299,2.5658476,0.6823097,-0.31137365,0.57716084
TCAACGAAGAATTCCC-1-gPlexB1_s1,0.049196206,0.05724872,0.59497786,-1.1371286,2.9715436
GTTCATTTCTGGTATG-1-gPlexB2_s1,-0.011298433,-0.35533613,-0.3866931,1.6317781,-0.81766015
ACCCACTTCCAGAGGA-1-gPlexB5_s1,0.5031914,-0.4314951,-0.36415857,0.21069278,1.5692254
AATCGGTGTCCATGAT-1-gPlexB7_s1,7.2231255,-0.5469647,-0.5576943,-0.87221336,2.6544986
GTAACTGTCACCGGGT-1-gPlexB1_s1,8.581978,-1.0634663,-1.1477919,-0.27103448,1.5934949
ATCCACCCACTGTGTA-1-gPlexB7_s1,-1.1768268,2.0341573,-0.24390782,-0.46248305,0.901888
TCTGGAATCGTCACGG-1-gPlexB3_s1,0.09418011,-0.6116103,0.80627704,0.6444254,-0.19951579
CAACCTCGTCCAACTA-1-gPlexB4_s1,7.171342,-0.09539869,-0.74099755,-0.17496276,0.5463162
GGCTCGACACATTTCT-1-gPlexB3_s1,-1.455518,2.7125635,0.5210023,0.24769509,0.545166
CCTTCCCTCGGTGTTA-1-gPlexB3_s1,0.33284056,-0.08604837,-0.095711164,-0.3413018,1.9071131
TTATGCTCATCCGCGA-1-gPlexB4_s1,-1.7557759,2.3246017,0.14987811,-0.322632,1.5557572
TTATGCTAGCTGCCCA-1-gPlexB5_s1,-1.3981024,2.317408,1.3707498,-0.030715093,0.79510844
AGGCCGTGTCATCGGC-1-gPlexB7_s1,0.6229678,-0.61533684,-0.0842765,0.023961484,0.27282283
AGACGTTAGGCCCTTG-1-gPlexB7_s1,-0.99596447,2.3809495,0.25597146,-0.3264956,1.8600368
CACAGGCAGCGTAATA-1-gPlexB4_s1,-0.5763062,2.1127021,0.47133347,0.11335231,1.2626672
CCTTTCTTCCTCTAGC-1-gPlexB4_s1,-1.6880715,2.2284818,-0.11001548,-0.60057604,1.144739
CCCAGTTCATCTATGG-1-gPlexB6_s1,0.53264564,-0.29933816,-0.52528656,0.2569602,-0.31665805
AAGACCTCATATGCTG-1-gPlexB5_s1,0.2133584,-0.20328127,-0.18070994,0.021143124,0.97542006
AACTTTCTCTGGGCCA-1-gPlexB4_s1,0.3399419,-0.38933194,0.30914637,-0.25165045,0.27870953
CATGGCGAGAGTCGGT-1-gPlexB7_s1,7.422301,-1.0129845,-1.2307898,-0.37498355,1.8804015
ACGTCAAGTACATGTC-1-gPlexB4_s1,0.42146784,0.05439137,0.112971075,-0.19969031,1.1067636
CTGAAGTTCGATAGAA-1-gPlexB4_s1,0.34854788,-0.55280924,0.7099588,0.33016577,2.3811698
CAAGGCCGTCCGTCAG-1-gPlexB6_s1,8.414001,-0.87266207,-0.3710568,0.12426679,2.0816307
CCACCTAAGTAATCCC-1-gPlexB2_s1,8.1170225,-1.4656568,-1.0116934,-1.2410136,0.99917686
GAAGCAGTCCCTTGCA-1-gPlexB3_s1,-0.6762644,2.6141093,0.6863646,-0.16755885,1.498501
ACATCAGGTGTGGTTT-1-gPlexB5_s1,0.85424477,-0.2697944,-1.955222,-0.8541074,2.0765905
CGAATGTTCGTCCGTT-1-gPlexB3_s1,0.8749297,-0.2833488,-0.36350718,-0.38180414,1.7652642
GACTGCGGTACAGTGG-1-gPlexB1_s1,-1.6176208,2.8571968,0.63662654,-0.3141511,0.92095256
TGACGGCAGGCAAAGA-1-gPlexB4_s1,-1.2954426,2.518707,1.0035474,-0.36367005,0.88490915
GGAATAAAGGTGTGGT-1-gPlexB1_s1,0.28654444,-0.6319477,-0.30002913,1.9376651,-0.5802725
CTTCTCTGTCTACCTC-1-gPlexB7_s1,-1.2578187,2.6128187,-0.15968226,-0.5111558,2.3154044
GGCTGGTCACTCGACG-1-gPlexB1_s1,-0.095156685,-0.27805755,0.3037277,0.17694685,1.7448565
AACCGCGGTTACCAGT-1-gPlexB1_s1,8.111539,-0.8813989,-0.8379741,-0.41749334,0.16383377
GGGTCTGGTGTTTGTG-1-gPlexB1_s1,7.1806064,-0.630105,-1.2597876,0.4207403,-0.37421095
CTAACTTGTGTGCGTC-1-gPlexB4_s1,0.304388,-0.36660278,0.009611495,-0.38823932,0.6856086
TTCCCAGCAATCTGCA-1-gPlexB2_s1,7.51338,-0.53450006,-0.21900532,-1.9662365,-0.08699435
GCCAAATCACCAGGTC-1-gPlexB3_s1,0.30687538,-0.49860364,-0.19046766,-0.216377,1.3283777
AGTGAGGAGAGGTTGC-1-gPlexB2_s1,6.5767417,-0.8533804,-0.6323263,-1.1266338,1.759558
GCTGCTTTCCTCAACC-1-gPlexB7_s1,8.074468,-0.82688355,-1.4679328,0.02952391,2.3073614
ATTCTACAGGCCATAG-1-gPlexB6_s1,-1.4411324,1.9510969,0.23091042,0.7179258,1.2726265
GGAAAGCGTATGCTTG-1-gPlexB2_s1,0.5352488,-0.54851717,-0.35123616,-0.091103986,0.6966311
CAGTCCTTCTAGCACA-1-gPlexB3_s1,0.6349504,-0.3907332,0.4131724,-0.24409306,1.3917271
ACTGATGCAGCATACT-1-gPlexB4_s1,0.3563033,-0.038356975,0.15777706,-0.67412406,1.763519
ATCTACTCAGATCTGT-1-gPlexB5_s1,0.11806053,-0.36327222,-0.23559216,-0.55698097,2.5562615
CCACTACAGCTGGAAC-1-gPlexB3_s1,-1.1622887,2.3442984,-0.4158667,0.029548854,-0.096134245
CTGATCCGTTGATTCG-1-gPlexB6_s1,8.002816,-0.40973476,0.88805884,-0.31147128,2.5132504
ACATGGTTCTCAACTT-1-gPlexB5_s1,7.807962,-0.52085114,-0.4306205,0.2984904,1.5384982
CTTCTCTCACCTATCC-1-gPlexB3_s1,4.4457273,-0.46386555,0.31377178,-0.91151,0.6807809
CATGGCGAGAATGTGT-1-gPlexB4_s1,0.002380304,-0.066089734,-0.015287689,-0.30502278,0.8410784
GCTCCTAAGAGTGACC-1-gPlexB2_s1,6.859713,-1.4129894,1.5880814,-1.7729696,1.8243136
TCGAGGCCACTTAAGC-1-gPlexB1_s1,0.39012393,-0.47879177,0.31789732,-0.38878274,0.7543518
TTAACTCTCCCTCTTT-1-gPlexB2_s1,-0.18831314,-0.11543828,0.903933,1.0116758,1.0026059
ATCTACTTCTGCAGTA-1-gPlexB4_s1,6.6811805,-0.913605,-1.3289262,-0.94784564,0.62605387
GATTCAGTCACTCTTA-1-gPlexB7_s1,0.6025201,-0.59255224,-0.16392522,-0.5854064,1.1322739
CTCGAAACATTATCTC-1-gPlexB5_s1,0.18780984,-0.4271985,0.6768925,-0.064738065,2.811307
ATCACGACATGGATGG-1-gPlexB1_s1,0.40924492,-0.526738,0.18557428,-0.14024529,0.5269619
ACACCAAAGAGGGCTT-1-gPlexB2_s1,8.381452,-0.89208126,-1.1990395,1.262703,0.8820449
AGGGTGAGTGATGTCT-1-gPlexB4_s1,8.121389,-1.0103313,-0.68566746,0.16130853,1.1791408
GTACTTTTCAATCACG-1-gPlexB2_s1,8.961236,-1.6595273,-1.06775,0.36705965,1.8288095
GTGCTTCGTAGCGTCC-1-gPlexB7_s1,7.981161,-1.0855992,-0.93998677,-0.25860298,2.2388551
GACGTTATCTTTAGTC-1-gPlexB1_s1,0.07297565,-0.3132152,0.21214402,0.9313617,-0.2579959
TCAGCAACATGGTTGT-1-gPlexB3_s1,7.083605,-0.8669777,1.2113284,-1.54486,1.266732
AAGACCTCAATCAGAA-1-gPlexB1_s1,8.34966,-1.7556143,-0.88896084,0.0030255169,1.8131664
ACGATGTCACGGCCAT-1-gPlexB6_s1,-2.270282,2.2297833,0.8799276,-0.3391645,0.77438664
TCTGGAACAGGTTTCA-1-gPlexB6_s1,-0.78462386,2.1336558,-0.055488992,-0.16936451,0.93456626
CAGGTGCAGAGGACGG-1-gPlexB2_s1,0.57028645,-0.45406255,-0.18434186,-0.3107695,0.44468132
ATCCGAAAGAGTAATC-1-gPlexB4_s1,0.7655554,-0.040167034,0.5162324,-0.6631109,1.8754992
ACCGTAAGTCCAGTAT-1-gPlexB4_s1,-0.22862205,-0.35477632,-0.42229453,-0.35253,1.2097392
TACTCATTCTTTACAC-1-gPlexB1_s1,7.7918634,-0.36352283,0.9255649,-1.0104727,1.515051
CACACAATCCTCATTA-1-gPlexB3_s1,-1.0604156,1.3727674,-0.4607071,-0.026095763,1.1808041
CTGTGCTAGACAGACC-1-gPlexB5_s1,0.42758572,-0.3901235,-0.08769259,1.634429,0.9150243
TGGGAAGCAGCTATTG-1-gPlexB5_s1,0.16915989,-0.15702832,0.023193022,-0.17293656,1.5902048
GCGCGATAGCTATGCT-1-gPlexB4_s1,0.6826646,-0.34139547,0.45088065,-0.28914583,0.88572204
GCTCCTAGTGCAGTAG-1-gPlexB1_s1,0.1289385,-0.33906737,-0.21746632,-0.13430323,1.2749699
TGGGAAGCAGCAGTTT-1-gPlexB4_s1,-2.0589318,2.7529194,0.7160083,-0.05004485,1.4928429
CACCACTAGCCAGGAT-1-gPlexB6_s1,-1.4101245,2.3129838,0.5785259,0.5450135,2.0308094
GTAACGTAGCGTGTCC-1-gPlexB1_s1,6.885023,-0.32535064,-0.93712693,0.28274935,1.2734001
ATGAGGGAGCCGTCGT-1-gPlexB3_s1,7.2514844,-0.7218247,0.4053446,-0.5530808,1.72933
GAGTCCGCAATGACCT-1-gPlexB2_s1,7.666702,-1.1550057,-1.1453253,-0.14629221,2.2620711
CAAGAAAGTTGCGCAC-1-gPlexB6_s1,-1.4725901,2.2905865,1.2314377,-0.14010341,1.1470196
TGAGAGGGTGTTTGGT-1-gPlexB1_s1,6.3604665,-0.7920178,0.8234152,-2.214185,2.4004748
TTTGGTTGTGTGCCTG-1-gPlexB6_s1,0.2955533,-0.028040074,-0.27050573,0.0435874,1.665303
GCATACATCACTGGGC-1-gPlexB2_s1,-0.7609376,2.2146173,0.3714278,-0.8953366,0.3871123
GTGAAGGCATCATCCC-1-gPlexB3_s1,7.87002,-1.4006512,-0.83143276,0.41140828,1.6505919
TAAGCGTGTGTTGAGG-1-gPlexB3_s1,8.084563,-1.021521,-0.68891287,-0.81407005,0.8941402
GATGAAAGTTCCAACA-1-gPlexB6_s1,0.41725305,-0.4985209,0.7854436,-0.38351965,-0.20134968
AGTTGGTGTGTTGGGA-1-gPlexB2_s1,-1.0698072,2.6467638,0.3392971,-0.21119443,1.0262514
GAGTCCGTCTAACTTC-1-gPlexB5_s1,8.062653,-1.0376959,0.788652,-0.7608284,1.3307432
GGGTCTGCAAACTGCT-1-gPlexB2_s1,-2.0290914,2.422851,1.8009292,-0.32679,2.023893
CAACCAACAGACTCGC-1-gPlexB4_s1,6.0832295,-0.56351227,-0.8818036,0.21371762,0.88945425
ATTGGACTCTGCTGCT-1-gPlexB7_s1,-1.173761,2.6974783,-0.53478754,-0.020487815,1.2471511
GTAGTCAGTTCCTCCA-1-gPlexB2_s1,-1.9505715,2.685245,0.37379408,0.47601533,1.0302548
CCACGGAAGGAGTACC-1-gPlexB6_s1,-1.9708997,2.7594876,-0.11816811,-0.10388826,1.9904296
CCCATACAGCCGTCGT-1-gPlexB5_s1,0.14262356,-0.5356774,0.15899864,1.3422023,1.1374403
GTCGGGTCAGCTGTAT-1-gPlexB6_s1,0.4028209,-0.3304675,-0.21655719,0.9433103,2.0551128
CATTATCTCGGCGCTA-1-gPlexB5_s1,-1.901834,2.949294,0.5392508,0.17822649,1.3397326
CTCGAGGCACATCTTT-1-gPlexB6_s1,0.2524529,-0.30088377,-0.27151993,-0.5965836,0.6353281
AGAGTGGGTCATATCG-1-gPlexB6_s1,0.24653637,-0.5265089,-0.2240098,-0.17771506,0.77700365
AGAGTGGAGACGCACA-1-gPlexB2_s1,0.2484984,-0.54375,0.03323976,-0.7877081,1.6898297
TCTCTAAAGTACGCCC-1-gPlexB4_s1,9.142613,-1.1313176,-0.6917462,-1.2789636,2.3719952
TGGGCGTGTTTAGCTG-1-gPlexB2_s1,0.28194466,-0.3618436,0.32271442,-0.15371713,2.6132796
TGTTCCGCACGCGAAA-1-gPlexB1_s1,6.956142,-0.96784264,-1.473029,-0.9054884,0.3342916
TGGGAAGGTATTACCG-1-gPlexB5_s1,0.1443654,-0.1840437,-0.81050014,-0.05457808,1.5490513
CAACCAACAATGGAGC-1-gPlexB5_s1,-1.3238941,2.5189924,-0.07590866,-0.29152766,1.3524437
GAGCAGAAGCACCGTC-1-gPlexB7_s1,7.362198,-0.536706,-1.1658051,0.91188353,0.94543934
GGATTACGTACTCAAC-1-gPlexB3_s1,7.556256,-1.03277,-0.79430515,-0.5470338,0.4036274
AACCGCGGTAGGCTGA-1-gPlexB7_s1,0.9098958,-0.42152694,-0.5822355,-0.13302529,1.4209248
CATATTCCAGCCAGAA-1-gPlexB1_s1,-1.5135331,2.7021098,1.2863834,0.36139143,1.17728
AAAGATGCAGCCACCA-1-gPlexB4_s1,-1.2001725,2.7018244,-0.14273123,-0.48992428,1.0528443
ATCTGCCCATGCATGT-1-gPlexB6_s1,-0.6034341,2.596421,0.46196508,-0.18979935,0.1408534
AAAGCAAGTACCGTTA-1-gPlexB5_s1,0.31819108,-0.3540529,0.93003523,0.066196546,1.5287496
CAGCTGGCAGCCAATT-1-gPlexB3_s1,-0.14069474,-0.24558763,1.130694,0.39625084,-0.0382466
CTCCTAGAGTGTCCCG-1-gPlexB1_s1,4.0817046,-0.9725436,0.9349637,-0.89202577,2.3013332
ACATCAGAGAAACGAG-1-gPlexB7_s1,9.0546255,-0.40071502,-0.8748143,0.59391123,1.9846389
CTTCTCTCATTATCTC-1-gPlexB6_s1,-1.1868804,2.825175,0.50529265,-0.48647287,-0.33921248
TCTTTCCGTAAGTAGT-1-gPlexB5_s1,-1.5159723,1.9950495,0.323756,-0.36563843,0.9872123
CTTAGGAGTTAAGATG-1-gPlexB2_s1,-0.23189041,-0.39166817,0.5216199,2.0647316,0.0582878
TGGTTAGAGTCATGCT-1-gPlexB2_s1,6.732277,-0.0851665,1.5368416,-1.6611685,1.7860254
GTGCAGCAGGGCTTGA-1-gPlexB3_s1,0.42048252,-0.6227128,-0.060375515,-0.48748204,1.7574192
ATGCGATGTCTAGAGG-1-gPlexB1_s1,0.28999895,-0.09803682,0.4568805,-0.6493096,2.1272628
CCATGTCCATTCCTCG-1-gPlexB5_s1,8.574572,-1.0635793,-0.9241944,-1.3325496,0.89876425
AGGTCATTCCACTCCA-1-gPlexB5_s1,0.37974587,-0.5078986,0.4955002,-0.3334033,0.21509096
CTACCCATCCCAAGTA-1-gPlexB4_s1,6.9389215,-0.9707743,1.49096,-1.0579244,1.5683627
AGCAGCCCATGTCTCC-1-gPlexB5_s1,-2.1586032,2.4458902,-0.018841859,-0.29353952,0.8599476
GCAAACTGTCCCGACA-1-gPlexB6_s1,0.4373706,-0.4819352,-0.69897467,-0.5649549,2.693966
CCTAGCTGTCCGAATT-1-gPlexB4_s1,-1.86033,2.9522834,0.42071414,-0.1838627,1.5150974
CAGTCCTAGTTGCAGG-1-gPlexB2_s1,7.298159,-0.9151065,-1.3550525,-0.30073863,1.8887519
CATCGGGCAGACGCCT-1-gPlexB4_s1,0.26817057,-0.56417847,0.5626133,-0.47160268,0.10122627
CGATTGAGTCTGGAGA-1-gPlexB7_s1,0.45035854,-0.55907416,1.1157933,1.3218521,0.58324504
CAGTAACCATCACGTA-1-gPlexB6_s1,-1.0311687,2.3557456,-0.36077625,-0.1703833,2.1091504
TCGTACCTCTACTCAT-1-gPlexB2_s1,6.829482,-0.6682718,1.6578834,-1.4404087,2.2663462
CTCAGAAGTGCATCTA-1-gPlexB4_s1,8.713274,-0.42943513,-1.0726933,-0.49273115,2.1241233
TCGCGAGGTGGTACAG-1-gPlexB4_s1,0.012420043,-0.33008653,-0.55935824,0.029969417,0.29075843
CAGTCCTTCAGTCCCT-1-gPlexB2_s1,-0.15427601,-0.31593195,0.08533684,0.035766512,0.6613138
TACTCATAGGATATAC-1-gPlexB4_s1,7.8290634,-0.48605675,-1.0945096,-0.8328876,1.9765818
TAGCCGGTCAATAAGG-1-gPlexB6_s1,-2.3550143,2.2352192,0.49376413,-0.1472572,1.6098901
TGAGCCGAGTACATGA-1-gPlexB3_s1,7.7580547,-0.9076023,-0.70900464,-0.34065017,1.0792997
GACCAATCACGGTGTC-1-gPlexB4_s1,0.33013052,-0.3459144,0.06619675,-0.35554117,0.13142934
CAAGATCGTCTTGCGG-1-gPlexB4_s1,0.08726666,-0.4346207,-0.121266924,-0.39494425,0.41799214
ATCTACTAGCGCTTAT-1-gPlexB1_s1,0.6001506,-0.31893244,0.12260442,-0.16047451,0.60644317
CAGCGACAGCCGGTAA-1-gPlexB2_s1,0.007981002,-0.057907276,0.38161492,-0.75489,1.4527375
AAGACCTTCGGAAATA-1-gPlexB1_s1,0.14297646,0.12682435,-0.53483564,-0.74478,1.4969898
GATGAAATCACAATGC-1-gPlexB4_s1,-1.7832229,2.594699,-0.20068921,0.6421065,0.69417953
AGCTCTCAGTGTACCT-1-gPlexB1_s1,8.284552,-0.9654425,2.0819488,-0.4684045,2.0078444
CACTCCAGTGTAACGG-1-gPlexB5_s1,9.035926,-0.6668249,-0.8538292,0.1786094,2.8639808
GGATGTTCATTTCACT-1-gPlexB5_s1,7.604278,-1.0269333,2.3110378,-0.4764859,2.47894
GTGTTAGTCCTTGGTC-1-gPlexB7_s1,-0.82548904,2.1759934,0.5560123,0.09067474,2.3871012
AGGCCACCATGGTCTA-1-gPlexB3_s1,1.3569251,-0.5782744,0.11472404,-0.4937865,1.6224167
GCATACAAGAGCCTAG-1-gPlexB2_s1,-1.4953096,2.1345835,-0.045265842,-0.68648964,1.6870733
ATAACGCCACTTCGAA-1-gPlexB5_s1,0.7890505,-0.43950233,-1.7587643,-0.3613287,0.6804478
GAGTCCGTCGCTGATA-1-gPlexB6_s1,0.6374966,-0.2676415,0.18077767,-0.14994755,1.3115017
AACTCTTCAAGGTTTC-1-gPlexB6_s1,8.021222,-0.6958856,1.4818298,-2.0012074,2.1052942
AGATTGCCAATGGAAT-1-gPlexB7_s1,0.68747425,-0.4335584,-0.12452881,0.14941391,0.6189214
GGTGAAGAGTGCGATG-1-gPlexB6_s1,0.40313292,-0.46505937,-0.12348728,-0.3152038,0.06872013
TCTCTAACAGCCACCA-1-gPlexB1_s1,-0.13485411,-0.38610303,0.06845862,1.7349715,-0.026406676
CTCGAGGAGGCATTGG-1-gPlexB3_s1,6.4072285,-1.2410636,1.607618,-1.4355927,2.3636792
CGGACTGTCGGCTACG-1-gPlexB5_s1,0.34614995,-0.05390043,0.8269621,-0.61323863,-0.7301496
GTCTCGTGTCTAGCCG-1-gPlexB7_s1,-0.6889188,2.1145315,-0.21246438,-0.16157854,-0.1069203
GCACATAAGAGGGCTT-1-gPlexB1_s1,0.031003058,-0.24445963,-1.0150946,-0.8079724,1.5031579
ACATACGAGACAAAGG-1-gPlexB2_s1,5.7231255,-0.580007,-0.8669527,-0.68455863,1.455109
CTGAAGTCACAAGTAA-1-gPlexB4_s1,0.7961925,-0.49032333,-0.56233233,-0.46174142,1.3774257
CTTAGGATCAATAAGG-1-gPlexB3_s1,5.2047734,-0.9764036,-1.4306612,0.4707776,1.4771347
CCCATACGTCTGCGGT-1-gPlexB5_s1,-1.6200337,2.377678,0.42939484,-0.3947688,-0.5037798
CGATGTATCACGCGGT-1-gPlexB7_s1,5.99782,-1.354883,1.6770374,-1.7299708,1.8184068
CGTAGGCTCGCCCTTA-1-gPlexB1_s1,1.038502,-0.43028742,0.9158069,-0.7543211,1.2572207
TGTCCCAAGTTGCAGG-1-gPlexB3_s1,8.080506,-0.84764665,-0.1020211,-1.6066403,1.3873813
ACTTGTTGTACAGCAG-1-gPlexB5_s1,0.22927254,-0.32311893,-0.46921352,-0.27108416,1.4887348
TGACTAGAGGTGATAT-1-gPlexB1_s1,7.8938246,-0.34139737,-1.0338175,0.08941452,0.82733965
TATCTCAGTCAAGCGA-1-gPlexB4_s1,7.0229554,-0.99822485,0.6387122,-1.1054077,1.4045141
GAACCTACAACACGCC-1-gPlexB3_s1,0.3214534,-0.29351506,0.19122715,-0.58525467,1.6122216
ACGCCGATCAAACAAG-1-gPlexB7_s1,5.8982997,-0.65358156,-1.4087662,0.096778736,0.96251595
TTGGCAATCAACACAC-1-gPlexB3_s1,7.171361,-0.23980103,-1.2001718,-1.1158284,2.2466295
GTACTCCTCAAACGGG-1-gPlexB2_s1,6.7430916,-0.026492067,-0.83698946,-0.75537616,0.77514005
GAACGGATCCTATGTT-1-gPlexB3_s1,-1.2305094,2.7436044,-0.17144756,0.38714963,2.1431096
CATCAAGCAAGCGAGT-1-gPlexB5_s1,7.250991,-0.59230024,-0.86046076,-1.6249756,2.405969
TAAGCGTAGAGTGAGA-1-gPlexB7_s1,-2.0773044,2.9887164,0.3304346,0.5083538,1.7869768
TGCGGGTCAATGTAAG-1-gPlexB1_s1,-1.2623414,2.225804,1.0005379,-1.6267805,1.2373862
CGATTGAAGTCAAGCG-1-gPlexB3_s1,0.6339795,-0.13637824,-0.8815953,-0.47801375,2.0898871
GACTACAAGATGTGTA-1-gPlexB4_s1,0.4237217,0.05816608,-1.3320466,-0.62604475,1.4391062
GTAACTGTCCTGCTTG-1-gPlexB3_s1,0.44459873,-0.25611842,-0.034772396,-0.687801,1.7573154
GCTGCAGTCATAAAGG-1-gPlexB7_s1,0.8468632,-0.16259104,0.7192081,0.15687747,-0.50780624
GTACTTTGTCCCGACA-1-gPlexB4_s1,7.491413,-1.3406935,-0.7437252,-0.934266,0.9306676
GCTTGAATCAACCAAC-1-gPlexB3_s1,0.60285914,-0.39039427,-0.1748266,-0.948617,2.5536966
TGCCAAAAGCCCAGCT-1-gPlexB6_s1,0.2774671,-0.3324653,0.69531924,-0.25417736,0.33794487
AGAGCTTTCCTCGCAT-1-gPlexB7_s1,0.71448517,0.35299248,-0.8199646,-0.46958923,3.7848048
AGCATACTCGGTGTTA-1-gPlexB1_s1,-0.36800748,-0.36735415,0.5742817,-0.2534563,0.014713794
TACCTTAGTTTGACTG-1-gPlexB2_s1,0.13099529,-0.3607719,-0.2805145,0.3760121,1.7610157
GTACTCCTCTACGAGT-1-gPlexB3_s1,6.2976656,-1.1815199,1.7122178,-1.5332899,1.5709722
GCCAAATAGCCACGTC-1-gPlexB7_s1,-0.94507414,2.19983,-0.4870254,0.45934996,2.585908
CACCACTAGATAGCAT-1-gPlexB3_s1,-1.5907992,2.503075,1.0649791,-0.073713146,2.728848
CAGCTAATCTCCAACC-1-gPlexB4_s1,0.31669128,-0.5788967,0.38007045,2.2001028,0.4982869
CTAGAGTGTATGCTTG-1-gPlexB4_s1,7.6291404,-0.8265086,-0.91900074,-2.374041,1.8693358
CGGACGTTCCTGTAGA-1-gPlexB1_s1,-1.3653123,1.9506732,1.0674533,0.38397467,-0.6885841
ACCGTAATCAGTGCAT-1-gPlexB3_s1,-0.33972472,0.7575756,-0.29180628,-0.19079134,2.4346886
AAACCTGTCAACCATG-1-gPlexB3_s1,-1.7671117,2.7873356,0.40895116,-0.3844769,-0.42130107
CCGTACTTCAGTTGAC-1-gPlexB2_s1,9.140081,-0.6432905,-0.988881,-0.529046,0.5283717
TACCTTAAGGGTATCG-1-gPlexB6_s1,-0.33108145,-0.4134143,0.35969898,1.264168,-0.7955803
CGTGTAATCTCGATGA-1-gPlexB4_s1,-0.026180208,-0.26222742,0.57569337,0.022047788,1.0583525
GACGTTAAGACCTAGG-1-gPlexB5_s1,-2.243824,2.4575367,0.7561403,0.07377395,1.1929073
TTCGAAGAGCACAGGT-1-gPlexB6_s1,0.35666645,-0.48674798,0.018037738,-0.5685444,1.3759973
ACCTTTAAGACAAGCC-1-gPlexB7_s1,-1.813921,2.532194,0.5474586,0.5483306,1.21194
ACTGAACAGCTAGCCC-1-gPlexB3_s1,-0.37313947,-0.3573531,1.1108513,0.015058562,1.2156932
CTCCTAGGTAATCACC-1-gPlexB1_s1,0.6451398,-0.5863983,-0.07101256,0.15864539,2.2027588
ACTGAGTTCAGAAATG-1-gPlexB5_s1,6.902157,-0.6115837,-0.55209494,-0.61013097,1.171874
TTAGGACGTTCCCTTG-1-gPlexB4_s1,6.8039556,-0.5942722,0.44179899,-2.0565438,2.0445507
CGGACTGCAGCTCCGA-1-gPlexB5_s1,0.6489549,-0.696873,-0.41922033,-0.094348505,0.2794409
TTGCCGTGTCGCATCG-1-gPlexB4_s1,-2.0733104,2.587533,0.6731136,-0.4374397,1.2226006
TGCTACCCACATCCAA-1-gPlexB3_s1,-1.9897306,2.37236,0.34450823,0.13679287,2.2325618
TAGAGCTTCAAGGTAA-1-gPlexB3_s1,6.884042,-0.30750757,-0.7252419,-0.10596286,1.9996758
GTTACAGGTCAGGACA-1-gPlexB5_s1,7.2447147,-1.1198679,-0.57385635,-0.3167354,1.5810404
TTAGTTCCACGCTTTC-1-gPlexB5_s1,-0.15304995,-0.57988614,0.7664586,-0.37432548,1.3290038
TACTCGCAGCCAGTAG-1-gPlexB2_s1,7.658763,-0.8072655,1.9579518,-1.3612093,1.7842138
TCTCATAAGGATGCGT-1-gPlexB4_s1,-0.98221236,1.3275651,-0.46766028,-0.2567961,2.031648
CCCTCCTAGTCGCCGT-1-gPlexB1_s1,0.4439293,-0.2932946,0.63871205,1.7066267,-0.34355965
TGCTACCGTACCAGTT-1-gPlexB7_s1,0.56170017,-0.5341744,0.1376362,-0.6263824,1.9342978
AACTCCCCAGCATGAG-1-gPlexB4_s1,7.053266,-0.6718276,1.3390799,-1.8064038,1.6775117
TCTGAGACAGATGGCA-1-gPlexB3_s1,0.72916406,-0.21324961,-0.8818797,-0.54394454,1.5488908
TATCTCAAGGTGCTAG-1-gPlexB1_s1,0.46873188,-0.40795818,-0.37822303,-0.38797426,1.7969418
TCACAAGAGAGCCCAA-1-gPlexB5_s1,8.209079,-0.52164,1.097012,-0.79650706,1.494667
CTCGGGAAGCAGGCTA-1-gPlexB7_s1,9.303271,-1.3148656,-0.8334284,-0.35671788,2.1349325
GGACAAGAGTGGGATC-1-gPlexB5_s1,6.3506603,-0.6366491,0.3520689,-0.9779825,-0.49018735
AGATTGCTCATCGATG-1-gPlexB3_s1,0.313262,-0.40168402,-0.2964173,-0.3078549,2.2357755
TATCTCACAGTAAGCG-1-gPlexB1_s1,7.059753,-0.61283445,-1.1931707,0.3737596,1.2386603
CTGCGGAGTCGACTAT-1-gPlexB7_s1,0.5428085,-0.33083394,0.007070829,-0.37192175,0.8073217
ACTGATGCAATTCCTT-1-gPlexB3_s1,-1.7320466,2.6818392,0.2770588,-1.2195637,0.8371445
GTGCATACACAAGCCC-1-gPlexB7_s1,1.0503342,-0.69554543,0.053799357,-0.01751522,2.3596509
GACAGAGCAATGGAAT-1-gPlexB3_s1,7.308688,-0.5264794,-1.4090583,-0.5830996,0.7672697
AAGGAGCTCCACGTTC-1-gPlexB6_s1,0.95919275,-0.3903555,0.30451,-0.4258806,0.50675035
GTGCAGCCAGAGCCAA-1-gPlexB1_s1,-0.2660132,-0.41682592,-0.02860306,-0.21675238,1.4197384
GGCGTGTCATGCTAGT-1-gPlexB4_s1,-1.8180963,2.659851,-0.05421579,-0.22569785,1.7958688
TGGACGCTCACCTTAT-1-gPlexB6_s1,-1.2149932,1.9899795,1.3295007,-0.3154931,1.4970492
GCGCGATCAGTCCTTC-1-gPlexB4_s1,0.5032165,-0.34355485,0.6318203,-0.4157123,1.5463853
CCTACCAAGGTGCTAG-1-gPlexB3_s1,-2.3246665,2.4386628,0.24319722,1.013272,-0.06522587
CGAGCCAGTGTCTGAT-1-gPlexB5_s1,7.8959036,-0.9878619,-1.2866709,-0.13088122,0.14060363
TTCCCAGCACGCCAGT-1-gPlexB3_s1,7.494149,-1.0053076,-0.7112641,-0.39021158,2.3557458
TTCTCCTTCGTGACAT-1-gPlexB5_s1,0.3750106,-0.08575267,1.1694399,0.26844656,2.0807633
GTTAAGCTCTCGCTTG-1-gPlexB6_s1,7.3351336,-0.7417681,-1.0091666,-0.20298645,1.0975636
AGACGTTTCAGGCGAA-1-gPlexB6_s1,7.8628383,-0.74440914,-1.2813103,-1.4571415,1.7429318
GTTTCTAAGTCTTGCA-1-gPlexB6_s1,9.146365,-1.480926,-0.8733458,-0.09266828,2.6762486
TCGTACCCACTTACGA-1-gPlexB5_s1,8.626836,-1.451991,-1.0591142,-0.21175033,1.5839264
GTAACGTAGATGCGAC-1-gPlexB7_s1,-1.1570448,2.284555,0.5446751,0.2236675,0.20150906
TTAACTCCATGATCCA-1-gPlexB2_s1,6.332934,-1.0157195,-0.7655066,0.19347654,0.5266826
GTCAAGTGTAGGCATG-1-gPlexB1_s1,0.6069798,-0.10715835,0.093196474,-0.32962042,2.1569152
AACTCTTGTTCCACTC-1-gPlexB2_s1,0.6307151,-0.1785586,-0.42510542,0.16619663,-0.42841786
CGTGTAACACGACGAA-1-gPlexB1_s1,5.7192173,0.29780346,-1.0676193,-0.67923236,-0.6532126
CTAACTTCAGTATCTG-1-gPlexB3_s1,-0.17063516,0.29766017,0.23043528,-0.30524033,2.398638
GACCAATTCCTTAATC-1-gPlexB1_s1,7.204457,-0.84475195,-1.6697149,0.034732282,2.7216225
CAAGTTGGTCATGCCG-1-gPlexB6_s1,-1.3962839,2.507384,0.8772725,0.47807997,0.85878175
AGGGTGACACCTCGTT-1-gPlexB4_s1,6.490958,-0.6281171,-1.0094941,-1.1080147,2.8252223
CCATTCGAGGGTATCG-1-gPlexB3_s1,-2.368493,2.362325,0.47435933,-0.2750795,1.9666067
GCGCAGTAGCTGCCCA-1-gPlexB5_s1,7.4936347,-0.818184,-1.2229925,-0.16157854,1.8927903
AGCGTCGTCATGTCCC-1-gPlexB4_s1,-0.8803595,2.9274588,-0.16162542,0.4584157,0.33544946
GGGAATGCAGACAGGT-1-gPlexB4_s1,1.135232,-0.60638076,-0.33830667,-0.39337885,-0.44051898
GTCGTAAGTTTGACAC-1-gPlexB3_s1,8.9282,-0.7562572,-1.1365478,0.022057235,2.1825356
GTACTTTTCTGACCTC-1-gPlexB6_s1,0.25820673,-0.25807574,0.1613031,-0.6327762,1.9518855
TGGGCGTAGTATGACA-1-gPlexB7_s1,5.6794524,-1.0695795,-1.1567297,-0.86274,2.3549788
GGGAGATCAAGTCTGT-1-gPlexB3_s1,0.0026584528,-0.445799,0.30266497,0.030691698,0.04905936
AGAGTGGCAATTGCTG-1-gPlexB1_s1,6.8924494,-1.2734578,-0.66827035,-0.15170096,2.5547726
ATCTGCCTCAGCGACC-1-gPlexB7_s1,0.82194734,-0.5582119,0.59520364,-0.3323298,1.4782861
CAGGTGCCATGCCTAA-1-gPlexB3_s1,0.83500546,-0.39884168,-0.112807445,-0.10412825,1.8319362
GAGGTGAAGACTTGAA-1-gPlexB5_s1,6.109495,-0.222406,-0.63535875,-2.3593602,0.81712353
CTTACCGCATCCTAGA-1-gPlexB1_s1,0.6383521,-0.28636044,0.784155,-0.06851049,-1.0767539
CTAATGGTCTTACCGC-1-gPlexB5_s1,6.733052,-0.9559169,1.89738,-0.51844734,1.148179
TGTGTTTCAAACAACA-1-gPlexB6_s1,-0.24006942,-0.120334834,0.013563797,1.8868657,-0.026329726
TGGCGCAGTCTAACGT-1-gPlexB5_s1,-1.413192,2.7969565,0.54183304,-0.84801877,2.334083
TTAGGACGTCGGCTCA-1-gPlexB1_s1,-2.3285015,2.571316,0.08965986,-0.07736312,0.9078548
AACTTTCCACTTACGA-1-gPlexB4_s1,0.44157845,-0.51505524,1.1811838,-0.63063043,0.7891484
CGCTATCTCATACGGT-1-gPlexB7_s1,0.736554,0.018944338,-0.0018302049,-0.58604705,2.0597851
TTTACTGGTATAGGTA-1-gPlexB2_s1,-0.083670996,-0.24525541,0.46432054,1.5978318,-1.0245996
ATCTACTCACCATCCT-1-gPlexB2_s1,-1.1843783,2.396942,-0.15033704,-0.7354085,-0.060163856
CAGCATAGTGGTTTCA-1-gPlexB6_s1,-0.97225016,2.3405757,0.45592472,-0.4506005,1.5458415
TCAATCTCAATCCGAT-1-gPlexB5_s1,5.2466917,-0.5919383,-0.5682207,-0.43929228,2.3906925
GGTGTTAGTTGATTCG-1-gPlexB6_s1,0.7058807,-0.5707318,-0.46084014,-0.3166998,2.2254148
TAGCCGGTCTGCCCTA-1-gPlexB1_s1,7.1744795,-0.72960013,-0.81360644,-1.2571589,2.2021384
GGCCGATTCGCTTGTC-1-gPlexB6_s1,0.5857178,-0.15997136,-0.21979037,2.148763,-0.2563674
CACATAGAGAACTCGG-1-gPlexB4_s1,0.2977685,-0.43306157,0.011632286,-0.23358315,0.32781687
TCATTACAGTGACTCT-1-gPlexB3_s1,8.318418,-0.9707171,-1.205638,0.02001822,2.496338
GTAACTGTCTGTCTCG-1-gPlexB3_s1,6.547315,-0.30528036,-0.871514,-2.110258,-0.9594277
TCATTACTCTTAGAGC-1-gPlexB5_s1,0.29637966,-0.29179463,-0.7336984,-0.039760515,0.53510654
TCAACGAAGGAATGGA-1-gPlexB6_s1,-1.3774704,2.03693,-0.18226172,-0.113395505,1.4083426
TATCTCACAGTGACAG-1-gPlexB3_s1,0.66915286,-0.34754047,0.380028,-0.6580839,0.7266386
GTTCGGGAGCTGATAA-1-gPlexB3_s1,-1.9307303,2.385746,0.056146126,-0.40588868,0.4697645
GTCACAACAACTGCGC-1-gPlexB5_s1,0.6005213,-0.58394337,-0.6163021,-0.26734912,1.3659012
CCATGTCCAGGCTGAA-1-gPlexB2_s1,-0.08331025,-0.17157,-0.27813286,-0.08877008,2.509362
CCTAGCTGTTCACCTC-1-gPlexB4_s1,-1.2034637,2.9381108,0.83697134,0.82031494,0.77283007
CGTGAGCCATGCCTAA-1-gPlexB7_s1,1.5599449,-0.9226467,-0.41880962,-0.44442225,0.57367504
ACACCAACACACGCTG-1-gPlexB6_s1,1.400846,-0.4612362,0.4927353,0.087008685,2.4601095
CGCTGGAAGGCAGGTT-1-gPlexB7_s1,-0.08853541,2.0307455,-0.05192323,0.09294689,0.8204703
AACTCAGGTGTGTGCC-1-gPlexB1_s1,0.41058305,-0.075159565,-0.66243786,-0.59874856,2.504145
CAGTAACGTAAATGAC-1-gPlexB6_s1,-0.033371672,-0.29352218,-0.18649092,-0.44369093,0.13839081
CGGACACGTGGTTTCA-1-gPlexB2_s1,-1.9533756,2.7714522,1.9716502,-0.77449656,0.992954
GTAGTCAAGAAGGTGA-1-gPlexB4_s1,8.080469,-0.73637897,-1.0708096,0.017906062,0.59008265
GAAACTCTCTCTAGGA-1-gPlexB6_s1,8.951151,-1.6655887,-1.1296699,0.54266155,0.6839032
CTCGTCATCACGAAGG-1-gPlexB5_s1,7.74952,-0.7698907,-0.6266287,-0.7145518,3.0416374
ATTACTCAGTATGACA-1-gPlexB6_s1,0.47484195,-0.3914505,0.038297564,-0.47337314,0.19656268
TGTATTCTCCGTTGCT-1-gPlexB7_s1,8.264232,-1.2451844,-1.508264,-0.17234269,2.2959445
TGCCAAAAGTCCGTAT-1-gPlexB4_s1,-0.5646483,0.82189006,-0.32035926,0.2549166,1.6264361
CCGGGATCATTTGCCC-1-gPlexB6_s1,0.41719052,-0.37799776,0.3331757,0.07219785,1.0052079
AAGGCAGTCAGAGGTG-1-gPlexB2_s1,-1.4453248,2.1438725,1.2019764,-0.24809621,0.6065911
GATTCAGTCCAAACAC-1-gPlexB5_s1,8.457868,-1.6210697,-1.1404847,-0.97278714,2.9886672
GAACCTAGTGTGGCTC-1-gPlexB7_s1,0.33487958,-0.08825771,0.6220864,-0.109669454,-0.2219201
AGAGCGAGTAGCGCTC-1-gPlexB1_s1,8.664865,-1.1444638,-1.7826648,0.6725718,1.0378296
ATAGACCAGATGTAAC-1-gPlexB6_s1,7.926502,-0.39330673,1.8599683,-0.36594057,2.8423831
ACGGAGAGTTCAACCA-1-gPlexB4_s1,-1.2580826,2.8543415,1.0438578,0.28647605,1.0898902
ACTTACTAGCCACGTC-1-gPlexB2_s1,-2.1140158,2.606373,0.27445418,0.2928241,1.3252574
GGTGAAGTCTACTTAC-1-gPlexB3_s1,7.2033577,-0.64237994,-0.20688105,-1.8545749,1.4529302
GTATTCTTCACTGGGC-1-gPlexB2_s1,8.089655,-0.8597068,-0.5561121,-0.9885821,2.3784034
AAGTCTGGTTCAGCGC-1-gPlexB4_s1,8.819202,-1.0995624,-0.28667587,-0.04024659,1.8850486
CAAGGCCGTCAGCTAT-1-gPlexB3_s1,0.5548481,-0.08514929,-0.22548236,-0.38375437,2.5504956
TGAGAGGTCCATGAAC-1-gPlexB1_s1,-0.20963313,-0.57749534,-0.1983729,-0.034325644,0.9918383
AAGGAGCCAGCTCGCA-1-gPlexB4_s1,0.049778834,-0.32112324,0.2948983,-0.48897046,0.34607196
TGTTCCGCAAAGCAAT-1-gPlexB2_s1,6.904523,-0.5146546,-1.3878105,-0.34701455,0.2527551
ATAAGAGTCGAATGGG-1-gPlexB2_s1,7.8806787,-1.0680594,2.4858017,-1.0891107,3.3708835
GAGTCCGCACTTCGAA-1-gPlexB7_s1,0.9047263,-0.3581966,0.9480714,-0.5745394,1.1232255
AACTCTTAGTCTCCTC-1-gPlexB2_s1,10.290939,-1.4224555,0.08288263,0.29118258,1.3550599
GTCATTTTCTACTATC-1-gPlexB4_s1,0.7538498,-0.29234615,-0.89638245,-0.49897516,1.7866992
CCTTCCCGTACAGCAG-1-gPlexB6_s1,-1.0924494,2.839236,0.7167037,-1.1570302,0.18739268
GATGAAAGTCTAGAGG-1-gPlexB3_s1,7.44925,-1.3894831,-1.1988567,0.10510978,2.680442
CCAATCCCAGACAAAT-1-gPlexB2_s1,0.2530924,-0.3993635,0.4578072,-0.17085919,0.22026932
TCTCTAATCACCCTCA-1-gPlexB4_s1,-0.273268,0.053614385,0.45795834,-0.3987813,-0.28356624
AGTTGGTAGCGATATA-1-gPlexB4_s1,-1.525444,3.010801,0.5347168,-0.5457213,0.3533491
ACCCACTAGCTACCGC-1-gPlexB6_s1,-1.1394733,2.4234354,0.2872248,0.02033721,0.59159416
GACGTGCTCGTCTGCT-1-gPlexB5_s1,-0.075644486,-0.2539515,0.24655491,-0.07525538,0.4039688
ACGCAGCGTACGAAAT-1-gPlexB1_s1,0.10704183,-0.28528965,0.85270995,-0.719951,-0.08000006
ATTCTACTCGAGAGCA-1-gPlexB2_s1,6.133367,-0.095695876,-0.54584134,-1.094368,1.6854297
AGGGATGGTATTCGTG-1-gPlexB1_s1,7.2653975,-0.90284574,-0.741131,0.35659063,0.9712885
CGCCAAGAGCAGATCG-1-gPlexB4_s1,7.955871,-2.055635,-1.1271101,-1.2170247,0.32890615
TAGCCGGCAGTATGCT-1-gPlexB4_s1,0.32627088,-0.41225013,-0.46323785,0.44835824,0.86238414
CCTAAAGAGTCCGGTC-1-gPlexB5_s1,0.029166855,-0.32933906,0.73003,1.7312577,0.11291477
CATCCACCATGGGACA-1-gPlexB5_s1,6.6684337,-0.889652,-0.6600268,0.033565845,1.088099
CTTACCGCACACGCTG-1-gPlexB1_s1,-1.1011333,1.9123054,0.43808198,-0.8020487,3.2405522
AACTCAGGTTATGTGC-1-gPlexB6_s1,9.196089,-1.5338448,-0.51772535,-0.25816482,1.2297053
TCTGGAATCGCATGGC-1-gPlexB2_s1,0.7747588,-0.5236899,0.24986318,-0.16200471,0.697912
TGCGCAGAGACACGAC-1-gPlexB2_s1,-0.47417343,-0.09838703,0.031225469,0.6376159,0.16308996
GCATGATCACGCGAAA-1-gPlexB1_s1,0.22932625,-0.028403811,0.7391855,-0.036289796,0.77450943
CACACTCAGACCTAGG-1-gPlexB5_s1,0.11802089,0.045149777,1.0790113,1.117414,0.3133313
CACACTCGTCTGCCAG-1-gPlexB3_s1,-1.317128,2.3745992,1.0127705,0.3722158,2.705995
GAGTCCGTCTGTCTCG-1-gPlexB6_s1,7.43644,-0.25906298,-0.30775237,-1.3158011,3.1104162
CATCAAGGTCTAGGTT-1-gPlexB4_s1,1.0587509,-0.6683465,-0.14701563,-0.12781945,-0.0032367706
TCAGATGCAGACACTT-1-gPlexB3_s1,7.3819914,-0.59400046,2.3109622,-0.88140476,2.198364
CTGATAGGTCGCCATG-1-gPlexB3_s1,-1.8022488,2.5630686,1.2176304,0.18474425,1.2698858
CTACCCAGTTCCACGG-1-gPlexB4_s1,8.316297,-1.0695453,-1.2043056,0.00017552078,1.6488564
GTATTCTTCCGAATGT-1-gPlexB3_s1,-1.8440607,2.6542995,0.14219421,-0.070412375,2.1579387
TTCGAAGGTCGTGGCT-1-gPlexB3_s1,-1.8165206,2.7196884,-0.512529,0.08728899,1.4681642
TTGGCAATCTGAGGGA-1-gPlexB7_s1,8.475152,-1.109236,-0.97181755,-0.22617535,2.965078
CGATGGCCACGTGAGA-1-gPlexB2_s1,0.19254643,-0.46675682,0.049719937,0.02357629,1.8158464
AGGGATGGTCATATGC-1-gPlexB3_s1,-2.5058382,2.9131033,0.5025951,-0.096911736,-0.59560186
TTAGGACGTGCAACTT-1-gPlexB4_s1,-0.07438332,-0.2709306,-0.035267625,-0.25233474,1.999896
CATCAGAGTTCCACAA-1-gPlexB5_s1,7.689861,-0.77945334,-0.6979631,-0.55426145,0.007138431
CTGGTCTGTCTAGCCG-1-gPlexB1_s1,-1.0476029,2.1537664,-0.16638637,0.754073,-0.10814825
AGGGTGACAATAACGA-1-gPlexB1_s1,0.44710952,-0.4176343,-0.108947724,0.10065773,1.9898005
TGCGGGTCAGGCTGAA-1-gPlexB3_s1,7.592212,-0.37335923,-1.2082733,-0.2925726,2.3990102
ACTTTCACAGGTTTCA-1-gPlexB5_s1,0.06925766,-0.5205936,0.24304852,0.56373507,-0.05344686
GACTAACAGCCTCGTG-1-gPlexB6_s1,8.6389475,-0.90247154,-0.6975805,-0.4052864,0.88200593
CACAGGCGTTGCGCAC-1-gPlexB6_s1,6.948153,-1.22727,-0.7599685,-0.75069284,1.8674794
CTCAGAATCTCGTTTA-1-gPlexB5_s1,1.0153922,-0.64363366,-0.5758943,0.32150412,1.5804482
CTGCCTAAGTGGCACA-1-gPlexB5_s1,0.6729969,-0.22377169,-0.020044759,-0.43654597,0.79249024
GACTACACAGTAAGCG-1-gPlexB7_s1,9.048354,-0.75618285,-0.5014568,-1.4201651,2.8903124
CCACCTAAGGCTAGCA-1-gPlexB2_s1,4.1141825,-0.2035672,-0.9919966,-1.2624727,2.0981793
GGAACTTAGTTAACGA-1-gPlexB3_s1,0.10778825,-0.07053955,0.39289206,-0.47772416,2.093614
AAACCTGCAGGGCATA-1-gPlexB2_s1,0.9307016,-0.44206223,-0.32965583,-0.5337704,1.2331876
ACGGCCAAGATGGCGT-1-gPlexB7_s1,6.62298,0.2887814,1.5371513,-1.4537771,0.95755684
TATCAGGCAGTATAAG-1-gPlexB4_s1,7.552894,-0.41009808,-0.7666748,-1.550133,0.69298863
TACTTACTCCAAGTAC-1-gPlexB4_s1,6.6422167,-0.69697165,-1.5657713,-0.4720034,1.4148552
GACGTTACAAACGTGG-1-gPlexB1_s1,0.13606367,-0.4341758,0.09898974,0.64741045,-0.060180843
AGCGTATCAGATGAGC-1-gPlexB4_s1,8.074646,-0.8126663,1.0428691,-0.6675837,3.5165749
GAAACTCTCGCCGTGA-1-gPlexB2_s1,-0.09558137,-0.4264345,-0.18679771,-0.8215591,1.9027731
ATCATCTGTAGCGTCC-1-gPlexB6_s1,0.18515787,-0.28518862,0.39515695,-0.11405409,0.06645459
CGTGTAATCTTTACGT-1-gPlexB5_s1,-1.6978418,2.8112853,0.7191103,-0.3215363,0.82131803
ACTTTCACAGACGCCT-1-gPlexB5_s1,7.5653925,-0.6135568,-0.13996325,-1.8203565,2.2903361
CGCCAAGGTCACTTCC-1-gPlexB6_s1,0.5399411,-0.3016833,0.80171466,-0.29902825,0.5828199
TGATTTCGTCGAATCT-1-gPlexB1_s1,-0.1052558,-0.6750846,0.33506465,-0.11339166,0.0867081
ACATACGGTCACACGC-1-gPlexB4_s1,8.836878,-0.46894813,-0.9046738,-0.56428885,0.81240326
TGCCAAAAGAAGCCCA-1-gPlexB4_s1,-1.1431112,2.293184,-0.023652418,0.104148716,0.9099792
CCCAATCCAACGCACC-1-gPlexB5_s1,8.215769,-0.76586175,-0.5610306,-0.10637121,3.08408
CGCGTTTGTAAGGATT-1-gPlexB6_s1,0.3230904,-0.47247937,-0.20843723,0.068489835,0.8637949
AGCTCTCGTTCCACAA-1-gPlexB4_s1,-1.9533911,2.9076004,1.0289593,0.6734224,1.9628294
CACATTTTCAAAGTAG-1-gPlexB3_s1,8.815121,-1.7053382,-0.9726434,-0.62857854,1.0721177
GTGGGTCTCGAGAACG-1-gPlexB3_s1,7.59919,-0.96892005,-0.84523886,-0.04314767,1.964589
TGAGAGGAGTGACATA-1-gPlexB3_s1,0.44655386,-0.35687453,-0.37549087,0.030264765,1.0684345
CTAGCCTGTTGGTAAA-1-gPlexB2_s1,0.3043425,-0.12541807,0.19484681,-0.31822374,0.5854413
CGTCAGGGTAACGCGA-1-gPlexB7_s1,0.78707045,-0.5851955,-0.007839958,-0.21017551,-0.27231073
GTGCTTCAGGTGACCA-1-gPlexB6_s1,0.45441148,-0.2628243,-0.723244,0.9639168,2.008265
TATGCCCTCCGCATAA-1-gPlexB6_s1,0.31890857,0.06018008,-0.15262407,-0.21211228,1.5925192
ACGTCAAGTTAAGTAG-1-gPlexB1_s1,6.9708214,-0.7738435,0.12388546,-0.80953807,2.0247762
CGGACTGGTAGTAGTA-1-gPlexB7_s1,0.7726439,-0.6399744,0.2526649,1.1076566,2.2684681
AGGCCGTCACTGTGTA-1-gPlexB2_s1,8.476845,-0.4791229,-1.1289313,-0.31208324,2.2515492
AGCGTATAGACTACAA-1-gPlexB3_s1,8.099537,-0.98137873,-0.6437029,-0.19565889,1.160355
TACGGGCAGCCACGTC-1-gPlexB3_s1,7.478273,-0.9742505,-1.2439786,-0.3798277,2.1293929
GCATGATTCGCCGTGA-1-gPlexB6_s1,7.9413915,-1.0300839,-0.91287243,-0.316716,2.7643309
CGGGTCAGTCCAAGTT-1-gPlexB3_s1,-0.34345573,-0.031246431,0.54528666,1.6523441,-0.8185605
GGGCATCAGGGATACC-1-gPlexB3_s1,-1.9935619,2.7523665,0.41060746,-0.096529335,1.1157901
AGCCTAATCCAAACAC-1-gPlexB1_s1,-0.00086848065,-0.22807473,-0.28846127,-0.81396925,1.8616455
CGGACGTAGCCACGTC-1-gPlexB2_s1,7.3377976,-1.3843263,1.4255869,-1.0192192,2.0804899
GTAGGCCCAGATGGGT-1-gPlexB1_s1,-0.26662725,0.08751319,0.26917902,1.2807775,1.3585262
AACTCCCGTTATGCGT-1-gPlexB1_s1,0.55076,0.11746533,0.4810768,-0.7137022,2.6502094
ACATCAGGTCTTGTCC-1-gPlexB5_s1,-1.0856066,2.1842806,0.16458274,-0.5695806,0.6451368
TAGCCGGGTTCGTCTC-1-gPlexB2_s1,-1.076602,2.2137167,0.6660877,-0.08276862,1.1876732
AACCGCGTCCCTAACC-1-gPlexB1_s1,-1.1704618,2.5928128,0.59400916,-0.21392208,1.2817078
CAAGATCCATGACGGA-1-gPlexB4_s1,-1.2524962,2.471017,0.35925305,-0.40292147,1.3379408
GTGCAGCAGATGTGGC-1-gPlexB1_s1,-1.2509813,2.443392,-0.41161236,0.8724034,1.3791294
GGCCGATGTCCAACTA-1-gPlexB2_s1,-0.53762394,2.525056,1.0090663,-0.19915837,0.9049587
GCTGCGAGTGGTAACG-1-gPlexB1_s1,-0.9896204,2.4221723,-0.032460928,0.22906461,0.080070555
GACCTGGTCTTTACAC-1-gPlexB6_s1,1.0096374,-0.3132284,0.24162887,-0.5573626,1.8257127
ACTTGTTCAATAGAGT-1-gPlexB1_s1,0.21833718,-0.081282064,0.17122273,-0.31329983,1.336848
AGACGTTAGCTGCCCA-1-gPlexB5_s1,8.165696,-0.88355446,-0.5699891,-0.64516425,2.83773
GACCAATTCAACACGT-1-gPlexB1_s1,0.3093875,-0.12389578,0.7005983,0.35697275,-0.20778142
CATCAGAGTCAGATAA-1-gPlexB6_s1,0.33471876,-0.65027165,-1.2674586,0.3043603,1.5643114
CAGCGACTCCACGTGG-1-gPlexB1_s1,0.4324519,-0.5249375,-0.51173747,-0.20596446,0.7277945
CAGCTAACACGACTCG-1-gPlexB4_s1,0.4509076,-0.50172776,0.458973,0.16690576,-0.52771497
GGGCACTCAGTCGATT-1-gPlexB5_s1,0.43902683,-0.016789615,-1.8532939,-0.36342376,0.65871346
CGCTATCAGTGCAAGC-1-gPlexB5_s1,0.7723875,-0.34134614,0.6038607,0.06126058,1.9973426
GTAACGTAGTCATGCT-1-gPlexB1_s1,-0.12841494,-0.38549173,-0.1429931,1.6235361,-0.8353144
GAATAAGTCCAGAAGG-1-gPlexB1_s1,8.8754835,-0.7469425,0.81287307,-1.752644,1.7974207
TTCTCCTTCGGCTACG-1-gPlexB5_s1,0.24298654,-0.42106548,-0.64639205,0.9683606,0.34087628
GATGCTACACGCGAAA-1-gPlexB3_s1,-0.8417976,2.5556126,-0.14575045,-0.30460176,1.6473596
CTCGAGGGTAAGGATT-1-gPlexB5_s1,7.6882153,-1.3870687,-1.2546688,0.043468475,2.5062342
TCATTTGGTCTCACCT-1-gPlexB2_s1,0.3645149,-0.5905377,-0.2294987,1.8462406,-0.19596836
ACATCAGTCCGTCATC-1-gPlexB6_s1,8.059416,-1.144979,-0.40643048,-0.05944243,2.5999317
GACTGCGGTGCCTTGG-1-gPlexB4_s1,0.51283425,-0.72158533,0.30770692,2.018351,-0.09614466
GTTCTCGTCCTAAGTG-1-gPlexB2_s1,0.13861564,-0.43632278,0.777044,-0.13660456,-0.32195145
GGTGTTATCGAGAGCA-1-gPlexB2_s1,-1.0844023,2.3551621,0.8167353,-0.2735442,0.4361428
TTCTACAGTGTTGGGA-1-gPlexB5_s1,0.025874779,0.28045946,-0.20130397,-0.28587282,1.7989783
CCCAATCCACCACCAG-1-gPlexB2_s1,0.38324255,-0.45917657,0.83773994,-0.47085038,0.5015038
CAGCCGACAAACTGTC-1-gPlexB5_s1,0.6992165,-0.47801447,-0.25092304,0.8720486,0.77631783
GAGTCCGAGATATGGT-1-gPlexB3_s1,6.8200192,-0.5726328,-0.3326823,-1.0429368,1.465848
CATCAAGGTTATCACG-1-gPlexB4_s1,0.00842379,-0.21543857,0.46013936,-0.9212753,1.5108281
CATGGCGGTCCCTACT-1-gPlexB5_s1,0.58679587,-0.0919805,0.51950014,-0.71642584,1.1084431
CGCGGTAGTCGATTGT-1-gPlexB1_s1,0.8486767,-0.20993112,-0.11517683,-0.7212918,0.94760394
TTAGTTCGTATAGTAG-1-gPlexB2_s1,7.5148325,-0.716857,-0.27163848,-0.29312265,2.5868368
CAAGAAAGTAGCCTAT-1-gPlexB5_s1,0.04845334,-0.049937513,0.15052101,-0.008071199,1.1849601
GTCGGGTGTCATACTG-1-gPlexB5_s1,0.026721679,-0.02830001,1.4082013,0.22390275,-0.1834131
GCAAACTAGGAATGGA-1-gPlexB7_s1,-0.9437333,3.0384736,0.37439272,-0.5433397,1.0416131
CGTCTACGTTCCCGAG-1-gPlexB6_s1,-0.12953955,-0.34208584,0.11884583,0.2654099,-0.9583065
CTAGCCTGTTGTTTGG-1-gPlexB7_s1,0.94002646,-0.41801426,-0.49994364,-0.32040322,2.6085632
GCAATCATCAGCTCTC-1-gPlexB3_s1,0.2896859,-0.15979728,0.04659543,0.4482004,0.6558592
TGATTTCTCCTCCTAG-1-gPlexB5_s1,0.2785504,-0.49520078,0.55546343,-0.31275606,-0.20601907
GTAGTCATCACTTACT-1-gPlexB2_s1,-0.069049925,0.2963914,-0.16283143,0.5030525,2.330232
CCATTCGTCGGAAATA-1-gPlexB7_s1,0.41199636,-0.39723104,0.82791495,-0.24757995,1.9455706
CTCACACTCCTTGCCA-1-gPlexB7_s1,6.0988474,-0.33652657,1.7243565,0.26232654,1.7152303
TGTATTCTCGCGTTTC-1-gPlexB6_s1,-1.3469611,2.1969092,0.9120633,-0.58059365,0.84657466
CGCCAAGAGGTGCACA-1-gPlexB5_s1,0.45271808,-0.13703653,-0.41765213,1.0913261,2.9846196
ATCGAGTGTGGCGAAT-1-gPlexB6_s1,-1.4234501,2.6605961,0.98914754,-0.07024101,0.16704011
AAACCTGGTGATAAGT-1-gPlexB3_s1,-0.056361094,-0.46678272,0.023014214,1.1943991,-0.43906882
GCACATAAGACACGAC-1-gPlexB2_s1,0.23350361,0.08426323,0.01556934,-0.04929927,0.5012932
CAGCAGCCATCGGTTA-1-gPlexB7_s1,6.885035,-0.5350164,1.880382,-0.9983487,2.3039227
ATTGGTGAGGCTAGCA-1-gPlexB2_s1,0.20333123,-0.44678363,-0.19860238,-0.46766487,0.91032636
CAACCTCGTTCGGCAC-1-gPlexB7_s1,9.298062,-0.6385338,-0.8781687,0.5199939,1.4804075
GGGTTGCCAGAGCCAA-1-gPlexB7_s1,0.95452875,-0.5801092,-0.08231207,0.04924327,1.443907
GGGTCTGGTGGCTCCA-1-gPlexB2_s1,8.745447,-0.6743917,-1.2205725,0.15137811,1.2783761
TCGGTAACATCTACGA-1-gPlexB5_s1,-1.9245096,2.2141674,-0.006622062,0.78668857,-0.054366216
GTTCTCGGTACAGACG-1-gPlexB1_s1,0.28803438,-0.5315788,-0.39265656,1.4813426,0.2524131
GCATGCGAGCGCCTTG-1-gPlexB6_s1,7.146448,-0.35194886,0.9303768,-1.4962723,3.239686
ACGCCGACAGGTCCAC-1-gPlexB4_s1,-0.27446163,-0.38403687,0.33414972,1.8293643,-1.1839588
ACCGTAAAGAAGGGTA-1-gPlexB3_s1,-1.4679507,2.3497422,-0.3647091,-0.089633696,1.8178166
ACCAGTAAGCGTGTCC-1-gPlexB1_s1,6.6065927,0.58422714,-1.8735138,-0.7685798,1.6131653
CGATCGGCACTGAAGG-1-gPlexB4_s1,0.24167374,-0.40816933,0.85562265,-0.15233433,1.4742922
CACAAACTCGAATGGG-1-gPlexB6_s1,0.57550997,-0.42373756,0.62167704,0.03266616,1.1089075
TATCAGGAGGTTACCT-1-gPlexB7_s1,9.02863,-0.67336184,-1.0133884,-0.12570655,1.1239666
AAGTCTGCACACCGCA-1-gPlexB6_s1,8.487478,-0.54179114,-1.6235113,-1.272733,4.209063
ACCTTTAAGTGGAGAA-1-gPlexB3_s1,7.0712647,-1.0779713,-1.4060692,2.0561678,1.7200804
GGGCATCCACCAGTTA-1-gPlexB1_s1,-1.0341841,2.6781735,0.5162473,-0.16554475,2.4832532
AGAGTGGAGACCGGAT-1-gPlexB3_s1,8.08036,-1.5577894,-0.9185967,-0.45018154,1.1288059
ACGGGTCTCAGGTTCA-1-gPlexB7_s1,0.25911257,-0.5611651,-0.23778223,2.081454,-1.1973752
CATGCCTCAAAGCAAT-1-gPlexB4_s1,9.163216,-1.1955967,-0.59436613,-0.8569523,1.4538205
CTTAGGATCAAGGCTT-1-gPlexB6_s1,0.392249,-0.3499379,-0.49130547,-0.33819973,0.23416764
CACACAATCGTATCAG-1-gPlexB1_s1,0.3373483,-0.54324913,-0.44312963,-0.5791114,1.7146841
TAAGTGCTCCCAACGG-1-gPlexB2_s1,9.5818815,-0.20007199,-0.91654974,-0.9846036,1.757148
CTTTGCGAGATGGCGT-1-gPlexB5_s1,7.465097,-1.0984294,-0.826282,0.032796323,2.0028892
CACACTCAGTAGCGGT-1-gPlexB2_s1,0.14994879,-0.2242159,0.008676618,-0.63222665,1.4661541
CGCGGTAGTATGAAAC-1-gPlexB1_s1,0.0596233,-0.25610197,0.3978861,-0.48413795,1.1920271
AGCAGCCCAGACGCTC-1-gPlexB2_s1,-1.8501341,2.18754,0.43324837,-0.35981292,0.9656088
CATCGGGAGTATGACA-1-gPlexB2_s1,-1.0767119,1.7484174,0.3857194,0.039016373,0.4920771
AACCATGTCTCTGTCG-1-gPlexB7_s1,7.701167,-1.0656488,-1.0602019,-0.54481065,0.8998562
GCGAGAAAGTCCTCCT-1-gPlexB5_s1,0.8228506,-0.23833701,-0.20199627,0.24380699,0.77555925
GTTCATTCACGGATAG-1-gPlexB7_s1,-1.1167992,2.001561,-0.13905825,0.81768984,0.65086067
GTTACAGTCATGCATG-1-gPlexB3_s1,8.146356,-1.0308498,-1.5665659,-0.32538313,1.4105617
CTTCTCTCACTGTTAG-1-gPlexB1_s1,6.1100016,-1.1550794,-1.3199788,-1.7375818,1.8633842
CTGTGCTCAAACCTAC-1-gPlexB5_s1,7.3531294,-1.7261685,-1.6716214,-0.89939433,-0.13357094
AGACGTTGTTGGTTTG-1-gPlexB6_s1,-1.3818984,2.925973,0.008288406,0.111687884,-0.11721207
TACGGATAGTCCAGGA-1-gPlexB2_s1,0.029960468,-0.25044647,-1.2539374,0.44905028,0.21154192
TCGCGTTTCCGTTGCT-1-gPlexB1_s1,-1.3503568,2.8626466,-0.777506,-0.031479836,0.57255423
ATGTGTGTCACAACGT-1-gPlexB5_s1,0.5083474,0.04409445,-0.077798955,-0.50399274,1.3496867
ATCATGGAGAGCTATA-1-gPlexB1_s1,7.1385655,-0.8780713,-0.38614744,0.20275412,0.80968237
TAGCCGGAGGCCCTCA-1-gPlexB6_s1,7.551009,-1.4846002,-1.6479833,0.08435522,2.0826962
ACGCAGCTCTGTCTAT-1-gPlexB7_s1,8.287397,-1.2644019,0.0054142093,0.6208805,1.3095343
GCATGCGCAATTGCTG-1-gPlexB7_s1,8.863083,-1.1567993,-0.87044924,-0.9088915,1.9597983
GGTATTGCATGTAAGA-1-gPlexB5_s1,-0.6512129,-0.022880204,-0.5246979,1.891833,0.08694717
ACGCAGCTCTTAACCT-1-gPlexB6_s1,0.50201195,-0.40337187,-0.32311958,-1.0342973,1.6443639
CACAGTATCTGCAAGT-1-gPlexB6_s1,0.16282345,-0.32292554,0.12538297,-0.13527194,0.08155671
CACACCTTCAACACGT-1-gPlexB6_s1,0.4695727,-0.5591466,-0.2863433,0.085682124,0.059485584
CTCGAAATCGGAATCT-1-gPlexB7_s1,7.830825,-0.8860621,1.1139271,-0.31250864,2.7225275
CAGTAACCAGTGGAGT-1-gPlexB4_s1,0.55014986,-0.39655897,0.21207215,-1.0212202,1.902286
TCTCTAATCCCTAATT-1-gPlexB6_s1,8.850326,-1.1133702,-1.4521081,0.121150866,0.59169656
GTGCTTCAGCCGATTT-1-gPlexB6_s1,0.18114355,-0.26594523,0.2674622,1.5845662,-0.012144059
CAACTAGGTCGCATAT-1-gPlexB6_s1,0.4287995,-0.20839465,-0.029228585,-0.21146509,1.7713853
TTTGGTTCATCCAACA-1-gPlexB1_s1,0.124960855,-0.31333,0.65815187,-0.5436122,2.0211444
CAACCTCCAAGACACG-1-gPlexB6_s1,-1.3184807,1.8690975,0.89227253,-0.10461927,2.6710575
GGGCATCCATTTGCCC-1-gPlexB6_s1,1.2907315,0.18706378,0.57257795,-0.3850311,2.69185
TCAGCAAGTCCCGACA-1-gPlexB4_s1,-1.1645979,2.9596257,0.74160135,-0.17311811,0.90494466
GACGCGTGTAAAGGAG-1-gPlexB5_s1,0.90414184,-0.47367725,-0.66266316,-0.6778358,1.2997724
AACTTTCCAGACGCAA-1-gPlexB6_s1,-1.985341,3.0015955,0.23657475,-0.3135056,-0.2276373
GGAAAGCGTCATGCCG-1-gPlexB5_s1,7.377557,-0.47001937,2.2709649,-1.3262366,1.5336449
TCCCGATGTATAGGGC-1-gPlexB7_s1,-1.3678107,2.5752223,0.18927906,0.98342085,1.4500082
TTGCGTCGTCCATGAT-1-gPlexB4_s1,-0.06912661,-0.14229986,0.8711594,-0.066254035,0.25093046
TATCTCAAGTGCCATT-1-gPlexB6_s1,0.6002904,-0.33676493,-1.09585,0.41757393,0.40735644
GCGCAGTGTGCAGTAG-1-gPlexB2_s1,0.5141704,-0.19379982,-0.36073068,1.8234392,-0.036756784
CGTAGGCAGCTGTCTA-1-gPlexB3_s1,0.5112165,-0.46377483,0.5230877,-0.058308497,-0.69445926
GTTACAGGTAGCGATG-1-gPlexB3_s1,-0.19401708,-0.30804962,0.056620296,1.9656725,-0.21947281
ACGCCAGAGCAAATCA-1-gPlexB5_s1,-1.0335022,2.5594504,0.5491992,-0.7379191,0.85834956
ACGAGGATCTGAGTGT-1-gPlexB2_s1,8.486175,-0.93500763,-1.4487926,-0.62385654,1.7217287
TTGCCGTAGCTTTGGT-1-gPlexB2_s1,6.6999564,-0.9489352,-0.5008168,-0.61569905,1.4455965
TGACAACAGGGTCTCC-1-gPlexB1_s1,-2.0001993,2.6486204,0.7134134,0.20662989,1.8191882
GTGCGGTTCCGGGTGT-1-gPlexB4_s1,-1.1731839,2.9005504,0.8566704,-0.5394971,-0.055981725
GCATGCGTCTACCTGC-1-gPlexB4_s1,-1.5748653,2.503863,1.1005958,-0.032614373,1.0622706
ACGTCAAGTATGAAAC-1-gPlexB2_s1,0.7184025,-0.48146796,0.38799602,1.2874546,3.1911352
CGTTGGGAGTGATCGG-1-gPlexB5_s1,9.299257,-1.3245052,-0.8219609,-0.9884308,2.0042896
GATCGCGCACACCGCA-1-gPlexB1_s1,0.2248028,-0.16757867,0.03187123,-0.42764044,1.6598425
ACGGCCATCCACTGGG-1-gPlexB6_s1,0.2105402,-0.04350215,0.66037863,1.6472496,0.52120686
GGCCGATTCGCGTTTC-1-gPlexB7_s1,1.1146187,0.0043972805,-1.6201584,-0.19842546,0.4807968
CTGCGGAAGGTGACCA-1-gPlexB7_s1,-1.4519535,2.4665895,0.40647236,-0.07321572,0.91956973
TGCCCTAAGCGTCTAT-1-gPlexB6_s1,0.5918084,-0.18840247,-0.19918716,-0.3698347,1.8316836
TGCCAAAGTAAGAGGA-1-gPlexB7_s1,-1.243289,2.6325212,1.1946115,-0.032203674,1.2385274
CAGCTGGTCGTCACGG-1-gPlexB6_s1,6.9231577,-0.3564766,-1.0117306,-0.18595892,1.3732686
ACGAGCCAGAAGGTGA-1-gPlexB5_s1,7.393819,0.073816314,2.019667,-0.5235039,1.6752785
ACGAGGATCATTCACT-1-gPlexB3_s1,-0.959361,2.1302164,1.020958,0.004712537,-0.14632398
TCATTACGTCACTTCC-1-gPlexB4_s1,-1.095435,1.9990655,0.62393016,0.2422039,1.3374523
ACGGAGACAAGAAAGG-1-gPlexB3_s1,5.4506216,-0.6248206,-0.7832002,-1.050849,1.5922751
ACTTGTTTCGGAAATA-1-gPlexB7_s1,7.743493,-1.2371651,1.7070403,-2.0964267,2.6724775
GATCTAGTCTTCGAGA-1-gPlexB7_s1,0.0547773,-0.41679916,0.37920842,-0.3601481,0.7658714
CTAGCCTAGATAGGAG-1-gPlexB4_s1,0.29695606,-0.6876726,0.5357322,1.100666,-0.46249455
CATATTCCATTCACTT-1-gPlexB2_s1,-0.04544142,-0.1844097,-0.49657506,-0.3940029,2.3504956
AACTCTTCATTGAGCT-1-gPlexB7_s1,1.009188,-0.574574,-0.4618355,-0.42842746,3.1107278
CTCTACGAGGCAGGTT-1-gPlexB6_s1,0.13883504,-0.5078998,0.5322608,1.108203,-0.87050486
ACTGCTCTCGTAGGTT-1-gPlexB4_s1,0.17392142,-0.04371233,0.27061957,-0.50975305,0.20022595
CGGAGTCAGACTAGGC-1-gPlexB7_s1,-0.8944902,2.3911295,1.0653418,0.09356849,2.0493767
GTTTCTACACCAGGTC-1-gPlexB3_s1,0.75294125,-0.5685015,0.37934145,0.093554966,1.1212797
CCCAGTTAGAGAACAG-1-gPlexB7_s1,-0.36680245,2.4545584,0.9478197,-0.22684056,1.9026681
GGACAGAGTAGGGTAC-1-gPlexB3_s1,0.5740577,-0.09486913,-1.5795642,-0.49118537,0.67373645
ACATCAGTCCTAGAAC-1-gPlexB6_s1,0.42764932,-0.4905161,-0.031063689,0.9335774,0.87551177
TGCCCTATCTCGAGTA-1-gPlexB3_s1,-0.9495619,2.1759253,0.90319777,-0.21224412,1.7213858
CGTGTAATCGCGTTTC-1-gPlexB4_s1,-1.0031797,1.9806926,0.6611058,0.20986845,0.83135104
GTCAAGTCAGGCAGTA-1-gPlexB5_s1,7.7246604,-0.38230702,1.0375344,-1.6512144,1.2222039
ACGATACTCCGCATCT-1-gPlexB1_s1,0.19445965,0.056461878,1.7820262,-0.08844589,1.0128484
AGAGTGGGTGACCAAG-1-gPlexB6_s1,-1.7105514,2.5443172,0.8683123,-0.16842115,2.9085376
AGGTCCGCACGTCTCT-1-gPlexB3_s1,0.6813781,-0.32813367,-0.79851145,-0.39696962,0.84835786
AGTGTCATCGCTTGTC-1-gPlexB1_s1,-1.4486763,2.457453,0.23703231,-1.512121,1.2422627
GTAACTGCATCGGAAG-1-gPlexB3_s1,-0.0669398,-0.2662893,0.63797235,-0.4645046,1.7030823
GATCGATGTGGTACAG-1-gPlexB7_s1,0.3389119,-0.12640688,-0.58262694,-0.4740194,1.5151639
ATCTGCCTCGCCGTGA-1-gPlexB4_s1,8.780889,-1.0338206,-0.17028736,-0.18206686,1.7356122
GGCAATTCAGTGGAGT-1-gPlexB3_s1,0.16232893,-0.443798,-0.15763733,0.41289562,1.6236355
AACCATGGTTAGATGA-1-gPlexB3_s1,0.3540088,-0.32707864,0.9489288,-0.3513109,-0.08160812
ATAACGCAGCTCCTTC-1-gPlexB5_s1,-1.1253049,2.6124103,0.97532725,0.2234892,0.46372595
GCGCCAAAGAAGGACA-1-gPlexB6_s1,0.26896665,-0.5084581,0.43761128,1.4530921,0.32341063
TAGTGGTGTACAGACG-1-gPlexB5_s1,-0.08076754,0.24603438,0.09707722,-0.5844006,2.5123563
CGGTTAAAGTCGTACT-1-gPlexB2_s1,8.143974,-1.5009819,0.002485686,-1.3699673,2.1327233
ACACCAAGTCAAAGAT-1-gPlexB7_s1,8.604843,-0.91635114,-0.8474426,-1.4992529,0.89418215
GCTGGGTTCCACGCAG-1-gPlexB7_s1,5.772907,-0.41888696,-0.85410005,-0.12036343,1.903799
AAACGGGGTGCTCTTC-1-gPlexB7_s1,-1.3016967,2.1841269,0.9537692,-0.42430526,0.9462589
TGGACGCGTGATAAGT-1-gPlexB6_s1,0.12406242,-0.10364287,-0.42006725,0.07535325,1.4689841
TGCTGCTCAGCTTCGG-1-gPlexB2_s1,0.055185415,-0.35920778,0.11653361,-0.21251772,1.377537
GTCCTCATCCATGCTC-1-gPlexB3_s1,0.4794538,-0.60954845,0.26843917,1.9670565,-0.04721436
GTGCGGTGTCGTGGCT-1-gPlexB7_s1,-0.22276537,-0.23921354,0.6782598,-0.22101763,1.2079183
CGGGTCATCCTCAACC-1-gPlexB3_s1,0.6034475,-0.563923,-0.79151,-0.6653923,2.189536
TTCTACAGTTCCATGA-1-gPlexB5_s1,-0.14823663,-0.1385184,0.27468342,-0.32322675,2.134999
GAATAAGGTACTCAAC-1-gPlexB2_s1,0.025433414,-0.2743326,0.8499205,0.27953202,1.2602637
CGTCTACTCGTGGGAA-1-gPlexB3_s1,-0.14546439,-0.36723408,0.2940558,1.061604,1.5128084
CGACCTTGTGAGTATA-1-gPlexB3_s1,0.51442665,-0.28247154,0.2828802,-0.65899354,0.7120874
ATTTCTGCATTGGCGC-1-gPlexB7_s1,0.5621266,-0.44174132,-0.6033023,-0.5867369,1.3193909
ACTGAGTCACGACGAA-1-gPlexB1_s1,-0.28421685,-0.28158563,-0.20180984,1.1918555,-1.0936418
ACAGCCGGTACTCAAC-1-gPlexB5_s1,8.013401,-0.7707472,-1.2451025,-0.2271862,1.6560117
TACGGATTCGGACAAG-1-gPlexB7_s1,0.6143015,-0.23166344,0.22317427,0.6104169,0.31322902
CTCGGAGAGCTACCGC-1-gPlexB5_s1,-0.29999512,2.5264397,0.09176252,-0.29621467,-1.0862389
GTGCTTCCATAGTAAG-1-gPlexB1_s1,-0.26344496,-0.11301059,-0.44156626,-0.22314057,1.1585269
GGACATTGTAGAGCTG-1-gPlexB4_s1,-1.7075306,2.500926,0.048745636,-0.18668833,1.3910787
GGTGTTAGTCCAACTA-1-gPlexB4_s1,0.2008996,-0.3864959,0.033018805,0.028014928,0.4415899
CCTACCAGTCTAGTCA-1-gPlexB1_s1,0.44804916,-0.42091742,0.09898016,-0.67285645,-0.18267271
AGTGGGAGTGCGATAG-1-gPlexB2_s1,9.343647,-1.0725424,-1.2931312,-0.2777664,-0.031564385
GTACTCCGTGCCTGGT-1-gPlexB5_s1,0.13142481,-0.36264795,0.3965075,-0.23036417,-0.08632432
CGTGTCTGTACACCGC-1-gPlexB1_s1,-0.04379323,-0.3503573,0.6780133,-0.5473236,0.11970103
ACACCCTAGGCATGTG-1-gPlexB6_s1,-0.098483965,-0.09710847,-0.2789518,-0.32232732,1.0790901
TATCAGGTCCGTAGTA-1-gPlexB7_s1,0.2907376,-0.42435908,-0.27165562,1.4431167,-0.251175
CGACCTTCAGAAGCAC-1-gPlexB2_s1,0.3750337,-0.25150928,-0.047887553,-0.35649738,0.9926974
TTCCCAGAGTACGCCC-1-gPlexB2_s1,-0.08154365,-0.57980347,0.59314173,-0.91836,2.7081811
GTGCAGCCACAGGAGT-1-gPlexB5_s1,8.526307,-1.3093264,-0.67924905,-1.0984399,1.7804503
TGTATTCTCGTAGATC-1-gPlexB7_s1,8.345407,-1.0888028,2.3581746,-2.0482192,4.634383
AAAGTAGGTCTCCATC-1-gPlexB5_s1,6.80411,-0.011466898,0.27062708,-0.17753336,-0.027756006
CAACCAATCCATGAGT-1-gPlexB2_s1,8.889407,-1.4073461,-1.2156593,-0.11913718,1.7488657
CCACGGATCTTTCCTC-1-gPlexB2_s1,0.09442961,-0.4403629,0.72986203,-0.0048719645,1.9010755
CTGGTCTGTAGGCTGA-1-gPlexB2_s1,0.55522466,-0.2673511,0.011373747,-0.5935244,0.96482825
TCGCGTTTCGCCGTGA-1-gPlexB2_s1,0.57191193,-0.37566426,-0.12510814,0.68474495,0.22934738
GCAGTTACACTTAAGC-1-gPlexB7_s1,-0.32338855,0.68128186,1.0745203,-0.08267106,0.85537994
ATCCGAAGTCGGATCC-1-gPlexB6_s1,6.6419377,-0.20049864,-0.80209434,0.9839926,1.6722702
TTAGGACTCCTCATTA-1-gPlexB2_s1,0.2991662,-0.01582864,-0.12977579,0.597855,0.58323306
GCGCAGTAGTGAATTG-1-gPlexB7_s1,-1.3799777,2.3635917,0.34595516,-0.03634745,0.32741997
CACAGTAGTATTACCG-1-gPlexB6_s1,7.855627,-0.5874442,-0.56097627,0.19107342,1.538255
TAGGCATCACAGGAGT-1-gPlexB2_s1,7.8068156,-0.45826614,-1.5624043,-0.9072311,0.76822805
AAGGTTCGTAGTGAAT-1-gPlexB5_s1,6.4545074,-1.049898,-0.55916965,-1.304455,0.51418924
ATAACGCTCTGGCGTG-1-gPlexB1_s1,0.36324698,-0.3326366,-0.23915349,-0.27324188,1.9679713
TATCAGGTCGCAAACT-1-gPlexB3_s1,-1.6273688,2.4466116,0.6611705,-0.48241904,-1.0135157
CGGACGTGTAAGGGAA-1-gPlexB6_s1,0.31435695,-0.3825485,-0.25832367,-0.22397861,1.4555314
CGTCAGGAGTTGAGTA-1-gPlexB6_s1,-2.4755898,2.9627032,0.67595214,0.2911039,0.56552887
ATCATCTCATGACATC-1-gPlexB2_s1,6.648787,-0.6744962,1.6901107,-1.1154832,1.1574223
CTGCGGAAGTGATCGG-1-gPlexB3_s1,-0.0029395148,-0.47800034,-0.2805804,1.3539925,0.61501145
TCACGAAGTTACCAGT-1-gPlexB3_s1,-2.1042454,2.6546862,0.58032537,-0.49608877,2.0601761
CGTCAGGCAGTTAACC-1-gPlexB3_s1,-0.05681663,-0.2364733,0.5259003,-0.56386536,1.7045411
GGTATTGTCCTCAATT-1-gPlexB6_s1,0.2999159,-0.2651071,-0.2244195,-0.9681723,0.98571384
AAGGTTCTCGACAGCC-1-gPlexB3_s1,-1.2745229,2.7348185,0.5290937,0.21784492,0.72388834
CTAATGGCAGCTGCAC-1-gPlexB1_s1,0.2906736,-0.36091855,0.64679354,-0.13632585,0.8415946
ACGCCGATCCTCGCAT-1-gPlexB7_s1,1.1158726,-0.09078768,0.26182446,-0.62766165,1.8266454
GACGGCTAGGACTGGT-1-gPlexB5_s1,1.0420126,-0.09189915,0.052939415,1.0509884,4.233035
ACCGTAAAGACCACGA-1-gPlexB6_s1,0.19254296,-0.3949423,0.7019666,-0.24714065,1.1924131
TAGTGGTTCTCATTCA-1-gPlexB6_s1,0.03348782,-0.7990645,0.79404354,1.9985002,0.64856756
CATTCGCAGCTAAACA-1-gPlexB1_s1,1.0675153,-0.2913883,-0.046305913,-0.8118217,1.9665791
CGTGTCTCAGTACACT-1-gPlexB4_s1,0.8080566,-0.51880056,0.041801315,-0.7695263,2.2571208
CTAATGGTCTGGAGCC-1-gPlexB5_s1,-1.8522567,3.2458057,0.17483556,-0.20193046,0.9791661
GCATGATCAACAACCT-1-gPlexB7_s1,0.1768001,0.2791174,-0.42983472,-0.46540475,2.193973
TCTTCGGAGGTAGCCA-1-gPlexB5_s1,0.140255,-0.16197866,-0.33490333,-0.103611596,0.94634897
CGTTGGGAGACAAGCC-1-gPlexB2_s1,-1.0322498,2.6912248,0.26010975,-0.30432498,1.8817462
TGCGCAGAGTCGATAA-1-gPlexB3_s1,-2.3936691,2.6268935,1.0275576,-0.20024765,0.8181195
GTCGGGTCAGACGCTC-1-gPlexB3_s1,0.474758,-0.2866161,0.4600545,-0.22657233,0.6807697
CCACCTATCAGGTAAA-1-gPlexB3_s1,0.54174715,-0.4063347,-0.60762113,-0.15388736,1.0920405
CGAGAAGCAGGGCATA-1-gPlexB5_s1,8.581635,-1.1535232,-0.06332447,0.67990386,1.8593456
CCGTTCACATGGGAAC-1-gPlexB6_s1,-1.2000182,2.9646459,0.528384,0.14570288,0.4825882
AAGACCTTCACCGTAA-1-gPlexB4_s1,0.36188897,-0.39682373,0.67905784,-0.26519898,1.6538569
CGATTGACAAGGACAC-1-gPlexB2_s1,7.432429,-0.58427465,-0.5238786,-0.0056258217,2.5722077
AGGCCGTAGGCTATCT-1-gPlexB6_s1,-0.7590822,2.0933287,0.823296,-0.35899904,0.58977056
TCAATCTAGGCGTACA-1-gPlexB2_s1,0.0016403794,0.07524143,-0.13913462,-0.4078524,1.0498207
CTCCTAGCAGATCTGT-1-gPlexB6_s1,0.9498146,-0.16178933,0.45099616,-0.54577315,1.5099505
CAGCGACTCGACCAGC-1-gPlexB2_s1,0.0712354,-0.24395376,-0.04730257,-0.14371178,1.5742017
AACTCTTGTCGCTTTC-1-gPlexB2_s1,0.4353394,-0.46569133,0.22232135,0.97828084,0.51171315
GGGTCTGCAGATGAGC-1-gPlexB4_s1,-2.1128223,2.4369347,0.49904066,-0.87256014,0.41940692
TGACGGCCAGTGGAGT-1-gPlexB3_s1,-1.3469539,2.690866,0.37506646,-0.6845228,1.0097778
TGTTCCGTCTCGATGA-1-gPlexB4_s1,7.6547165,-1.1473868,-1.5801537,-0.89123183,1.1871668
ACCGTAAGTCGCCATG-1-gPlexB3_s1,-0.15905595,0.29509315,-0.05135028,0.28763944,1.0522202
ACGGGCTCAGAAGCAC-1-gPlexB6_s1,0.47579148,-0.35224208,0.024461403,-0.6721537,1.0266752
TTCTACAAGGCCCGTT-1-gPlexB1_s1,-1.1645583,2.1042736,0.4817862,-0.1553657,-0.21906056
AAGCCGCCAAACCCAT-1-gPlexB3_s1,-1.614409,2.9607902,0.9805208,-0.23230147,2.4253063
TGAGCCGAGTAGCCGA-1-gPlexB6_s1,-0.91121817,2.2001188,0.47561958,-0.13133745,-1.0078259
ACGAGCCTCGTGGTCG-1-gPlexB4_s1,0.70075405,-0.6432229,-0.24493639,-0.19771978,0.004068494
ATCCGAATCATAAAGG-1-gPlexB6_s1,6.7357287,-0.55981594,1.8273833,-1.1795981,2.661599
GACCAATCAGGAACGT-1-gPlexB4_s1,7.786606,0.068077765,-0.5565315,-0.41699013,1.5094239
CCTTTCTTCAAACGGG-1-gPlexB5_s1,0.10662319,0.16316026,-0.0483663,-0.43564513,2.478994
TCGCGAGTCACTGGGC-1-gPlexB2_s1,6.2077947,-0.44340077,0.08258366,-1.2457573,1.9438348
CAAGAAATCCCACTTG-1-gPlexB2_s1,-1.3539646,2.5840693,0.2944151,0.15620366,1.0553011
AACGTTGAGTTGAGTA-1-gPlexB3_s1,-1.3732703,2.5712626,1.1838511,0.08005944,0.24510035
GGCGTGTGTCCCGACA-1-gPlexB5_s1,-0.01758939,-0.05756877,-0.23869602,-0.762943,1.4657648
GGTATTGAGATTACCC-1-gPlexB6_s1,-0.23973608,-0.06972377,0.4953941,1.6213013,-0.45769233
CACACCTTCTGCTGCT-1-gPlexB4_s1,-1.2525381,2.515153,0.8581579,0.24346434,2.729164
ACACTGAGTAGGGACT-1-gPlexB1_s1,0.10049729,0.19764794,-0.010063172,-0.81175375,2.256265
GTTCGGGTCAGTACGT-1-gPlexB5_s1,0.14335814,-0.14341506,0.09147179,-0.30120158,0.503369
CCATTCGCATTCTCAT-1-gPlexB1_s1,0.68639994,-0.6216644,-0.13155127,-0.75344217,0.7594093
TTCGGTCCAATGCCAT-1-gPlexB6_s1,0.97475266,-0.65113074,-0.090969995,0.9363897,2.4681182
CAGATCAGTCTCTTAT-1-gPlexB3_s1,-0.09236747,-0.4775848,0.4083929,1.3604249,0.12062201
TGCGTGGTCGCATGGC-1-gPlexB1_s1,0.2722505,-0.60065854,-0.24508151,0.23806651,0.5234355
ATCGAGTGTAGGCATG-1-gPlexB3_s1,0.39977288,-0.47248492,-1.0806036,-0.24772465,0.9693495
TCAGCTCTCATGTCCC-1-gPlexB4_s1,0.09371808,-0.48012993,-0.08752866,1.1071562,-0.22142345
CCTCTGATCCAGAAGG-1-gPlexB1_s1,0.44900817,-0.7862432,0.7873918,-0.3744112,-0.121234626
GATCAGTAGCGATAGC-1-gPlexB4_s1,0.42655906,-0.25108618,0.59784675,-0.07587494,0.7705592
TAGTTGGGTAAGAGGA-1-gPlexB5_s1,-0.11173388,-0.6129327,-0.5792749,1.8156154,0.07973245
CGTCTACCACCATGTA-1-gPlexB1_s1,0.3998584,-0.034549043,-0.27970687,0.023847967,-0.11797127
CTCTACGAGCAGCGTA-1-gPlexB2_s1,-1.244376,2.7291415,0.075869165,-0.11328935,-0.27293313
CGATGGCTCACTATTC-1-gPlexB6_s1,7.315541,-0.53679043,-1.110733,0.49831188,0.86466575
ACCCACTCACAACGTT-1-gPlexB7_s1,7.4479957,-0.3851474,-1.4903903,0.0225873,1.45772
GCGCAGTAGTTAGGTA-1-gPlexB3_s1,0.24021699,-0.31729782,0.13136065,-0.14288521,1.1318148
ATCCACCGTAAAGTCA-1-gPlexB5_s1,-1.2255664,3.1825726,-0.0028324388,-0.25108522,0.19769037
AAGTCTGTCGCCAAAT-1-gPlexB3_s1,0.1554628,-0.2915039,0.24444562,-0.33093017,1.1013091
AGCTCCTGTCAATGTC-1-gPlexB5_s1,0.35481203,-0.17447847,0.18974124,0.07294996,0.8474677
ACGCCGACAGATGGCA-1-gPlexB7_s1,9.218906,-0.76122564,1.5339447,0.14361925,1.745806
GACTACAAGACTTTCG-1-gPlexB2_s1,7.655013,-1.0352194,1.6657795,-1.0342181,3.4215546
ACTTTCAAGCGCTCCA-1-gPlexB2_s1,7.5832834,-0.9100998,-0.13506459,-0.31631812,1.2269571
TTGCGTCTCGCTTAGA-1-gPlexB3_s1,-2.5821826,2.8879347,0.11810816,0.47086692,0.38728234
TAAGTGCCAAGGGTCA-1-gPlexB7_s1,1.1380903,-0.4055871,-0.19864248,0.014909722,1.3378987
GGGTTGCCAGATCTGT-1-gPlexB5_s1,7.717146,-1.2525721,-0.7580023,-1.6781528,-1.2575722
ATCGAGTAGGAGTTGC-1-gPlexB6_s1,-1.0414655,2.5618947,0.023543075,-0.07622554,1.2239441
TCTGGAAAGCGATGAC-1-gPlexB6_s1,-0.0328743,-0.23026203,-0.8809344,-0.27538982,-0.5823432
GAGCAGAGTGAAATCA-1-gPlexB4_s1,0.015987355,-0.39790142,0.15061814,1.0409358,-0.26514858
CTGATAGGTCATACTG-1-gPlexB6_s1,7.6671324,-0.49686593,-0.9213658,-0.08591712,2.3426363
TAAGTGCTCGCCATAA-1-gPlexB7_s1,9.078913,-1.185739,-0.92323756,-1.3914927,0.08535428
CAGCCGATCACAGTAC-1-gPlexB1_s1,7.7494407,-0.53357905,-1.0977054,-2.2808938,1.125331
CTGGTCTTCCAAACAC-1-gPlexB3_s1,-0.21901548,-0.48975793,0.20668036,1.06978,-0.6496844
AGGGAGTGTTCACGGC-1-gPlexB2_s1,6.231233,-0.20136869,-1.3343886,-1.0821781,1.3628252
ACACCGGAGCACCGTC-1-gPlexB3_s1,-1.2751043,2.744597,0.22148293,0.53193724,-0.5475434
CCGTGGAGTATCTGCA-1-gPlexB3_s1,-1.2859852,2.756828,0.46736234,0.26916724,0.21416323
ACCCACTTCCAGAAGG-1-gPlexB4_s1,-1.7931029,2.2109594,0.33484772,-0.17712983,0.20407301
ATTACTCTCAGCTCGG-1-gPlexB1_s1,-0.06700092,0.057225287,-0.3162056,-0.33933616,2.3625255
TTTGGTTCAAAGCAAT-1-gPlexB7_s1,5.073659,-0.6435569,-1.3465796,0.53511274,1.6755719
GCTGCTTTCGGTTCGG-1-gPlexB4_s1,7.662176,-0.7723355,-0.6598864,-1.1969194,2.186676
TTGGCAACATCGGGTC-1-gPlexB5_s1,0.36836734,0.23814331,0.3651732,-0.66716284,2.0622277
AAGGTTCTCGCTGATA-1-gPlexB3_s1,-2.003015,2.131017,0.74549156,0.15550607,1.6590464
CTCGGAGAGGGAAACA-1-gPlexB6_s1,0.5893153,-0.1085705,0.3392894,0.026196033,2.3633358
AAAGTAGAGGACACCA-1-gPlexB4_s1,0.2633133,-0.3004105,-0.26251465,-0.43555546,2.0968072
TGCACCTAGCCCAACC-1-gPlexB6_s1,0.8588926,-0.46180642,0.50395936,0.2089715,2.2563493
ACACCGGTCCGCTGTT-1-gPlexB7_s1,-0.203625,-0.29740494,-0.123365715,0.66614926,0.14966592
GTGCAGCAGCGCCTCA-1-gPlexB6_s1,7.3250523,-0.74888015,-0.5897106,-0.60907876,2.279198
ATTCTACTCTAACTGG-1-gPlexB2_s1,8.790697,-0.7802899,-1.2229962,0.6260739,1.7526878
GCATACAAGACCGGAT-1-gPlexB2_s1,8.826063,-1.3645962,-1.0005596,-0.111375876,1.3589543
GTGCATACAATGAAAC-1-gPlexB3_s1,-1.7680742,2.6741517,0.5672534,-0.010498755,1.467512
CTTAACTCAATGCCAT-1-gPlexB3_s1,0.40496823,-0.33705792,-0.023385793,-0.56487846,1.643713
GGTGCGTGTTGAGGTG-1-gPlexB4_s1,0.70976186,-0.38662735,-1.8853188,0.14601225,0.8357503
CTGCGGAGTCCTCTTG-1-gPlexB6_s1,0.28408253,-0.19768807,-0.03641194,-0.11705834,0.44411257
TGGGAAGAGCGAAGGG-1-gPlexB5_s1,0.19391009,-0.4931423,0.32103583,1.3695694,0.13610989
TCTCATACAGGCTGAA-1-gPlexB4_s1,0.102399506,-0.5298955,0.08465897,-0.509037,0.30224937
TCATTACTCCGAAGAG-1-gPlexB7_s1,8.314093,-0.5230148,0.15079136,-0.27887887,1.6429576
CTTTGCGCAGCATACT-1-gPlexB4_s1,-0.19793078,-0.478391,0.50834197,-0.24596256,-0.3997596
TCGGGACCATACGCCG-1-gPlexB4_s1,0.36546707,-0.5000933,0.4372864,-0.60867023,0.7952168
CTCATTAGTGATAAGT-1-gPlexB2_s1,0.24064119,-0.37097728,-1.436688,-0.32870597,0.9453448
GTAGGCCAGGCCCTTG-1-gPlexB5_s1,0.33541518,-0.5437365,-0.38359082,-0.46633643,2.1514406
ACGCCAGGTTTACTCT-1-gPlexB2_s1,0.46375757,-0.061198294,-0.8255977,-0.102697015,1.1564946
GTGCAGCAGTACGATA-1-gPlexB3_s1,0.36416104,-0.18137385,0.2903668,-0.6257038,2.2800174
TCGCGTTGTGCTTCTC-1-gPlexB4_s1,-0.4808507,2.3032656,0.6717697,-0.67165035,0.547415
TAGACCATCCTTTACA-1-gPlexB3_s1,-1.1953528,2.6102965,0.19483513,-0.9635695,2.2616148
CTGTGCTCAAACTGTC-1-gPlexB6_s1,0.39668655,-0.22609663,0.4013083,0.19139998,0.56908035
GACGGCTTCGGCCGAT-1-gPlexB4_s1,9.178559,-0.8311058,-1.3801206,0.13939503,1.9087576
TGCGTGGTCCTGTAGA-1-gPlexB1_s1,0.2572776,-0.22274305,0.18236436,1.4739249,0.5676272
TAGACCAAGAACAACT-1-gPlexB6_s1,8.054973,-1.375383,-0.5612121,-0.07777068,1.0196525
GTAGGCCGTCCGCTGA-1-gPlexB7_s1,7.524501,-0.7825695,0.8825606,-1.5045462,2.5460904
CACAGGCTCTTCCTTC-1-gPlexB1_s1,8.483337,-1.132357,-1.1035477,-0.17039485,2.7097054
AGAGTGGCACACGCTG-1-gPlexB5_s1,7.64002,-0.8831873,-0.78107977,0.08334181,3.1367443
TAGACCAGTGCACCAC-1-gPlexB4_s1,6.953893,-1.0336597,-1.1052705,-0.089569755,2.9633322
GGACGTCTCATCGGAT-1-gPlexB6_s1,7.23088,-0.6365662,0.9841076,-0.5676553,0.57694817
TATGCCCTCGCTTGTC-1-gPlexB5_s1,0.61529106,-0.4060136,-0.5754596,-0.39672047,1.1308545
ACTGATGGTCTCAACA-1-gPlexB7_s1,7.6574616,-1.2463137,0.4562441,-1.3043684,2.601175
TGAGCATCATGACATC-1-gPlexB1_s1,-1.0930302,2.5467827,-0.28846312,-0.16960385,1.6441028
CATCAAGTCGATGAGG-1-gPlexB5_s1,0.07012748,-0.5389461,-0.72112954,-0.27531496,1.0581106
AGTGAGGAGATATACG-1-gPlexB3_s1,0.3755356,-0.5714277,-0.0496255,0.62902117,1.1168842
ACCAGTATCGTTACGA-1-gPlexB6_s1,-1.3597441,2.7585175,-0.13318871,-0.017550334,1.8473588
CAGTCCTTCGCCATAA-1-gPlexB6_s1,7.5686054,-1.0390078,1.6128751,-0.28601986,1.2628033
CTCAGAAAGGAGTCTG-1-gPlexB2_s1,7.4957285,-0.5574276,-0.5033306,-0.61082274,2.92348
CACCTTGGTATATCCG-1-gPlexB3_s1,-1.2465633,2.6088705,0.9802395,-0.21961981,1.0043967
CACTCCACAGAAGCAC-1-gPlexB5_s1,-1.1453037,1.941231,0.6047184,-0.52572805,1.6099789
CCCAATCCACACCGCA-1-gPlexB5_s1,0.4926418,-0.68111545,0.048040297,-0.36957282,1.2894633
TGAAAGAGTTACGTCA-1-gPlexB3_s1,-1.4274311,2.311788,0.3564231,-0.27516517,1.0671833
CCATGTCAGTTTAGGA-1-gPlexB3_s1,0.20200169,-0.32845902,-0.6858109,-0.07894227,0.4476432
GCTGGGTAGCTACCTA-1-gPlexB4_s1,-1.4343827,2.7756083,0.67258334,-1.0958945,1.4567642
CCTAGCTTCCTATGTT-1-gPlexB3_s1,-1.8156143,3.0051577,1.1460562,-0.121757776,0.24377054
CCAGCGAGTGCCTGCA-1-gPlexB1_s1,-0.06517992,-0.26977956,-0.35893348,-0.3188653,0.6464715
TCAGGATGTGCCTGTG-1-gPlexB4_s1,0.6525854,0.033669278,-0.62126964,-0.5941246,0.80092394
AGTTGGTAGCCGCCTA-1-gPlexB7_s1,0.8225561,-0.19614968,0.10663769,0.2705393,0.5548272
CAACCTCGTAATCACC-1-gPlexB4_s1,-1.6922332,2.3629665,-0.4755251,-0.536222,0.46844792
CTCTGGTTCACAATGC-1-gPlexB2_s1,-1.2771696,2.5604684,0.5782241,-0.106323406,1.5423183
ATAACGCAGTGCTGCC-1-gPlexB3_s1,-0.20521282,-0.4235475,0.8227953,1.5865086,-0.82340395
AAGACCTGTTGATTCG-1-gPlexB4_s1,7.7169433,0.047072783,-0.9002693,-0.03613931,0.19502273
CCATTCGAGTTACGGG-1-gPlexB4_s1,-1.01245,2.768157,0.6320935,0.41840702,1.4634093
GGGAGATGTCTAGGTT-1-gPlexB7_s1,0.07997093,0.30514744,-0.62490267,-0.30365795,0.9855831
TCAGATGAGAGCCCAA-1-gPlexB2_s1,0.32082662,-0.14593047,-0.73469526,-0.21939182,3.2518628
GGATTACCAGATTGCT-1-gPlexB6_s1,0.24945405,-0.24847406,-0.00063225254,-0.29492843,0.5313677
AAGGTTCGTGATGATA-1-gPlexB1_s1,7.104911,-0.24859945,-1.1237413,-0.046134204,1.4516404
CCTCTGATCTGATTCT-1-gPlexB6_s1,8.934122,-1.6707797,-0.9496504,-0.24795681,0.9193784
GTCATTTCAAACTGTC-1-gPlexB7_s1,0.87740016,-0.42710453,-1.254556,-0.24622098,0.64496255
CGAGCACCACCATCCT-1-gPlexB6_s1,8.727904,-1.3800544,-1.2321218,0.39314142,2.4143734
ACCGTAATCCGAAGAG-1-gPlexB5_s1,9.491181,-1.0574633,-1.2753822,0.7830633,1.0759666
GCGCAACAGAGAACAG-1-gPlexB7_s1,0.18307354,-0.35488656,-1.1740336,-0.18859659,2.60072
AGCTCCTGTCTGATCA-1-gPlexB1_s1,-1.413089,3.2919087,-0.19267954,0.15573508,1.1695015
GATGAGGGTGACGGTA-1-gPlexB7_s1,7.2524366,-0.6850384,0.19119444,-1.0030006,-0.031891286
CACAGGCTCTACCAGA-1-gPlexB2_s1,-1.0461706,2.13976,-0.29517895,0.0857449,1.7032499
ATTACTCCATGTAAGA-1-gPlexB5_s1,-1.172554,2.4109905,0.74650156,0.18262286,1.384965
CATATTCCAACGATGG-1-gPlexB5_s1,0.121363506,-0.28254092,-0.23143609,0.06953998,-0.5529686
TGCGTGGAGCGATTCT-1-gPlexB2_s1,0.12069519,-0.07909996,0.49737817,-0.70665854,2.6351643
CCGTGGAGTCGAAAGC-1-gPlexB1_s1,-1.5425048,2.589132,0.18075906,-0.1807594,1.8789189
TCACGAATCCTAGTGA-1-gPlexB4_s1,7.7293644,-0.881935,-0.77848536,-1.9067584,0.79228663
CCGGGATTCGCGCCAA-1-gPlexB1_s1,-0.107928604,-0.6119432,-0.006849117,1.3295544,2.5567307
CACATTTCAAGTCTGT-1-gPlexB4_s1,0.5268098,-0.5545676,0.6463867,-0.41807085,1.4420289
GATCAGTTCATGTGGT-1-gPlexB5_s1,7.0252137,-0.83875203,-0.7541863,-0.6614306,2.2227678
CTCGGGACAGCGATCC-1-gPlexB5_s1,8.105172,-1.4209648,-0.54083115,-0.046170846,3.104602
GTGGGTCAGAAACCGC-1-gPlexB5_s1,0.34657896,0.08734482,0.46294644,-0.688658,0.9361105
AGCTTGAGTGCCTGCA-1-gPlexB5_s1,0.33576638,-0.54699534,-0.958626,0.17470375,1.2008215
GGTGAAGTCACGCGGT-1-gPlexB1_s1,0.3307039,-0.1552463,0.25470912,-0.67823696,0.030425608
AGTGTCAAGTTCGCAT-1-gPlexB3_s1,0.1698086,-0.2044413,0.26228276,-0.26214954,2.5916376
ACTGTCCAGCTAGTTC-1-gPlexB1_s1,0.090278774,-0.24791309,0.29799926,0.7910645,1.0294907
GGGTCTGGTCGAACAG-1-gPlexB1_s1,-1.3420842,2.7605975,0.45890054,0.6975635,-0.21404952
TGTATTCAGAGTCTGG-1-gPlexB5_s1,0.87839484,-0.20291506,-0.21968423,-0.8411402,1.1875682
TCGTAGATCCAGATCA-1-gPlexB6_s1,0.40570548,-0.08306957,-0.084062904,-0.8285265,2.3444288
CCCAGTTTCCCTAACC-1-gPlexB7_s1,0.5552573,-0.27563614,-0.9965925,-0.5549999,1.0359604
ACTTGTTTCTCGGACG-1-gPlexB6_s1,-0.28990582,0.110156894,0.23535292,-0.19368738,0.9202466
CTGAAGTCAATGACCT-1-gPlexB1_s1,6.042436,-0.4016132,-1.1144255,-1.495217,1.3605685
GGGTCTGCACTCGACG-1-gPlexB5_s1,1.0985857,-0.48439837,-0.4071843,-0.053286865,-0.22611181
CGGACACGTCGAGTTT-1-gPlexB3_s1,7.6588964,-0.4667617,-0.37839663,0.46958536,0.7777866
CAAGAAAAGGGTCTCC-1-gPlexB7_s1,1.1966298,-0.2051678,-0.13840894,-0.56137353,1.7103317
CGATGGCAGCTGAACG-1-gPlexB7_s1,1.1161184,-0.50000066,-0.016640697,-0.06808457,1.9801605
AACTCTTCATCGTCGG-1-gPlexB6_s1,8.381386,-0.73790115,0.23016313,-0.5207985,1.6081893
GGATTACCATCGACGC-1-gPlexB4_s1,-0.100073814,-0.3703648,-0.23976015,1.3592675,0.18249738
TTCTACATCTCCAACC-1-gPlexB1_s1,0.3515187,-0.7424977,-0.49776974,1.8861004,-0.18052593
ATAACGCTCTAACTTC-1-gPlexB5_s1,1.6164842,0.2971304,0.24152675,-0.28594476,2.549034
ACAGCTAGTTATCGGT-1-gPlexB7_s1,0.34249696,-0.4803141,-0.65435797,-0.23935598,0.6272667
TACGGTATCACATGCA-1-gPlexB6_s1,0.23813435,-0.3420116,-0.7140517,-0.3572092,0.58150804
AACACGTCAAGTCATC-1-gPlexB1_s1,7.005035,-1.0808789,1.8699783,-1.4947274,1.9688709
ACTGAGTAGTCCCACG-1-gPlexB4_s1,0.48242086,-0.31304845,0.6028723,-0.76568186,1.401301
GCATGTAAGTACTTGC-1-gPlexB4_s1,0.1950768,-0.55720675,-0.2567074,-0.41808438,0.85667026
CTAATGGCACCGAAAG-1-gPlexB2_s1,7.0875297,-1.2169276,-0.3867704,-0.4192004,1.5076282
GACAGAGAGGAATTAC-1-gPlexB6_s1,1.0353534,-0.8916875,-0.7761322,0.22139944,1.7860092
CCCTCCTCATCGGAAG-1-gPlexB1_s1,-0.3356058,-0.5492534,-0.7728027,1.2914538,0.371328
TGGGAAGCACTATCTT-1-gPlexB3_s1,0.43067956,-0.36705345,-0.051711172,-0.75219434,1.6794786
CTGCGGAAGCTAACAA-1-gPlexB3_s1,8.129745,-0.5159867,1.109537,-0.682356,2.1422853
CACATAGGTGGCCCTA-1-gPlexB6_s1,0.66073155,-0.36809367,-0.9008325,-0.88701034,1.8138683
TCAATCTCAAAGGTGC-1-gPlexB1_s1,-0.40199694,-0.2846101,-0.6127981,1.540214,0.028108627
ACGGGCTTCATTTGGG-1-gPlexB2_s1,7.470699,-1.3352494,-0.76925886,-1.2145228,0.7057909
CTTACCGAGGGAGTAA-1-gPlexB7_s1,7.417422,-0.60988456,-1.0380481,-1.0129166,0.7581837
AGAGCTTAGTAGCCGA-1-gPlexB1_s1,-0.12358581,0.07929513,0.054507166,-1.0044876,0.85193765
TATCTCAAGTCCAGGA-1-gPlexB3_s1,0.18226872,-0.46616748,0.6794667,0.5509452,0.36032566
CATGCCTCAGACGTAG-1-gPlexB3_s1,7.927691,-0.5947648,0.18189812,0.06954642,1.4710008
ATCTACTGTCTTCGTC-1-gPlexB7_s1,5.012287,-0.6669605,-0.9957304,0.5102103,1.8395944
TCTTCGGAGCAACGGT-1-gPlexB7_s1,-0.6553642,2.474752,0.7882811,-0.097418845,1.391894
AGGTCATAGCTCCCAG-1-gPlexB2_s1,-1.4819772,2.5286105,0.5890707,0.61683416,-1.4528131
GTTAAGCGTATGGTTC-1-gPlexB1_s1,-1.8440986,2.3617013,0.27247274,-0.06895648,0.71298707
CACAGGCCAGGTCGTC-1-gPlexB4_s1,-0.13627963,-0.47421384,0.115601,2.0766268,-0.6644416
GGTATTGCATCGGTTA-1-gPlexB3_s1,-0.14787889,-0.5554174,0.015214763,1.2746029,1.5203359
TCATTACGTCTCAACA-1-gPlexB2_s1,5.9578447,-0.54852915,-1.1915482,-0.5213994,2.0235434
GTAGTCATCCGTAGTA-1-gPlexB5_s1,8.541713,-0.9294126,0.05009337,0.39338368,2.5937185
GTTCTCGCAGGAACGT-1-gPlexB2_s1,-0.049150802,-0.5491624,0.23739484,-0.27276874,1.3079194
GCAAACTAGTAGTGCG-1-gPlexB1_s1,-1.3536102,2.635754,0.058878504,-0.30345082,1.4428153
GTTTCTAAGCAATCTC-1-gPlexB7_s1,0.025585301,0.10038281,1.4095186,0.5343479,1.7216141
TAGACCAAGGTGATAT-1-gPlexB5_s1,0.7971226,-0.08301756,0.55155027,-0.25116464,0.33330774
GAGGTGATCCCTCTTT-1-gPlexB5_s1,0.3417063,-0.44096744,0.20872256,1.1259272,1.5626599
TCTATTGGTGGACGAT-1-gPlexB7_s1,8.231149,-0.42528954,-0.98171496,0.7905905,1.6964015
CGAGCCATCCGCTGTT-1-gPlexB1_s1,-1.6102881,2.5399382,0.7398424,-0.51773006,0.5864879
CAGCTAAAGACCCACC-1-gPlexB5_s1,-1.9138592,1.9525404,0.87153494,-0.035758004,1.9655852
TCAGGTACACAGACTT-1-gPlexB6_s1,0.3285662,-0.49606812,-0.53943056,-0.49362904,2.8109694
CATGCCTAGTCCGTAT-1-gPlexB5_s1,-2.0127795,2.3090649,0.64793247,0.2300674,0.5610313
TGTTCCGCACAAGCCC-1-gPlexB1_s1,-1.5682809,2.192842,0.48119757,-0.14706086,0.7577847
CTCGTACGTAAGTGTA-1-gPlexB7_s1,8.164576,-0.4763228,-1.350068,0.9111236,0.574604
CCTTCCCCACAGCCCA-1-gPlexB2_s1,-0.038780123,-0.6659613,0.79092056,0.5808984,-0.15219966
CGACTTCTCTGTCTCG-1-gPlexB7_s1,1.0212251,-0.27122134,0.3257597,-0.31122088,0.369535
AAAGCAAGTTTGGGCC-1-gPlexB3_s1,-0.9776091,2.721598,0.8403262,-0.42229044,0.46773228
ACGCCAGCAAAGGTGC-1-gPlexB1_s1,8.262971,-1.2314396,-1.137421,-0.49120027,1.8102137
AAACGGGAGCACACAG-1-gPlexB7_s1,1.4772304,-0.48052987,-0.2464624,0.14261755,1.313709
TCACAAGTCACGCGGT-1-gPlexB5_s1,-0.04894987,0.25669593,0.343717,-0.3052774,2.3556414
CGCGTTTCAGGTCCAC-1-gPlexB4_s1,-2.3464317,2.731033,0.5517166,-0.014449388,1.0676754
CTAGCCTAGGGCTTGA-1-gPlexB6_s1,1.2978486,-0.5757116,-0.74122894,1.9827139,0.3510895
ATCGAGTAGGCTCATT-1-gPlexB6_s1,7.5969768,-0.4242393,1.3489016,-0.6740634,0.09301147
GCTTGAAAGCGATCCC-1-gPlexB5_s1,8.367275,-1.0065129,-1.5669403,-0.91550523,1.3532557
TGTATTCCATCGATGT-1-gPlexB1_s1,-1.2532815,2.4064164,0.61137235,-0.32495844,0.7792705
CAGCATATCTCTTGAT-1-gPlexB6_s1,-1.8052866,2.1514418,0.60688657,0.42429084,0.3829944
GTCATTTGTTATTCTC-1-gPlexB5_s1,0.036874756,-0.17850971,-0.06903379,-0.5794982,-0.16284966
CTGAAACAGTAAGTAC-1-gPlexB6_s1,0.4297346,-0.57174456,0.13946553,-0.19231299,1.8787792
GAAACTCAGTTCGCAT-1-gPlexB5_s1,-0.37050015,-0.2713328,-0.21331987,-0.3997796,1.1503261
CTTAGGAAGCTGCAAG-1-gPlexB5_s1,0.42991468,-0.39654335,-0.06514436,1.1499825,1.4728072
GACAGAGAGATAGCAT-1-gPlexB6_s1,-0.039470583,-0.5836187,0.39448687,0.271699,1.1532524
GTCACGGTCCACGAAT-1-gPlexB2_s1,0.7564457,-0.4902118,-0.3511994,-0.6575755,-0.015588671
CATTATCGTTCCATGA-1-gPlexB3_s1,1.6735337,-0.39044178,-0.4737061,-0.4224041,2.0951962
ATCGAGTTCAACGAAA-1-gPlexB7_s1,-0.12103334,1.4331436,-0.9674035,0.08823964,4.176743
GCGGGTTGTAAGTGGC-1-gPlexB6_s1,-2.527616,2.5576968,0.42097396,0.24250904,1.8893131
CCCAGTTAGTCGATAA-1-gPlexB5_s1,-0.05961722,-0.14945342,-0.04617521,-0.09484005,-0.8603378
TAGACCATCGTCACGG-1-gPlexB6_s1,0.51107556,-0.3083797,0.53321296,-0.61325437,0.7916732
GCGCCAAGTCTCTTAT-1-gPlexB5_s1,0.24111977,0.57512677,-0.078172565,0.4535124,2.359969
AAGCCGCTCGGAGCAA-1-gPlexB4_s1,0.8930318,0.13204086,-1.2483337,-0.18827072,2.2562397
ACACCCTAGTAGGCCA-1-gPlexB3_s1,-0.12509334,-0.08376868,-0.1661232,1.1566322,0.41031668
CTAAGACAGGAGTACC-1-gPlexB6_s1,-0.12776023,-0.28988445,0.38312447,0.038151294,0.8374593
CTGCGGAGTGCAACTT-1-gPlexB5_s1,0.27363962,-0.16627252,-0.39156145,-0.25116214,1.8238626
GACGTTACATCACCCT-1-gPlexB3_s1,7.375506,-0.8395691,-0.8282651,-1.3654716,2.9565594
GCTTGAAAGTTGTCGT-1-gPlexB3_s1,0.32220134,0.12963447,-0.37954685,-0.081558585,-0.16676804
GCCTCTATCTTGTTTG-1-gPlexB2_s1,-0.15327314,2.1087441,0.5368406,0.21703684,0.20770854
AAACGGGAGCCCGAAA-1-gPlexB5_s1,-1.2020576,2.5639958,0.4517939,-0.053184092,1.0398006
CCTCTGACAGACGTAG-1-gPlexB4_s1,-0.06241557,-0.3121171,0.30487707,-0.6624601,1.3574387
CCACGGAAGCGCTCCA-1-gPlexB2_s1,0.5761757,-0.77820235,-0.37426537,-0.8941065,2.1651409
AAACCTGCACGAGAGT-1-gPlexB6_s1,-0.19505088,1.4067457,0.2563672,-0.49581057,1.7264546
GTGTGCGTCTTAGCCC-1-gPlexB7_s1,0.0178466,-0.43656006,0.5165245,1.8721268,0.50744355
CTTAACTTCTTCGAGA-1-gPlexB2_s1,0.36374187,-0.145674,-0.31784704,-0.45456657,1.8559515
AGTGAGGAGTTAGCGG-1-gPlexB3_s1,6.7895784,-0.45950142,-1.114562,-1.1794443,1.7417936
ACGAGCCCAGCTTAAC-1-gPlexB7_s1,0.7070962,-0.15401083,-0.16491982,-0.28585452,-0.6875859
ACCAGTATCGAACGGA-1-gPlexB3_s1,-1.7380308,2.4462876,-0.78021926,-0.37566662,1.8245736
CCGGGATAGTGAATTG-1-gPlexB6_s1,0.8731228,-0.28757644,-0.37371817,-0.50932276,1.4420072
ACGTCAATCTGCAGTA-1-gPlexB5_s1,7.8561683,-0.5900421,-0.54347414,-0.026004001,0.81342626
TACTTGTCACATTCGA-1-gPlexB1_s1,0.33147925,-0.504411,-1.0136865,-0.27916992,1.3714408
AGCTTGAAGTACGTTC-1-gPlexB1_s1,-1.3130239,2.9456177,0.11098774,-0.3304702,0.47390735
TTGCGTCCATCGACGC-1-gPlexB4_s1,8.963716,-1.1237918,-1.0044451,-0.31973693,1.7553691
CAGCATAAGACAGGCT-1-gPlexB7_s1,0.7475362,-0.44545436,-0.13443428,0.2670722,1.6179206
GGATGTTGTCACAAGG-1-gPlexB6_s1,-0.11649153,-0.3160081,0.508867,-0.23526564,1.8482529
TAAGCGTGTAGGGTAC-1-gPlexB5_s1,-0.045818314,-0.583468,0.12040039,1.4316894,1.005577
AATCCAGGTACTCAAC-1-gPlexB1_s1,0.16333154,-0.44466063,0.35525134,1.5203874,-0.059573114
TTGCCGTGTACCCAAT-1-gPlexB6_s1,0.80948716,-0.55142933,-0.083548985,-1.2503575,2.5444512
TGGTTAGTCATCTGCC-1-gPlexB7_s1,-0.39423722,2.0972567,0.19728848,0.029187754,1.4482988
TACACGAAGTACGTTC-1-gPlexB7_s1,-2.1884685,2.378273,0.3259776,-0.2973513,1.3166177
GTATTCTGTACTTGAC-1-gPlexB6_s1,0.08221915,-0.51344347,-0.5731881,-0.3571728,1.2425405
TGATTTCTCGAATGCT-1-gPlexB1_s1,-0.13792157,-0.43266836,-0.3614454,-0.3344452,1.5675652
TTTGTCAAGTTTCCTT-1-gPlexB7_s1,0.126749,-0.5418638,0.5125747,-0.05741173,0.7970344
ACTTACTGTCCAACTA-1-gPlexB5_s1,0.16118763,-0.31084612,-0.5933174,1.2533921,-0.29334515
CCTCAGTCACATCTTT-1-gPlexB4_s1,-0.090833776,-0.45834455,-0.2680612,-0.002622798,1.2957642
TCAGCAAGTTCACCTC-1-gPlexB2_s1,0.5422613,-0.12007025,-0.5197326,-0.469315,-0.15377708
TGACTAGAGCTGTTCA-1-gPlexB5_s1,0.27150247,-0.33015054,0.1372173,-0.29240537,0.8962323
GTATCTTGTGCATCTA-1-gPlexB5_s1,0.25035417,-0.13241099,0.96041125,-0.4965187,-0.17305797
GAACATCTCTCAAGTG-1-gPlexB5_s1,0.609653,0.086369105,-0.27244535,-0.18687212,2.2523694
GACGTTACATAAAGGT-1-gPlexB2_s1,0.28556246,-0.5604825,0.3309354,-0.016517691,1.1833563
CGCGTTTGTCTAGGTT-1-gPlexB5_s1,7.416425,-1.2564744,1.3890961,-1.8027363,1.2245243
TTAGGCAAGTTCGCGC-1-gPlexB3_s1,-0.055295214,-0.27659935,-0.5006885,-0.3337257,1.7705216
TAGACCATCCGTAGTA-1-gPlexB6_s1,0.45992732,-0.5277727,-0.12828124,-0.63931084,1.8290988
ACGATACCAGTGGGAT-1-gPlexB4_s1,-0.8975589,1.0207542,-0.22513385,0.03000635,2.3051562
CACACTCAGCTACCTA-1-gPlexB1_s1,0.026687752,0.3591362,-0.1762131,-0.6203087,0.58702487
TTAGGCAAGTAACCCT-1-gPlexB4_s1,0.7375523,-0.25531012,-0.3618358,-0.08558391,1.8189394
CGCTGGAGTCTAAAGA-1-gPlexB1_s1,-1.6713157,2.3052752,-0.1111955,-0.3620047,1.1661787
CACAGGCCAAACCTAC-1-gPlexB7_s1,0.51609904,-0.25138834,0.26434526,-0.52243143,-0.24430682
AGAGCTTGTCAGATAA-1-gPlexB6_s1,0.33869022,-0.64844114,0.1750063,0.069473684,0.718598
GATCAGTGTCTCCACT-1-gPlexB1_s1,0.2852888,-0.08028877,0.7659334,-0.31909955,0.31438258
TCACGAATCATAGCAC-1-gPlexB3_s1,0.082078926,-0.29377288,1.1023455,-0.07157245,0.13955244
ATGTGTGGTTATGTGC-1-gPlexB3_s1,0.4831815,-0.45333475,-1.1532434,-0.5689298,0.19148478
CACCAGGCATATGAGA-1-gPlexB2_s1,8.524158,-0.79385954,-0.3258714,-0.27417076,2.5431223
TGAGAGGGTTCGAATC-1-gPlexB2_s1,7.8935843,-1.0904728,-1.0658882,-0.30602917,1.1309938
CGTCAGGGTGCGCTTG-1-gPlexB5_s1,-1.4375545,2.6815333,0.51983243,0.22181615,0.40989292
CGAGCCAGTCCTCTTG-1-gPlexB5_s1,0.068332225,-0.24562886,-0.1565471,-0.14548014,-0.5809858
CACAGTACAGCCACCA-1-gPlexB5_s1,-1.9468498,3.1512504,0.3952581,0.22260818,2.1867418
CACACAAAGCTGTTCA-1-gPlexB3_s1,-1.211248,2.2405596,-0.47553918,-0.14553018,0.26486656
GTCGGGTCATTGAGCT-1-gPlexB6_s1,-1.5181543,2.6852393,0.55156505,-0.1246682,1.5839365
AGAGCTTGTGGGTATG-1-gPlexB2_s1,0.6757758,-0.21086626,0.8115902,-0.31379962,-0.67061806
AGCTCTCTCCCTTGTG-1-gPlexB3_s1,8.482331,-0.5889475,-0.5445676,-1.2079333,1.8763788
CTTCTCTAGCAATCTC-1-gPlexB1_s1,6.93724,-0.17292148,-0.875665,-0.8690446,2.1915567
CCTTCGAGTCATCGGC-1-gPlexB7_s1,-1.278105,2.2671149,0.20050491,0.18298098,-0.051167965
GCTCCTATCTTTAGGG-1-gPlexB4_s1,9.239078,-1.1731138,-0.765867,0.36288768,2.103405
CTCCTAGAGGCTCTTA-1-gPlexB4_s1,-1.77267,2.3893301,-0.66703576,-0.5732415,0.16877347
CAAGGCCAGCACAGGT-1-gPlexB1_s1,0.26370034,-0.38383365,-1.1496649,-0.71551657,1.2040486
AGCATACAGCGATTCT-1-gPlexB4_s1,0.8144105,-0.5193678,-0.27686706,-0.3532391,0.50287867
CGAGCCAAGATCCGAG-1-gPlexB5_s1,-1.8963444,2.8958595,0.25317553,-1.0367969,0.2800329
TAGGCATTCGGCGCTA-1-gPlexB4_s1,0.55342126,-0.51260024,-0.019007118,-0.17008549,0.9981437
CTGAAGTAGCGAGAAA-1-gPlexB2_s1,0.827068,-0.62053156,0.91698766,0.12128426,0.19152299
CCTCAGTAGCACACAG-1-gPlexB2_s1,7.423609,-0.9251447,-0.40805733,-0.11737551,0.5397228
GGGTTGCGTAAATGTG-1-gPlexB4_s1,-0.86358947,2.3452575,0.41929653,0.18014406,-0.26945382
ACATCAGTCTGCTGTC-1-gPlexB2_s1,0.22688779,-0.33657846,0.46842712,-0.14588292,-0.7493639
GTAGTCAGTGCACTTA-1-gPlexB6_s1,-1.4402099,2.3053784,1.2302916,0.061334535,0.2677746
ACTTTCACATCACGTA-1-gPlexB6_s1,0.5881124,-0.48331153,-0.21204413,-0.10339799,-0.30809367
CGGACACGTCTCTTAT-1-gPlexB5_s1,0.16679683,-0.18806721,-0.016878378,-0.5498835,-0.6050888
TGGACGCGTCCATCCT-1-gPlexB1_s1,-1.9463874,2.216891,-0.33043465,-0.5564133,-0.41882902
CTACATTAGCTCCTCT-1-gPlexB1_s1,8.212215,-1.233972,-1.1048754,0.6971479,2.5533924
TACTCATCAGCCAGAA-1-gPlexB7_s1,0.016991988,2.025386,0.19188471,-0.18724023,0.97459936
GGCCGATCATCGGAAG-1-gPlexB2_s1,0.68155265,-0.63403356,-1.1520914,-0.16157639,0.38660067
TTAGTTCAGATGTGTA-1-gPlexB3_s1,8.609511,-0.63507235,-1.3731954,-0.33727884,1.4860806
GCTCTGTAGTTACGGG-1-gPlexB5_s1,7.7712073,-0.41988012,0.54379976,-0.44517654,2.0388012
CGATCGGGTGACTACT-1-gPlexB1_s1,0.36989227,-0.1713481,-0.3128537,-0.6470243,1.3352243
ACATACGCAGATGGGT-1-gPlexB1_s1,0.020494163,-0.12928827,-0.49335727,-0.5608239,1.0790116
ACTGTCCAGGCAATTA-1-gPlexB2_s1,0.41485065,-0.34493685,0.8259644,-0.88222206,0.02058798
CCTAGCTTCTGGGCCA-1-gPlexB3_s1,-0.40421912,-0.0073284954,0.06520682,0.14112851,1.1382983
CTCACACTCACATGCA-1-gPlexB3_s1,0.6602433,-0.19368923,-0.5095813,0.7927245,0.5268655
CAAGATCAGCGTGAGT-1-gPlexB3_s1,0.08142501,-0.6357476,0.6945812,-0.45570207,1.3899012
ACTGATGCAAGACACG-1-gPlexB7_s1,0.47613472,-0.5041909,0.27725944,-0.7429333,2.0354416
CATCGGGCATCACCCT-1-gPlexB6_s1,7.793863,-0.80564284,-0.62619966,-2.296459,1.5510385
AGCTTGAGTCTAGCGC-1-gPlexB4_s1,7.8150043,-1.0804696,-1.3445681,-1.6051382,0.8447241
CGTGTAAGTGCAGTAG-1-gPlexB1_s1,7.673842,-1.3120834,-1.082397,-1.2374142,2.2311788
GTAACTGCATGGTCAT-1-gPlexB1_s1,-1.3338473,2.221946,-0.2685501,-0.5191477,2.1301627
TGAGAGGTCAAAGTAG-1-gPlexB2_s1,0.9544035,-0.15102866,0.7993876,0.8291359,2.4319384
GCGCGATAGAATTCCC-1-gPlexB3_s1,-0.046600133,-0.03151076,-0.39746365,-0.45489657,0.025067389
ACATGGTTCTGCCCTA-1-gPlexB3_s1,0.29519117,-0.10404643,-0.015288122,-0.89582217,1.7342188
CTGATAGCAGGTGCCT-1-gPlexB6_s1,0.5703418,-0.66601545,0.13091697,-0.027917653,1.6271533
GGAATAAGTAAATGAC-1-gPlexB1_s1,-1.3233616,2.131281,0.7919328,-0.60071576,1.7779588
TTAGTTCTCTACGAGT-1-gPlexB6_s1,8.019047,-0.9208213,1.1364446,-1.5033987,2.3628228
AACTCTTAGCTAACTC-1-gPlexB3_s1,7.8329544,-0.819486,-0.62221724,-0.60500777,1.8189254
CCGGTAGTCTCATTCA-1-gPlexB7_s1,0.6111455,-0.43803638,0.44726494,-0.305193,1.4280672
CCTTCCCGTACCGTAT-1-gPlexB1_s1,7.740944,-0.9163718,-0.8430724,-0.6869425,2.7396324
TCATTACGTGCACGAA-1-gPlexB3_s1,-1.241892,2.6663725,0.013911964,-0.21179998,0.4749852
CGTCAGGGTCAGAATA-1-gPlexB5_s1,0.47307014,-0.33411267,-0.57606006,-0.41405383,-0.31583863
ACAGCCGTCGCTAGCG-1-gPlexB6_s1,0.25804067,-0.3729201,-0.09896978,-0.5645653,1.9016974
TTTATGCGTATGGTTC-1-gPlexB4_s1,-2.040167,2.4223711,0.6676952,-0.3863473,0.8380828
CTCTAATGTCTCTCTG-1-gPlexB4_s1,0.5754224,-0.47213468,-1.8731242,-1.0312803,2.1975584
GGGAGATGTAGCGCTC-1-gPlexB7_s1,1.0436126,-0.5543227,-0.114701755,-0.5915418,0.635725
CGAGCCAGTCTCATCC-1-gPlexB7_s1,0.52916193,-0.46395847,0.44181037,-0.14885771,-0.6510202
AACCATGTCCAGATCA-1-gPlexB1_s1,6.412073,-0.67991775,1.815507,-0.0890267,1.627719
CGTCAGGCATCGGACC-1-gPlexB1_s1,-0.038107008,-0.23593837,0.6799788,0.06711152,1.0530257
CTCTAATTCAGCAACT-1-gPlexB3_s1,1.4372609,-0.22895786,0.16039956,-0.029165618,0.84839755
CAAGTTGCATGCTAGT-1-gPlexB3_s1,-0.24514686,-0.027551949,-0.679015,-0.71954435,0.26075256
CGGCTAGAGTGTTGAA-1-gPlexB4_s1,0.06358755,-0.44090044,-0.31440833,-0.237347,0.865659
ACGGAGAAGCCAGTTT-1-gPlexB1_s1,-0.5273549,2.5723908,-0.51386005,0.038651824,2.094408
CGATTGAGTGCTGTAT-1-gPlexB4_s1,5.922128,-1.1270183,-1.9071007,-1.27961,2.3432145
GAGCAGAGTAGCGCTC-1-gPlexB2_s1,-0.51030225,2.570324,0.25457612,0.21514277,-0.04270193
TACTTGTCACATTAGC-1-gPlexB5_s1,-0.08878317,-0.73896605,0.21897663,-0.15303072,-0.2854819
TTCTCCTAGTTGTCGT-1-gPlexB2_s1,0.18857068,-0.47475287,-0.9779882,-1.0159081,0.8060545
CAACCAACATGGGAAC-1-gPlexB5_s1,7.0253396,-1.0018756,-0.94549215,0.24869311,-0.3183751
TTTGCGCGTCCAGTTA-1-gPlexB3_s1,-0.92789996,2.8739138,0.7234886,0.069864795,1.1999124
GCTTCCATCCTCTAGC-1-gPlexB6_s1,0.8412268,-0.05052544,-0.8224968,-0.06076607,0.9904038
ACTTGTTTCATCGGAT-1-gPlexB1_s1,7.1926546,-0.7151683,-0.55930465,-0.29890183,1.844442
CGTCTACAGCTGTTCA-1-gPlexB4_s1,0.1933229,-0.18690509,-0.4141545,-0.18065552,0.7406113
TAGTGGTGTCACTGGC-1-gPlexB5_s1,0.7415558,-0.25750506,-0.32831192,-0.57972336,2.3213196
CGAGAAGGTCCATGAT-1-gPlexB7_s1,0.059161022,-0.36833462,0.9306072,0.022997648,-1.0445635
ATCATCTTCTTCATGT-1-gPlexB7_s1,1.2626315,-0.5878085,0.6914608,1.1737664,0.0010757744
GGGAGATGTCCTAGCG-1-gPlexB3_s1,-0.0053149164,0.2036566,0.30826318,-0.067649424,0.80358726
TACTTACAGGCTCATT-1-gPlexB5_s1,-1.5833672,2.8401716,0.6594916,-0.07019545,0.72445226
TGAGCATCAAGAAAGG-1-gPlexB3_s1,6.6990247,-0.77094144,1.4466659,-1.4478188,1.1479884
GGACAGACACGAAGCA-1-gPlexB5_s1,0.058026,-0.33034784,0.10959874,-0.5278779,1.4230918
GTTTCTAGTAAGAGAG-1-gPlexB1_s1,7.5755544,-1.4256482,-0.5993491,-0.2760573,0.7777846
CGCTGGAAGCCCAACC-1-gPlexB6_s1,7.9225926,-1.0453825,-0.55052197,0.52040064,2.3422186
CATCAGACACGGACAA-1-gPlexB3_s1,-0.21129352,0.12007797,-1.6669403,-0.48503187,1.4587352
TGGCGCAGTGTGGCTC-1-gPlexB1_s1,0.11799461,-0.096450515,-0.31775644,-0.34592065,1.8382835
GATCAGTTCGCCAAAT-1-gPlexB6_s1,-0.3462391,2.1222718,0.044162404,-0.32485992,1.4825925
GGACGTCCATACCATG-1-gPlexB1_s1,7.5731354,-0.44733936,-1.3251468,-0.9636369,0.5422691
ACACTGACAGACGCTC-1-gPlexB7_s1,0.025947742,0.016844336,-0.48752633,0.13606557,1.8443592
GTATTCTCATCTGGTA-1-gPlexB6_s1,-1.2617621,2.3711052,0.32368296,0.13890563,0.9490653
GTCTTCGAGACGACGT-1-gPlexB6_s1,0.9283038,-0.5590844,0.069548786,-0.1156882,0.8527946
TACTCATTCAGCAACT-1-gPlexB2_s1,8.020547,-1.1597999,-0.43052578,0.06314643,1.8158143
CATGACAAGGACGAAA-1-gPlexB5_s1,0.16754484,-0.14601885,0.49324518,-0.31235865,2.2816746
CGCGGTAGTTCGTCTC-1-gPlexB3_s1,-1.2329246,2.4206467,0.5895555,-0.048851915,-0.07294989
CGACTTCCAAGTTAAG-1-gPlexB7_s1,6.7427373,-1.5539508,-1.1096927,-0.48657823,1.2060435
TGGGCGTGTTCCAACA-1-gPlexB5_s1,0.26548782,-0.13831776,0.064387366,-0.30020913,0.7769121
AGGCCGTTCCCAAGAT-1-gPlexB5_s1,-1.7838718,2.463215,0.3356461,-0.8054234,1.4273853
CGCTTCAGTTTGACAC-1-gPlexB2_s1,-1.8523172,2.349131,0.2685148,0.035897553,0.46309727
TGGTTCCCACCCATTC-1-gPlexB5_s1,0.14032003,0.020928219,0.6794508,-0.6706495,1.924744
GGGATGATCTTCCTTC-1-gPlexB3_s1,-0.15988365,-0.3299326,0.14325126,-0.3196,1.9928845
CTGTGCTTCTTAACCT-1-gPlexB3_s1,8.274667,-1.0544089,-1.5671309,-0.5168767,1.7843927
CTCTGGTGTCGATTGT-1-gPlexB7_s1,0.35128123,-0.44480515,0.3845534,-0.04228969,1.1246368
GGCTCGAGTATTCTCT-1-gPlexB3_s1,6.3828306,-0.4834691,-1.2137195,-0.3605852,3.073585
AACTTTCAGTGCGTGA-1-gPlexB5_s1,7.27058,-0.5512201,0.24070911,0.45675266,1.6254503
TTCTTAGGTGTAATGA-1-gPlexB6_s1,-0.89846957,2.2081022,0.059554785,-0.32938218,1.2410299
CTCGTCACAATCCAAC-1-gPlexB4_s1,7.3698626,-0.6572988,-0.88114494,-0.64816296,2.0101268
GTAGTCACATTTGCTT-1-gPlexB5_s1,-0.30569375,0.5347359,-0.3320277,-0.33786526,1.1897777
TAAGTGCCATTCGACA-1-gPlexB2_s1,7.7897315,-0.9992961,-0.16516651,-0.51201963,2.2969997
GTCATTTAGGGTCGAT-1-gPlexB1_s1,-1.7449032,2.7922552,1.1298033,0.40125734,0.7853796
GCAATCATCGGAATCT-1-gPlexB3_s1,-0.047101073,-0.2776724,0.22006716,1.3624928,-0.81610286
CACACAACAGCCACCA-1-gPlexB7_s1,7.3794956,-0.5646595,-1.5153179,-0.19771329,1.8771584
CTGCGGAAGTTACCCA-1-gPlexB2_s1,-0.16139504,0.07856113,-0.518152,-0.4324169,1.3899726
ACGCCAGTCCCGGATG-1-gPlexB2_s1,-0.1439871,-0.22562054,-0.48335332,-0.38812014,0.8890829
TGCGTGGCATGGGAAC-1-gPlexB7_s1,0.9154045,-0.48853508,-0.3367162,-0.41083348,3.0331216
GGACGTCAGTCTCGGC-1-gPlexB4_s1,0.14628166,-0.5753535,-0.38968143,1.6263193,-0.29741043
CCACTACTCGTGGGAA-1-gPlexB2_s1,7.5461893,-0.35476652,-0.8349183,-1.1335428,2.4199286
ATTATCCTCCTGCTTG-1-gPlexB6_s1,0.53390557,-0.6559234,0.24052918,-0.23000897,1.3972043
TATCAGGCATTTGCCC-1-gPlexB2_s1,-0.63060683,-0.20340267,-1.3623966,-0.4146772,2.3548412
TTAACTCCATAAAGGT-1-gPlexB3_s1,0.4730418,-0.675447,-1.2322804,0.009082884,-0.39689994
GCTGCGAGTCGGCTCA-1-gPlexB3_s1,8.077191,-0.24893288,-0.8995501,0.48636317,1.4639333
ATAGACCCAATGAAAC-1-gPlexB5_s1,-0.71524924,2.1839585,-0.52487415,0.17891963,0.29354188
CCTATTACAGCGATCC-1-gPlexB4_s1,0.07962333,-0.40856564,-0.70444167,-0.14664377,1.6030469
GGTGTTAGTGACTACT-1-gPlexB6_s1,0.10777684,-0.2832446,0.24809527,-0.21858314,1.6225297
CGTAGGCTCAATACCG-1-gPlexB1_s1,0.54758227,-0.42648956,0.07259244,-0.2973716,1.0722133
CATATTCTCCAGAGGA-1-gPlexB1_s1,-1.6932088,2.4473295,0.46691653,-0.19944593,1.4924148
CTAGCCTGTCACTTCC-1-gPlexB2_s1,9.324434,-0.6256552,-1.8405905,1.6660453,1.2232894
GTAACTGAGGAATGGA-1-gPlexB2_s1,0.35061023,-0.6679911,0.034761615,0.98374367,-0.52542126
CAGCTAACAAGCGCTC-1-gPlexB3_s1,5.3836875,-0.47039142,-1.3550196,-0.83264935,2.4012604
GAACCTATCGTTTGCC-1-gPlexB2_s1,0.2553336,-0.3271499,-0.33278242,-0.33286905,0.14249313
CTTGGCTGTGGACGAT-1-gPlexB7_s1,0.56936616,-0.28642488,0.02518471,-0.32685515,2.3220997
AGGGAGTCAGACTCGC-1-gPlexB1_s1,-1.3104649,2.7706225,0.96356136,0.4760572,1.3520718
GGTGCGTTCGCGGATC-1-gPlexB1_s1,0.78055364,-0.38331828,0.26959735,-0.39893797,2.647498
AGACGTTTCACTCCTG-1-gPlexB4_s1,5.3915687,-1.2875866,0.17891927,-0.39568672,1.3980052
GAATGAAAGCGAAGGG-1-gPlexB3_s1,0.39444286,-0.031914473,-0.42096186,0.4955752,1.2421728
GCGGGTTTCGCAAGCC-1-gPlexB1_s1,0.34592462,-0.16116631,0.48724198,-0.033611953,1.7179549
ACCAGTATCACGCATA-1-gPlexB7_s1,7.650141,-0.85184133,-0.19334784,-1.05974,2.3832881
GCATGCGCAGCCTTTC-1-gPlexB1_s1,8.7614,-0.8505254,-0.078266285,-0.49077356,1.4438294
TCGAGGCGTAAGAGAG-1-gPlexB5_s1,-1.1880765,2.0010076,0.8439993,-0.46888822,1.1392343
CCTTACGCATCTCCCA-1-gPlexB6_s1,-0.12811828,-0.22128057,-0.77733016,1.474747,-1.3218014
GGATGTTAGTGAAGAG-1-gPlexB5_s1,-1.2807482,2.4815092,0.7683287,-0.24413686,1.864251
TGTATTCTCGGAGCAA-1-gPlexB3_s1,6.403983,-0.18601574,-0.9558321,-0.94964004,0.5235502
GGCTCGATCATTGCCC-1-gPlexB3_s1,0.8459277,-0.6256373,0.10472562,-0.2848721,1.7977786
GATTCAGGTATAATGG-1-gPlexB3_s1,0.8207509,-0.096517645,0.10507044,-0.5669489,2.1345491
TGCCCTAAGTTTAGGA-1-gPlexB6_s1,-1.2058301,2.1009495,-0.57916796,-0.017986596,2.140087
TGCGGGTTCGTTACAG-1-gPlexB4_s1,6.946168,0.28297937,-0.9961227,-0.71454895,1.3558998
CATCAGAAGGCATGGT-1-gPlexB2_s1,-1.9101917,2.705364,0.11644949,-0.7340136,1.0690489
CGCTGGACATCGATGT-1-gPlexB1_s1,-1.7629313,2.5131629,0.6309809,-0.5579773,1.1277851
CAGCGACTCGACGGAA-1-gPlexB6_s1,0.5788737,-0.5109142,0.22182627,-0.14264338,0.30775192
TTTGCGCAGCCCAATT-1-gPlexB7_s1,-1.2616104,2.454663,0.39636943,0.25886723,2.2320278
ACTTACTAGCGTGAAC-1-gPlexB7_s1,0.4602331,-0.32404488,0.44374156,-0.5491481,1.9377884
TCGTACCAGCTTATCG-1-gPlexB2_s1,8.029054,-0.18304536,-0.24431306,-0.8345533,1.3549031
CAGCCGAGTATCTGCA-1-gPlexB7_s1,-2.5198371,3.028782,-0.49718982,0.474737,-0.3177443
GTAACGTGTCCAAGTT-1-gPlexB7_s1,1.0034044,-0.3949984,-0.28643796,-0.34142017,0.33865637
TTGGAACAGCAACGGT-1-gPlexB5_s1,-0.25886947,-0.29410836,0.39939454,2.4920352,0.38293368
GAAATGACAGACGCTC-1-gPlexB4_s1,9.550291,-1.0507089,-1.0822263,-0.0112232715,1.8012028
CTTAACTAGAGGTTGC-1-gPlexB3_s1,0.33817416,-0.4045758,0.3602871,2.3767529,0.2217919
TCCACACCACGGACAA-1-gPlexB4_s1,7.463473,-0.6639388,-0.7241119,-0.7525895,1.737488
ACGGGTCTCTAACCGA-1-gPlexB3_s1,6.4138436,-0.54520077,1.0087641,-0.72423255,2.0339494
GTCACGGGTACACCGC-1-gPlexB5_s1,0.49180952,-0.5137101,0.53496844,0.42744786,1.1404293
CAGGTGCCATTTGCTT-1-gPlexB5_s1,-2.2062416,2.905955,0.621038,0.47098225,0.9846615
TAGCCGGAGCCAGGAT-1-gPlexB3_s1,-1.510254,2.3243608,0.24227141,-0.634786,2.3636217
TGACTTTCAGGGATTG-1-gPlexB3_s1,0.19843982,-0.34093052,-0.4483625,0.2974175,1.2514226
TTTGTCACAATGAAAC-1-gPlexB4_s1,7.4329143,-1.0125992,-1.0513695,0.7406443,2.2677488
TTTCCTCCACGTCAGC-1-gPlexB5_s1,8.143985,-0.44854784,-1.0615445,-0.19581102,1.248323
CGGAGTCCAGTCCTTC-1-gPlexB4_s1,-1.6467701,2.4456778,1.5854461,0.3939413,1.6265489
ATCTACTAGTAGATGT-1-gPlexB4_s1,0.49343327,0.06545697,-0.25117067,-0.5861579,1.8175063
ACATGGTCACGAAGCA-1-gPlexB6_s1,-0.16371757,0.106711805,-0.40657845,-0.9404232,2.1427102
CCACTACTCTCCCTGA-1-gPlexB5_s1,0.13499829,-0.36160317,-0.308344,-0.105759844,0.37347808
CTCGGGATCTGAGGGA-1-gPlexB5_s1,-1.1219808,2.3518355,0.4321221,0.15696982,0.92256254
ACGATGTCAGGATTGG-1-gPlexB2_s1,0.6163747,-0.41588178,0.28226808,-0.30992043,1.611029
ACACCCTGTCGACTGC-1-gPlexB1_s1,0.18082201,-0.23753655,-0.21670687,0.48786145,-0.5648882
CGTCACTCATCCTTGC-1-gPlexB4_s1,0.052188933,-0.7607675,0.45274353,1.8212109,-0.92701423
ACACTGACAGGTCTCG-1-gPlexB5_s1,-0.20313695,-0.25547272,-0.26090798,-0.6583456,1.998084
AGCGTATCAATGGATA-1-gPlexB5_s1,0.06667399,-0.29441208,0.5044074,1.9165652,0.7219486
TCTTTCCTCCGCATAA-1-gPlexB2_s1,0.16294691,-0.20839936,0.6326135,-0.21398076,-0.30994612
GGTGTTATCATAACCG-1-gPlexB2_s1,0.5359295,-0.15121827,0.19884822,-0.552775,-0.06927794
CGATCGGCACCAGATT-1-gPlexB6_s1,0.37378323,-0.56949097,-0.17014116,-0.9745054,2.0821943
CGGGTCAAGAATAGGG-1-gPlexB1_s1,6.841046,-1.1220129,0.48957002,-1.8089483,2.0106213
GGAAAGCAGGTTCCTA-1-gPlexB2_s1,-1.5020031,2.995934,0.8138336,-0.44020477,1.6518955
CTTCTCTCAGTGGGAT-1-gPlexB5_s1,-0.00054424256,-0.1003697,-0.65000224,-0.8595152,1.4581845
ATGCGATGTGACTCAT-1-gPlexB2_s1,7.4960723,-1.0151559,-1.0441986,-1.274655,1.5684965
AACCGCGTCATTGCGA-1-gPlexB4_s1,-1.1734961,2.1272228,-0.3032179,-0.5946524,1.9181539
