,GEM,Label
TCGAGGCAGGGAACGG-1-gPlexB4_s1,TCGAGGCAGGGAACGG-1-gPlexB4_s1,4_leaf
CGGACGTTCCCAGGTG-1-gPlexB3_s1,CGGACGTTCCCAGGTG-1-gPlexB3_s1,6_leaf
GGCTCGATCCGGGTGT-1-gPlexB1_s1,GGCTCGATCCGGGTGT-1-gPlexB1_s1,6_leaf
TGTCCCAAGCTAAACA-1-gPlexB6_s1,TGTCCCAAGCTAAACA-1-gPlexB6_s1,5_leaf
TGACGGCAGATGCGAC-1-gPlexB1_s1,TGACGGCAGATGCGAC-1-gPlexB1_s1,3_leaf
GGGCATCAGTTTAGGA-1-gPlexB1_s1,GGGCATCAGTTTAGGA-1-gPlexB1_s1,5_leaf
CGCGGTAGTGCCTTGG-1-gPlexB3_s1,CGCGGTAGTGCCTTGG-1-gPlexB3_s1,5_leaf
AACCGCGCAGTTCATG-1-gPlexB4_s1,AACCGCGCAGTTCATG-1-gPlexB4_s1,4_leaf
GCGCAACTCACAATGC-1-gPlexB3_s1,GCGCAACTCACAATGC-1-gPlexB3_s1,3_leaf
GTCATTTTCAACCATG-1-gPlexB6_s1,GTCATTTTCAACCATG-1-gPlexB6_s1,3_leaf
ATTTCTGGTGTAATGA-1-gPlexB6_s1,ATTTCTGGTGTAATGA-1-gPlexB6_s1,5_leaf
CTCTAATTCATTATCC-1-gPlexB3_s1,CTCTAATTCATTATCC-1-gPlexB3_s1,5_leaf
AGAGTGGTCAAACAAG-1-gPlexB4_s1,AGAGTGGTCAAACAAG-1-gPlexB4_s1,3_leaf
GCACTCTCAGGAATCG-1-gPlexB1_s1,GCACTCTCAGGAATCG-1-gPlexB1_s1,3_leaf
ATCGAGTCACGAAATA-1-gPlexB1_s1,ATCGAGTCACGAAATA-1-gPlexB1_s1,4_leaf
GCGAGAACATCGACGC-1-gPlexB4_s1,GCGAGAACATCGACGC-1-gPlexB4_s1,4_leaf
GCGCCAAGTATATGAG-1-gPlexB3_s1,GCGCCAAGTATATGAG-1-gPlexB3_s1,3_leaf
AGAGTGGAGCTGTCTA-1-gPlexB6_s1,AGAGTGGAGCTGTCTA-1-gPlexB6_s1,5_leaf
CTTAGGAGTAACGCGA-1-gPlexB5_s1,CTTAGGAGTAACGCGA-1-gPlexB5_s1,6_leaf
GGGCACTAGCTAGCCC-1-gPlexB3_s1,GGGCACTAGCTAGCCC-1-gPlexB3_s1,3_leaf
CCTACACCACGTGAGA-1-gPlexB7_s1,CCTACACCACGTGAGA-1-gPlexB7_s1,4_leaf
GCCTCTAGTCTGATCA-1-gPlexB6_s1,GCCTCTAGTCTGATCA-1-gPlexB6_s1,3_leaf
AGTCTTTGTTCAGGCC-1-gPlexB5_s1,AGTCTTTGTTCAGGCC-1-gPlexB5_s1,4_leaf
GTCAAGTTCGAACTGT-1-gPlexB6_s1,GTCAAGTTCGAACTGT-1-gPlexB6_s1,5_leaf
ATCATGGAGTTATCGC-1-gPlexB6_s1,ATCATGGAGTTATCGC-1-gPlexB6_s1,4_leaf
GCTGCAGTCCCTCAGT-1-gPlexB6_s1,GCTGCAGTCCCTCAGT-1-gPlexB6_s1,4_leaf
TTGCGTCAGTCTCAAC-1-gPlexB7_s1,TTGCGTCAGTCTCAAC-1-gPlexB7_s1,3_leaf
GATGAGGCAGTATCTG-1-gPlexB1_s1,GATGAGGCAGTATCTG-1-gPlexB1_s1,4_leaf
TTGAACGCATACCATG-1-gPlexB1_s1,TTGAACGCATACCATG-1-gPlexB1_s1,5_leaf
GGTGTTATCATCGCTC-1-gPlexB2_s1,GGTGTTATCATCGCTC-1-gPlexB2_s1,4_leaf
GCGCAGTGTACTCGCG-1-gPlexB7_s1,GCGCAGTGTACTCGCG-1-gPlexB7_s1,4_leaf
CAGGTGCAGTGGAGAA-1-gPlexB5_s1,CAGGTGCAGTGGAGAA-1-gPlexB5_s1,3_leaf
CGCTGGACAAGAAGAG-1-gPlexB5_s1,CGCTGGACAAGAAGAG-1-gPlexB5_s1,4_leaf
AGGTCATTCCGCGCAA-1-gPlexB6_s1,AGGTCATTCCGCGCAA-1-gPlexB6_s1,4_leaf
GGTGTTAAGGATCGCA-1-gPlexB2_s1,GGTGTTAAGGATCGCA-1-gPlexB2_s1,4_leaf
CTACATTTCCGCGCAA-1-gPlexB3_s1,CTACATTTCCGCGCAA-1-gPlexB3_s1,3_leaf
GGGTTGCAGTTTCCTT-1-gPlexB4_s1,GGGTTGCAGTTTCCTT-1-gPlexB4_s1,5_leaf
CAGCCGAAGGTAGCCA-1-gPlexB5_s1,CAGCCGAAGGTAGCCA-1-gPlexB5_s1,4_leaf
ACACCGGTCAGCATGT-1-gPlexB5_s1,ACACCGGTCAGCATGT-1-gPlexB5_s1,4_leaf
CGATTGACACGAAACG-1-gPlexB4_s1,CGATTGACACGAAACG-1-gPlexB4_s1,4_leaf
TCGCGTTCACACCGAC-1-gPlexB2_s1,TCGCGTTCACACCGAC-1-gPlexB2_s1,5_leaf
AGTTGGTCAATGCCAT-1-gPlexB3_s1,AGTTGGTCAATGCCAT-1-gPlexB3_s1,3_leaf
GCTGCTTTCTCCGGTT-1-gPlexB3_s1,GCTGCTTTCTCCGGTT-1-gPlexB3_s1,5_leaf
CCTAGCTGTATAGGGC-1-gPlexB6_s1,CCTAGCTGTATAGGGC-1-gPlexB6_s1,4_leaf
GAGGTGACATACAGCT-1-gPlexB5_s1,GAGGTGACATACAGCT-1-gPlexB5_s1,3_leaf
AACTTTCTCCCACTTG-1-gPlexB1_s1,AACTTTCTCCCACTTG-1-gPlexB1_s1,5_leaf
GTACTTTTCCACGTTC-1-gPlexB3_s1,GTACTTTTCCACGTTC-1-gPlexB3_s1,5_leaf
ACTTTCAGTTGTTTGG-1-gPlexB5_s1,ACTTTCAGTTGTTTGG-1-gPlexB5_s1,3_leaf
CAGGTGCGTTGTGGAG-1-gPlexB3_s1,CAGGTGCGTTGTGGAG-1-gPlexB3_s1,3_leaf
GTGCATAGTTCCACAA-1-gPlexB7_s1,GTGCATAGTTCCACAA-1-gPlexB7_s1,4_leaf
CCGGTAGGTAGCACGA-1-gPlexB3_s1,CCGGTAGGTAGCACGA-1-gPlexB3_s1,3_leaf
GTACGTATCCGTTGTC-1-gPlexB5_s1,GTACGTATCCGTTGTC-1-gPlexB5_s1,3_leaf
TCGGTAAGTGGCAAAC-1-gPlexB5_s1,TCGGTAAGTGGCAAAC-1-gPlexB5_s1,3_leaf
CAACCAAGTTCCCGAG-1-gPlexB3_s1,CAACCAAGTTCCCGAG-1-gPlexB3_s1,4_leaf
TTGTAGGGTATCTGCA-1-gPlexB4_s1,TTGTAGGGTATCTGCA-1-gPlexB4_s1,4_leaf
GCAGCCAGTCTAAACC-1-gPlexB5_s1,GCAGCCAGTCTAAACC-1-gPlexB5_s1,3_leaf
AACTCTTAGGTCGGAT-1-gPlexB7_s1,AACTCTTAGGTCGGAT-1-gPlexB7_s1,3_leaf
AACTTTCGTTCACCTC-1-gPlexB5_s1,AACTTTCGTTCACCTC-1-gPlexB5_s1,5_leaf
TGACGGCTCGAATGGG-1-gPlexB1_s1,TGACGGCTCGAATGGG-1-gPlexB1_s1,5_leaf
GCTTGAAAGTATGACA-1-gPlexB4_s1,GCTTGAAAGTATGACA-1-gPlexB4_s1,5_leaf
TGCGCAGGTACCGAGA-1-gPlexB1_s1,TGCGCAGGTACCGAGA-1-gPlexB1_s1,6_leaf
CGATTGAAGGTGTGGT-1-gPlexB4_s1,CGATTGAAGGTGTGGT-1-gPlexB4_s1,4_leaf
CAGCGACGTACCGTAT-1-gPlexB6_s1,CAGCGACGTACCGTAT-1-gPlexB6_s1,6_leaf
GGTGCGTTCGACAGCC-1-gPlexB6_s1,GGTGCGTTCGACAGCC-1-gPlexB6_s1,4_leaf
GTTCTCGCATCGGTTA-1-gPlexB3_s1,GTTCTCGCATCGGTTA-1-gPlexB3_s1,5_leaf
GGGTCTGTCCTCTAGC-1-gPlexB7_s1,GGGTCTGTCCTCTAGC-1-gPlexB7_s1,5_leaf
CGGACGTCATGTAGTC-1-gPlexB5_s1,CGGACGTCATGTAGTC-1-gPlexB5_s1,4_leaf
GCGCGATCACTCTGTC-1-gPlexB3_s1,GCGCGATCACTCTGTC-1-gPlexB3_s1,4_leaf
CCTCTGATCCGAACGC-1-gPlexB2_s1,CCTCTGATCCGAACGC-1-gPlexB2_s1,4_leaf
GGTGAAGGTCCCGACA-1-gPlexB5_s1,GGTGAAGGTCCCGACA-1-gPlexB5_s1,3_leaf
ACGGAGACACACCGCA-1-gPlexB7_s1,ACGGAGACACACCGCA-1-gPlexB7_s1,4_leaf
CTTCTCTCAAGAAAGG-1-gPlexB3_s1,CTTCTCTCAAGAAAGG-1-gPlexB3_s1,4_leaf
CAGCTAACAGAAGCAC-1-gPlexB1_s1,CAGCTAACAGAAGCAC-1-gPlexB1_s1,5_leaf
CACATTTTCAGAAATG-1-gPlexB3_s1,CACATTTTCAGAAATG-1-gPlexB3_s1,6_leaf
ATTTCTGCATTGCGGC-1-gPlexB1_s1,ATTTCTGCATTGCGGC-1-gPlexB1_s1,4_leaf
GCGGGTTCATTGGTAC-1-gPlexB2_s1,GCGGGTTCATTGGTAC-1-gPlexB2_s1,5_leaf
TGCTGCTTCCGCAAGC-1-gPlexB7_s1,TGCTGCTTCCGCAAGC-1-gPlexB7_s1,3_leaf
TCAGATGCATTGAGCT-1-gPlexB6_s1,TCAGATGCATTGAGCT-1-gPlexB6_s1,4_leaf
CGCTGGAAGACCCACC-1-gPlexB3_s1,CGCTGGAAGACCCACC-1-gPlexB3_s1,4_leaf
TGCCAAATCCCTGACT-1-gPlexB5_s1,TGCCAAATCCCTGACT-1-gPlexB5_s1,5_leaf
CAACTAGAGCCACGTC-1-gPlexB1_s1,CAACTAGAGCCACGTC-1-gPlexB1_s1,5_leaf
AACCGCGTCTTGAGGT-1-gPlexB6_s1,AACCGCGTCTTGAGGT-1-gPlexB6_s1,3_leaf
GGTGCGTTCGGCGCAT-1-gPlexB7_s1,GGTGCGTTCGGCGCAT-1-gPlexB7_s1,4_leaf
CCTAGCTTCATCGCTC-1-gPlexB4_s1,CCTAGCTTCATCGCTC-1-gPlexB4_s1,4_leaf
CCAGCGACACTTCTGC-1-gPlexB1_s1,CCAGCGACACTTCTGC-1-gPlexB1_s1,3_leaf
CTGATCCCATGGAATA-1-gPlexB3_s1,CTGATCCCATGGAATA-1-gPlexB3_s1,6_leaf
CGTAGCGTCTTGGGTA-1-gPlexB7_s1,CGTAGCGTCTTGGGTA-1-gPlexB7_s1,4_leaf
TGTGGTACATATACCG-1-gPlexB4_s1,TGTGGTACATATACCG-1-gPlexB4_s1,5_leaf
CTTAACTAGCCGTCGT-1-gPlexB5_s1,CTTAACTAGCCGTCGT-1-gPlexB5_s1,5_leaf
TAGAGCTCAGCTGTGC-1-gPlexB6_s1,TAGAGCTCAGCTGTGC-1-gPlexB6_s1,3_leaf
AGCTCCTCAAACTGCT-1-gPlexB4_s1,AGCTCCTCAAACTGCT-1-gPlexB4_s1,4_leaf
CGACTTCGTAAGGGCT-1-gPlexB3_s1,CGACTTCGTAAGGGCT-1-gPlexB3_s1,4_leaf
GCCTCTAAGCCAACAG-1-gPlexB6_s1,GCCTCTAAGCCAACAG-1-gPlexB6_s1,5_leaf
CGTCACTAGACTAGGC-1-gPlexB4_s1,CGTCACTAGACTAGGC-1-gPlexB4_s1,4_leaf
CCGGGATCACGCGAAA-1-gPlexB5_s1,CCGGGATCACGCGAAA-1-gPlexB5_s1,5_leaf
GAGGTGACAGCGATCC-1-gPlexB2_s1,GAGGTGACAGCGATCC-1-gPlexB2_s1,3_leaf
GCAAACTTCTGCTTGC-1-gPlexB7_s1,GCAAACTTCTGCTTGC-1-gPlexB7_s1,5_leaf
TGCCCATGTCATCGGC-1-gPlexB2_s1,TGCCCATGTCATCGGC-1-gPlexB2_s1,4_leaf
TACGGATAGAAGGTGA-1-gPlexB1_s1,TACGGATAGAAGGTGA-1-gPlexB1_s1,6_leaf
GCTCTGTAGCACCGCT-1-gPlexB3_s1,GCTCTGTAGCACCGCT-1-gPlexB3_s1,5_leaf
GGTGAAGGTCCGCTGA-1-gPlexB3_s1,GGTGAAGGTCCGCTGA-1-gPlexB3_s1,4_leaf
TCCCGATTCGTTTGCC-1-gPlexB1_s1,TCCCGATTCGTTTGCC-1-gPlexB1_s1,4_leaf
GAGTCCGTCTGTGCAA-1-gPlexB7_s1,GAGTCCGTCTGTGCAA-1-gPlexB7_s1,5_leaf
TGCCAAACACGCTTTC-1-gPlexB3_s1,TGCCAAACACGCTTTC-1-gPlexB3_s1,3_leaf
CAGTCCTCACGCTTTC-1-gPlexB3_s1,CAGTCCTCACGCTTTC-1-gPlexB3_s1,4_leaf
TGTGGTAAGCTCCTTC-1-gPlexB5_s1,TGTGGTAAGCTCCTTC-1-gPlexB5_s1,3_leaf
TGACTTTAGTGACATA-1-gPlexB3_s1,TGACTTTAGTGACATA-1-gPlexB3_s1,5_leaf
ATTTCTGGTCAAAGAT-1-gPlexB5_s1,ATTTCTGGTCAAAGAT-1-gPlexB5_s1,5_leaf
GAAGCAGCATTCCTCG-1-gPlexB5_s1,GAAGCAGCATTCCTCG-1-gPlexB5_s1,6_leaf
CAGTAACGTCATCCCT-1-gPlexB5_s1,CAGTAACGTCATCCCT-1-gPlexB5_s1,3_leaf
GTTCTCGAGTACGTAA-1-gPlexB3_s1,GTTCTCGAGTACGTAA-1-gPlexB3_s1,3_leaf
GCATACAAGCAGCGTA-1-gPlexB3_s1,GCATACAAGCAGCGTA-1-gPlexB3_s1,5_leaf
GGACAAGGTATAAACG-1-gPlexB1_s1,GGACAAGGTATAAACG-1-gPlexB1_s1,4_leaf
CTCTACGGTGATGTCT-1-gPlexB4_s1,CTCTACGGTGATGTCT-1-gPlexB4_s1,5_leaf
TTTACTGCAGCTTAAC-1-gPlexB3_s1,TTTACTGCAGCTTAAC-1-gPlexB3_s1,3_leaf
GCAAACTGTAGCGTGA-1-gPlexB2_s1,GCAAACTGTAGCGTGA-1-gPlexB2_s1,5_leaf
CTCGTACGTGACTACT-1-gPlexB2_s1,CTCGTACGTGACTACT-1-gPlexB2_s1,5_leaf
TCAGCTCGTACCGAGA-1-gPlexB6_s1,TCAGCTCGTACCGAGA-1-gPlexB6_s1,5_leaf
GTTACAGGTACCGGCT-1-gPlexB5_s1,GTTACAGGTACCGGCT-1-gPlexB5_s1,4_leaf
ATAACGCAGGCTAGAC-1-gPlexB1_s1,ATAACGCAGGCTAGAC-1-gPlexB1_s1,4_leaf
CATATGGCACACATGT-1-gPlexB7_s1,CATATGGCACACATGT-1-gPlexB7_s1,3_leaf
AGTGAGGTCAGTTCGA-1-gPlexB3_s1,AGTGAGGTCAGTTCGA-1-gPlexB3_s1,4_leaf
TGCCAAAAGCCGCCTA-1-gPlexB2_s1,TGCCAAAAGCCGCCTA-1-gPlexB2_s1,3_leaf
AAGCCGCCAAAGTGCG-1-gPlexB4_s1,AAGCCGCCAAAGTGCG-1-gPlexB4_s1,5_leaf
CTGATAGGTACCGTTA-1-gPlexB2_s1,CTGATAGGTACCGTTA-1-gPlexB2_s1,4_leaf
AGATCTGTCTTATCTG-1-gPlexB2_s1,AGATCTGTCTTATCTG-1-gPlexB2_s1,4_leaf
TCGAGGCTCCGTTGTC-1-gPlexB3_s1,TCGAGGCTCCGTTGTC-1-gPlexB3_s1,4_leaf
CTCTACGCATGTTCCC-1-gPlexB2_s1,CTCTACGCATGTTCCC-1-gPlexB2_s1,4_leaf
TTAGTTCCACGAAAGC-1-gPlexB6_s1,TTAGTTCCACGAAAGC-1-gPlexB6_s1,5_leaf
GGAACTTCATCCTTGC-1-gPlexB4_s1,GGAACTTCATCCTTGC-1-gPlexB4_s1,4_leaf
CAAGATCAGAAACCGC-1-gPlexB3_s1,CAAGATCAGAAACCGC-1-gPlexB3_s1,4_leaf
TCAGGTATCTAACTCT-1-gPlexB2_s1,TCAGGTATCTAACTCT-1-gPlexB2_s1,4_leaf
GGTGAAGAGTACGCCC-1-gPlexB2_s1,GGTGAAGAGTACGCCC-1-gPlexB2_s1,5_leaf
GGAATAAAGAGACTTA-1-gPlexB6_s1,GGAATAAAGAGACTTA-1-gPlexB6_s1,5_leaf
ACAGCCGCACATTAGC-1-gPlexB4_s1,ACAGCCGCACATTAGC-1-gPlexB4_s1,3_leaf
CACTCCAAGTGGCACA-1-gPlexB2_s1,CACTCCAAGTGGCACA-1-gPlexB2_s1,5_leaf
GTGCGGTCAGTAGAGC-1-gPlexB7_s1,GTGCGGTCAGTAGAGC-1-gPlexB7_s1,3_leaf
ATGCGATGTCATCGGC-1-gPlexB4_s1,ATGCGATGTCATCGGC-1-gPlexB4_s1,3_leaf
CACAGGCTCATCGCTC-1-gPlexB1_s1,CACAGGCTCATCGCTC-1-gPlexB1_s1,4_leaf
CACACAAAGGGTGTTG-1-gPlexB6_s1,CACACAAAGGGTGTTG-1-gPlexB6_s1,4_leaf
AACTCCCCAGACACTT-1-gPlexB5_s1,AACTCCCCAGACACTT-1-gPlexB5_s1,5_leaf
CCGTACTAGATCCGAG-1-gPlexB1_s1,CCGTACTAGATCCGAG-1-gPlexB1_s1,5_leaf
CCTATTATCTTCCTTC-1-gPlexB3_s1,CCTATTATCTTCCTTC-1-gPlexB3_s1,4_leaf
CTCCTAGCACCAGTTA-1-gPlexB5_s1,CTCCTAGCACCAGTTA-1-gPlexB5_s1,4_leaf
CACTCCAGTGCAGACA-1-gPlexB4_s1,CACTCCAGTGCAGACA-1-gPlexB4_s1,4_leaf
GATCAGTCAGCTGTAT-1-gPlexB6_s1,GATCAGTCAGCTGTAT-1-gPlexB6_s1,4_leaf
GTATTCTAGTCGTACT-1-gPlexB4_s1,GTATTCTAGTCGTACT-1-gPlexB4_s1,4_leaf
ATCACGATCAAACCAC-1-gPlexB4_s1,ATCACGATCAAACCAC-1-gPlexB4_s1,4_leaf
CGCGTTTGTGTGCCTG-1-gPlexB6_s1,CGCGTTTGTGTGCCTG-1-gPlexB6_s1,5_leaf
CGCGTTTGTGTGCGTC-1-gPlexB1_s1,CGCGTTTGTGTGCGTC-1-gPlexB1_s1,5_leaf
TAAGTGCAGACTTGAA-1-gPlexB6_s1,TAAGTGCAGACTTGAA-1-gPlexB6_s1,3_leaf
AACTTTCAGATCGATA-1-gPlexB7_s1,AACTTTCAGATCGATA-1-gPlexB7_s1,4_leaf
AGGTCCGAGTCCTCCT-1-gPlexB1_s1,AGGTCCGAGTCCTCCT-1-gPlexB1_s1,4_leaf
TCAGATGAGTGTACCT-1-gPlexB5_s1,TCAGATGAGTGTACCT-1-gPlexB5_s1,4_leaf
GCACATATCAAGGTAA-1-gPlexB1_s1,GCACATATCAAGGTAA-1-gPlexB1_s1,4_leaf
ACAGCCGCAGGTCCAC-1-gPlexB5_s1,ACAGCCGCAGGTCCAC-1-gPlexB5_s1,4_leaf
CGTGAGCGTCGAAAGC-1-gPlexB1_s1,CGTGAGCGTCGAAAGC-1-gPlexB1_s1,5_leaf
TAAGAGAAGACAAGCC-1-gPlexB6_s1,TAAGAGAAGACAAGCC-1-gPlexB6_s1,4_leaf
CTTGGCTCACCGCTAG-1-gPlexB5_s1,CTTGGCTCACCGCTAG-1-gPlexB5_s1,4_leaf
CGCTGGACAGGCGATA-1-gPlexB6_s1,CGCTGGACAGGCGATA-1-gPlexB6_s1,4_leaf
ATGTGTGCAACGCACC-1-gPlexB7_s1,ATGTGTGCAACGCACC-1-gPlexB7_s1,4_leaf
TCACGAACATGCAATC-1-gPlexB3_s1,TCACGAACATGCAATC-1-gPlexB3_s1,3_leaf
ATCTGCCTCACAACGT-1-gPlexB1_s1,ATCTGCCTCACAACGT-1-gPlexB1_s1,5_leaf
CGGACACAGAAACGCC-1-gPlexB6_s1,CGGACACAGAAACGCC-1-gPlexB6_s1,5_leaf
GAAACTCCATAGAAAC-1-gPlexB3_s1,GAAACTCCATAGAAAC-1-gPlexB3_s1,3_leaf
GGTGCGTTCTCTAGGA-1-gPlexB6_s1,GGTGCGTTCTCTAGGA-1-gPlexB6_s1,5_leaf
TCAACGACAACTTGAC-1-gPlexB5_s1,TCAACGACAACTTGAC-1-gPlexB5_s1,4_leaf
GTGCGGTCATCCAACA-1-gPlexB6_s1,GTGCGGTCATCCAACA-1-gPlexB6_s1,4_leaf
CTCGAAATCAAACCAC-1-gPlexB4_s1,CTCGAAATCAAACCAC-1-gPlexB4_s1,4_leaf
TCATTTGTCCACGAAT-1-gPlexB3_s1,TCATTTGTCCACGAAT-1-gPlexB3_s1,3_leaf
ACATACGGTGTTGGGA-1-gPlexB5_s1,ACATACGGTGTTGGGA-1-gPlexB5_s1,3_leaf
AGGTCCGGTTCAACCA-1-gPlexB6_s1,AGGTCCGGTTCAACCA-1-gPlexB6_s1,4_leaf
CGTTAGAGTAATCGTC-1-gPlexB3_s1,CGTTAGAGTAATCGTC-1-gPlexB3_s1,3_leaf
AAAGCAATCGGTGTTA-1-gPlexB2_s1,AAAGCAATCGGTGTTA-1-gPlexB2_s1,4_leaf
TCCCGATCACCTATCC-1-gPlexB2_s1,TCCCGATCACCTATCC-1-gPlexB2_s1,3_leaf
TTCGGTCCACCATGTA-1-gPlexB2_s1,TTCGGTCCACCATGTA-1-gPlexB2_s1,5_leaf
CTTAACTCAGATCCAT-1-gPlexB2_s1,CTTAACTCAGATCCAT-1-gPlexB2_s1,5_leaf
ACGGAGATCCCTCTTT-1-gPlexB2_s1,ACGGAGATCCCTCTTT-1-gPlexB2_s1,3_leaf
CCTATTATCTAACCGA-1-gPlexB7_s1,CCTATTATCTAACCGA-1-gPlexB7_s1,6_leaf
CGGACGTGTCCAGTTA-1-gPlexB1_s1,CGGACGTGTCCAGTTA-1-gPlexB1_s1,4_leaf
GCTGCAGCAGCGTAAG-1-gPlexB6_s1,GCTGCAGCAGCGTAAG-1-gPlexB6_s1,3_leaf
GTTTCTACAGGGCATA-1-gPlexB5_s1,GTTTCTACAGGGCATA-1-gPlexB5_s1,3_leaf
CTTAACTCATGGTTGT-1-gPlexB5_s1,CTTAACTCATGGTTGT-1-gPlexB5_s1,4_leaf
CCAGCGAGTAAGGGAA-1-gPlexB5_s1,CCAGCGAGTAAGGGAA-1-gPlexB5_s1,3_leaf
ACACTGACAGATCCAT-1-gPlexB5_s1,ACACTGACAGATCCAT-1-gPlexB5_s1,4_leaf
ACGGAGATCAGTGCAT-1-gPlexB3_s1,ACGGAGATCAGTGCAT-1-gPlexB3_s1,4_leaf
TACAGTGAGCAAATCA-1-gPlexB2_s1,TACAGTGAGCAAATCA-1-gPlexB2_s1,4_leaf
CACACTCGTAAGCACG-1-gPlexB3_s1,CACACTCGTAAGCACG-1-gPlexB3_s1,6_leaf
GGATTACGTGCTAGCC-1-gPlexB5_s1,GGATTACGTGCTAGCC-1-gPlexB5_s1,5_leaf
CGCTATCCAAAGCGGT-1-gPlexB4_s1,CGCTATCCAAAGCGGT-1-gPlexB4_s1,5_leaf
AGCAGCCTCCGCAAGC-1-gPlexB7_s1,AGCAGCCTCCGCAAGC-1-gPlexB7_s1,4_leaf
TTCTCAAGTGTTTGTG-1-gPlexB3_s1,TTCTCAAGTGTTTGTG-1-gPlexB3_s1,4_leaf
AGTGAGGTCCATTCTA-1-gPlexB4_s1,AGTGAGGTCCATTCTA-1-gPlexB4_s1,4_leaf
CACATTTAGTGTCTCA-1-gPlexB3_s1,CACATTTAGTGTCTCA-1-gPlexB3_s1,4_leaf
CACCTTGTCGCTAGCG-1-gPlexB5_s1,CACCTTGTCGCTAGCG-1-gPlexB5_s1,3_leaf
GCTTCCACATTGAGCT-1-gPlexB5_s1,GCTTCCACATTGAGCT-1-gPlexB5_s1,4_leaf
GCACTCTCAGGAATCG-1-gPlexB7_s1,GCACTCTCAGGAATCG-1-gPlexB7_s1,5_leaf
ACACCCTAGCGATATA-1-gPlexB5_s1,ACACCCTAGCGATATA-1-gPlexB5_s1,5_leaf
CTTAGGAAGTCTCGGC-1-gPlexB5_s1,CTTAGGAAGTCTCGGC-1-gPlexB5_s1,4_leaf
GGACGTCCATCCGTGG-1-gPlexB7_s1,GGACGTCCATCCGTGG-1-gPlexB7_s1,4_leaf
TCGTACCAGGCAAAGA-1-gPlexB5_s1,TCGTACCAGGCAAAGA-1-gPlexB5_s1,4_leaf
GCGCCAACATTATCTC-1-gPlexB2_s1,GCGCCAACATTATCTC-1-gPlexB2_s1,3_leaf
TCGAGGCAGAACAACT-1-gPlexB5_s1,TCGAGGCAGAACAACT-1-gPlexB5_s1,3_leaf
TGGACGCGTCCCGACA-1-gPlexB4_s1,TGGACGCGTCCCGACA-1-gPlexB4_s1,6_leaf
CCTACCACATGCAACT-1-gPlexB3_s1,CCTACCACATGCAACT-1-gPlexB3_s1,4_leaf
TGGCCAGCAATGGACG-1-gPlexB7_s1,TGGCCAGCAATGGACG-1-gPlexB7_s1,3_leaf
GTACGTATCGAACGGA-1-gPlexB3_s1,GTACGTATCGAACGGA-1-gPlexB3_s1,4_leaf
CTAAGACGTTACGCGC-1-gPlexB6_s1,CTAAGACGTTACGCGC-1-gPlexB6_s1,4_leaf
CTTAACTCAAGGTGTG-1-gPlexB6_s1,CTTAACTCAAGGTGTG-1-gPlexB6_s1,4_leaf
GTGCATAAGGAATTAC-1-gPlexB7_s1,GTGCATAAGGAATTAC-1-gPlexB7_s1,5_leaf
TTTACTGAGATGCCAG-1-gPlexB2_s1,TTTACTGAGATGCCAG-1-gPlexB2_s1,4_leaf
CAGGTGCGTAAGTGTA-1-gPlexB4_s1,CAGGTGCGTAAGTGTA-1-gPlexB4_s1,4_leaf
TGTATTCTCGGCGCTA-1-gPlexB4_s1,TGTATTCTCGGCGCTA-1-gPlexB4_s1,3_leaf
CTCAGAAGTCGCGGTT-1-gPlexB3_s1,CTCAGAAGTCGCGGTT-1-gPlexB3_s1,3_leaf
CAAGAAACATGCCCGA-1-gPlexB3_s1,CAAGAAACATGCCCGA-1-gPlexB3_s1,4_leaf
ACGGGTCGTTGGTAAA-1-gPlexB6_s1,ACGGGTCGTTGGTAAA-1-gPlexB6_s1,6_leaf
GTCCTCACACTCAGGC-1-gPlexB2_s1,GTCCTCACACTCAGGC-1-gPlexB2_s1,3_leaf
CCCATACGTCCAACTA-1-gPlexB4_s1,CCCATACGTCCAACTA-1-gPlexB4_s1,4_leaf
ATAACGCTCCAAAGTC-1-gPlexB1_s1,ATAACGCTCCAAAGTC-1-gPlexB1_s1,4_leaf
TCACAAGGTTCATGGT-1-gPlexB1_s1,TCACAAGGTTCATGGT-1-gPlexB1_s1,4_leaf
CTGCGGAGTGACGCCT-1-gPlexB6_s1,CTGCGGAGTGACGCCT-1-gPlexB6_s1,5_leaf
TCGGGACGTCACTGGC-1-gPlexB5_s1,TCGGGACGTCACTGGC-1-gPlexB5_s1,4_leaf
ACGGGTCCACAAGACG-1-gPlexB4_s1,ACGGGTCCACAAGACG-1-gPlexB4_s1,5_leaf
GGACAGATCGTTACAG-1-gPlexB3_s1,GGACAGATCGTTACAG-1-gPlexB3_s1,5_leaf
TACTCATCAATGTAAG-1-gPlexB4_s1,TACTCATCAATGTAAG-1-gPlexB4_s1,5_leaf
TGACTTTCAATAGCGG-1-gPlexB5_s1,TGACTTTCAATAGCGG-1-gPlexB5_s1,4_leaf
AGAGCGAAGCCCAATT-1-gPlexB2_s1,AGAGCGAAGCCCAATT-1-gPlexB2_s1,3_leaf
TGAGAGGGTAGAGCTG-1-gPlexB6_s1,TGAGAGGGTAGAGCTG-1-gPlexB6_s1,6_leaf
GGACAGAGTGTAACGG-1-gPlexB6_s1,GGACAGAGTGTAACGG-1-gPlexB6_s1,6_leaf
GCAGTTACACGGCGTT-1-gPlexB2_s1,GCAGTTACACGGCGTT-1-gPlexB2_s1,4_leaf
GGGTCTGAGTACCGGA-1-gPlexB1_s1,GGGTCTGAGTACCGGA-1-gPlexB1_s1,5_leaf
TTGCCGTAGGGCTCTC-1-gPlexB6_s1,TTGCCGTAGGGCTCTC-1-gPlexB6_s1,3_leaf
CACACTCTCGTTTATC-1-gPlexB1_s1,CACACTCTCGTTTATC-1-gPlexB1_s1,5_leaf
CCTTTCTCAGTGACAG-1-gPlexB1_s1,CCTTTCTCAGTGACAG-1-gPlexB1_s1,3_leaf
CTTCTCTGTCGCATCG-1-gPlexB4_s1,CTTCTCTGTCGCATCG-1-gPlexB4_s1,3_leaf
GTGCAGCTCGTACCGG-1-gPlexB5_s1,GTGCAGCTCGTACCGG-1-gPlexB5_s1,3_leaf
GTATCTTCAGACTCGC-1-gPlexB4_s1,GTATCTTCAGACTCGC-1-gPlexB4_s1,4_leaf
GTACTTTTCAGGTAAA-1-gPlexB6_s1,GTACTTTTCAGGTAAA-1-gPlexB6_s1,5_leaf
GACCTGGTCCACGAAT-1-gPlexB2_s1,GACCTGGTCCACGAAT-1-gPlexB2_s1,4_leaf
CTCATTAAGAAGATTC-1-gPlexB7_s1,CTCATTAAGAAGATTC-1-gPlexB7_s1,4_leaf
GAAATGAGTCTAACGT-1-gPlexB6_s1,GAAATGAGTCTAACGT-1-gPlexB6_s1,3_leaf
TAGAGCTTCCCTAACC-1-gPlexB4_s1,TAGAGCTTCCCTAACC-1-gPlexB4_s1,4_leaf
CGACTTCGTCGCCATG-1-gPlexB5_s1,CGACTTCGTCGCCATG-1-gPlexB5_s1,4_leaf
GCTGGGTTCCTTTACA-1-gPlexB6_s1,GCTGGGTTCCTTTACA-1-gPlexB6_s1,3_leaf
CGCCAAGGTGGTTTCA-1-gPlexB3_s1,CGCCAAGGTGGTTTCA-1-gPlexB3_s1,5_leaf
AGTCTTTTCTTGTTTG-1-gPlexB1_s1,AGTCTTTTCTTGTTTG-1-gPlexB1_s1,4_leaf
TACTCGCAGAATTGTG-1-gPlexB4_s1,TACTCGCAGAATTGTG-1-gPlexB4_s1,4_leaf
TCACGAACACGAGGTA-1-gPlexB6_s1,TCACGAACACGAGGTA-1-gPlexB6_s1,4_leaf
CATGGCGAGTCAATAG-1-gPlexB5_s1,CATGGCGAGTCAATAG-1-gPlexB5_s1,3_leaf
CTTCTCTGTTACAGAA-1-gPlexB1_s1,CTTCTCTGTTACAGAA-1-gPlexB1_s1,4_leaf
CGTCAGGTCGGATGGA-1-gPlexB3_s1,CGTCAGGTCGGATGGA-1-gPlexB3_s1,4_leaf
AGTGTCAAGTTAACGA-1-gPlexB3_s1,AGTGTCAAGTTAACGA-1-gPlexB3_s1,4_leaf
TTAGGCAGTACCATCA-1-gPlexB2_s1,TTAGGCAGTACCATCA-1-gPlexB2_s1,5_leaf
CTGAAGTTCTATCCTA-1-gPlexB6_s1,CTGAAGTTCTATCCTA-1-gPlexB6_s1,5_leaf
AAAGCAACATCCGCGA-1-gPlexB6_s1,AAAGCAACATCCGCGA-1-gPlexB6_s1,4_leaf
TTCTACAAGGGATCTG-1-gPlexB3_s1,TTCTACAAGGGATCTG-1-gPlexB3_s1,4_leaf
CACCACTAGGGTTTCT-1-gPlexB7_s1,CACCACTAGGGTTTCT-1-gPlexB7_s1,5_leaf
CATTATCGTTCGCTAA-1-gPlexB5_s1,CATTATCGTTCGCTAA-1-gPlexB5_s1,4_leaf
CGTAGCGTCTCTGCTG-1-gPlexB5_s1,CGTAGCGTCTCTGCTG-1-gPlexB5_s1,5_leaf
ACACCAACAGCATGAG-1-gPlexB4_s1,ACACCAACAGCATGAG-1-gPlexB4_s1,3_leaf
GGGAATGTCGGAGGTA-1-gPlexB1_s1,GGGAATGTCGGAGGTA-1-gPlexB1_s1,4_leaf
TTAGTTCCAGATGGCA-1-gPlexB5_s1,TTAGTTCCAGATGGCA-1-gPlexB5_s1,4_leaf
TATCTCAGTTCGTTGA-1-gPlexB5_s1,TATCTCAGTTCGTTGA-1-gPlexB5_s1,5_leaf
AAAGATGGTAAACACA-1-gPlexB6_s1,AAAGATGGTAAACACA-1-gPlexB6_s1,3_leaf
GCTTCCATCATCACCC-1-gPlexB7_s1,GCTTCCATCATCACCC-1-gPlexB7_s1,4_leaf
GTCCTCACACTGAAGG-1-gPlexB2_s1,GTCCTCACACTGAAGG-1-gPlexB2_s1,4_leaf
TGCGTGGTCGAGGTAG-1-gPlexB7_s1,TGCGTGGTCGAGGTAG-1-gPlexB7_s1,4_leaf
GGAGCAACAGTATAAG-1-gPlexB5_s1,GGAGCAACAGTATAAG-1-gPlexB5_s1,5_leaf
GCGGGTTAGCATCATC-1-gPlexB1_s1,GCGGGTTAGCATCATC-1-gPlexB1_s1,3_leaf
AGCATACAGGTGATAT-1-gPlexB2_s1,AGCATACAGGTGATAT-1-gPlexB2_s1,4_leaf
AAGGTTCTCCATTCTA-1-gPlexB6_s1,AAGGTTCTCCATTCTA-1-gPlexB6_s1,5_leaf
CGAGCACGTATCGCAT-1-gPlexB3_s1,CGAGCACGTATCGCAT-1-gPlexB3_s1,5_leaf
CGGAGTCGTCTAACGT-1-gPlexB5_s1,CGGAGTCGTCTAACGT-1-gPlexB5_s1,5_leaf
CTAACTTAGCCAGTTT-1-gPlexB3_s1,CTAACTTAGCCAGTTT-1-gPlexB3_s1,4_leaf
CTCACACTCAGCTGGC-1-gPlexB4_s1,CTCACACTCAGCTGGC-1-gPlexB4_s1,4_leaf
GGTGAAGCAGGATTGG-1-gPlexB6_s1,GGTGAAGCAGGATTGG-1-gPlexB6_s1,5_leaf
GTCATTTAGCAGACTG-1-gPlexB6_s1,GTCATTTAGCAGACTG-1-gPlexB6_s1,3_leaf
CCTATTAAGGCTAGGT-1-gPlexB7_s1,CCTATTAAGGCTAGGT-1-gPlexB7_s1,4_leaf
CCGTACTCATATGAGA-1-gPlexB1_s1,CCGTACTCATATGAGA-1-gPlexB1_s1,3_leaf
TGGGAAGCATTTCACT-1-gPlexB1_s1,TGGGAAGCATTTCACT-1-gPlexB1_s1,4_leaf
GATGAGGAGTTAGCGG-1-gPlexB5_s1,GATGAGGAGTTAGCGG-1-gPlexB5_s1,4_leaf
TGTATTCCAGGACCCT-1-gPlexB2_s1,TGTATTCCAGGACCCT-1-gPlexB2_s1,4_leaf
CGCTTCACAGCTATTG-1-gPlexB5_s1,CGCTTCACAGCTATTG-1-gPlexB5_s1,5_leaf
CCTAGCTTCGAATGCT-1-gPlexB7_s1,CCTAGCTTCGAATGCT-1-gPlexB7_s1,4_leaf
ACTGTCCTCTTCTGGC-1-gPlexB4_s1,ACTGTCCTCTTCTGGC-1-gPlexB4_s1,4_leaf
CTAATGGTCAGAAATG-1-gPlexB6_s1,CTAATGGTCAGAAATG-1-gPlexB6_s1,6_leaf
GATGCTAAGGGAAACA-1-gPlexB5_s1,GATGCTAAGGGAAACA-1-gPlexB5_s1,5_leaf
AGAATAGTCAGAGGTG-1-gPlexB5_s1,AGAATAGTCAGAGGTG-1-gPlexB5_s1,6_leaf
GTGTTAGGTGTGAAAT-1-gPlexB6_s1,GTGTTAGGTGTGAAAT-1-gPlexB6_s1,4_leaf
AGCAGCCAGACAGGCT-1-gPlexB7_s1,AGCAGCCAGACAGGCT-1-gPlexB7_s1,3_leaf
TACTTGTAGATGGGTC-1-gPlexB6_s1,TACTTGTAGATGGGTC-1-gPlexB6_s1,5_leaf
AACTTTCGTGGCCCTA-1-gPlexB3_s1,AACTTTCGTGGCCCTA-1-gPlexB3_s1,3_leaf
ACTGATGTCCTTTCTC-1-gPlexB3_s1,ACTGATGTCCTTTCTC-1-gPlexB3_s1,4_leaf
AGAGCTTGTTTCCACC-1-gPlexB2_s1,AGAGCTTGTTTCCACC-1-gPlexB2_s1,3_leaf
CCTCTGACACAGGCCT-1-gPlexB7_s1,CCTCTGACACAGGCCT-1-gPlexB7_s1,3_leaf
CATGACATCTCGAGTA-1-gPlexB4_s1,CATGACATCTCGAGTA-1-gPlexB4_s1,4_leaf
GGGCATCAGGAGCGTT-1-gPlexB4_s1,GGGCATCAGGAGCGTT-1-gPlexB4_s1,4_leaf
CATATTCAGTCTCCTC-1-gPlexB5_s1,CATATTCAGTCTCCTC-1-gPlexB5_s1,4_leaf
CGCGGTATCGGACAAG-1-gPlexB3_s1,CGCGGTATCGGACAAG-1-gPlexB3_s1,4_leaf
TACCTATTCGAATCCA-1-gPlexB5_s1,TACCTATTCGAATCCA-1-gPlexB5_s1,4_leaf
TACAGTGGTCGAATCT-1-gPlexB5_s1,TACAGTGGTCGAATCT-1-gPlexB5_s1,4_leaf
GTAACGTAGGGAGTAA-1-gPlexB4_s1,GTAACGTAGGGAGTAA-1-gPlexB4_s1,3_leaf
TCATTACGTTAGAACA-1-gPlexB6_s1,TCATTACGTTAGAACA-1-gPlexB6_s1,4_leaf
TCAGCTCTCCTTGACC-1-gPlexB6_s1,TCAGCTCTCCTTGACC-1-gPlexB6_s1,4_leaf
CATGCCTTCGCTAGCG-1-gPlexB6_s1,CATGCCTTCGCTAGCG-1-gPlexB6_s1,3_leaf
AAACGGGCAACGATGG-1-gPlexB7_s1,AAACGGGCAACGATGG-1-gPlexB7_s1,3_leaf
TACACGAGTGCTAGCC-1-gPlexB6_s1,TACACGAGTGCTAGCC-1-gPlexB6_s1,6_leaf
TTTGGTTAGCCCGAAA-1-gPlexB3_s1,TTTGGTTAGCCCGAAA-1-gPlexB3_s1,4_leaf
GGCTGGTGTGCCTGGT-1-gPlexB2_s1,GGCTGGTGTGCCTGGT-1-gPlexB2_s1,3_leaf
CTGAAGTCACGGTAAG-1-gPlexB7_s1,CTGAAGTCACGGTAAG-1-gPlexB7_s1,3_leaf
TTTCCTCTCTTTAGTC-1-gPlexB7_s1,TTTCCTCTCTTTAGTC-1-gPlexB7_s1,4_leaf
CGACCTTTCCAGAAGG-1-gPlexB7_s1,CGACCTTTCCAGAAGG-1-gPlexB7_s1,5_leaf
GATGAGGTCATCTGCC-1-gPlexB5_s1,GATGAGGTCATCTGCC-1-gPlexB5_s1,4_leaf
CGAACATAGCCAGTTT-1-gPlexB3_s1,CGAACATAGCCAGTTT-1-gPlexB3_s1,3_leaf
CTGTGCTCATCTATGG-1-gPlexB1_s1,CTGTGCTCATCTATGG-1-gPlexB1_s1,4_leaf
ACAGCTAAGATGTGTA-1-gPlexB5_s1,ACAGCTAAGATGTGTA-1-gPlexB5_s1,4_leaf
GAACGGACAACTGCTA-1-gPlexB4_s1,GAACGGACAACTGCTA-1-gPlexB4_s1,4_leaf
TTAGGACCATGACGGA-1-gPlexB7_s1,TTAGGACCATGACGGA-1-gPlexB7_s1,4_leaf
ACGTCAACATTGGCGC-1-gPlexB1_s1,ACGTCAACATTGGCGC-1-gPlexB1_s1,4_leaf
TCTTCGGAGCTGCCCA-1-gPlexB5_s1,TCTTCGGAGCTGCCCA-1-gPlexB5_s1,5_leaf
CTGGTCTTCTAACTTC-1-gPlexB5_s1,CTGGTCTTCTAACTTC-1-gPlexB5_s1,6_leaf
CTCTAATGTAGGGACT-1-gPlexB6_s1,CTCTAATGTAGGGACT-1-gPlexB6_s1,3_leaf
ACACCAATCTACCAGA-1-gPlexB1_s1,ACACCAATCTACCAGA-1-gPlexB1_s1,3_leaf
TCGTAGAAGTGGCACA-1-gPlexB5_s1,TCGTAGAAGTGGCACA-1-gPlexB5_s1,5_leaf
CTTGGCTTCTGATTCT-1-gPlexB2_s1,CTTGGCTTCTGATTCT-1-gPlexB2_s1,5_leaf
ATCTGCCTCGCGTAGC-1-gPlexB5_s1,ATCTGCCTCGCGTAGC-1-gPlexB5_s1,3_leaf
ACGATACCACCGATAT-1-gPlexB3_s1,ACGATACCACCGATAT-1-gPlexB3_s1,3_leaf
CTAATGGAGCCGTCGT-1-gPlexB1_s1,CTAATGGAGCCGTCGT-1-gPlexB1_s1,5_leaf
CAGCATAAGATCGGGT-1-gPlexB3_s1,CAGCATAAGATCGGGT-1-gPlexB3_s1,4_leaf
GCATGCGCAGATCTGT-1-gPlexB6_s1,GCATGCGCAGATCTGT-1-gPlexB6_s1,6_leaf
GCATGTAAGGACGAAA-1-gPlexB1_s1,GCATGTAAGGACGAAA-1-gPlexB1_s1,4_leaf
AGGTCATCATCAGTCA-1-gPlexB3_s1,AGGTCATCATCAGTCA-1-gPlexB3_s1,6_leaf
AGCTCCTAGTACGACG-1-gPlexB5_s1,AGCTCCTAGTACGACG-1-gPlexB5_s1,4_leaf
AGCAGCCCATACTACG-1-gPlexB2_s1,AGCAGCCCATACTACG-1-gPlexB2_s1,5_leaf
TGTTCCGCAAGCTGTT-1-gPlexB3_s1,TGTTCCGCAAGCTGTT-1-gPlexB3_s1,3_leaf
CGAGAAGGTTGTTTGG-1-gPlexB1_s1,CGAGAAGGTTGTTTGG-1-gPlexB1_s1,4_leaf
TCTGGAAGTTCTCATT-1-gPlexB1_s1,TCTGGAAGTTCTCATT-1-gPlexB1_s1,5_leaf
CTAATGGTCAAGATCC-1-gPlexB3_s1,CTAATGGTCAAGATCC-1-gPlexB3_s1,5_leaf
GCAGCCAGTAGTAGTA-1-gPlexB4_s1,GCAGCCAGTAGTAGTA-1-gPlexB4_s1,4_leaf
CCCAATCCATGTCCTC-1-gPlexB4_s1,CCCAATCCATGTCCTC-1-gPlexB4_s1,5_leaf
ACGGAGAAGTTCCACA-1-gPlexB5_s1,ACGGAGAAGTTCCACA-1-gPlexB5_s1,3_leaf
ATCCACCGTCCTAGCG-1-gPlexB3_s1,ATCCACCGTCCTAGCG-1-gPlexB3_s1,6_leaf
CCGTACTCAAAGAATC-1-gPlexB5_s1,CCGTACTCAAAGAATC-1-gPlexB5_s1,4_leaf
GATCTAGAGATGGGTC-1-gPlexB5_s1,GATCTAGAGATGGGTC-1-gPlexB5_s1,4_leaf
TCGGTAAAGGATATAC-1-gPlexB4_s1,TCGGTAAAGGATATAC-1-gPlexB4_s1,6_leaf
GTGCATAAGGAGTTTA-1-gPlexB6_s1,GTGCATAAGGAGTTTA-1-gPlexB6_s1,4_leaf
TGCACCTCAATCACAC-1-gPlexB5_s1,TGCACCTCAATCACAC-1-gPlexB5_s1,6_leaf
TCAGCAATCAAACGGG-1-gPlexB4_s1,TCAGCAATCAAACGGG-1-gPlexB4_s1,4_leaf
TAGTTGGCACTCTGTC-1-gPlexB4_s1,TAGTTGGCACTCTGTC-1-gPlexB4_s1,4_leaf
GACACGCGTCCCTACT-1-gPlexB5_s1,GACACGCGTCCCTACT-1-gPlexB5_s1,5_leaf
TACAGTGGTTTCCACC-1-gPlexB7_s1,TACAGTGGTTTCCACC-1-gPlexB7_s1,5_leaf
CCGGTAGCATCCTAGA-1-gPlexB2_s1,CCGGTAGCATCCTAGA-1-gPlexB2_s1,6_leaf
AAGGTTCGTCTAGCGC-1-gPlexB5_s1,AAGGTTCGTCTAGCGC-1-gPlexB5_s1,4_leaf
ACGATGTTCTGGCGAC-1-gPlexB1_s1,ACGATGTTCTGGCGAC-1-gPlexB1_s1,3_leaf
TCTGAGAAGACTTGAA-1-gPlexB2_s1,TCTGAGAAGACTTGAA-1-gPlexB2_s1,3_leaf
GCAGCCACAGCCAATT-1-gPlexB4_s1,GCAGCCACAGCCAATT-1-gPlexB4_s1,4_leaf
CAACTAGGTATTCGTG-1-gPlexB5_s1,CAACTAGGTATTCGTG-1-gPlexB5_s1,3_leaf
TGGTTAGAGAGTAAGG-1-gPlexB2_s1,TGGTTAGAGAGTAAGG-1-gPlexB2_s1,5_leaf
TCGGTAAAGACAATAC-1-gPlexB5_s1,TCGGTAAAGACAATAC-1-gPlexB5_s1,4_leaf
CTCCTAGGTAGCGCTC-1-gPlexB6_s1,CTCCTAGGTAGCGCTC-1-gPlexB6_s1,5_leaf
GGGCATCTCCAAAGTC-1-gPlexB2_s1,GGGCATCTCCAAAGTC-1-gPlexB2_s1,5_leaf
GATCGATGTGGCGAAT-1-gPlexB4_s1,GATCGATGTGGCGAAT-1-gPlexB4_s1,4_leaf
ACTGAGTCAACTTGAC-1-gPlexB4_s1,ACTGAGTCAACTTGAC-1-gPlexB4_s1,4_leaf
CAAGATCTCCTGCAGG-1-gPlexB3_s1,CAAGATCTCCTGCAGG-1-gPlexB3_s1,4_leaf
TACGGGCGTTAGATGA-1-gPlexB6_s1,TACGGGCGTTAGATGA-1-gPlexB6_s1,5_leaf
GCTGGGTTCAGAGACG-1-gPlexB5_s1,GCTGGGTTCAGAGACG-1-gPlexB5_s1,4_leaf
TAGCCGGTCGCGCCAA-1-gPlexB7_s1,TAGCCGGTCGCGCCAA-1-gPlexB7_s1,4_leaf
TACGGATAGCTTATCG-1-gPlexB4_s1,TACGGATAGCTTATCG-1-gPlexB4_s1,5_leaf
GAACCTACACTAGTAC-1-gPlexB4_s1,GAACCTACACTAGTAC-1-gPlexB4_s1,4_leaf
ACACCGGAGAGTAAGG-1-gPlexB5_s1,ACACCGGAGAGTAAGG-1-gPlexB5_s1,4_leaf
CCGGGATGTGGACGAT-1-gPlexB3_s1,CCGGGATGTGGACGAT-1-gPlexB3_s1,5_leaf
TGGCCAGTCACGACTA-1-gPlexB3_s1,TGGCCAGTCACGACTA-1-gPlexB3_s1,3_leaf
GGGATGATCTTCATGT-1-gPlexB6_s1,GGGATGATCTTCATGT-1-gPlexB6_s1,4_leaf
CACATTTGTGGTCTCG-1-gPlexB1_s1,CACATTTGTGGTCTCG-1-gPlexB1_s1,5_leaf
TAAGAGATCTTGACGA-1-gPlexB5_s1,TAAGAGATCTTGACGA-1-gPlexB5_s1,4_leaf
TAGGCATTCAACACTG-1-gPlexB3_s1,TAGGCATTCAACACTG-1-gPlexB3_s1,4_leaf
CGCGGTATCGCAAGCC-1-gPlexB1_s1,CGCGGTATCGCAAGCC-1-gPlexB1_s1,5_leaf
ACGGGTCAGTACGTTC-1-gPlexB4_s1,ACGGGTCAGTACGTTC-1-gPlexB4_s1,4_leaf
CGGACTGAGCTGTTCA-1-gPlexB4_s1,CGGACTGAGCTGTTCA-1-gPlexB4_s1,4_leaf
ACAGCCGTCATTGCGA-1-gPlexB2_s1,ACAGCCGTCATTGCGA-1-gPlexB2_s1,3_leaf
AGGGTGACAGGACCCT-1-gPlexB7_s1,AGGGTGACAGGACCCT-1-gPlexB7_s1,5_leaf
AGCTCCTGTCAACATC-1-gPlexB4_s1,AGCTCCTGTCAACATC-1-gPlexB4_s1,4_leaf
CGCCAAGAGTGTTTGC-1-gPlexB5_s1,CGCCAAGAGTGTTTGC-1-gPlexB5_s1,4_leaf
AGGCCACCAGGGTATG-1-gPlexB4_s1,AGGCCACCAGGGTATG-1-gPlexB4_s1,4_leaf
ACATCAGCACTTGGAT-1-gPlexB3_s1,ACATCAGCACTTGGAT-1-gPlexB3_s1,4_leaf
GGATTACTCCAACCAA-1-gPlexB1_s1,GGATTACTCCAACCAA-1-gPlexB1_s1,5_leaf
CATCAGAGTTAAGATG-1-gPlexB2_s1,CATCAGAGTTAAGATG-1-gPlexB2_s1,4_leaf
TAAGCGTTCCTCTAGC-1-gPlexB6_s1,TAAGCGTTCCTCTAGC-1-gPlexB6_s1,4_leaf
CCCATACTCGCAGGCT-1-gPlexB1_s1,CCCATACTCGCAGGCT-1-gPlexB1_s1,4_leaf
CAAGTTGGTCGCATCG-1-gPlexB6_s1,CAAGTTGGTCGCATCG-1-gPlexB6_s1,3_leaf
GTGTGCGAGGTGTGGT-1-gPlexB2_s1,GTGTGCGAGGTGTGGT-1-gPlexB2_s1,3_leaf
CCTCAGTAGAGCTGCA-1-gPlexB7_s1,CCTCAGTAGAGCTGCA-1-gPlexB7_s1,5_leaf
GGGCATCTCCCGGATG-1-gPlexB3_s1,GGGCATCTCCCGGATG-1-gPlexB3_s1,5_leaf
GCTGCTTCAGATAATG-1-gPlexB5_s1,GCTGCTTCAGATAATG-1-gPlexB5_s1,4_leaf
TGGCTGGAGATGGCGT-1-gPlexB1_s1,TGGCTGGAGATGGCGT-1-gPlexB1_s1,5_leaf
CGACTTCGTCTTCGTC-1-gPlexB4_s1,CGACTTCGTCTTCGTC-1-gPlexB4_s1,6_leaf
GGACAAGTCCACGAAT-1-gPlexB4_s1,GGACAAGTCCACGAAT-1-gPlexB4_s1,3_leaf
TCACGAACAGCTGGCT-1-gPlexB7_s1,TCACGAACAGCTGGCT-1-gPlexB7_s1,5_leaf
ACTGAGTAGCGATGAC-1-gPlexB2_s1,ACTGAGTAGCGATGAC-1-gPlexB2_s1,4_leaf
GCGCCAATCGGGAGTA-1-gPlexB7_s1,GCGCCAATCGGGAGTA-1-gPlexB7_s1,5_leaf
CCCTCCTCATTGCGGC-1-gPlexB1_s1,CCCTCCTCATTGCGGC-1-gPlexB1_s1,3_leaf
CTTACCGGTGTTTGTG-1-gPlexB4_s1,CTTACCGGTGTTTGTG-1-gPlexB4_s1,3_leaf
ACAGCTACATTCTCAT-1-gPlexB1_s1,ACAGCTACATTCTCAT-1-gPlexB1_s1,5_leaf
CGGAGCTTCTCAACTT-1-gPlexB1_s1,CGGAGCTTCTCAACTT-1-gPlexB1_s1,3_leaf
AGCTTGATCCTTTCGG-1-gPlexB6_s1,AGCTTGATCCTTTCGG-1-gPlexB6_s1,5_leaf
AAACCTGTCGTCTGAA-1-gPlexB2_s1,AAACCTGTCGTCTGAA-1-gPlexB2_s1,3_leaf
CCACTACAGGACGAAA-1-gPlexB3_s1,CCACTACAGGACGAAA-1-gPlexB3_s1,5_leaf
TTCTTAGGTTCTGTTT-1-gPlexB4_s1,TTCTTAGGTTCTGTTT-1-gPlexB4_s1,3_leaf
CAACTAGGTCTAAAGA-1-gPlexB6_s1,CAACTAGGTCTAAAGA-1-gPlexB6_s1,4_leaf
CTAAGACTCATATCGG-1-gPlexB1_s1,CTAAGACTCATATCGG-1-gPlexB1_s1,5_leaf
GTGTGCGAGCTAGTTC-1-gPlexB3_s1,GTGTGCGAGCTAGTTC-1-gPlexB3_s1,4_leaf
GCTGCTTGTGCAACTT-1-gPlexB7_s1,GCTGCTTGTGCAACTT-1-gPlexB7_s1,4_leaf
CTGATAGCACACAGAG-1-gPlexB3_s1,CTGATAGCACACAGAG-1-gPlexB3_s1,5_leaf
GACGTTAAGATGTTAG-1-gPlexB2_s1,GACGTTAAGATGTTAG-1-gPlexB2_s1,6_leaf
CGAGAAGAGTGTACCT-1-gPlexB3_s1,CGAGAAGAGTGTACCT-1-gPlexB3_s1,4_leaf
CACAGGCGTCAAAGCG-1-gPlexB3_s1,CACAGGCGTCAAAGCG-1-gPlexB3_s1,3_leaf
TAAGTGCAGCCCAACC-1-gPlexB1_s1,TAAGTGCAGCCCAACC-1-gPlexB1_s1,3_leaf
ATCTGCCCAGCTGTAT-1-gPlexB4_s1,ATCTGCCCAGCTGTAT-1-gPlexB4_s1,4_leaf
ATTTCTGCACCGCTAG-1-gPlexB1_s1,ATTTCTGCACCGCTAG-1-gPlexB1_s1,4_leaf
GGCGACTTCCACTGGG-1-gPlexB7_s1,GGCGACTTCCACTGGG-1-gPlexB7_s1,6_leaf
AAACCTGGTCTTCTCG-1-gPlexB3_s1,AAACCTGGTCTTCTCG-1-gPlexB3_s1,3_leaf
TATCTCATCGTTTGCC-1-gPlexB7_s1,TATCTCATCGTTTGCC-1-gPlexB7_s1,3_leaf
AAAGATGAGTGTGGCA-1-gPlexB4_s1,AAAGATGAGTGTGGCA-1-gPlexB4_s1,6_leaf
CCAGCGACAGTTCATG-1-gPlexB5_s1,CCAGCGACAGTTCATG-1-gPlexB5_s1,4_leaf
CGTCTACCATGGATGG-1-gPlexB5_s1,CGTCTACCATGGATGG-1-gPlexB5_s1,4_leaf
GCATGTACAAACCCAT-1-gPlexB3_s1,GCATGTACAAACCCAT-1-gPlexB3_s1,5_leaf
CTCGTCAGTCCTGCTT-1-gPlexB5_s1,CTCGTCAGTCCTGCTT-1-gPlexB5_s1,5_leaf
TCAGATGGTTCCGGCA-1-gPlexB4_s1,TCAGATGGTTCCGGCA-1-gPlexB4_s1,6_leaf
ACGAGCCTCATCGGAT-1-gPlexB3_s1,ACGAGCCTCATCGGAT-1-gPlexB3_s1,3_leaf
GAACGGAAGTAGATGT-1-gPlexB1_s1,GAACGGAAGTAGATGT-1-gPlexB1_s1,4_leaf
AAAGATGGTAAAGTCA-1-gPlexB4_s1,AAAGATGGTAAAGTCA-1-gPlexB4_s1,3_leaf
CCCAATCTCGGAAACG-1-gPlexB5_s1,CCCAATCTCGGAAACG-1-gPlexB5_s1,5_leaf
GTGCGGTCACGAAATA-1-gPlexB1_s1,GTGCGGTCACGAAATA-1-gPlexB1_s1,3_leaf
ACGGGCTCAGACGCCT-1-gPlexB3_s1,ACGGGCTCAGACGCCT-1-gPlexB3_s1,4_leaf
AACCATGAGCTGGAAC-1-gPlexB4_s1,AACCATGAGCTGGAAC-1-gPlexB4_s1,4_leaf
CAGAATCAGGGCTTCC-1-gPlexB4_s1,CAGAATCAGGGCTTCC-1-gPlexB4_s1,4_leaf
TACGGGCAGCCAGGAT-1-gPlexB5_s1,TACGGGCAGCCAGGAT-1-gPlexB5_s1,4_leaf
ACGAGGAAGATGGGTC-1-gPlexB7_s1,ACGAGGAAGATGGGTC-1-gPlexB7_s1,4_leaf
CACAAACCATGTCGAT-1-gPlexB2_s1,CACAAACCATGTCGAT-1-gPlexB2_s1,4_leaf
ATCACGATCAGGCCCA-1-gPlexB6_s1,ATCACGATCAGGCCCA-1-gPlexB6_s1,5_leaf
TCACGAATCCGCGGTA-1-gPlexB6_s1,TCACGAATCCGCGGTA-1-gPlexB6_s1,4_leaf
CTCGTCATCTCAACTT-1-gPlexB4_s1,CTCGTCATCTCAACTT-1-gPlexB4_s1,5_leaf
ACGATACCACCTCGGA-1-gPlexB4_s1,ACGATACCACCTCGGA-1-gPlexB4_s1,4_leaf
CCAGCGAGTATCAGTC-1-gPlexB4_s1,CCAGCGAGTATCAGTC-1-gPlexB4_s1,6_leaf
TGGTTCCTCATCTGTT-1-gPlexB1_s1,TGGTTCCTCATCTGTT-1-gPlexB1_s1,4_leaf
CGTAGGCTCCGCGCAA-1-gPlexB4_s1,CGTAGGCTCCGCGCAA-1-gPlexB4_s1,6_leaf
ATTTCTGTCGTAGGTT-1-gPlexB3_s1,ATTTCTGTCGTAGGTT-1-gPlexB3_s1,6_leaf
CCCAATCTCCTTGACC-1-gPlexB6_s1,CCCAATCTCCTTGACC-1-gPlexB6_s1,4_leaf
CCACTACCAGTCAGCC-1-gPlexB1_s1,CCACTACCAGTCAGCC-1-gPlexB1_s1,5_leaf
GAAGCAGCAAAGCGGT-1-gPlexB4_s1,GAAGCAGCAAAGCGGT-1-gPlexB4_s1,4_leaf
CGTCACTTCAATAAGG-1-gPlexB1_s1,CGTCACTTCAATAAGG-1-gPlexB1_s1,3_leaf
CTCTGGTAGTCATGCT-1-gPlexB5_s1,CTCTGGTAGTCATGCT-1-gPlexB5_s1,5_leaf
GCTGCGAAGATAGCAT-1-gPlexB2_s1,GCTGCGAAGATAGCAT-1-gPlexB2_s1,3_leaf
TTGAACGCAGTCGATT-1-gPlexB6_s1,TTGAACGCAGTCGATT-1-gPlexB6_s1,3_leaf
AGTGTCATCCGAATGT-1-gPlexB3_s1,AGTGTCATCCGAATGT-1-gPlexB3_s1,3_leaf
CGGCTAGCAATAACGA-1-gPlexB1_s1,CGGCTAGCAATAACGA-1-gPlexB1_s1,5_leaf
ACTTGTTGTTCTGGTA-1-gPlexB2_s1,ACTTGTTGTTCTGGTA-1-gPlexB2_s1,4_leaf
GACTAACCACATCTTT-1-gPlexB5_s1,GACTAACCACATCTTT-1-gPlexB5_s1,3_leaf
CTCGGAGGTTAAAGAC-1-gPlexB6_s1,CTCGGAGGTTAAAGAC-1-gPlexB6_s1,4_leaf
GTAACTGCATATGCTG-1-gPlexB4_s1,GTAACTGCATATGCTG-1-gPlexB4_s1,4_leaf
TCAATCTGTTTGGCGC-1-gPlexB3_s1,TCAATCTGTTTGGCGC-1-gPlexB3_s1,4_leaf
TTCCCAGAGAATTCCC-1-gPlexB6_s1,TTCCCAGAGAATTCCC-1-gPlexB6_s1,5_leaf
GTATTCTAGACAATAC-1-gPlexB5_s1,GTATTCTAGACAATAC-1-gPlexB5_s1,4_leaf
ATTCTACGTTACCGAT-1-gPlexB5_s1,ATTCTACGTTACCGAT-1-gPlexB5_s1,4_leaf
TGCACCTCAGCTCCGA-1-gPlexB1_s1,TGCACCTCAGCTCCGA-1-gPlexB1_s1,4_leaf
GACTGCGCAGCCAATT-1-gPlexB2_s1,GACTGCGCAGCCAATT-1-gPlexB2_s1,3_leaf
TACCTTATCCTCATTA-1-gPlexB7_s1,TACCTTATCCTCATTA-1-gPlexB7_s1,4_leaf
CTCGAGGGTTCGCTAA-1-gPlexB5_s1,CTCGAGGGTTCGCTAA-1-gPlexB5_s1,4_leaf
CGAGCCATCCGTTGCT-1-gPlexB5_s1,CGAGCCATCCGTTGCT-1-gPlexB5_s1,4_leaf
GCAGCCAGTCTTCAAG-1-gPlexB5_s1,GCAGCCAGTCTTCAAG-1-gPlexB5_s1,5_leaf
GTTAAGCGTCTTCAAG-1-gPlexB2_s1,GTTAAGCGTCTTCAAG-1-gPlexB2_s1,3_leaf
TGACGGCCACCTCGTT-1-gPlexB6_s1,TGACGGCCACCTCGTT-1-gPlexB6_s1,5_leaf
CCCAGTTGTTCATGGT-1-gPlexB5_s1,CCCAGTTGTTCATGGT-1-gPlexB5_s1,3_leaf
CCATGTCTCGACCAGC-1-gPlexB3_s1,CCATGTCTCGACCAGC-1-gPlexB3_s1,4_leaf
CGAGAAGTCTCGTATT-1-gPlexB2_s1,CGAGAAGTCTCGTATT-1-gPlexB2_s1,3_leaf
AGGGATGTCCGAAGAG-1-gPlexB2_s1,AGGGATGTCCGAAGAG-1-gPlexB2_s1,4_leaf
GTAGTCAAGAGTCGGT-1-gPlexB1_s1,GTAGTCAAGAGTCGGT-1-gPlexB1_s1,3_leaf
AGGCCGTGTCTCTTTA-1-gPlexB4_s1,AGGCCGTGTCTCTTTA-1-gPlexB4_s1,6_leaf
AAGTCTGCAAACTGTC-1-gPlexB6_s1,AAGTCTGCAAACTGTC-1-gPlexB6_s1,4_leaf
AGCATACGTCGTGGCT-1-gPlexB7_s1,AGCATACGTCGTGGCT-1-gPlexB7_s1,4_leaf
GGGCACTGTCAATACC-1-gPlexB6_s1,GGGCACTGTCAATACC-1-gPlexB6_s1,3_leaf
GGACATTAGTCAAGCG-1-gPlexB7_s1,GGACATTAGTCAAGCG-1-gPlexB7_s1,4_leaf
GAACCTATCTGGCGTG-1-gPlexB1_s1,GAACCTATCTGGCGTG-1-gPlexB1_s1,3_leaf
CAGATCATCAGTTGAC-1-gPlexB2_s1,CAGATCATCAGTTGAC-1-gPlexB2_s1,4_leaf
ATAAGAGAGGACCACA-1-gPlexB1_s1,ATAAGAGAGGACCACA-1-gPlexB1_s1,4_leaf
GACCTGGGTAGGAGTC-1-gPlexB5_s1,GACCTGGGTAGGAGTC-1-gPlexB5_s1,3_leaf
CTCGAAAAGTACGTAA-1-gPlexB1_s1,CTCGAAAAGTACGTAA-1-gPlexB1_s1,6_leaf
CGGTTAAAGTACGACG-1-gPlexB1_s1,CGGTTAAAGTACGACG-1-gPlexB1_s1,4_leaf
AGCCTAAAGGTTACCT-1-gPlexB4_s1,AGCCTAAAGGTTACCT-1-gPlexB4_s1,6_leaf
ATCATGGCACTATCTT-1-gPlexB2_s1,ATCATGGCACTATCTT-1-gPlexB2_s1,5_leaf
AAATGCCAGACCACGA-1-gPlexB6_s1,AAATGCCAGACCACGA-1-gPlexB6_s1,4_leaf
CCTTACGCACAGGAGT-1-gPlexB5_s1,CCTTACGCACAGGAGT-1-gPlexB5_s1,3_leaf
ACACCCTTCATTCACT-1-gPlexB1_s1,ACACCCTTCATTCACT-1-gPlexB1_s1,4_leaf
GGGAGATGTCAACTGT-1-gPlexB5_s1,GGGAGATGTCAACTGT-1-gPlexB5_s1,4_leaf
TCGGGACTCTGTCTCG-1-gPlexB4_s1,TCGGGACTCTGTCTCG-1-gPlexB4_s1,4_leaf
TGTGTTTGTCCAGTTA-1-gPlexB3_s1,TGTGTTTGTCCAGTTA-1-gPlexB3_s1,5_leaf
GAATGAAGTAGGGTAC-1-gPlexB7_s1,GAATGAAGTAGGGTAC-1-gPlexB7_s1,4_leaf
TTTACTGTCAGTGCAT-1-gPlexB2_s1,TTTACTGTCAGTGCAT-1-gPlexB2_s1,3_leaf
GACTAACTCAGAGACG-1-gPlexB6_s1,GACTAACTCAGAGACG-1-gPlexB6_s1,4_leaf
TGAGCCGCATGGTTGT-1-gPlexB7_s1,TGAGCCGCATGGTTGT-1-gPlexB7_s1,4_leaf
CATCAGACAGGGTTAG-1-gPlexB6_s1,CATCAGACAGGGTTAG-1-gPlexB6_s1,3_leaf
TTGGAACCACATCCGG-1-gPlexB6_s1,TTGGAACCACATCCGG-1-gPlexB6_s1,4_leaf
TGCCCTACACATTCGA-1-gPlexB2_s1,TGCCCTACACATTCGA-1-gPlexB2_s1,4_leaf
ATGAGGGAGATCTGCT-1-gPlexB2_s1,ATGAGGGAGATCTGCT-1-gPlexB2_s1,5_leaf
TGGTTCCTCCTTCAAT-1-gPlexB5_s1,TGGTTCCTCCTTCAAT-1-gPlexB5_s1,4_leaf
GCGACCACACAACTGT-1-gPlexB2_s1,GCGACCACACAACTGT-1-gPlexB2_s1,3_leaf
GCAATCATCGCCGTGA-1-gPlexB5_s1,GCAATCATCGCCGTGA-1-gPlexB5_s1,4_leaf
ACCCACTGTATATGAG-1-gPlexB2_s1,ACCCACTGTATATGAG-1-gPlexB2_s1,3_leaf
CATCCACGTGGTCCGT-1-gPlexB3_s1,CATCCACGTGGTCCGT-1-gPlexB3_s1,5_leaf
CAGATCATCCAGTATG-1-gPlexB5_s1,CAGATCATCCAGTATG-1-gPlexB5_s1,4_leaf
TGCGTGGTCGCGCCAA-1-gPlexB5_s1,TGCGTGGTCGCGCCAA-1-gPlexB5_s1,3_leaf
TGAGCATCACGGCCAT-1-gPlexB6_s1,TGAGCATCACGGCCAT-1-gPlexB6_s1,4_leaf
GTAGTCAGTCTGATTG-1-gPlexB6_s1,GTAGTCAGTCTGATTG-1-gPlexB6_s1,6_leaf
GGCCGATTCTTTAGTC-1-gPlexB6_s1,GGCCGATTCTTTAGTC-1-gPlexB6_s1,5_leaf
TCAGCTCGTTACTGAC-1-gPlexB6_s1,TCAGCTCGTTACTGAC-1-gPlexB6_s1,5_leaf
CCTAAAGTCTTTCCTC-1-gPlexB2_s1,CCTAAAGTCTTTCCTC-1-gPlexB2_s1,4_leaf
AGGGATGAGTTCGCAT-1-gPlexB2_s1,AGGGATGAGTTCGCAT-1-gPlexB2_s1,5_leaf
ACTGATGTCAACACAC-1-gPlexB7_s1,ACTGATGTCAACACAC-1-gPlexB7_s1,4_leaf
ACAGCTACACTTCGAA-1-gPlexB4_s1,ACAGCTACACTTCGAA-1-gPlexB4_s1,5_leaf
CACACCTCAAGCTGAG-1-gPlexB3_s1,CACACCTCAAGCTGAG-1-gPlexB3_s1,6_leaf
GATGCTACATCGACGC-1-gPlexB3_s1,GATGCTACATCGACGC-1-gPlexB3_s1,5_leaf
CTCACACGTCGCATAT-1-gPlexB4_s1,CTCACACGTCGCATAT-1-gPlexB4_s1,4_leaf
CTCAGAAGTCAGTGGA-1-gPlexB7_s1,CTCAGAAGTCAGTGGA-1-gPlexB7_s1,4_leaf
CAGGTGCTCAAGGTAA-1-gPlexB1_s1,CAGGTGCTCAAGGTAA-1-gPlexB1_s1,4_leaf
ACTGCTCCATATGAGA-1-gPlexB4_s1,ACTGCTCCATATGAGA-1-gPlexB4_s1,3_leaf
TCAGCAAGTATGAATG-1-gPlexB2_s1,TCAGCAAGTATGAATG-1-gPlexB2_s1,5_leaf
TGTGGTAAGTCCATAC-1-gPlexB4_s1,TGTGGTAAGTCCATAC-1-gPlexB4_s1,6_leaf
TCATTACAGCGTCAAG-1-gPlexB5_s1,TCATTACAGCGTCAAG-1-gPlexB5_s1,5_leaf
GGATGTTAGAGGTTAT-1-gPlexB7_s1,GGATGTTAGAGGTTAT-1-gPlexB7_s1,4_leaf
CCCAATCCAGGGTTAG-1-gPlexB7_s1,CCCAATCCAGGGTTAG-1-gPlexB7_s1,5_leaf
TGAGCCGCAAATACAG-1-gPlexB1_s1,TGAGCCGCAAATACAG-1-gPlexB1_s1,3_leaf
TGCGTGGGTTGATTGC-1-gPlexB2_s1,TGCGTGGGTTGATTGC-1-gPlexB2_s1,6_leaf
GAATAAGAGTGACTCT-1-gPlexB2_s1,GAATAAGAGTGACTCT-1-gPlexB2_s1,4_leaf
TATTACCAGTTAGGTA-1-gPlexB4_s1,TATTACCAGTTAGGTA-1-gPlexB4_s1,6_leaf
GATGAAACAAGCGATG-1-gPlexB3_s1,GATGAAACAAGCGATG-1-gPlexB3_s1,3_leaf
ACTTACTGTAACGCGA-1-gPlexB4_s1,ACTTACTGTAACGCGA-1-gPlexB4_s1,6_leaf
AGGCCACCAATAGAGT-1-gPlexB1_s1,AGGCCACCAATAGAGT-1-gPlexB1_s1,6_leaf
CATCAGAAGTCGTACT-1-gPlexB6_s1,CATCAGAAGTCGTACT-1-gPlexB6_s1,4_leaf
ACATCAGCACACAGAG-1-gPlexB4_s1,ACATCAGCACACAGAG-1-gPlexB4_s1,4_leaf
TAAGAGAAGTGTACGG-1-gPlexB3_s1,TAAGAGAAGTGTACGG-1-gPlexB3_s1,4_leaf
AGCGGTCCAAGACGTG-1-gPlexB7_s1,AGCGGTCCAAGACGTG-1-gPlexB7_s1,4_leaf
CCCAATCCAAAGCAAT-1-gPlexB3_s1,CCCAATCCAAAGCAAT-1-gPlexB3_s1,5_leaf
TCAGGATGTAGAGGAA-1-gPlexB7_s1,TCAGGATGTAGAGGAA-1-gPlexB7_s1,6_leaf
AGCAGCCAGGATGTAT-1-gPlexB3_s1,AGCAGCCAGGATGTAT-1-gPlexB3_s1,4_leaf
GATCGATAGACTTTCG-1-gPlexB2_s1,GATCGATAGACTTTCG-1-gPlexB2_s1,4_leaf
CATCAGAGTTCACGGC-1-gPlexB2_s1,CATCAGAGTTCACGGC-1-gPlexB2_s1,4_leaf
CGTAGCGAGACAGAGA-1-gPlexB4_s1,CGTAGCGAGACAGAGA-1-gPlexB4_s1,5_leaf
TGGGCGTTCAGTGCAT-1-gPlexB3_s1,TGGGCGTTCAGTGCAT-1-gPlexB3_s1,4_leaf
TGAGCCGTCTGCCAGG-1-gPlexB4_s1,TGAGCCGTCTGCCAGG-1-gPlexB4_s1,5_leaf
CGCGGTATCGCGTAGC-1-gPlexB5_s1,CGCGGTATCGCGTAGC-1-gPlexB5_s1,3_leaf
TCTGGAACACAGAGGT-1-gPlexB2_s1,TCTGGAACACAGAGGT-1-gPlexB2_s1,4_leaf
TTGGCAAGTATATCCG-1-gPlexB6_s1,TTGGCAAGTATATCCG-1-gPlexB6_s1,3_leaf
TAGTTGGGTCTAGAGG-1-gPlexB1_s1,TAGTTGGGTCTAGAGG-1-gPlexB1_s1,5_leaf
GTGAAGGCAGGGCATA-1-gPlexB1_s1,GTGAAGGCAGGGCATA-1-gPlexB1_s1,4_leaf
GTGCAGCAGCCACCTG-1-gPlexB7_s1,GTGCAGCAGCCACCTG-1-gPlexB7_s1,6_leaf
AGCGGTCTCCTATTCA-1-gPlexB1_s1,AGCGGTCTCCTATTCA-1-gPlexB1_s1,5_leaf
GAATAAGGTCTCTTTA-1-gPlexB6_s1,GAATAAGGTCTCTTTA-1-gPlexB6_s1,5_leaf
ACTGATGCACTATCTT-1-gPlexB5_s1,ACTGATGCACTATCTT-1-gPlexB5_s1,4_leaf
CTTTGCGGTCATACTG-1-gPlexB4_s1,CTTTGCGGTCATACTG-1-gPlexB4_s1,4_leaf
GGACAGAGTACCGCTG-1-gPlexB6_s1,GGACAGAGTACCGCTG-1-gPlexB6_s1,5_leaf
TTCTCAAAGATATGCA-1-gPlexB6_s1,TTCTCAAAGATATGCA-1-gPlexB6_s1,3_leaf
ACGATGTTCGTGGTCG-1-gPlexB3_s1,ACGATGTTCGTGGTCG-1-gPlexB3_s1,4_leaf
AGAGTGGTCTGGGCCA-1-gPlexB7_s1,AGAGTGGTCTGGGCCA-1-gPlexB7_s1,4_leaf
ACCGTAACAATTGCTG-1-gPlexB2_s1,ACCGTAACAATTGCTG-1-gPlexB2_s1,4_leaf
CGATGGCAGCGTAGTG-1-gPlexB4_s1,CGATGGCAGCGTAGTG-1-gPlexB4_s1,3_leaf
TGACAACAGACCGGAT-1-gPlexB6_s1,TGACAACAGACCGGAT-1-gPlexB6_s1,4_leaf
TTAGGCATCGTGACAT-1-gPlexB6_s1,TTAGGCATCGTGACAT-1-gPlexB6_s1,5_leaf
CTGTGCTCAACTGGCC-1-gPlexB1_s1,CTGTGCTCAACTGGCC-1-gPlexB1_s1,4_leaf
GACTAACGTTTAGCTG-1-gPlexB1_s1,GACTAACGTTTAGCTG-1-gPlexB1_s1,5_leaf
CGATCGGAGTCTTGCA-1-gPlexB5_s1,CGATCGGAGTCTTGCA-1-gPlexB5_s1,4_leaf
TCGGGACGTGCCTGGT-1-gPlexB7_s1,TCGGGACGTGCCTGGT-1-gPlexB7_s1,4_leaf
CACAGGCGTTAGGGTG-1-gPlexB6_s1,CACAGGCGTTAGGGTG-1-gPlexB6_s1,5_leaf
AACGTTGGTCATTAGC-1-gPlexB2_s1,AACGTTGGTCATTAGC-1-gPlexB2_s1,3_leaf
AGAGCGAAGCAATATG-1-gPlexB6_s1,AGAGCGAAGCAATATG-1-gPlexB6_s1,4_leaf
TAGAGCTCACAACTGT-1-gPlexB6_s1,TAGAGCTCACAACTGT-1-gPlexB6_s1,4_leaf
ACCAGTAAGTCGATAA-1-gPlexB4_s1,ACCAGTAAGTCGATAA-1-gPlexB4_s1,4_leaf
CATCAAGAGTATCGAA-1-gPlexB6_s1,CATCAAGAGTATCGAA-1-gPlexB6_s1,4_leaf
TCTCTAATCATCACCC-1-gPlexB2_s1,TCTCTAATCATCACCC-1-gPlexB2_s1,4_leaf
CGTTAGACAAGGGTCA-1-gPlexB5_s1,CGTTAGACAAGGGTCA-1-gPlexB5_s1,4_leaf
GACACGCCAATAACGA-1-gPlexB7_s1,GACACGCCAATAACGA-1-gPlexB7_s1,5_leaf
CTAACTTGTACCGTAT-1-gPlexB6_s1,CTAACTTGTACCGTAT-1-gPlexB6_s1,3_leaf
GCATGATGTCCATGAT-1-gPlexB4_s1,GCATGATGTCCATGAT-1-gPlexB4_s1,4_leaf
GCTTCCACAGTAAGCG-1-gPlexB4_s1,GCTTCCACAGTAAGCG-1-gPlexB4_s1,5_leaf
ACATACGTCTCAAACG-1-gPlexB6_s1,ACATACGTCTCAAACG-1-gPlexB6_s1,4_leaf
CACACCTCATCATCCC-1-gPlexB6_s1,CACACCTCATCATCCC-1-gPlexB6_s1,5_leaf
AAGGAGCGTTAAAGTG-1-gPlexB1_s1,AAGGAGCGTTAAAGTG-1-gPlexB1_s1,4_leaf
CCACCTATCCATGAAC-1-gPlexB1_s1,CCACCTATCCATGAAC-1-gPlexB1_s1,5_leaf
TACACGAAGAGACTTA-1-gPlexB5_s1,TACACGAAGAGACTTA-1-gPlexB5_s1,4_leaf
TTCTACATCTTGCCGT-1-gPlexB7_s1,TTCTACATCTTGCCGT-1-gPlexB7_s1,5_leaf
AACCATGAGCGTGAGT-1-gPlexB6_s1,AACCATGAGCGTGAGT-1-gPlexB6_s1,3_leaf
CACATTTCATCGACGC-1-gPlexB1_s1,CACATTTCATCGACGC-1-gPlexB1_s1,5_leaf
TCAATCTTCAGTGTTG-1-gPlexB6_s1,TCAATCTTCAGTGTTG-1-gPlexB6_s1,6_leaf
GTGGGTCAGAGACGAA-1-gPlexB6_s1,GTGGGTCAGAGACGAA-1-gPlexB6_s1,4_leaf
ACCCACTAGAGGTAGA-1-gPlexB2_s1,ACCCACTAGAGGTAGA-1-gPlexB2_s1,4_leaf
TCATTTGGTTAAGACA-1-gPlexB1_s1,TCATTTGGTTAAGACA-1-gPlexB1_s1,4_leaf
AGACGTTTCCTGCCAT-1-gPlexB6_s1,AGACGTTTCCTGCCAT-1-gPlexB6_s1,4_leaf
TGACAACTCCCTAATT-1-gPlexB6_s1,TGACAACTCCCTAATT-1-gPlexB6_s1,5_leaf
AACCGCGAGGATGGAA-1-gPlexB1_s1,AACCGCGAGGATGGAA-1-gPlexB1_s1,5_leaf
TATCAGGGTCATGCAT-1-gPlexB1_s1,TATCAGGGTCATGCAT-1-gPlexB1_s1,5_leaf
CAAGATCGTGGGTCAA-1-gPlexB4_s1,CAAGATCGTGGGTCAA-1-gPlexB4_s1,5_leaf
TGAGGGAGTTTACTCT-1-gPlexB1_s1,TGAGGGAGTTTACTCT-1-gPlexB1_s1,5_leaf
GCAGCCATCATAAAGG-1-gPlexB7_s1,GCAGCCATCATAAAGG-1-gPlexB7_s1,4_leaf
GGGCATCTCGGTTCGG-1-gPlexB2_s1,GGGCATCTCGGTTCGG-1-gPlexB2_s1,5_leaf
AAAGATGTCTTGGGTA-1-gPlexB5_s1,AAAGATGTCTTGGGTA-1-gPlexB5_s1,4_leaf
GTGCGGTAGCTGAAAT-1-gPlexB2_s1,GTGCGGTAGCTGAAAT-1-gPlexB2_s1,4_leaf
ATTATCCGTCGTGGCT-1-gPlexB7_s1,ATTATCCGTCGTGGCT-1-gPlexB7_s1,5_leaf
TCAGGATTCTCCAGGG-1-gPlexB3_s1,TCAGGATTCTCCAGGG-1-gPlexB3_s1,4_leaf
CTTCTCTCAGAGCCAA-1-gPlexB4_s1,CTTCTCTCAGAGCCAA-1-gPlexB4_s1,5_leaf
TGCCAAATCTGCTGTC-1-gPlexB5_s1,TGCCAAATCTGCTGTC-1-gPlexB5_s1,5_leaf
AACTCAGTCCTGCCAT-1-gPlexB3_s1,AACTCAGTCCTGCCAT-1-gPlexB3_s1,3_leaf
TTGACTTCATTGAGCT-1-gPlexB3_s1,TTGACTTCATTGAGCT-1-gPlexB3_s1,4_leaf
CACATAGGTCGGCTCA-1-gPlexB6_s1,CACATAGGTCGGCTCA-1-gPlexB6_s1,6_leaf
GTCTTCGTCCCGGATG-1-gPlexB2_s1,GTCTTCGTCCCGGATG-1-gPlexB2_s1,4_leaf
TGTGGTATCTAACTGG-1-gPlexB4_s1,TGTGGTATCTAACTGG-1-gPlexB4_s1,5_leaf
TTGTAGGGTCAACATC-1-gPlexB6_s1,TTGTAGGGTCAACATC-1-gPlexB6_s1,5_leaf
TAGCCGGTCGTGACAT-1-gPlexB6_s1,TAGCCGGTCGTGACAT-1-gPlexB6_s1,5_leaf
GGCCGATGTCGCTTCT-1-gPlexB1_s1,GGCCGATGTCGCTTCT-1-gPlexB1_s1,4_leaf
CAGCCGATCAGGATCT-1-gPlexB1_s1,CAGCCGATCAGGATCT-1-gPlexB1_s1,4_leaf
TACGGTAAGTCAATAG-1-gPlexB1_s1,TACGGTAAGTCAATAG-1-gPlexB1_s1,4_leaf
TGGCTGGTCAGCTCGG-1-gPlexB3_s1,TGGCTGGTCAGCTCGG-1-gPlexB3_s1,5_leaf
CTTAGGAAGCGATAGC-1-gPlexB3_s1,CTTAGGAAGCGATAGC-1-gPlexB3_s1,4_leaf
CCACGGAAGATGTAAC-1-gPlexB3_s1,CCACGGAAGATGTAAC-1-gPlexB3_s1,4_leaf
TAGACCAAGACTCGGA-1-gPlexB5_s1,TAGACCAAGACTCGGA-1-gPlexB5_s1,3_leaf
CTGTGCTGTACCCAAT-1-gPlexB6_s1,CTGTGCTGTACCCAAT-1-gPlexB6_s1,5_leaf
CTAACTTTCTTGGGTA-1-gPlexB3_s1,CTAACTTTCTTGGGTA-1-gPlexB3_s1,4_leaf
CTACACCGTTTAAGCC-1-gPlexB6_s1,CTACACCGTTTAAGCC-1-gPlexB6_s1,4_leaf
CCCAGTTTCAGTTAGC-1-gPlexB5_s1,CCCAGTTTCAGTTAGC-1-gPlexB5_s1,5_leaf
GACGGCTAGTCCGGTC-1-gPlexB5_s1,GACGGCTAGTCCGGTC-1-gPlexB5_s1,5_leaf
GTCTCGTAGGACCACA-1-gPlexB3_s1,GTCTCGTAGGACCACA-1-gPlexB3_s1,3_leaf
CAGCAGCCACAGAGGT-1-gPlexB5_s1,CAGCAGCCACAGAGGT-1-gPlexB5_s1,5_leaf
GGTGCGTAGGTCGGAT-1-gPlexB5_s1,GGTGCGTAGGTCGGAT-1-gPlexB5_s1,3_leaf
TGCTACCAGTGAATTG-1-gPlexB2_s1,TGCTACCAGTGAATTG-1-gPlexB2_s1,6_leaf
CTGAAACTCATGTAGC-1-gPlexB4_s1,CTGAAACTCATGTAGC-1-gPlexB4_s1,3_leaf
TAGGCATTCGGTTCGG-1-gPlexB3_s1,TAGGCATTCGGTTCGG-1-gPlexB3_s1,4_leaf
CATATTCAGTACTTGC-1-gPlexB4_s1,CATATTCAGTACTTGC-1-gPlexB4_s1,4_leaf
CTAGCCTCAGACTCGC-1-gPlexB6_s1,CTAGCCTCAGACTCGC-1-gPlexB6_s1,4_leaf
AACTCTTAGTAGATGT-1-gPlexB2_s1,AACTCTTAGTAGATGT-1-gPlexB2_s1,3_leaf
ACCGTAATCCAGTAGT-1-gPlexB2_s1,ACCGTAATCCAGTAGT-1-gPlexB2_s1,6_leaf
CAGCAGCGTACATCCA-1-gPlexB3_s1,CAGCAGCGTACATCCA-1-gPlexB3_s1,5_leaf
CAGCATAGTCTAGTCA-1-gPlexB7_s1,CAGCATAGTCTAGTCA-1-gPlexB7_s1,6_leaf
AGTCTTTTCATATCGG-1-gPlexB5_s1,AGTCTTTTCATATCGG-1-gPlexB5_s1,4_leaf
AACTCAGGTACCGAGA-1-gPlexB4_s1,AACTCAGGTACCGAGA-1-gPlexB4_s1,4_leaf
ATCGAGTCATGGTAGG-1-gPlexB3_s1,ATCGAGTCATGGTAGG-1-gPlexB3_s1,3_leaf
GTATCTTTCATCTGCC-1-gPlexB2_s1,GTATCTTTCATCTGCC-1-gPlexB2_s1,4_leaf
TGACAACCATAAAGGT-1-gPlexB3_s1,TGACAACCATAAAGGT-1-gPlexB3_s1,4_leaf
TCTTCGGGTCTCCATC-1-gPlexB6_s1,TCTTCGGGTCTCCATC-1-gPlexB6_s1,4_leaf
CACACCTAGTGGCACA-1-gPlexB4_s1,CACACCTAGTGGCACA-1-gPlexB4_s1,4_leaf
CCCAATCGTAGCGATG-1-gPlexB3_s1,CCCAATCGTAGCGATG-1-gPlexB3_s1,5_leaf
GCTCTGTGTTAGTGGG-1-gPlexB6_s1,GCTCTGTGTTAGTGGG-1-gPlexB6_s1,4_leaf
CGCGGTACAAATACAG-1-gPlexB1_s1,CGCGGTACAAATACAG-1-gPlexB1_s1,6_leaf
GTACTTTCATCAGTCA-1-gPlexB1_s1,GTACTTTCATCAGTCA-1-gPlexB1_s1,5_leaf
TTAGGACTCTCTGAGA-1-gPlexB1_s1,TTAGGACTCTCTGAGA-1-gPlexB1_s1,5_leaf
AATCGGTTCCGAGCCA-1-gPlexB1_s1,AATCGGTTCCGAGCCA-1-gPlexB1_s1,4_leaf
ACGAGGAGTACCGGCT-1-gPlexB1_s1,ACGAGGAGTACCGGCT-1-gPlexB1_s1,5_leaf
TAAACCGCAATCCGAT-1-gPlexB3_s1,TAAACCGCAATCCGAT-1-gPlexB3_s1,5_leaf
AGCATACGTTCCACAA-1-gPlexB4_s1,AGCATACGTTCCACAA-1-gPlexB4_s1,5_leaf
CTACATTGTCGCATAT-1-gPlexB1_s1,CTACATTGTCGCATAT-1-gPlexB1_s1,4_leaf
AGCGTCGTCACTATTC-1-gPlexB1_s1,AGCGTCGTCACTATTC-1-gPlexB1_s1,5_leaf
GTAACTGAGCACCGCT-1-gPlexB3_s1,GTAACTGAGCACCGCT-1-gPlexB3_s1,4_leaf
CTCGTACCACAAGTAA-1-gPlexB3_s1,CTCGTACCACAAGTAA-1-gPlexB3_s1,3_leaf
ACACCCTCACATTTCT-1-gPlexB4_s1,ACACCCTCACATTTCT-1-gPlexB4_s1,4_leaf
ACGTCAATCATCTGCC-1-gPlexB5_s1,ACGTCAATCATCTGCC-1-gPlexB5_s1,4_leaf
ACATGGTAGTGCCAGA-1-gPlexB3_s1,ACATGGTAGTGCCAGA-1-gPlexB3_s1,4_leaf
GCATACAAGTTCGATC-1-gPlexB1_s1,GCATACAAGTTCGATC-1-gPlexB1_s1,6_leaf
TAGGCATCAGCGTCCA-1-gPlexB7_s1,TAGGCATCAGCGTCCA-1-gPlexB7_s1,4_leaf
GTCATTTTCGTGGACC-1-gPlexB4_s1,GTCATTTTCGTGGACC-1-gPlexB4_s1,4_leaf
AAAGCAATCGGAGGTA-1-gPlexB4_s1,AAAGCAATCGGAGGTA-1-gPlexB4_s1,6_leaf
CTTAACTGTACCTACA-1-gPlexB3_s1,CTTAACTGTACCTACA-1-gPlexB3_s1,6_leaf
ACGCAGCCAACGATGG-1-gPlexB4_s1,ACGCAGCCAACGATGG-1-gPlexB4_s1,4_leaf
AATCGGTAGCAATCTC-1-gPlexB3_s1,AATCGGTAGCAATCTC-1-gPlexB3_s1,5_leaf
ACCTTTACATTTCAGG-1-gPlexB5_s1,ACCTTTACATTTCAGG-1-gPlexB5_s1,4_leaf
CCGGTAGCAGCGAACA-1-gPlexB2_s1,CCGGTAGCAGCGAACA-1-gPlexB2_s1,4_leaf
CGTCACTGTCCCGACA-1-gPlexB4_s1,CGTCACTGTCCCGACA-1-gPlexB4_s1,3_leaf
AGATTGCAGGCGCTCT-1-gPlexB5_s1,AGATTGCAGGCGCTCT-1-gPlexB5_s1,5_leaf
AAAGTAGTCAGAGACG-1-gPlexB1_s1,AAAGTAGTCAGAGACG-1-gPlexB1_s1,4_leaf
GACTAACGTGGCAAAC-1-gPlexB6_s1,GACTAACGTGGCAAAC-1-gPlexB6_s1,5_leaf
ATCCACCCACCGCTAG-1-gPlexB7_s1,ATCCACCCACCGCTAG-1-gPlexB7_s1,3_leaf
TCAGCTCAGCGTTCCG-1-gPlexB5_s1,TCAGCTCAGCGTTCCG-1-gPlexB5_s1,6_leaf
ATCGAGTAGATGAGAG-1-gPlexB7_s1,ATCGAGTAGATGAGAG-1-gPlexB7_s1,4_leaf
GTAACGTAGCGATGAC-1-gPlexB1_s1,GTAACGTAGCGATGAC-1-gPlexB1_s1,5_leaf
GTTCGGGGTGCACGAA-1-gPlexB4_s1,GTTCGGGGTGCACGAA-1-gPlexB4_s1,4_leaf
CTAAGACCATGTTCCC-1-gPlexB7_s1,CTAAGACCATGTTCCC-1-gPlexB7_s1,4_leaf
GACAGAGCATTTGCTT-1-gPlexB5_s1,GACAGAGCATTTGCTT-1-gPlexB5_s1,4_leaf
GTACTCCAGTGCTGCC-1-gPlexB1_s1,GTACTCCAGTGCTGCC-1-gPlexB1_s1,3_leaf
CTCGGGAGTCTAGTCA-1-gPlexB5_s1,CTCGGGAGTCTAGTCA-1-gPlexB5_s1,4_leaf
TACTTGTGTCTCCCTA-1-gPlexB5_s1,TACTTGTGTCTCCCTA-1-gPlexB5_s1,4_leaf
AAGCCGCCACCGGAAA-1-gPlexB7_s1,AAGCCGCCACCGGAAA-1-gPlexB7_s1,6_leaf
AGGGAGTGTGGCGAAT-1-gPlexB2_s1,AGGGAGTGTGGCGAAT-1-gPlexB2_s1,4_leaf
CTACGTCTCCGAAGAG-1-gPlexB7_s1,CTACGTCTCCGAAGAG-1-gPlexB7_s1,5_leaf
CGTCAGGAGTACGCGA-1-gPlexB3_s1,CGTCAGGAGTACGCGA-1-gPlexB3_s1,5_leaf
ACGGAGAGTTCTGGTA-1-gPlexB7_s1,ACGGAGAGTTCTGGTA-1-gPlexB7_s1,4_leaf
AAAGATGAGTCAATAG-1-gPlexB2_s1,AAAGATGAGTCAATAG-1-gPlexB2_s1,4_leaf
GATCGATGTATCGCAT-1-gPlexB4_s1,GATCGATGTATCGCAT-1-gPlexB4_s1,4_leaf
ATCCGAATCGCACTCT-1-gPlexB6_s1,ATCCGAATCGCACTCT-1-gPlexB6_s1,4_leaf
CTAAGACGTTCATGGT-1-gPlexB1_s1,CTAAGACGTTCATGGT-1-gPlexB1_s1,6_leaf
CTGAAACTCGTGACAT-1-gPlexB6_s1,CTGAAACTCGTGACAT-1-gPlexB6_s1,4_leaf
CCTTCCCCAAACAACA-1-gPlexB1_s1,CCTTCCCCAAACAACA-1-gPlexB1_s1,5_leaf
TTTGTCATCGGTCTAA-1-gPlexB7_s1,TTTGTCATCGGTCTAA-1-gPlexB7_s1,6_leaf
ACGGCCAAGCCACGTC-1-gPlexB4_s1,ACGGCCAAGCCACGTC-1-gPlexB4_s1,4_leaf
GAGGTGAAGCACACAG-1-gPlexB6_s1,GAGGTGAAGCACACAG-1-gPlexB6_s1,5_leaf
GTTACAGTCTCGATGA-1-gPlexB6_s1,GTTACAGTCTCGATGA-1-gPlexB6_s1,5_leaf
CATCCACAGGGTCTCC-1-gPlexB6_s1,CATCCACAGGGTCTCC-1-gPlexB6_s1,5_leaf
GCTGCTTGTTGATTGC-1-gPlexB3_s1,GCTGCTTGTTGATTGC-1-gPlexB3_s1,6_leaf
TCTTCGGCATTATCTC-1-gPlexB3_s1,TCTTCGGCATTATCTC-1-gPlexB3_s1,6_leaf
CATATGGGTAGCGATG-1-gPlexB1_s1,CATATGGGTAGCGATG-1-gPlexB1_s1,3_leaf
GTGCAGCCACGACTCG-1-gPlexB3_s1,GTGCAGCCACGACTCG-1-gPlexB3_s1,5_leaf
CTCGGAGAGAGTGACC-1-gPlexB3_s1,CTCGGAGAGAGTGACC-1-gPlexB3_s1,4_leaf
TTAGGCAGTCTCGTTC-1-gPlexB2_s1,TTAGGCAGTCTCGTTC-1-gPlexB2_s1,4_leaf
CAGTAACCAGTAACGG-1-gPlexB7_s1,CAGTAACCAGTAACGG-1-gPlexB7_s1,3_leaf
AGAATAGCAAAGGTGC-1-gPlexB4_s1,AGAATAGCAAAGGTGC-1-gPlexB4_s1,6_leaf
CAACTAGTCCAAGTAC-1-gPlexB1_s1,CAACTAGTCCAAGTAC-1-gPlexB1_s1,4_leaf
CGCGTTTAGAGGTAGA-1-gPlexB2_s1,CGCGTTTAGAGGTAGA-1-gPlexB2_s1,4_leaf
CGAGAAGTCGATAGAA-1-gPlexB5_s1,CGAGAAGTCGATAGAA-1-gPlexB5_s1,3_leaf
CATCGGGCACAACGTT-1-gPlexB5_s1,CATCGGGCACAACGTT-1-gPlexB5_s1,4_leaf
AAGCCGCTCCTAGAAC-1-gPlexB7_s1,AAGCCGCTCCTAGAAC-1-gPlexB7_s1,4_leaf
CTACCCAGTCTAGCCG-1-gPlexB1_s1,CTACCCAGTCTAGCCG-1-gPlexB1_s1,4_leaf
CTCGTACGTCGGGTCT-1-gPlexB1_s1,CTCGTACGTCGGGTCT-1-gPlexB1_s1,4_leaf
GACGTGCTCACTTATC-1-gPlexB6_s1,GACGTGCTCACTTATC-1-gPlexB6_s1,5_leaf
CGTCACTAGTGTCTCA-1-gPlexB7_s1,CGTCACTAGTGTCTCA-1-gPlexB7_s1,5_leaf
CTTACCGTCCAGGGCT-1-gPlexB5_s1,CTTACCGTCCAGGGCT-1-gPlexB5_s1,3_leaf
TCGAGGCTCCGGCACA-1-gPlexB6_s1,TCGAGGCTCCGGCACA-1-gPlexB6_s1,3_leaf
AATCCAGCAATGCCAT-1-gPlexB3_s1,AATCCAGCAATGCCAT-1-gPlexB3_s1,6_leaf
CACAGGCCAAACAACA-1-gPlexB1_s1,CACAGGCCAAACAACA-1-gPlexB1_s1,5_leaf
TAAGAGACACCGAAAG-1-gPlexB6_s1,TAAGAGACACCGAAAG-1-gPlexB6_s1,6_leaf
GACAGAGTCAGCTTAG-1-gPlexB3_s1,GACAGAGTCAGCTTAG-1-gPlexB3_s1,5_leaf
TGACTAGTCTGGGCCA-1-gPlexB4_s1,TGACTAGTCTGGGCCA-1-gPlexB4_s1,4_leaf
GACAGAGCAATACGCT-1-gPlexB6_s1,GACAGAGCAATACGCT-1-gPlexB6_s1,4_leaf
GGACAAGCAGACGCTC-1-gPlexB2_s1,GGACAAGCAGACGCTC-1-gPlexB2_s1,3_leaf
CCGTACTGTCTTCGTC-1-gPlexB4_s1,CCGTACTGTCTTCGTC-1-gPlexB4_s1,5_leaf
ATCTACTTCGGTGTTA-1-gPlexB4_s1,ATCTACTTCGGTGTTA-1-gPlexB4_s1,4_leaf
GCATGATAGAGATGAG-1-gPlexB1_s1,GCATGATAGAGATGAG-1-gPlexB1_s1,4_leaf
CCATGTCTCTATCCCG-1-gPlexB4_s1,CCATGTCTCTATCCCG-1-gPlexB4_s1,5_leaf
TGCGGGTGTCTAGCGC-1-gPlexB1_s1,TGCGGGTGTCTAGCGC-1-gPlexB1_s1,4_leaf
GACTGCGCAATGGAAT-1-gPlexB4_s1,GACTGCGCAATGGAAT-1-gPlexB4_s1,6_leaf
GGCGACTAGACAATAC-1-gPlexB2_s1,GGCGACTAGACAATAC-1-gPlexB2_s1,4_leaf
CTCTAATAGACGCACA-1-gPlexB2_s1,CTCTAATAGACGCACA-1-gPlexB2_s1,3_leaf
ATGTGTGAGGCGTACA-1-gPlexB4_s1,ATGTGTGAGGCGTACA-1-gPlexB4_s1,4_leaf
ACCGTAAGTCAGTGGA-1-gPlexB5_s1,ACCGTAAGTCAGTGGA-1-gPlexB5_s1,4_leaf
CGGCTAGCACCAGGTC-1-gPlexB6_s1,CGGCTAGCACCAGGTC-1-gPlexB6_s1,4_leaf
GGGATGAGTGCGATAG-1-gPlexB6_s1,GGGATGAGTGCGATAG-1-gPlexB6_s1,4_leaf
ACTGTCCTCGAATGCT-1-gPlexB6_s1,ACTGTCCTCGAATGCT-1-gPlexB6_s1,4_leaf
GGAATAAGTGTTTGGT-1-gPlexB7_s1,GGAATAAGTGTTTGGT-1-gPlexB7_s1,5_leaf
TGCCCTACAAGCCGTC-1-gPlexB6_s1,TGCCCTACAAGCCGTC-1-gPlexB6_s1,5_leaf
CTCGGGAGTCTCCATC-1-gPlexB7_s1,CTCGGGAGTCTCCATC-1-gPlexB7_s1,5_leaf
CTACCCAGTACCAGTT-1-gPlexB3_s1,CTACCCAGTACCAGTT-1-gPlexB3_s1,3_leaf
ATGAGGGGTGAACCTT-1-gPlexB2_s1,ATGAGGGGTGAACCTT-1-gPlexB2_s1,4_leaf
CCAGCGAGTCAACATC-1-gPlexB1_s1,CCAGCGAGTCAACATC-1-gPlexB1_s1,4_leaf
ACTTACTTCACGCGGT-1-gPlexB4_s1,ACTTACTTCACGCGGT-1-gPlexB4_s1,5_leaf
TCGTAGACACCGCTAG-1-gPlexB6_s1,TCGTAGACACCGCTAG-1-gPlexB6_s1,5_leaf
CGCTTCAAGGCATGTG-1-gPlexB3_s1,CGCTTCAAGGCATGTG-1-gPlexB3_s1,4_leaf
CTAGTGAGTGTCTGAT-1-gPlexB2_s1,CTAGTGAGTGTCTGAT-1-gPlexB2_s1,4_leaf
CATATTCGTAGGACAC-1-gPlexB3_s1,CATATTCGTAGGACAC-1-gPlexB3_s1,6_leaf
TTGGCAACAAAGTCAA-1-gPlexB1_s1,TTGGCAACAAAGTCAA-1-gPlexB1_s1,5_leaf
CATCAGACAACTTGAC-1-gPlexB4_s1,CATCAGACAACTTGAC-1-gPlexB4_s1,4_leaf
AACTGGTTCTCCTATA-1-gPlexB5_s1,AACTGGTTCTCCTATA-1-gPlexB5_s1,3_leaf
AAGTCTGAGGCATGGT-1-gPlexB6_s1,AAGTCTGAGGCATGGT-1-gPlexB6_s1,4_leaf
ACAGCTAGTAGCGTCC-1-gPlexB7_s1,ACAGCTAGTAGCGTCC-1-gPlexB7_s1,6_leaf
AGTGTCAGTACTTCTT-1-gPlexB4_s1,AGTGTCAGTACTTCTT-1-gPlexB4_s1,4_leaf
AACTCCCAGTACGATA-1-gPlexB5_s1,AACTCCCAGTACGATA-1-gPlexB5_s1,3_leaf
CGACTTCGTCAACATC-1-gPlexB5_s1,CGACTTCGTCAACATC-1-gPlexB5_s1,4_leaf
CGGTTAAAGTGTTGAA-1-gPlexB1_s1,CGGTTAAAGTGTTGAA-1-gPlexB1_s1,3_leaf
CCTACACGTGTCCTCT-1-gPlexB3_s1,CCTACACGTGTCCTCT-1-gPlexB3_s1,4_leaf
CAGCTGGGTTATTCTC-1-gPlexB3_s1,CAGCTGGGTTATTCTC-1-gPlexB3_s1,6_leaf
CCTACACTCAGGCAAG-1-gPlexB5_s1,CCTACACTCAGGCAAG-1-gPlexB5_s1,5_leaf
ACGTCAATCACAGTAC-1-gPlexB3_s1,ACGTCAATCACAGTAC-1-gPlexB3_s1,4_leaf
AGGCCACAGAGCCTAG-1-gPlexB4_s1,AGGCCACAGAGCCTAG-1-gPlexB4_s1,4_leaf
GGATGTTCACAAGCCC-1-gPlexB4_s1,GGATGTTCACAAGCCC-1-gPlexB4_s1,3_leaf
GGGCATCGTTGTCTTT-1-gPlexB6_s1,GGGCATCGTTGTCTTT-1-gPlexB6_s1,3_leaf
TAAACCGAGAGGGATA-1-gPlexB3_s1,TAAACCGAGAGGGATA-1-gPlexB3_s1,3_leaf
TCGTACCTCTTAACCT-1-gPlexB2_s1,TCGTACCTCTTAACCT-1-gPlexB2_s1,4_leaf
CGAACATGTCGCATCG-1-gPlexB4_s1,CGAACATGTCGCATCG-1-gPlexB4_s1,4_leaf
AGCATACAGTGTACGG-1-gPlexB7_s1,AGCATACAGTGTACGG-1-gPlexB7_s1,6_leaf
AACCATGCAGCTGTGC-1-gPlexB3_s1,AACCATGCAGCTGTGC-1-gPlexB3_s1,3_leaf
GAATAAGCAGCTGTAT-1-gPlexB6_s1,GAATAAGCAGCTGTAT-1-gPlexB6_s1,4_leaf
TTTATGCCATGCATGT-1-gPlexB2_s1,TTTATGCCATGCATGT-1-gPlexB2_s1,4_leaf
GCCTCTAGTGACGGTA-1-gPlexB7_s1,GCCTCTAGTGACGGTA-1-gPlexB7_s1,5_leaf
GAAGCAGAGTAGGCCA-1-gPlexB3_s1,GAAGCAGAGTAGGCCA-1-gPlexB3_s1,4_leaf
CGTCTACAGTACATGA-1-gPlexB6_s1,CGTCTACAGTACATGA-1-gPlexB6_s1,5_leaf
ATTACTCCAGGTGGAT-1-gPlexB1_s1,ATTACTCCAGGTGGAT-1-gPlexB1_s1,4_leaf
CTCGAAATCACAGGCC-1-gPlexB3_s1,CTCGAAATCACAGGCC-1-gPlexB3_s1,3_leaf
AAAGTAGCACTTCGAA-1-gPlexB4_s1,AAAGTAGCACTTCGAA-1-gPlexB4_s1,5_leaf
CGGAGCTCATGCCCGA-1-gPlexB5_s1,CGGAGCTCATGCCCGA-1-gPlexB5_s1,4_leaf
CTAATGGGTCCAGTAT-1-gPlexB2_s1,CTAATGGGTCCAGTAT-1-gPlexB2_s1,3_leaf
TAGCCGGGTCTTGCGG-1-gPlexB2_s1,TAGCCGGGTCTTGCGG-1-gPlexB2_s1,4_leaf
GGTGCGTAGTAGGTGC-1-gPlexB2_s1,GGTGCGTAGTAGGTGC-1-gPlexB2_s1,5_leaf
GCAAACTCATAGTAAG-1-gPlexB4_s1,GCAAACTCATAGTAAG-1-gPlexB4_s1,4_leaf
GATGCTATCTTAGCCC-1-gPlexB5_s1,GATGCTATCTTAGCCC-1-gPlexB5_s1,4_leaf
CCCATACGTCTCTCGT-1-gPlexB4_s1,CCCATACGTCTCTCGT-1-gPlexB4_s1,5_leaf
AGAATAGTCGTCTGCT-1-gPlexB1_s1,AGAATAGTCGTCTGCT-1-gPlexB1_s1,4_leaf
ACCAGTATCGTGGACC-1-gPlexB3_s1,ACCAGTATCGTGGACC-1-gPlexB3_s1,4_leaf
ACTATCTCACTATCTT-1-gPlexB1_s1,ACTATCTCACTATCTT-1-gPlexB1_s1,5_leaf
CGGAGTCAGATCCTGT-1-gPlexB3_s1,CGGAGTCAGATCCTGT-1-gPlexB3_s1,5_leaf
AACCATGAGCGCCTCA-1-gPlexB5_s1,AACCATGAGCGCCTCA-1-gPlexB5_s1,3_leaf
GCGCAGTAGGGTGTGT-1-gPlexB7_s1,GCGCAGTAGGGTGTGT-1-gPlexB7_s1,3_leaf
GATCAGTAGAGTGAGA-1-gPlexB1_s1,GATCAGTAGAGTGAGA-1-gPlexB1_s1,4_leaf
TTCTTAGTCGCAAACT-1-gPlexB6_s1,TTCTTAGTCGCAAACT-1-gPlexB6_s1,4_leaf
ACGGCCACATTGTGCA-1-gPlexB6_s1,ACGGCCACATTGTGCA-1-gPlexB6_s1,3_leaf
CAGGTGCTCTTGGGTA-1-gPlexB4_s1,CAGGTGCTCTTGGGTA-1-gPlexB4_s1,3_leaf
CGCTATCCAGGGTACA-1-gPlexB7_s1,CGCTATCCAGGGTACA-1-gPlexB7_s1,4_leaf
GGCCGATAGATGTCGG-1-gPlexB1_s1,GGCCGATAGATGTCGG-1-gPlexB1_s1,4_leaf
TGAGCCGAGAGTTGGC-1-gPlexB5_s1,TGAGCCGAGAGTTGGC-1-gPlexB5_s1,5_leaf
ACTGTCCAGGACGAAA-1-gPlexB5_s1,ACTGTCCAGGACGAAA-1-gPlexB5_s1,4_leaf
GCAATCAAGTTTCCTT-1-gPlexB6_s1,GCAATCAAGTTTCCTT-1-gPlexB6_s1,3_leaf
ATAGACCAGCGGCTTC-1-gPlexB4_s1,ATAGACCAGCGGCTTC-1-gPlexB4_s1,5_leaf
CAAGTTGCAAAGGCGT-1-gPlexB2_s1,CAAGTTGCAAAGGCGT-1-gPlexB2_s1,3_leaf
ACTTTCATCTGGGCCA-1-gPlexB6_s1,ACTTTCATCTGGGCCA-1-gPlexB6_s1,4_leaf
CCTATTACAGGCTCAC-1-gPlexB1_s1,CCTATTACAGGCTCAC-1-gPlexB1_s1,5_leaf
CGGTTAACAGACGCTC-1-gPlexB6_s1,CGGTTAACAGACGCTC-1-gPlexB6_s1,4_leaf
TTGGCAACAATAGAGT-1-gPlexB3_s1,TTGGCAACAATAGAGT-1-gPlexB3_s1,5_leaf
GGGATGAAGAGTGAGA-1-gPlexB3_s1,GGGATGAAGAGTGAGA-1-gPlexB3_s1,3_leaf
ACTGAACAGGCTACGA-1-gPlexB5_s1,ACTGAACAGGCTACGA-1-gPlexB5_s1,4_leaf
TTCTCCTTCCGTTGCT-1-gPlexB4_s1,TTCTCCTTCCGTTGCT-1-gPlexB4_s1,4_leaf
TGGTTCCTCCGGGTGT-1-gPlexB5_s1,TGGTTCCTCCGGGTGT-1-gPlexB5_s1,5_leaf
GTCAAGTAGTTCCACA-1-gPlexB4_s1,GTCAAGTAGTTCCACA-1-gPlexB4_s1,4_leaf
TACTTGTGTGTTAAGA-1-gPlexB3_s1,TACTTGTGTGTTAAGA-1-gPlexB3_s1,5_leaf
GCATGCGAGAGCAATT-1-gPlexB2_s1,GCATGCGAGAGCAATT-1-gPlexB2_s1,5_leaf
ACTGATGAGTCTCAAC-1-gPlexB3_s1,ACTGATGAGTCTCAAC-1-gPlexB3_s1,6_leaf
CTAACTTGTACTCGCG-1-gPlexB4_s1,CTAACTTGTACTCGCG-1-gPlexB4_s1,4_leaf
CATGACAAGCTATGCT-1-gPlexB2_s1,CATGACAAGCTATGCT-1-gPlexB2_s1,4_leaf
AGTCTTTGTCCGTGAC-1-gPlexB3_s1,AGTCTTTGTCCGTGAC-1-gPlexB3_s1,4_leaf
AATCGGTTCATTGCCC-1-gPlexB1_s1,AATCGGTTCATTGCCC-1-gPlexB1_s1,4_leaf
GAGGTGATCTATCGCC-1-gPlexB6_s1,GAGGTGATCTATCGCC-1-gPlexB6_s1,5_leaf
CGATGTAGTTATTCTC-1-gPlexB3_s1,CGATGTAGTTATTCTC-1-gPlexB3_s1,4_leaf
TACCTTATCGGACAAG-1-gPlexB6_s1,TACCTTATCGGACAAG-1-gPlexB6_s1,3_leaf
AACTCAGGTACAGTTC-1-gPlexB6_s1,AACTCAGGTACAGTTC-1-gPlexB6_s1,4_leaf
GTCCTCATCCTACAGA-1-gPlexB3_s1,GTCCTCATCCTACAGA-1-gPlexB3_s1,4_leaf
TGACTAGAGGCATTGG-1-gPlexB4_s1,TGACTAGAGGCATTGG-1-gPlexB4_s1,5_leaf
CTACCCAGTATGCTTG-1-gPlexB2_s1,CTACCCAGTATGCTTG-1-gPlexB2_s1,4_leaf
GCTCTGTCAAGGGTCA-1-gPlexB2_s1,GCTCTGTCAAGGGTCA-1-gPlexB2_s1,4_leaf
CATGACATCTATCCTA-1-gPlexB5_s1,CATGACATCTATCCTA-1-gPlexB5_s1,4_leaf
CTCGAGGCAGCTTCGG-1-gPlexB5_s1,CTCGAGGCAGCTTCGG-1-gPlexB5_s1,4_leaf
AACCATGGTAGCCTAT-1-gPlexB7_s1,AACCATGGTAGCCTAT-1-gPlexB7_s1,5_leaf
GGCGACTTCCAAGCCG-1-gPlexB4_s1,GGCGACTTCCAAGCCG-1-gPlexB4_s1,5_leaf
CGCGGTAGTAGCTTGT-1-gPlexB4_s1,CGCGGTAGTAGCTTGT-1-gPlexB4_s1,3_leaf
ATCTACTTCAGATAAG-1-gPlexB7_s1,ATCTACTTCAGATAAG-1-gPlexB7_s1,5_leaf
GTATCTTTCTTCATGT-1-gPlexB5_s1,GTATCTTTCTTCATGT-1-gPlexB5_s1,5_leaf
ACTGAACAGGCTCATT-1-gPlexB4_s1,ACTGAACAGGCTCATT-1-gPlexB4_s1,5_leaf
CGTCAGGCAGTAGAGC-1-gPlexB1_s1,CGTCAGGCAGTAGAGC-1-gPlexB1_s1,5_leaf
CTGAAGTAGCACAGGT-1-gPlexB4_s1,CTGAAGTAGCACAGGT-1-gPlexB4_s1,4_leaf
CTGATAGGTCACTGGC-1-gPlexB7_s1,CTGATAGGTCACTGGC-1-gPlexB7_s1,6_leaf
GCGCGATTCGGAGGTA-1-gPlexB2_s1,GCGCGATTCGGAGGTA-1-gPlexB2_s1,5_leaf
GCATGTACACCAGGCT-1-gPlexB5_s1,GCATGTACACCAGGCT-1-gPlexB5_s1,4_leaf
CGGACGTGTGTAAGTA-1-gPlexB7_s1,CGGACGTGTGTAAGTA-1-gPlexB7_s1,4_leaf
CTCCTAGCACGGTTTA-1-gPlexB6_s1,CTCCTAGCACGGTTTA-1-gPlexB6_s1,4_leaf
ATCATGGTCCGCGCAA-1-gPlexB5_s1,ATCATGGTCCGCGCAA-1-gPlexB5_s1,4_leaf
GGGAATGTCGACGGAA-1-gPlexB6_s1,GGGAATGTCGACGGAA-1-gPlexB6_s1,4_leaf
ACATCAGGTAAGAGAG-1-gPlexB3_s1,ACATCAGGTAAGAGAG-1-gPlexB3_s1,3_leaf
AGTGTCAGTTCAGGCC-1-gPlexB3_s1,AGTGTCAGTTCAGGCC-1-gPlexB3_s1,4_leaf
GGGATGAAGGATGCGT-1-gPlexB7_s1,GGGATGAAGGATGCGT-1-gPlexB7_s1,4_leaf
GTCTCGTAGTGGCACA-1-gPlexB5_s1,GTCTCGTAGTGGCACA-1-gPlexB5_s1,4_leaf
GCACTCTGTTCCACTC-1-gPlexB2_s1,GCACTCTGTTCCACTC-1-gPlexB2_s1,4_leaf
ACTTACTCAAGCCGTC-1-gPlexB2_s1,ACTTACTCAAGCCGTC-1-gPlexB2_s1,4_leaf
CTCGAGGAGCTACCTA-1-gPlexB6_s1,CTCGAGGAGCTACCTA-1-gPlexB6_s1,5_leaf
ACGGGCTCAGGTGGAT-1-gPlexB6_s1,ACGGGCTCAGGTGGAT-1-gPlexB6_s1,5_leaf
ACTGCTCAGACTCGGA-1-gPlexB2_s1,ACTGCTCAGACTCGGA-1-gPlexB2_s1,5_leaf
ATAACGCTCTCTAAGG-1-gPlexB2_s1,ATAACGCTCTCTAAGG-1-gPlexB2_s1,5_leaf
GTCACAACACTGTCGG-1-gPlexB6_s1,GTCACAACACTGTCGG-1-gPlexB6_s1,3_leaf
CGTAGGCTCACGGTTA-1-gPlexB6_s1,CGTAGGCTCACGGTTA-1-gPlexB6_s1,3_leaf
CTCCTAGAGCCGATTT-1-gPlexB2_s1,CTCCTAGAGCCGATTT-1-gPlexB2_s1,4_leaf
TCTTCGGGTCAATACC-1-gPlexB7_s1,TCTTCGGGTCAATACC-1-gPlexB7_s1,4_leaf
CATTATCAGGCGTACA-1-gPlexB2_s1,CATTATCAGGCGTACA-1-gPlexB2_s1,5_leaf
GACGTTAGTGATGATA-1-gPlexB7_s1,GACGTTAGTGATGATA-1-gPlexB7_s1,5_leaf
CACATAGCACCACCAG-1-gPlexB7_s1,CACATAGCACCACCAG-1-gPlexB7_s1,4_leaf
CACAGTAAGGTGCACA-1-gPlexB2_s1,CACAGTAAGGTGCACA-1-gPlexB2_s1,3_leaf
TATGCCCTCAGCTCGG-1-gPlexB7_s1,TATGCCCTCAGCTCGG-1-gPlexB7_s1,4_leaf
AAAGCAACATGCAACT-1-gPlexB5_s1,AAAGCAACATGCAACT-1-gPlexB5_s1,4_leaf
GATGAAAGTAAACACA-1-gPlexB1_s1,GATGAAAGTAAACACA-1-gPlexB1_s1,4_leaf
ACGGAGAGTTAAGGGC-1-gPlexB6_s1,ACGGAGAGTTAAGGGC-1-gPlexB6_s1,6_leaf
GTGTTAGAGGACATTA-1-gPlexB5_s1,GTGTTAGAGGACATTA-1-gPlexB5_s1,6_leaf
GACTACACATACGCCG-1-gPlexB6_s1,GACTACACATACGCCG-1-gPlexB6_s1,5_leaf
TGGGCGTGTTGCCTCT-1-gPlexB4_s1,TGGGCGTGTTGCCTCT-1-gPlexB4_s1,6_leaf
ACAGCCGGTACCATCA-1-gPlexB7_s1,ACAGCCGGTACCATCA-1-gPlexB7_s1,6_leaf
AGCGTATAGACAAGCC-1-gPlexB5_s1,AGCGTATAGACAAGCC-1-gPlexB5_s1,5_leaf
CTTAGGACATACTCTT-1-gPlexB6_s1,CTTAGGACATACTCTT-1-gPlexB6_s1,6_leaf
ACGTCAACAGTACACT-1-gPlexB1_s1,ACGTCAACAGTACACT-1-gPlexB1_s1,3_leaf
GTGCGGTGTTGGTGGA-1-gPlexB5_s1,GTGCGGTGTTGGTGGA-1-gPlexB5_s1,4_leaf
AGCTCTCGTCTCTCTG-1-gPlexB4_s1,AGCTCTCGTCTCTCTG-1-gPlexB4_s1,3_leaf
CCATGTCCAAGCTGAG-1-gPlexB4_s1,CCATGTCCAAGCTGAG-1-gPlexB4_s1,4_leaf
CGCGGTATCTCTGCTG-1-gPlexB4_s1,CGCGGTATCTCTGCTG-1-gPlexB4_s1,6_leaf
ACTTGTTGTGAGCGAT-1-gPlexB3_s1,ACTTGTTGTGAGCGAT-1-gPlexB3_s1,3_leaf
TGTGTTTAGTTACGGG-1-gPlexB5_s1,TGTGTTTAGTTACGGG-1-gPlexB5_s1,4_leaf
TGGGAAGCATCACGTA-1-gPlexB2_s1,TGGGAAGCATCACGTA-1-gPlexB2_s1,4_leaf
TCTATTGAGTGGCACA-1-gPlexB6_s1,TCTATTGAGTGGCACA-1-gPlexB6_s1,3_leaf
CTGGTCTTCGCGGATC-1-gPlexB5_s1,CTGGTCTTCGCGGATC-1-gPlexB5_s1,5_leaf
AACACGTTCAACCAAC-1-gPlexB2_s1,AACACGTTCAACCAAC-1-gPlexB2_s1,4_leaf
GTCATTTAGGATGTAT-1-gPlexB2_s1,GTCATTTAGGATGTAT-1-gPlexB2_s1,4_leaf
CACATTTCATCAGTAC-1-gPlexB2_s1,CACATTTCATCAGTAC-1-gPlexB2_s1,5_leaf
GATGAGGCATCGTCGG-1-gPlexB4_s1,GATGAGGCATCGTCGG-1-gPlexB4_s1,4_leaf
GTGAAGGTCCTTGGTC-1-gPlexB5_s1,GTGAAGGTCCTTGGTC-1-gPlexB5_s1,5_leaf
CACAGTATCTGTACGA-1-gPlexB5_s1,CACAGTATCTGTACGA-1-gPlexB5_s1,3_leaf
GATGCTATCGAGAGCA-1-gPlexB6_s1,GATGCTATCGAGAGCA-1-gPlexB6_s1,4_leaf
AGCAGCCAGTCCCACG-1-gPlexB5_s1,AGCAGCCAGTCCCACG-1-gPlexB5_s1,4_leaf
AACTCTTTCTGTTGAG-1-gPlexB1_s1,AACTCTTTCTGTTGAG-1-gPlexB1_s1,3_leaf
ACAGCCGCATCCAACA-1-gPlexB7_s1,ACAGCCGCATCCAACA-1-gPlexB7_s1,3_leaf
AGATTGCCATCCTAGA-1-gPlexB5_s1,AGATTGCCATCCTAGA-1-gPlexB5_s1,4_leaf
AAGACCTAGCGCCTCA-1-gPlexB1_s1,AAGACCTAGCGCCTCA-1-gPlexB1_s1,5_leaf
TCAGGATTCAGCTTAG-1-gPlexB2_s1,TCAGGATTCAGCTTAG-1-gPlexB2_s1,4_leaf
GGGTCTGCACGTGAGA-1-gPlexB6_s1,GGGTCTGCACGTGAGA-1-gPlexB6_s1,5_leaf
GCGAGAATCCCAAGAT-1-gPlexB2_s1,GCGAGAATCCCAAGAT-1-gPlexB2_s1,6_leaf
AGGTCCGAGCAGGTCA-1-gPlexB3_s1,AGGTCCGAGCAGGTCA-1-gPlexB3_s1,6_leaf
GATGCTAGTTATTCTC-1-gPlexB4_s1,GATGCTAGTTATTCTC-1-gPlexB4_s1,4_leaf
GCATGATGTCGCGGTT-1-gPlexB3_s1,GCATGATGTCGCGGTT-1-gPlexB3_s1,4_leaf
CGGACACGTCGCTTCT-1-gPlexB3_s1,CGGACACGTCGCTTCT-1-gPlexB3_s1,5_leaf
CCAGCGAAGGACGAAA-1-gPlexB2_s1,CCAGCGAAGGACGAAA-1-gPlexB2_s1,5_leaf
CTCGAGGCAATTGCTG-1-gPlexB3_s1,CTCGAGGCAATTGCTG-1-gPlexB3_s1,4_leaf
ATTCTACTCGACAGCC-1-gPlexB7_s1,ATTCTACTCGACAGCC-1-gPlexB7_s1,3_leaf
TGCCAAACAGTCACTA-1-gPlexB5_s1,TGCCAAACAGTCACTA-1-gPlexB5_s1,5_leaf
TTGCGTCCACGCTTTC-1-gPlexB7_s1,TTGCGTCCACGCTTTC-1-gPlexB7_s1,4_leaf
TACTCATGTATAGTAG-1-gPlexB4_s1,TACTCATGTATAGTAG-1-gPlexB4_s1,3_leaf
CCTTCCCAGACACTAA-1-gPlexB2_s1,CCTTCCCAGACACTAA-1-gPlexB2_s1,4_leaf
GATCGTAGTCAGATAA-1-gPlexB3_s1,GATCGTAGTCAGATAA-1-gPlexB3_s1,3_leaf
CTGCTGTAGTCACGCC-1-gPlexB6_s1,CTGCTGTAGTCACGCC-1-gPlexB6_s1,5_leaf
GAACGGAAGGACAGCT-1-gPlexB2_s1,GAACGGAAGGACAGCT-1-gPlexB2_s1,5_leaf
GGGACCTAGTACACCT-1-gPlexB6_s1,GGGACCTAGTACACCT-1-gPlexB6_s1,5_leaf
AGGGAGTGTGCTTCTC-1-gPlexB6_s1,AGGGAGTGTGCTTCTC-1-gPlexB6_s1,5_leaf
CTTAACTCACTTCTGC-1-gPlexB2_s1,CTTAACTCACTTCTGC-1-gPlexB2_s1,3_leaf
AAAGTAGAGCGTGAGT-1-gPlexB7_s1,AAAGTAGAGCGTGAGT-1-gPlexB7_s1,5_leaf
TGAGGGATCTTGTTTG-1-gPlexB4_s1,TGAGGGATCTTGTTTG-1-gPlexB4_s1,5_leaf
TGCGCAGTCTGTCTAT-1-gPlexB4_s1,TGCGCAGTCTGTCTAT-1-gPlexB4_s1,4_leaf
ATGCGATCATGCTAGT-1-gPlexB3_s1,ATGCGATCATGCTAGT-1-gPlexB3_s1,3_leaf
GGCGTGTGTGGTGTAG-1-gPlexB5_s1,GGCGTGTGTGGTGTAG-1-gPlexB5_s1,3_leaf
TCTATTGCAGTCTTCC-1-gPlexB4_s1,TCTATTGCAGTCTTCC-1-gPlexB4_s1,4_leaf
GATCGATTCCAGTAGT-1-gPlexB5_s1,GATCGATTCCAGTAGT-1-gPlexB5_s1,5_leaf
TGCTGCTTCTAAGCCA-1-gPlexB4_s1,TGCTGCTTCTAAGCCA-1-gPlexB4_s1,3_leaf
CGATCGGGTGACGGTA-1-gPlexB4_s1,CGATCGGGTGACGGTA-1-gPlexB4_s1,5_leaf
GATGAAATCAAAGACA-1-gPlexB7_s1,GATGAAATCAAAGACA-1-gPlexB7_s1,4_leaf
AAGGTTCCATGGTTGT-1-gPlexB7_s1,AAGGTTCCATGGTTGT-1-gPlexB7_s1,4_leaf
TGGCTGGCACACCGAC-1-gPlexB4_s1,TGGCTGGCACACCGAC-1-gPlexB4_s1,5_leaf
AGCATACTCTTATCTG-1-gPlexB7_s1,AGCATACTCTTATCTG-1-gPlexB7_s1,5_leaf
GACGGCTAGCCCAGCT-1-gPlexB1_s1,GACGGCTAGCCCAGCT-1-gPlexB1_s1,4_leaf
GTGGGTCTCCCAGGTG-1-gPlexB5_s1,GTGGGTCTCCCAGGTG-1-gPlexB5_s1,3_leaf
TCAACGAGTCCTAGCG-1-gPlexB4_s1,TCAACGAGTCCTAGCG-1-gPlexB4_s1,4_leaf
GTAGTCAAGACACTAA-1-gPlexB7_s1,GTAGTCAAGACACTAA-1-gPlexB7_s1,5_leaf
AAAGCAAGTGCGATAG-1-gPlexB5_s1,AAAGCAAGTGCGATAG-1-gPlexB5_s1,4_leaf
AAAGCAACATCTGGTA-1-gPlexB7_s1,AAAGCAACATCTGGTA-1-gPlexB7_s1,4_leaf
ATTGGTGGTCGTTGTA-1-gPlexB1_s1,ATTGGTGGTCGTTGTA-1-gPlexB1_s1,4_leaf
CCTTTCTTCCATGCTC-1-gPlexB2_s1,CCTTTCTTCCATGCTC-1-gPlexB2_s1,6_leaf
GCAGCCATCTGGTTCC-1-gPlexB2_s1,GCAGCCATCTGGTTCC-1-gPlexB2_s1,4_leaf
TTATGCTGTCTAGGTT-1-gPlexB4_s1,TTATGCTGTCTAGGTT-1-gPlexB4_s1,5_leaf
GTTCATTCAGATGGCA-1-gPlexB6_s1,GTTCATTCAGATGGCA-1-gPlexB6_s1,4_leaf
TCAGGATAGGCATTGG-1-gPlexB6_s1,TCAGGATAGGCATTGG-1-gPlexB6_s1,4_leaf
TAAGTGCGTAGCGATG-1-gPlexB6_s1,TAAGTGCGTAGCGATG-1-gPlexB6_s1,4_leaf
TACACGATCAGTTTGG-1-gPlexB2_s1,TACACGATCAGTTTGG-1-gPlexB2_s1,3_leaf
CTGGTCTAGGCAATTA-1-gPlexB2_s1,CTGGTCTAGGCAATTA-1-gPlexB2_s1,5_leaf
ATAAGAGGTAAGTGGC-1-gPlexB1_s1,ATAAGAGGTAAGTGGC-1-gPlexB1_s1,6_leaf
GGGTCTGTCAACCATG-1-gPlexB4_s1,GGGTCTGTCAACCATG-1-gPlexB4_s1,4_leaf
CGATGTAGTTTACTCT-1-gPlexB2_s1,CGATGTAGTTTACTCT-1-gPlexB2_s1,4_leaf
CAAGAAAAGATCTGAA-1-gPlexB7_s1,CAAGAAAAGATCTGAA-1-gPlexB7_s1,5_leaf
CCAATCCAGCGACGTA-1-gPlexB5_s1,CCAATCCAGCGACGTA-1-gPlexB5_s1,4_leaf
AGGGTGACAGTGAGTG-1-gPlexB2_s1,AGGGTGACAGTGAGTG-1-gPlexB2_s1,3_leaf
CCGTGGACACGGTAGA-1-gPlexB1_s1,CCGTGGACACGGTAGA-1-gPlexB1_s1,4_leaf
GTGAAGGGTGTGACGA-1-gPlexB7_s1,GTGAAGGGTGTGACGA-1-gPlexB7_s1,4_leaf
CCTATTACATACGCTA-1-gPlexB2_s1,CCTATTACATACGCTA-1-gPlexB2_s1,4_leaf
TTGACTTTCCGAAGAG-1-gPlexB2_s1,TTGACTTTCCGAAGAG-1-gPlexB2_s1,4_leaf
AGAGCTTGTCATGCCG-1-gPlexB2_s1,AGAGCTTGTCATGCCG-1-gPlexB2_s1,3_leaf
GTCACAACATGGTCTA-1-gPlexB2_s1,GTCACAACATGGTCTA-1-gPlexB2_s1,5_leaf
ATCATGGTCATTATCC-1-gPlexB1_s1,ATCATGGTCATTATCC-1-gPlexB1_s1,3_leaf
TTCTCCTGTCGCCATG-1-gPlexB3_s1,TTCTCCTGTCGCCATG-1-gPlexB3_s1,5_leaf
GTGTTAGAGAGACTAT-1-gPlexB2_s1,GTGTTAGAGAGACTAT-1-gPlexB2_s1,4_leaf
GACTAACTCCAATGGT-1-gPlexB3_s1,GACTAACTCCAATGGT-1-gPlexB3_s1,6_leaf
TAGGCATAGGACAGCT-1-gPlexB1_s1,TAGGCATAGGACAGCT-1-gPlexB1_s1,6_leaf
TAGTGGTGTAAAGTCA-1-gPlexB4_s1,TAGTGGTGTAAAGTCA-1-gPlexB4_s1,6_leaf
GGCTGGTTCCAAGCCG-1-gPlexB3_s1,GGCTGGTTCCAAGCCG-1-gPlexB3_s1,3_leaf
TTCCCAGAGACCCACC-1-gPlexB2_s1,TTCCCAGAGACCCACC-1-gPlexB2_s1,4_leaf
CCATGTCGTCGAGTTT-1-gPlexB3_s1,CCATGTCGTCGAGTTT-1-gPlexB3_s1,6_leaf
CGGACGTTCGACCAGC-1-gPlexB2_s1,CGGACGTTCGACCAGC-1-gPlexB2_s1,6_leaf
GAATGAACAAAGGAAG-1-gPlexB3_s1,GAATGAACAAAGGAAG-1-gPlexB3_s1,5_leaf
GCACTCTAGGTGTGGT-1-gPlexB2_s1,GCACTCTAGGTGTGGT-1-gPlexB2_s1,5_leaf
AGTGGGAGTGGAAAGA-1-gPlexB1_s1,AGTGGGAGTGGAAAGA-1-gPlexB1_s1,4_leaf
CGTCTACAGGATCGCA-1-gPlexB6_s1,CGTCTACAGGATCGCA-1-gPlexB6_s1,4_leaf
GTCATTTTCTTCATGT-1-gPlexB3_s1,GTCATTTTCTTCATGT-1-gPlexB3_s1,5_leaf
GTGGGTCTCAATCACG-1-gPlexB3_s1,GTGGGTCTCAATCACG-1-gPlexB3_s1,4_leaf
GCAGTTAGTTCCGTCT-1-gPlexB5_s1,GCAGTTAGTTCCGTCT-1-gPlexB5_s1,4_leaf
TATCTCAAGATGTGTA-1-gPlexB7_s1,TATCTCAAGATGTGTA-1-gPlexB7_s1,5_leaf
TACAGTGTCCAAACTG-1-gPlexB3_s1,TACAGTGTCCAAACTG-1-gPlexB3_s1,5_leaf
TCTCATAGTGGTACAG-1-gPlexB5_s1,TCTCATAGTGGTACAG-1-gPlexB5_s1,3_leaf
GGCTCGAGTACTTCTT-1-gPlexB3_s1,GGCTCGAGTACTTCTT-1-gPlexB3_s1,4_leaf
CACAAACGTACCGGCT-1-gPlexB2_s1,CACAAACGTACCGGCT-1-gPlexB2_s1,4_leaf
TGCTACCAGTGAATTG-1-gPlexB7_s1,TGCTACCAGTGAATTG-1-gPlexB7_s1,5_leaf
TAGTTGGCACAAGACG-1-gPlexB4_s1,TAGTTGGCACAAGACG-1-gPlexB4_s1,4_leaf
TAGAGCTGTATTCGTG-1-gPlexB3_s1,TAGAGCTGTATTCGTG-1-gPlexB3_s1,5_leaf
CGTAGCGTCCACTGGG-1-gPlexB5_s1,CGTAGCGTCCACTGGG-1-gPlexB5_s1,3_leaf
AACTCAGGTATAAACG-1-gPlexB1_s1,AACTCAGGTATAAACG-1-gPlexB1_s1,4_leaf
TCAATCTCATACGCTA-1-gPlexB1_s1,TCAATCTCATACGCTA-1-gPlexB1_s1,3_leaf
CCATGTCGTCTAAAGA-1-gPlexB2_s1,CCATGTCGTCTAAAGA-1-gPlexB2_s1,6_leaf
AACCATGTCGTACCGG-1-gPlexB2_s1,AACCATGTCGTACCGG-1-gPlexB2_s1,5_leaf
GCGACCAAGACGCAAC-1-gPlexB7_s1,GCGACCAAGACGCAAC-1-gPlexB7_s1,3_leaf
GATCAGTGTGGACGAT-1-gPlexB5_s1,GATCAGTGTGGACGAT-1-gPlexB5_s1,5_leaf
AGCGTATGTAGGACAC-1-gPlexB4_s1,AGCGTATGTAGGACAC-1-gPlexB4_s1,3_leaf
GGCCGATAGTGGGTTG-1-gPlexB4_s1,GGCCGATAGTGGGTTG-1-gPlexB4_s1,4_leaf
ATCATGGTCGGCATCG-1-gPlexB7_s1,ATCATGGTCGGCATCG-1-gPlexB7_s1,4_leaf
GTGCGGTTCAGCACAT-1-gPlexB3_s1,GTGCGGTTCAGCACAT-1-gPlexB3_s1,4_leaf
ACATGGTGTCCTCTTG-1-gPlexB6_s1,ACATGGTGTCCTCTTG-1-gPlexB6_s1,5_leaf
CCACGGATCCGCGCAA-1-gPlexB2_s1,CCACGGATCCGCGCAA-1-gPlexB2_s1,3_leaf
CTCTGGTGTGTTTGGT-1-gPlexB1_s1,CTCTGGTGTGTTTGGT-1-gPlexB1_s1,6_leaf
TGCCAAACAGGCAGTA-1-gPlexB3_s1,TGCCAAACAGGCAGTA-1-gPlexB3_s1,4_leaf
GCTGGGTCACCTTGTC-1-gPlexB3_s1,GCTGGGTCACCTTGTC-1-gPlexB3_s1,4_leaf
TCTGGAATCATCTGTT-1-gPlexB3_s1,TCTGGAATCATCTGTT-1-gPlexB3_s1,4_leaf
AGTTGGTCATAGACTC-1-gPlexB3_s1,AGTTGGTCATAGACTC-1-gPlexB3_s1,6_leaf
GAGTCCGAGGAGTTGC-1-gPlexB3_s1,GAGTCCGAGGAGTTGC-1-gPlexB3_s1,4_leaf
ACGGGTCTCAACACCA-1-gPlexB3_s1,ACGGGTCTCAACACCA-1-gPlexB3_s1,5_leaf
CATATGGTCCTTGACC-1-gPlexB1_s1,CATATGGTCCTTGACC-1-gPlexB1_s1,3_leaf
CCTAAAGCAGTAAGCG-1-gPlexB5_s1,CCTAAAGCAGTAAGCG-1-gPlexB5_s1,3_leaf
CTCTGGTTCGTCACGG-1-gPlexB1_s1,CTCTGGTTCGTCACGG-1-gPlexB1_s1,5_leaf
GGCTCGAAGTATCTCG-1-gPlexB6_s1,GGCTCGAAGTATCTCG-1-gPlexB6_s1,5_leaf
GTCATTTAGTGTACGG-1-gPlexB3_s1,GTCATTTAGTGTACGG-1-gPlexB3_s1,4_leaf
TAAACCGTCCTTAATC-1-gPlexB3_s1,TAAACCGTCCTTAATC-1-gPlexB3_s1,6_leaf
ACCTTTAGTCATGCAT-1-gPlexB6_s1,ACCTTTAGTCATGCAT-1-gPlexB6_s1,3_leaf
TCGTACCCAAGCGCTC-1-gPlexB5_s1,TCGTACCCAAGCGCTC-1-gPlexB5_s1,4_leaf
CGAGCACGTGATGTCT-1-gPlexB4_s1,CGAGCACGTGATGTCT-1-gPlexB4_s1,3_leaf
AACCATGGTTTAGCTG-1-gPlexB4_s1,AACCATGGTTTAGCTG-1-gPlexB4_s1,4_leaf
TGCGTGGTCCGTTGCT-1-gPlexB3_s1,TGCGTGGTCCGTTGCT-1-gPlexB3_s1,6_leaf
AAGCCGCGTTCTGTTT-1-gPlexB1_s1,AAGCCGCGTTCTGTTT-1-gPlexB1_s1,4_leaf
GAGTCCGAGGTGATTA-1-gPlexB3_s1,GAGTCCGAGGTGATTA-1-gPlexB3_s1,4_leaf
TCTATTGGTAGCTAAA-1-gPlexB5_s1,TCTATTGGTAGCTAAA-1-gPlexB5_s1,4_leaf
TCTTCGGGTCCAGTAT-1-gPlexB6_s1,TCTTCGGGTCCAGTAT-1-gPlexB6_s1,6_leaf
AAGACCTGTTCTCATT-1-gPlexB4_s1,AAGACCTGTTCTCATT-1-gPlexB4_s1,3_leaf
GCGCAACGTCTACCTC-1-gPlexB5_s1,GCGCAACGTCTACCTC-1-gPlexB5_s1,4_leaf
TCATTACGTATCGCAT-1-gPlexB4_s1,TCATTACGTATCGCAT-1-gPlexB4_s1,3_leaf
TTCTTAGAGAAACCAT-1-gPlexB3_s1,TTCTTAGAGAAACCAT-1-gPlexB3_s1,4_leaf
GGCAATTGTAAGGATT-1-gPlexB3_s1,GGCAATTGTAAGGATT-1-gPlexB3_s1,5_leaf
GGACGTCCACCCATGG-1-gPlexB7_s1,GGACGTCCACCCATGG-1-gPlexB7_s1,5_leaf
GGCCGATTCACTGGGC-1-gPlexB6_s1,GGCCGATTCACTGGGC-1-gPlexB6_s1,4_leaf
CAGGTGCCAATGGAAT-1-gPlexB2_s1,CAGGTGCCAATGGAAT-1-gPlexB2_s1,3_leaf
CCATGTCAGAGAGCTC-1-gPlexB2_s1,CCATGTCAGAGAGCTC-1-gPlexB2_s1,4_leaf
ATTTCTGTCGCTAGCG-1-gPlexB5_s1,ATTTCTGTCGCTAGCG-1-gPlexB5_s1,4_leaf
CTGGTCTTCCCGACTT-1-gPlexB1_s1,CTGGTCTTCCCGACTT-1-gPlexB1_s1,5_leaf
CCCATACGTAATAGCA-1-gPlexB4_s1,CCCATACGTAATAGCA-1-gPlexB4_s1,5_leaf
ACAGCTAAGAGTACCG-1-gPlexB2_s1,ACAGCTAAGAGTACCG-1-gPlexB2_s1,4_leaf
CCCAATCAGTTGCAGG-1-gPlexB2_s1,CCCAATCAGTTGCAGG-1-gPlexB2_s1,3_leaf
CTTAGGAGTTCAACCA-1-gPlexB2_s1,CTTAGGAGTTCAACCA-1-gPlexB2_s1,5_leaf
CTAATGGGTAGGCATG-1-gPlexB6_s1,CTAATGGGTAGGCATG-1-gPlexB6_s1,4_leaf
GTTCGGGGTTGGTGGA-1-gPlexB1_s1,GTTCGGGGTTGGTGGA-1-gPlexB1_s1,5_leaf
CTCAGAACAAGTAATG-1-gPlexB6_s1,CTCAGAACAAGTAATG-1-gPlexB6_s1,5_leaf
CTTGGCTGTAGAGGAA-1-gPlexB1_s1,CTTGGCTGTAGAGGAA-1-gPlexB1_s1,4_leaf
ATTGGTGCATGCAATC-1-gPlexB6_s1,ATTGGTGCATGCAATC-1-gPlexB6_s1,4_leaf
GTGTTAGTCTATCCCG-1-gPlexB4_s1,GTGTTAGTCTATCCCG-1-gPlexB4_s1,3_leaf
ACCGTAAGTACTCGCG-1-gPlexB6_s1,ACCGTAAGTACTCGCG-1-gPlexB6_s1,4_leaf
CCCATACAGATGCCAG-1-gPlexB7_s1,CCCATACAGATGCCAG-1-gPlexB7_s1,3_leaf
TGACTAGTCCGATATG-1-gPlexB5_s1,TGACTAGTCCGATATG-1-gPlexB5_s1,3_leaf
CGGTTAAGTCTCCACT-1-gPlexB5_s1,CGGTTAAGTCTCCACT-1-gPlexB5_s1,4_leaf
TTGTAGGGTTCGCTAA-1-gPlexB6_s1,TTGTAGGGTTCGCTAA-1-gPlexB6_s1,5_leaf
CACACCTTCAGCGATT-1-gPlexB3_s1,CACACCTTCAGCGATT-1-gPlexB3_s1,6_leaf
CAGGTGCCAGTCACTA-1-gPlexB3_s1,CAGGTGCCAGTCACTA-1-gPlexB3_s1,5_leaf
GTTCTCGGTCAACATC-1-gPlexB3_s1,GTTCTCGGTCAACATC-1-gPlexB3_s1,6_leaf
TCAGCAAAGCCCGAAA-1-gPlexB1_s1,TCAGCAAAGCCCGAAA-1-gPlexB1_s1,5_leaf
ACACCAAAGCGTTGCC-1-gPlexB7_s1,ACACCAAAGCGTTGCC-1-gPlexB7_s1,3_leaf
ACACTGATCTTACCGC-1-gPlexB6_s1,ACACTGATCTTACCGC-1-gPlexB6_s1,4_leaf
GCTGCAGAGCCAGTAG-1-gPlexB5_s1,GCTGCAGAGCCAGTAG-1-gPlexB5_s1,3_leaf
GATGAAAAGCAGGCTA-1-gPlexB6_s1,GATGAAAAGCAGGCTA-1-gPlexB6_s1,4_leaf
CTCCTAGGTCCGCTGA-1-gPlexB5_s1,CTCCTAGGTCCGCTGA-1-gPlexB5_s1,4_leaf
TAGTGGTTCGGCCGAT-1-gPlexB3_s1,TAGTGGTTCGGCCGAT-1-gPlexB3_s1,5_leaf
GGGTTGCTCGTGGTCG-1-gPlexB4_s1,GGGTTGCTCGTGGTCG-1-gPlexB4_s1,3_leaf
TCCCGATCATCAGTAC-1-gPlexB5_s1,TCCCGATCATCAGTAC-1-gPlexB5_s1,4_leaf
GCTGCTTGTAATAGCA-1-gPlexB5_s1,GCTGCTTGTAATAGCA-1-gPlexB5_s1,3_leaf
CAACTAGTCATCTGTT-1-gPlexB1_s1,CAACTAGTCATCTGTT-1-gPlexB1_s1,4_leaf
TTGGAACCATGCATGT-1-gPlexB3_s1,TTGGAACCATGCATGT-1-gPlexB3_s1,6_leaf
TCAGGATTCACCAGGC-1-gPlexB6_s1,TCAGGATTCACCAGGC-1-gPlexB6_s1,4_leaf
TACTTGTAGTAGTGCG-1-gPlexB6_s1,TACTTGTAGTAGTGCG-1-gPlexB6_s1,4_leaf
CTCGTACGTCACTGGC-1-gPlexB6_s1,CTCGTACGTCACTGGC-1-gPlexB6_s1,5_leaf
GACGTGCGTGTTGGGA-1-gPlexB3_s1,GACGTGCGTGTTGGGA-1-gPlexB3_s1,4_leaf
CGTTCTGTCAGTCAGT-1-gPlexB5_s1,CGTTCTGTCAGTCAGT-1-gPlexB5_s1,4_leaf
GAAGCAGCACAGCGTC-1-gPlexB1_s1,GAAGCAGCACAGCGTC-1-gPlexB1_s1,4_leaf
CGCTGGAAGATGTAAC-1-gPlexB1_s1,CGCTGGAAGATGTAAC-1-gPlexB1_s1,4_leaf
TGAGCCGTCTCGTATT-1-gPlexB7_s1,TGAGCCGTCTCGTATT-1-gPlexB7_s1,4_leaf
AAGACCTGTGCAACTT-1-gPlexB4_s1,AAGACCTGTGCAACTT-1-gPlexB4_s1,3_leaf
GAGTCCGTCTGGAGCC-1-gPlexB7_s1,GAGTCCGTCTGGAGCC-1-gPlexB7_s1,4_leaf
TCGTAGACATCTCGCT-1-gPlexB5_s1,TCGTAGACATCTCGCT-1-gPlexB5_s1,3_leaf
AGGTCATCATGTCCTC-1-gPlexB4_s1,AGGTCATCATGTCCTC-1-gPlexB4_s1,4_leaf
CATGACAAGAATGTTG-1-gPlexB3_s1,CATGACAAGAATGTTG-1-gPlexB3_s1,4_leaf
TGACTTTAGCGATTCT-1-gPlexB4_s1,TGACTTTAGCGATTCT-1-gPlexB4_s1,4_leaf
CGAACATTCGGCGCTA-1-gPlexB4_s1,CGAACATTCGGCGCTA-1-gPlexB4_s1,4_leaf
CACATAGGTTACCAGT-1-gPlexB4_s1,CACATAGGTTACCAGT-1-gPlexB4_s1,4_leaf
TTGACTTAGAGCCTAG-1-gPlexB6_s1,TTGACTTAGAGCCTAG-1-gPlexB6_s1,5_leaf
GTAGGCCCAGACAAAT-1-gPlexB6_s1,GTAGGCCCAGACAAAT-1-gPlexB6_s1,4_leaf
GTAGGCCCAGATGGGT-1-gPlexB3_s1,GTAGGCCCAGATGGGT-1-gPlexB3_s1,5_leaf
GAGTCCGTCTACTCAT-1-gPlexB5_s1,GAGTCCGTCTACTCAT-1-gPlexB5_s1,6_leaf
AGAGCTTGTAGAAAGG-1-gPlexB4_s1,AGAGCTTGTAGAAAGG-1-gPlexB4_s1,5_leaf
GCTGCTTAGAAGGTTT-1-gPlexB1_s1,GCTGCTTAGAAGGTTT-1-gPlexB1_s1,4_leaf
ATAAGAGAGTGAAGTT-1-gPlexB3_s1,ATAAGAGAGTGAAGTT-1-gPlexB3_s1,5_leaf
AGATCTGCAGTAACGG-1-gPlexB7_s1,AGATCTGCAGTAACGG-1-gPlexB7_s1,3_leaf
CATCAGAGTGCTCTTC-1-gPlexB1_s1,CATCAGAGTGCTCTTC-1-gPlexB1_s1,4_leaf
AGCTTGACAACTGCTA-1-gPlexB1_s1,AGCTTGACAACTGCTA-1-gPlexB1_s1,5_leaf
GCGCAGTTCCCAAGTA-1-gPlexB2_s1,GCGCAGTTCCCAAGTA-1-gPlexB2_s1,4_leaf
ACTTTCACAGCTCGCA-1-gPlexB5_s1,ACTTTCACAGCTCGCA-1-gPlexB5_s1,5_leaf
CTTCTCTGTATGAATG-1-gPlexB6_s1,CTTCTCTGTATGAATG-1-gPlexB6_s1,4_leaf
TCAGGTAGTTACGCGC-1-gPlexB3_s1,TCAGGTAGTTACGCGC-1-gPlexB3_s1,4_leaf
CGTCACTTCAGAGACG-1-gPlexB2_s1,CGTCACTTCAGAGACG-1-gPlexB2_s1,4_leaf
GGACATTGTTCAGTAC-1-gPlexB4_s1,GGACATTGTTCAGTAC-1-gPlexB4_s1,4_leaf
AGTAGTCGTGACGGTA-1-gPlexB3_s1,AGTAGTCGTGACGGTA-1-gPlexB3_s1,6_leaf
CTAAGACCAGGACCCT-1-gPlexB3_s1,CTAAGACCAGGACCCT-1-gPlexB3_s1,4_leaf
GGCAATTTCCAAACTG-1-gPlexB6_s1,GGCAATTTCCAAACTG-1-gPlexB6_s1,4_leaf
ACTGATGGTGACCAAG-1-gPlexB4_s1,ACTGATGGTGACCAAG-1-gPlexB4_s1,6_leaf
TGTCCCAGTTGTTTGG-1-gPlexB7_s1,TGTCCCAGTTGTTTGG-1-gPlexB7_s1,4_leaf
TAGAGCTGTACTCTCC-1-gPlexB1_s1,TAGAGCTGTACTCTCC-1-gPlexB1_s1,4_leaf
AGCATACAGAATCTCC-1-gPlexB4_s1,AGCATACAGAATCTCC-1-gPlexB4_s1,3_leaf
CATCCACTCATAGCAC-1-gPlexB6_s1,CATCCACTCATAGCAC-1-gPlexB6_s1,4_leaf
GGTGAAGAGGTGTGGT-1-gPlexB1_s1,GGTGAAGAGGTGTGGT-1-gPlexB1_s1,3_leaf
CGCTGGATCATGCTCC-1-gPlexB4_s1,CGCTGGATCATGCTCC-1-gPlexB4_s1,5_leaf
ACTGAACAGAACTGTA-1-gPlexB7_s1,ACTGAACAGAACTGTA-1-gPlexB7_s1,5_leaf
GATCAGTGTGCTGTAT-1-gPlexB3_s1,GATCAGTGTGCTGTAT-1-gPlexB3_s1,5_leaf
CATTATCGTGGCAAAC-1-gPlexB7_s1,CATTATCGTGGCAAAC-1-gPlexB7_s1,5_leaf
AGGTCCGCAAGCGTAG-1-gPlexB3_s1,AGGTCCGCAAGCGTAG-1-gPlexB3_s1,5_leaf
CACCACTTCCGTTGTC-1-gPlexB6_s1,CACCACTTCCGTTGTC-1-gPlexB6_s1,4_leaf
TCGCGAGAGTCGTTTG-1-gPlexB4_s1,TCGCGAGAGTCGTTTG-1-gPlexB4_s1,4_leaf
AGATCTGAGCTTTGGT-1-gPlexB5_s1,AGATCTGAGCTTTGGT-1-gPlexB5_s1,4_leaf
CTGCTGTGTTAGGGTG-1-gPlexB7_s1,CTGCTGTGTTAGGGTG-1-gPlexB7_s1,6_leaf
GGTGAAGCAAGCGTAG-1-gPlexB6_s1,GGTGAAGCAAGCGTAG-1-gPlexB6_s1,5_leaf
ATCATCTCACAGAGGT-1-gPlexB6_s1,ATCATCTCACAGAGGT-1-gPlexB6_s1,3_leaf
AAACCTGGTACAAGTA-1-gPlexB5_s1,AAACCTGGTACAAGTA-1-gPlexB5_s1,4_leaf
CTCTAATAGCGCCTTG-1-gPlexB2_s1,CTCTAATAGCGCCTTG-1-gPlexB2_s1,3_leaf
AGGTCCGTCAGGTTCA-1-gPlexB3_s1,AGGTCCGTCAGGTTCA-1-gPlexB3_s1,6_leaf
ACATACGGTAAGCACG-1-gPlexB3_s1,ACATACGGTAAGCACG-1-gPlexB3_s1,5_leaf
TCGGGACGTGCTTCTC-1-gPlexB5_s1,TCGGGACGTGCTTCTC-1-gPlexB5_s1,4_leaf
CTACATTCAGCGTTCG-1-gPlexB4_s1,CTACATTCAGCGTTCG-1-gPlexB4_s1,4_leaf
CTGCCTAGTTATGTGC-1-gPlexB2_s1,CTGCCTAGTTATGTGC-1-gPlexB2_s1,5_leaf
TGGCTGGCACGAGAGT-1-gPlexB4_s1,TGGCTGGCACGAGAGT-1-gPlexB4_s1,5_leaf
TTTACTGTCAGTTTGG-1-gPlexB4_s1,TTTACTGTCAGTTTGG-1-gPlexB4_s1,4_leaf
TAGCCGGCACTGTGTA-1-gPlexB7_s1,TAGCCGGCACTGTGTA-1-gPlexB7_s1,3_leaf
GGAACTTGTCCGACGT-1-gPlexB6_s1,GGAACTTGTCCGACGT-1-gPlexB6_s1,6_leaf
TGAAAGATCTTAGAGC-1-gPlexB6_s1,TGAAAGATCTTAGAGC-1-gPlexB6_s1,5_leaf
TGCCCATAGGCAGTCA-1-gPlexB7_s1,TGCCCATAGGCAGTCA-1-gPlexB7_s1,4_leaf
ACCCACTAGGTGCTAG-1-gPlexB6_s1,ACCCACTAGGTGCTAG-1-gPlexB6_s1,6_leaf
TGGACGCTCCCTGACT-1-gPlexB6_s1,TGGACGCTCCCTGACT-1-gPlexB6_s1,4_leaf
CTGATAGGTAACGCGA-1-gPlexB5_s1,CTGATAGGTAACGCGA-1-gPlexB5_s1,4_leaf
TCGGTAATCACAAACC-1-gPlexB6_s1,TCGGTAATCACAAACC-1-gPlexB6_s1,3_leaf
TGCTGCTAGTTGAGAT-1-gPlexB4_s1,TGCTGCTAGTTGAGAT-1-gPlexB4_s1,5_leaf
ACGGCCAAGGACAGAA-1-gPlexB6_s1,ACGGCCAAGGACAGAA-1-gPlexB6_s1,4_leaf
CATGACACAAGGCTCC-1-gPlexB4_s1,CATGACACAAGGCTCC-1-gPlexB4_s1,5_leaf
TTGGCAATCCAATGGT-1-gPlexB5_s1,TTGGCAATCCAATGGT-1-gPlexB5_s1,4_leaf
CTCGTACTCTGTGCAA-1-gPlexB3_s1,CTCGTACTCTGTGCAA-1-gPlexB3_s1,3_leaf
AGCGTATCAGGTGCCT-1-gPlexB2_s1,AGCGTATCAGGTGCCT-1-gPlexB2_s1,5_leaf
ACTGTCCCAAAGAATC-1-gPlexB1_s1,ACTGTCCCAAAGAATC-1-gPlexB1_s1,4_leaf
CAACCAAAGATGGCGT-1-gPlexB5_s1,CAACCAAAGATGGCGT-1-gPlexB5_s1,3_leaf
CAAGGCCCAGCATACT-1-gPlexB6_s1,CAAGGCCCAGCATACT-1-gPlexB6_s1,6_leaf
CTTAGGACACCACCAG-1-gPlexB3_s1,CTTAGGACACCACCAG-1-gPlexB3_s1,4_leaf
TACGGTAAGAGGGCTT-1-gPlexB5_s1,TACGGTAAGAGGGCTT-1-gPlexB5_s1,5_leaf
CAAGATCGTAGGGACT-1-gPlexB2_s1,CAAGATCGTAGGGACT-1-gPlexB2_s1,3_leaf
ATTGGTGCATGGTCTA-1-gPlexB2_s1,ATTGGTGCATGGTCTA-1-gPlexB2_s1,5_leaf
TGCACCTAGCAGGCTA-1-gPlexB2_s1,TGCACCTAGCAGGCTA-1-gPlexB2_s1,3_leaf
GACGTTAAGTTGCAGG-1-gPlexB7_s1,GACGTTAAGTTGCAGG-1-gPlexB7_s1,5_leaf
TGCCCATCATCAGTAC-1-gPlexB4_s1,TGCCCATCATCAGTAC-1-gPlexB4_s1,4_leaf
ATTATCCTCGTGGACC-1-gPlexB7_s1,ATTATCCTCGTGGACC-1-gPlexB7_s1,4_leaf
GTGTGCGGTTATCGGT-1-gPlexB6_s1,GTGTGCGGTTATCGGT-1-gPlexB6_s1,3_leaf
CGACTTCGTGATGTCT-1-gPlexB6_s1,CGACTTCGTGATGTCT-1-gPlexB6_s1,4_leaf
ATCCGAATCCGAACGC-1-gPlexB6_s1,ATCCGAATCCGAACGC-1-gPlexB6_s1,4_leaf
GACAGAGTCATTGCGA-1-gPlexB2_s1,GACAGAGTCATTGCGA-1-gPlexB2_s1,3_leaf
TCGAGGCGTGCGATAG-1-gPlexB7_s1,TCGAGGCGTGCGATAG-1-gPlexB7_s1,6_leaf
ATTTCTGCACGCCAGT-1-gPlexB1_s1,ATTTCTGCACGCCAGT-1-gPlexB1_s1,5_leaf
GGGAGATAGTATTGGA-1-gPlexB2_s1,GGGAGATAGTATTGGA-1-gPlexB2_s1,4_leaf
CTTGGCTGTTTAGCTG-1-gPlexB5_s1,CTTGGCTGTTTAGCTG-1-gPlexB5_s1,5_leaf
AGCTCCTAGATGTCGG-1-gPlexB6_s1,AGCTCCTAGATGTCGG-1-gPlexB6_s1,4_leaf
GGCCGATCATATACGC-1-gPlexB3_s1,GGCCGATCATATACGC-1-gPlexB3_s1,4_leaf
ACATACGTCTCCAACC-1-gPlexB3_s1,ACATACGTCTCCAACC-1-gPlexB3_s1,5_leaf
TCTGAGACATGTCTCC-1-gPlexB6_s1,TCTGAGACATGTCTCC-1-gPlexB6_s1,5_leaf
TGCTGCTCACATTCGA-1-gPlexB1_s1,TGCTGCTCACATTCGA-1-gPlexB1_s1,3_leaf
AAGACCTAGTACGCGA-1-gPlexB7_s1,AAGACCTAGTACGCGA-1-gPlexB7_s1,4_leaf
CAGCCGATCATTTGGG-1-gPlexB7_s1,CAGCCGATCATTTGGG-1-gPlexB7_s1,4_leaf
TACGGATGTAGAAAGG-1-gPlexB2_s1,TACGGATGTAGAAAGG-1-gPlexB2_s1,5_leaf
ACCAGTACACATTTCT-1-gPlexB7_s1,ACCAGTACACATTTCT-1-gPlexB7_s1,3_leaf
CTTTGCGTCACATAGC-1-gPlexB5_s1,CTTTGCGTCACATAGC-1-gPlexB5_s1,4_leaf
CCTTCGAAGGTAAACT-1-gPlexB4_s1,CCTTCGAAGGTAAACT-1-gPlexB4_s1,5_leaf
ACGCCGACAATCCGAT-1-gPlexB4_s1,ACGCCGACAATCCGAT-1-gPlexB4_s1,5_leaf
ATGAGGGGTAAACACA-1-gPlexB5_s1,ATGAGGGGTAAACACA-1-gPlexB5_s1,3_leaf
ACATACGCAATCACAC-1-gPlexB1_s1,ACATACGCAATCACAC-1-gPlexB1_s1,4_leaf
TAGGCATTCGGAAATA-1-gPlexB2_s1,TAGGCATTCGGAAATA-1-gPlexB2_s1,4_leaf
CAGGTGCTCCCAGGTG-1-gPlexB1_s1,CAGGTGCTCCCAGGTG-1-gPlexB1_s1,4_leaf
GCACATAGTTATGCGT-1-gPlexB6_s1,GCACATAGTTATGCGT-1-gPlexB6_s1,4_leaf
GTAACGTTCACGATGT-1-gPlexB2_s1,GTAACGTTCACGATGT-1-gPlexB2_s1,4_leaf
CACAGTACAACTGCTA-1-gPlexB3_s1,CACAGTACAACTGCTA-1-gPlexB3_s1,5_leaf
GCACATAGTAACGACG-1-gPlexB7_s1,GCACATAGTAACGACG-1-gPlexB7_s1,4_leaf
TTTGGTTAGCTACCGC-1-gPlexB7_s1,TTTGGTTAGCTACCGC-1-gPlexB7_s1,5_leaf
CAACCTCCACGAAACG-1-gPlexB6_s1,CAACCTCCACGAAACG-1-gPlexB6_s1,5_leaf
GCGCCAAAGAGCCCAA-1-gPlexB7_s1,GCGCCAAAGAGCCCAA-1-gPlexB7_s1,5_leaf
ATGGGAGCAAATCCGT-1-gPlexB4_s1,ATGGGAGCAAATCCGT-1-gPlexB4_s1,4_leaf
TCGAGGCTCAGGTAAA-1-gPlexB6_s1,TCGAGGCTCAGGTAAA-1-gPlexB6_s1,4_leaf
TGAGCATAGATGTTAG-1-gPlexB1_s1,TGAGCATAGATGTTAG-1-gPlexB1_s1,3_leaf
AGGGTGAAGCTAGTTC-1-gPlexB2_s1,AGGGTGAAGCTAGTTC-1-gPlexB2_s1,4_leaf
AACCATGGTCAACTGT-1-gPlexB5_s1,AACCATGGTCAACTGT-1-gPlexB5_s1,5_leaf
ACTGTCCAGATGTTAG-1-gPlexB7_s1,ACTGTCCAGATGTTAG-1-gPlexB7_s1,4_leaf
CTACACCAGTATCTCG-1-gPlexB3_s1,CTACACCAGTATCTCG-1-gPlexB3_s1,4_leaf
GCACTCTTCTTACCTA-1-gPlexB1_s1,GCACTCTTCTTACCTA-1-gPlexB1_s1,6_leaf
TACTCGCGTCTGGAGA-1-gPlexB3_s1,TACTCGCGTCTGGAGA-1-gPlexB3_s1,4_leaf
TCACAAGTCGTTGACA-1-gPlexB6_s1,TCACAAGTCGTTGACA-1-gPlexB6_s1,3_leaf
CAGCCGATCGCGTAGC-1-gPlexB7_s1,CAGCCGATCGCGTAGC-1-gPlexB7_s1,4_leaf
GCAGCCAGTAAGGATT-1-gPlexB2_s1,GCAGCCAGTAAGGATT-1-gPlexB2_s1,3_leaf
CAACTAGAGTCAATAG-1-gPlexB6_s1,CAACTAGAGTCAATAG-1-gPlexB6_s1,4_leaf
TATCAGGCAGGATCGA-1-gPlexB6_s1,TATCAGGCAGGATCGA-1-gPlexB6_s1,4_leaf
GGTGCGTGTTCCCGAG-1-gPlexB2_s1,GGTGCGTGTTCCCGAG-1-gPlexB2_s1,4_leaf
TCACGAATCTTAGAGC-1-gPlexB1_s1,TCACGAATCTTAGAGC-1-gPlexB1_s1,4_leaf
TCAGCTCGTTACAGAA-1-gPlexB1_s1,TCAGCTCGTTACAGAA-1-gPlexB1_s1,3_leaf
CCTTCCCAGTATTGGA-1-gPlexB3_s1,CCTTCCCAGTATTGGA-1-gPlexB3_s1,5_leaf
TAGACCACACGGACAA-1-gPlexB1_s1,TAGACCACACGGACAA-1-gPlexB1_s1,4_leaf
TCTCATAAGCGTCTAT-1-gPlexB7_s1,TCTCATAAGCGTCTAT-1-gPlexB7_s1,4_leaf
AACTCCCTCAGCTGGC-1-gPlexB6_s1,AACTCCCTCAGCTGGC-1-gPlexB6_s1,5_leaf
GCCTCTACACAGCGTC-1-gPlexB3_s1,GCCTCTACACAGCGTC-1-gPlexB3_s1,3_leaf
CTCGAGGGTCCAGTAT-1-gPlexB6_s1,CTCGAGGGTCCAGTAT-1-gPlexB6_s1,4_leaf
TCTCTAACAGACGCTC-1-gPlexB7_s1,TCTCTAACAGACGCTC-1-gPlexB7_s1,3_leaf
ACGCCAGAGTTGAGAT-1-gPlexB3_s1,ACGCCAGAGTTGAGAT-1-gPlexB3_s1,4_leaf
CGGACACCATACAGCT-1-gPlexB7_s1,CGGACACCATACAGCT-1-gPlexB7_s1,5_leaf
ACGGGTCGTTCGTCTC-1-gPlexB6_s1,ACGGGTCGTTCGTCTC-1-gPlexB6_s1,3_leaf
CGAGCCATCTGGCGTG-1-gPlexB4_s1,CGAGCCATCTGGCGTG-1-gPlexB4_s1,4_leaf
CCACCTAGTCTAACGT-1-gPlexB2_s1,CCACCTAGTCTAACGT-1-gPlexB2_s1,3_leaf
GTATTCTTCCATGAAC-1-gPlexB5_s1,GTATTCTTCCATGAAC-1-gPlexB5_s1,4_leaf
GTTCGGGGTCGGATCC-1-gPlexB6_s1,GTTCGGGGTCGGATCC-1-gPlexB6_s1,5_leaf
CAGCCGAAGAAGAAGC-1-gPlexB5_s1,CAGCCGAAGAAGAAGC-1-gPlexB5_s1,4_leaf
TCGCGAGTCGCGCCAA-1-gPlexB4_s1,TCGCGAGTCGCGCCAA-1-gPlexB4_s1,4_leaf
AACGTTGAGTCGAGTG-1-gPlexB6_s1,AACGTTGAGTCGAGTG-1-gPlexB6_s1,4_leaf
GTAACGTTCCTGCAGG-1-gPlexB1_s1,GTAACGTTCCTGCAGG-1-gPlexB1_s1,3_leaf
TTTGTCATCATTGCGA-1-gPlexB1_s1,TTTGTCATCATTGCGA-1-gPlexB1_s1,4_leaf
AAGGAGCTCCAAGCCG-1-gPlexB3_s1,AAGGAGCTCCAAGCCG-1-gPlexB3_s1,3_leaf
TAGCCGGAGATATGCA-1-gPlexB5_s1,TAGCCGGAGATATGCA-1-gPlexB5_s1,4_leaf
TTTGTCAGTATTCGTG-1-gPlexB3_s1,TTTGTCAGTATTCGTG-1-gPlexB3_s1,5_leaf
TCGGGACTCTTCATGT-1-gPlexB7_s1,TCGGGACTCTTCATGT-1-gPlexB7_s1,4_leaf
GAGGTGACAGGATTGG-1-gPlexB2_s1,GAGGTGACAGGATTGG-1-gPlexB2_s1,4_leaf
GACGCGTGTAATCGTC-1-gPlexB2_s1,GACGCGTGTAATCGTC-1-gPlexB2_s1,5_leaf
TGCACCTTCATGCATG-1-gPlexB4_s1,TGCACCTTCATGCATG-1-gPlexB4_s1,4_leaf
GGCAATTGTCCCGACA-1-gPlexB3_s1,GGCAATTGTCCCGACA-1-gPlexB3_s1,3_leaf
CATCCACTCAGAGGTG-1-gPlexB5_s1,CATCCACTCAGAGGTG-1-gPlexB5_s1,6_leaf
CTCGAGGCACACAGAG-1-gPlexB7_s1,CTCGAGGCACACAGAG-1-gPlexB7_s1,5_leaf
TGCTGCTCATCCGTGG-1-gPlexB2_s1,TGCTGCTCATCCGTGG-1-gPlexB2_s1,4_leaf
CCTCTGAAGTACGACG-1-gPlexB5_s1,CCTCTGAAGTACGACG-1-gPlexB5_s1,4_leaf
GGGCATCTCAAGGCTT-1-gPlexB1_s1,GGGCATCTCAAGGCTT-1-gPlexB1_s1,6_leaf
CTACATTTCTCCCTGA-1-gPlexB2_s1,CTACATTTCTCCCTGA-1-gPlexB2_s1,4_leaf
AGTGTCAAGTCTTGCA-1-gPlexB4_s1,AGTGTCAAGTCTTGCA-1-gPlexB4_s1,3_leaf
TCGTAGATCTCACATT-1-gPlexB5_s1,TCGTAGATCTCACATT-1-gPlexB5_s1,3_leaf
CTCAGAACACGCATCG-1-gPlexB2_s1,CTCAGAACACGCATCG-1-gPlexB2_s1,4_leaf
CACAGGCAGGAACTGC-1-gPlexB2_s1,CACAGGCAGGAACTGC-1-gPlexB2_s1,3_leaf
TTGAACGTCAGCGACC-1-gPlexB2_s1,TTGAACGTCAGCGACC-1-gPlexB2_s1,3_leaf
CGTCAGGTCTCATTCA-1-gPlexB7_s1,CGTCAGGTCTCATTCA-1-gPlexB7_s1,3_leaf
GCCAAATAGCACACAG-1-gPlexB7_s1,GCCAAATAGCACACAG-1-gPlexB7_s1,4_leaf
TACGGGCGTCAAAGAT-1-gPlexB4_s1,TACGGGCGTCAAAGAT-1-gPlexB4_s1,6_leaf
ATGGGAGCATCCGTGG-1-gPlexB6_s1,ATGGGAGCATCCGTGG-1-gPlexB6_s1,3_leaf
CTACACCCAGCTGCTG-1-gPlexB4_s1,CTACACCCAGCTGCTG-1-gPlexB4_s1,6_leaf
CGGGTCAAGAGCAATT-1-gPlexB3_s1,CGGGTCAAGAGCAATT-1-gPlexB3_s1,6_leaf
GACGTGCAGGTGTGGT-1-gPlexB6_s1,GACGTGCAGGTGTGGT-1-gPlexB6_s1,4_leaf
CAGCCGACAGTTCCCT-1-gPlexB7_s1,CAGCCGACAGTTCCCT-1-gPlexB7_s1,4_leaf
GTATTCTTCGCGTTTC-1-gPlexB6_s1,GTATTCTTCGCGTTTC-1-gPlexB6_s1,6_leaf
GTATTCTAGTCGATAA-1-gPlexB2_s1,GTATTCTAGTCGATAA-1-gPlexB2_s1,4_leaf
GACCAATAGTGGGATC-1-gPlexB5_s1,GACCAATAGTGGGATC-1-gPlexB5_s1,5_leaf
ATCCGAAGTAAGGGCT-1-gPlexB6_s1,ATCCGAAGTAAGGGCT-1-gPlexB6_s1,6_leaf
GAAATGAAGGCAATTA-1-gPlexB5_s1,GAAATGAAGGCAATTA-1-gPlexB5_s1,4_leaf
ACACCGGTCGCAAGCC-1-gPlexB2_s1,ACACCGGTCGCAAGCC-1-gPlexB2_s1,3_leaf
CATTCGCGTTAAGAAC-1-gPlexB7_s1,CATTCGCGTTAAGAAC-1-gPlexB7_s1,4_leaf
GTAGGCCTCATCACCC-1-gPlexB2_s1,GTAGGCCTCATCACCC-1-gPlexB2_s1,4_leaf
GTTCTCGGTTAAGACA-1-gPlexB6_s1,GTTCTCGGTTAAGACA-1-gPlexB6_s1,5_leaf
GTAACGTCATCGATGT-1-gPlexB2_s1,GTAACGTCATCGATGT-1-gPlexB2_s1,5_leaf
TTTACTGTCCAAACAC-1-gPlexB4_s1,TTTACTGTCCAAACAC-1-gPlexB4_s1,5_leaf
ACGAGCCAGCTACCTA-1-gPlexB7_s1,ACGAGCCAGCTACCTA-1-gPlexB7_s1,4_leaf
TAAGAGAGTTCCACAA-1-gPlexB2_s1,TAAGAGAGTTCCACAA-1-gPlexB2_s1,3_leaf
CTCGTACAGGACAGCT-1-gPlexB7_s1,CTCGTACAGGACAGCT-1-gPlexB7_s1,4_leaf
AAAGTAGAGGTGGGTT-1-gPlexB1_s1,AAAGTAGAGGTGGGTT-1-gPlexB1_s1,4_leaf
CTCTAATTCACTGGGC-1-gPlexB4_s1,CTCTAATTCACTGGGC-1-gPlexB4_s1,4_leaf
GCAGTTACAAGTCATC-1-gPlexB1_s1,GCAGTTACAAGTCATC-1-gPlexB1_s1,4_leaf
AGGTCCGAGGACCACA-1-gPlexB2_s1,AGGTCCGAGGACCACA-1-gPlexB2_s1,3_leaf
GACCTGGCAATCACAC-1-gPlexB6_s1,GACCTGGCAATCACAC-1-gPlexB6_s1,4_leaf
CAGCCGATCCACTGGG-1-gPlexB1_s1,CAGCCGATCCACTGGG-1-gPlexB1_s1,4_leaf
AACCGCGCATTTCAGG-1-gPlexB3_s1,AACCGCGCATTTCAGG-1-gPlexB3_s1,5_leaf
GCACATAAGGTGATAT-1-gPlexB3_s1,GCACATAAGGTGATAT-1-gPlexB3_s1,3_leaf
AGGGAGTTCATGGTCA-1-gPlexB5_s1,AGGGAGTTCATGGTCA-1-gPlexB5_s1,4_leaf
TCAGCTCCAGTCTTCC-1-gPlexB7_s1,TCAGCTCCAGTCTTCC-1-gPlexB7_s1,4_leaf
GTGCTTCGTATAAACG-1-gPlexB7_s1,GTGCTTCGTATAAACG-1-gPlexB7_s1,4_leaf
CATCAGATCCAGATCA-1-gPlexB5_s1,CATCAGATCCAGATCA-1-gPlexB5_s1,3_leaf
TTCTCCTAGACGCTTT-1-gPlexB5_s1,TTCTCCTAGACGCTTT-1-gPlexB5_s1,4_leaf
GTCAAGTGTTCCGTCT-1-gPlexB2_s1,GTCAAGTGTTCCGTCT-1-gPlexB2_s1,5_leaf
TGGCTGGTCATATCGG-1-gPlexB2_s1,TGGCTGGTCATATCGG-1-gPlexB2_s1,4_leaf
AACTGGTTCGCGTTTC-1-gPlexB6_s1,AACTGGTTCGCGTTTC-1-gPlexB6_s1,4_leaf
CATCGAATCTACCAGA-1-gPlexB5_s1,CATCGAATCTACCAGA-1-gPlexB5_s1,3_leaf
GGAACTTCATTGGCGC-1-gPlexB3_s1,GGAACTTCATTGGCGC-1-gPlexB3_s1,5_leaf
TGCTGCTGTGCATCTA-1-gPlexB5_s1,TGCTGCTGTGCATCTA-1-gPlexB5_s1,5_leaf
CATCAAGAGTATCGAA-1-gPlexB4_s1,CATCAAGAGTATCGAA-1-gPlexB4_s1,4_leaf
CGCTGGAGTAATCACC-1-gPlexB3_s1,CGCTGGAGTAATCACC-1-gPlexB3_s1,3_leaf
AGAGCTTAGGCGATAC-1-gPlexB4_s1,AGAGCTTAGGCGATAC-1-gPlexB4_s1,4_leaf
GGCTGGTCACCGGAAA-1-gPlexB6_s1,GGCTGGTCACCGGAAA-1-gPlexB6_s1,6_leaf
AGAGCGAAGCCTATGT-1-gPlexB4_s1,AGAGCGAAGCCTATGT-1-gPlexB4_s1,4_leaf
AACTTTCTCGTGACAT-1-gPlexB2_s1,AACTTTCTCGTGACAT-1-gPlexB2_s1,3_leaf
GTCTCGTGTTCTGTTT-1-gPlexB6_s1,GTCTCGTGTTCTGTTT-1-gPlexB6_s1,4_leaf
CATCAAGCAGACAAAT-1-gPlexB1_s1,CATCAAGCAGACAAAT-1-gPlexB1_s1,4_leaf
GTTAAGCTCTGATTCT-1-gPlexB5_s1,GTTAAGCTCTGATTCT-1-gPlexB5_s1,4_leaf
ACAGCTATCGGAGGTA-1-gPlexB7_s1,ACAGCTATCGGAGGTA-1-gPlexB7_s1,4_leaf
GTCACAAAGCTGATAA-1-gPlexB2_s1,GTCACAAAGCTGATAA-1-gPlexB2_s1,4_leaf
CACTCCACAAGCCGCT-1-gPlexB2_s1,CACTCCACAAGCCGCT-1-gPlexB2_s1,5_leaf
GTTCGGGAGTCGAGTG-1-gPlexB2_s1,GTTCGGGAGTCGAGTG-1-gPlexB2_s1,4_leaf
TAAGCGTTCAGTTAGC-1-gPlexB7_s1,TAAGCGTTCAGTTAGC-1-gPlexB7_s1,4_leaf
TCAGATGCACTGAAGG-1-gPlexB1_s1,TCAGATGCACTGAAGG-1-gPlexB1_s1,5_leaf
CAGTAACGTCAACATC-1-gPlexB3_s1,CAGTAACGTCAACATC-1-gPlexB3_s1,3_leaf
ACAGCCGGTGCCTGCA-1-gPlexB4_s1,ACAGCCGGTGCCTGCA-1-gPlexB4_s1,4_leaf
GTCACAACAAGAGTCG-1-gPlexB3_s1,GTCACAACAAGAGTCG-1-gPlexB3_s1,3_leaf
TCAGCTCAGGTCGGAT-1-gPlexB1_s1,TCAGCTCAGGTCGGAT-1-gPlexB1_s1,4_leaf
CTGATAGTCTTAGCCC-1-gPlexB4_s1,CTGATAGTCTTAGCCC-1-gPlexB4_s1,3_leaf
CAGAGAGCACCATGTA-1-gPlexB2_s1,CAGAGAGCACCATGTA-1-gPlexB2_s1,4_leaf
GTATCTTAGTATCTCG-1-gPlexB2_s1,GTATCTTAGTATCTCG-1-gPlexB2_s1,6_leaf
TCTCTAATCAAAGTAG-1-gPlexB2_s1,TCTCTAATCAAAGTAG-1-gPlexB2_s1,4_leaf
AGGCCGTGTCGTTGTA-1-gPlexB3_s1,AGGCCGTGTCGTTGTA-1-gPlexB3_s1,5_leaf
ACGGAGACAGACTCGC-1-gPlexB7_s1,ACGGAGACAGACTCGC-1-gPlexB7_s1,6_leaf
CCTTCGAGTCAACTGT-1-gPlexB1_s1,CCTTCGAGTCAACTGT-1-gPlexB1_s1,4_leaf
GGAAAGCCATCGGTTA-1-gPlexB3_s1,GGAAAGCCATCGGTTA-1-gPlexB3_s1,3_leaf
ACTTGTTAGGCTACGA-1-gPlexB3_s1,ACTTGTTAGGCTACGA-1-gPlexB3_s1,5_leaf
ACGATGTTCCCACTTG-1-gPlexB4_s1,ACGATGTTCCCACTTG-1-gPlexB4_s1,5_leaf
CACTCCACAGTGACAG-1-gPlexB6_s1,CACTCCACAGTGACAG-1-gPlexB6_s1,3_leaf
AGCTCTCGTCGCATAT-1-gPlexB6_s1,AGCTCTCGTCGCATAT-1-gPlexB6_s1,4_leaf
AGTTGGTAGAGTCGGT-1-gPlexB6_s1,AGTTGGTAGAGTCGGT-1-gPlexB6_s1,4_leaf
ACGGCCACACTGCCAG-1-gPlexB3_s1,ACGGCCACACTGCCAG-1-gPlexB3_s1,4_leaf
GCAATCAAGCCACGCT-1-gPlexB4_s1,GCAATCAAGCCACGCT-1-gPlexB4_s1,5_leaf
TCGGTAAGTGTAATGA-1-gPlexB4_s1,TCGGTAAGTGTAATGA-1-gPlexB4_s1,5_leaf
TTCTCAACATATGAGA-1-gPlexB4_s1,TTCTCAACATATGAGA-1-gPlexB4_s1,4_leaf
ACATGGTGTTTGACTG-1-gPlexB7_s1,ACATGGTGTTTGACTG-1-gPlexB7_s1,6_leaf
TTCTTAGTCAATCTCT-1-gPlexB6_s1,TTCTTAGTCAATCTCT-1-gPlexB6_s1,6_leaf
GTCGTAATCTACCAGA-1-gPlexB4_s1,GTCGTAATCTACCAGA-1-gPlexB4_s1,5_leaf
CTTAACTCATCGATGT-1-gPlexB5_s1,CTTAACTCATCGATGT-1-gPlexB5_s1,3_leaf
GCAGTTATCCTCATTA-1-gPlexB1_s1,GCAGTTATCCTCATTA-1-gPlexB1_s1,3_leaf
CCGGTAGTCATTCACT-1-gPlexB1_s1,CCGGTAGTCATTCACT-1-gPlexB1_s1,6_leaf
CACCACTCACGCATCG-1-gPlexB7_s1,CACCACTCACGCATCG-1-gPlexB7_s1,3_leaf
ACGGGTCAGCGTTCCG-1-gPlexB1_s1,ACGGGTCAGCGTTCCG-1-gPlexB1_s1,3_leaf
CCTACACGTCGGCACT-1-gPlexB5_s1,CCTACACGTCGGCACT-1-gPlexB5_s1,4_leaf
AATCGGTAGAGTGAGA-1-gPlexB1_s1,AATCGGTAGAGTGAGA-1-gPlexB1_s1,4_leaf
CGCGTTTGTCAGATAA-1-gPlexB3_s1,CGCGTTTGTCAGATAA-1-gPlexB3_s1,4_leaf
ATGGGAGCACCGAATT-1-gPlexB6_s1,ATGGGAGCACCGAATT-1-gPlexB6_s1,5_leaf
GAATAAGGTCGAACAG-1-gPlexB1_s1,GAATAAGGTCGAACAG-1-gPlexB1_s1,3_leaf
TAGGCATTCAGCATGT-1-gPlexB4_s1,TAGGCATTCAGCATGT-1-gPlexB4_s1,5_leaf
ACCTTTATCGTCTGAA-1-gPlexB1_s1,ACCTTTATCGTCTGAA-1-gPlexB1_s1,3_leaf
ACTTTCAGTCCGAACC-1-gPlexB7_s1,ACTTTCAGTCCGAACC-1-gPlexB7_s1,5_leaf
TGCGTGGCACGAAACG-1-gPlexB2_s1,TGCGTGGCACGAAACG-1-gPlexB2_s1,3_leaf
GTACTCCCACGCCAGT-1-gPlexB6_s1,GTACTCCCACGCCAGT-1-gPlexB6_s1,3_leaf
ACTTGTTAGCGTTTAC-1-gPlexB2_s1,ACTTGTTAGCGTTTAC-1-gPlexB2_s1,6_leaf
AAAGCAAAGTGAATTG-1-gPlexB7_s1,AAAGCAAAGTGAATTG-1-gPlexB7_s1,5_leaf
AGATCTGAGACTGGGT-1-gPlexB2_s1,AGATCTGAGACTGGGT-1-gPlexB2_s1,5_leaf
TATTACCGTAAACGCG-1-gPlexB4_s1,TATTACCGTAAACGCG-1-gPlexB4_s1,4_leaf
GCATACATCAGGCAAG-1-gPlexB3_s1,GCATACATCAGGCAAG-1-gPlexB3_s1,4_leaf
CGTGAGCGTATGAATG-1-gPlexB3_s1,CGTGAGCGTATGAATG-1-gPlexB3_s1,4_leaf
CTCACACAGGGCATGT-1-gPlexB7_s1,CTCACACAGGGCATGT-1-gPlexB7_s1,5_leaf
CGTGTAATCTTGACGA-1-gPlexB1_s1,CGTGTAATCTTGACGA-1-gPlexB1_s1,5_leaf
CACAGGCTCTTCCTTC-1-gPlexB3_s1,CACAGGCTCTTCCTTC-1-gPlexB3_s1,4_leaf
ACGCCAGGTACAGACG-1-gPlexB5_s1,ACGCCAGGTACAGACG-1-gPlexB5_s1,5_leaf
ACGAGGAAGTAACCCT-1-gPlexB2_s1,ACGAGGAAGTAACCCT-1-gPlexB2_s1,5_leaf
CATCAAGGTCACACGC-1-gPlexB5_s1,CATCAAGGTCACACGC-1-gPlexB5_s1,5_leaf
CGTAGCGTCTTAACCT-1-gPlexB1_s1,CGTAGCGTCTTAACCT-1-gPlexB1_s1,4_leaf
AACTCAGAGCCCAGCT-1-gPlexB1_s1,AACTCAGAGCCCAGCT-1-gPlexB1_s1,4_leaf
AACTCCCGTTGCCTCT-1-gPlexB5_s1,AACTCCCGTTGCCTCT-1-gPlexB5_s1,4_leaf
ACACCGGGTTGGGACA-1-gPlexB3_s1,ACACCGGGTTGGGACA-1-gPlexB3_s1,4_leaf
CTACACCGTGTAAGTA-1-gPlexB7_s1,CTACACCGTGTAAGTA-1-gPlexB7_s1,6_leaf
CTCAGAAGTTGTGGCC-1-gPlexB7_s1,CTCAGAAGTTGTGGCC-1-gPlexB7_s1,3_leaf
GACTACACACATCTTT-1-gPlexB7_s1,GACTACACACATCTTT-1-gPlexB7_s1,3_leaf
GAAGCAGAGTCTCGGC-1-gPlexB4_s1,GAAGCAGAGTCTCGGC-1-gPlexB4_s1,5_leaf
ACCCACTTCTGATACG-1-gPlexB4_s1,ACCCACTTCTGATACG-1-gPlexB4_s1,3_leaf
AATCCAGCATGACGGA-1-gPlexB5_s1,AATCCAGCATGACGGA-1-gPlexB5_s1,4_leaf
TTAGGCACACGTTGGC-1-gPlexB1_s1,TTAGGCACACGTTGGC-1-gPlexB1_s1,3_leaf
TTCTTAGTCCTCCTAG-1-gPlexB7_s1,TTCTTAGTCCTCCTAG-1-gPlexB7_s1,4_leaf
CCTTCGAAGGACGAAA-1-gPlexB3_s1,CCTTCGAAGGACGAAA-1-gPlexB3_s1,4_leaf
TTAGGCAGTTCAGCGC-1-gPlexB2_s1,TTAGGCAGTTCAGCGC-1-gPlexB2_s1,3_leaf
CGTCCATAGCAGCGTA-1-gPlexB1_s1,CGTCCATAGCAGCGTA-1-gPlexB1_s1,4_leaf
TGTATTCTCACGAAGG-1-gPlexB4_s1,TGTATTCTCACGAAGG-1-gPlexB4_s1,3_leaf
CGCTGGAGTATAATGG-1-gPlexB4_s1,CGCTGGAGTATAATGG-1-gPlexB4_s1,4_leaf
AAAGTAGAGCTAAACA-1-gPlexB3_s1,AAAGTAGAGCTAAACA-1-gPlexB3_s1,4_leaf
CGAACATCAAGCGTAG-1-gPlexB6_s1,CGAACATCAAGCGTAG-1-gPlexB6_s1,5_leaf
TACGGGCCAGGATTGG-1-gPlexB6_s1,TACGGGCCAGGATTGG-1-gPlexB6_s1,4_leaf
TGCGGGTGTACTTCTT-1-gPlexB1_s1,TGCGGGTGTACTTCTT-1-gPlexB1_s1,4_leaf
TACACGAAGGAGTTTA-1-gPlexB5_s1,TACACGAAGGAGTTTA-1-gPlexB5_s1,5_leaf
GCGCAGTTCAAACGGG-1-gPlexB4_s1,GCGCAGTTCAAACGGG-1-gPlexB4_s1,5_leaf
ATCGAGTTCGAATGGG-1-gPlexB4_s1,ATCGAGTTCGAATGGG-1-gPlexB4_s1,5_leaf
GGACAAGAGATGTAAC-1-gPlexB4_s1,GGACAAGAGATGTAAC-1-gPlexB4_s1,4_leaf
ACGAGGAGTAAAGGAG-1-gPlexB5_s1,ACGAGGAGTAAAGGAG-1-gPlexB5_s1,6_leaf
CGAGAAGAGGACAGCT-1-gPlexB2_s1,CGAGAAGAGGACAGCT-1-gPlexB2_s1,4_leaf
TGGCCAGGTCATCGGC-1-gPlexB5_s1,TGGCCAGGTCATCGGC-1-gPlexB5_s1,6_leaf
CTCATTATCAAACAAG-1-gPlexB2_s1,CTCATTATCAAACAAG-1-gPlexB2_s1,5_leaf
GAAACTCAGCTGTCTA-1-gPlexB3_s1,GAAACTCAGCTGTCTA-1-gPlexB3_s1,5_leaf
CTCTAATTCTGCGACG-1-gPlexB4_s1,CTCTAATTCTGCGACG-1-gPlexB4_s1,3_leaf
TAGGCATAGGCTAGCA-1-gPlexB6_s1,TAGGCATAGGCTAGCA-1-gPlexB6_s1,4_leaf
TTTGGTTCATTACGAC-1-gPlexB2_s1,TTTGGTTCATTACGAC-1-gPlexB2_s1,4_leaf
CCTCTGAGTCGGCTCA-1-gPlexB4_s1,CCTCTGAGTCGGCTCA-1-gPlexB4_s1,4_leaf
AAAGCAAAGATCTGAA-1-gPlexB4_s1,AAAGCAAAGATCTGAA-1-gPlexB4_s1,3_leaf
CCGGGATAGACAAAGG-1-gPlexB3_s1,CCGGGATAGACAAAGG-1-gPlexB3_s1,4_leaf
CATCAGAAGACTCGGA-1-gPlexB1_s1,CATCAGAAGACTCGGA-1-gPlexB1_s1,3_leaf
GATTCAGAGACACTAA-1-gPlexB2_s1,GATTCAGAGACACTAA-1-gPlexB2_s1,3_leaf
CACAAACTCCACGCAG-1-gPlexB6_s1,CACAAACTCCACGCAG-1-gPlexB6_s1,4_leaf
AGGGATGTCCAATGGT-1-gPlexB6_s1,AGGGATGTCCAATGGT-1-gPlexB6_s1,4_leaf
TGCCAAAGTTCAGCGC-1-gPlexB4_s1,TGCCAAAGTTCAGCGC-1-gPlexB4_s1,5_leaf
GACGGCTGTGCTGTAT-1-gPlexB4_s1,GACGGCTGTGCTGTAT-1-gPlexB4_s1,4_leaf
ACGCCAGCACGGCCAT-1-gPlexB7_s1,ACGCCAGCACGGCCAT-1-gPlexB7_s1,5_leaf
CCTAAAGCAGGTGCCT-1-gPlexB5_s1,CCTAAAGCAGGTGCCT-1-gPlexB5_s1,5_leaf
GCGAGAAAGCTAACTC-1-gPlexB3_s1,GCGAGAAAGCTAACTC-1-gPlexB3_s1,4_leaf
GATGCTACAAGCTGAG-1-gPlexB6_s1,GATGCTACAAGCTGAG-1-gPlexB6_s1,5_leaf
CATATTCAGACGCAAC-1-gPlexB6_s1,CATATTCAGACGCAAC-1-gPlexB6_s1,4_leaf
TAAGAGAGTACCGTAT-1-gPlexB1_s1,TAAGAGAGTACCGTAT-1-gPlexB1_s1,3_leaf
GCTCCTAGTTCACCTC-1-gPlexB5_s1,GCTCCTAGTTCACCTC-1-gPlexB5_s1,4_leaf
TGACTAGCACCTCGTT-1-gPlexB7_s1,TGACTAGCACCTCGTT-1-gPlexB7_s1,6_leaf
CTCTAATTCTATCCTA-1-gPlexB3_s1,CTCTAATTCTATCCTA-1-gPlexB3_s1,4_leaf
CTAGTGAAGTTTGCGT-1-gPlexB3_s1,CTAGTGAAGTTTGCGT-1-gPlexB3_s1,4_leaf
TTTGCGCAGGATCGCA-1-gPlexB6_s1,TTTGCGCAGGATCGCA-1-gPlexB6_s1,4_leaf
CTCGAAACAGACGCTC-1-gPlexB7_s1,CTCGAAACAGACGCTC-1-gPlexB7_s1,4_leaf
GAACGGATCACCTTAT-1-gPlexB2_s1,GAACGGATCACCTTAT-1-gPlexB2_s1,5_leaf
CCGGTAGAGCTGAACG-1-gPlexB1_s1,CCGGTAGAGCTGAACG-1-gPlexB1_s1,5_leaf
TGAGAGGTCTACGAGT-1-gPlexB7_s1,TGAGAGGTCTACGAGT-1-gPlexB7_s1,4_leaf
GTGTGCGCACAACTGT-1-gPlexB7_s1,GTGTGCGCACAACTGT-1-gPlexB7_s1,3_leaf
GCTGCTTTCGTGGACC-1-gPlexB6_s1,GCTGCTTTCGTGGACC-1-gPlexB6_s1,4_leaf
AGCGTCGTCCGAACGC-1-gPlexB3_s1,AGCGTCGTCCGAACGC-1-gPlexB3_s1,4_leaf
TAAGCGTAGTCCATAC-1-gPlexB2_s1,TAAGCGTAGTCCATAC-1-gPlexB2_s1,3_leaf
GTTTCTAAGAAGATTC-1-gPlexB1_s1,GTTTCTAAGAAGATTC-1-gPlexB1_s1,4_leaf
CCAATCCAGACTAGGC-1-gPlexB4_s1,CCAATCCAGACTAGGC-1-gPlexB4_s1,4_leaf
CCCAGTTAGTTCGATC-1-gPlexB4_s1,CCCAGTTAGTTCGATC-1-gPlexB4_s1,3_leaf
CGTTGGGAGAGACTTA-1-gPlexB6_s1,CGTTGGGAGAGACTTA-1-gPlexB6_s1,3_leaf
CAGTAACCATTGGGCC-1-gPlexB3_s1,CAGTAACCATTGGGCC-1-gPlexB3_s1,4_leaf
TCTCATACAACTGCTA-1-gPlexB2_s1,TCTCATACAACTGCTA-1-gPlexB2_s1,4_leaf
AGTGTCACACACTGCG-1-gPlexB6_s1,AGTGTCACACACTGCG-1-gPlexB6_s1,4_leaf
ACGAGCCGTGCTAGCC-1-gPlexB3_s1,ACGAGCCGTGCTAGCC-1-gPlexB3_s1,4_leaf
GGGTCTGGTTGTCGCG-1-gPlexB6_s1,GGGTCTGGTTGTCGCG-1-gPlexB6_s1,5_leaf
CAGCCGACAGCATACT-1-gPlexB6_s1,CAGCCGACAGCATACT-1-gPlexB6_s1,3_leaf
TCGGGACGTCACACGC-1-gPlexB2_s1,TCGGGACGTCACACGC-1-gPlexB2_s1,3_leaf
GTACTCCAGTTAGCGG-1-gPlexB7_s1,GTACTCCAGTTAGCGG-1-gPlexB7_s1,4_leaf
GTTACAGTCCGCGTTT-1-gPlexB4_s1,GTTACAGTCCGCGTTT-1-gPlexB4_s1,4_leaf
GTTCGGGCAGTATAAG-1-gPlexB3_s1,GTTCGGGCAGTATAAG-1-gPlexB3_s1,4_leaf
TAGGCATCAATGTAAG-1-gPlexB5_s1,TAGGCATCAATGTAAG-1-gPlexB5_s1,4_leaf
ACCAGTACATCCGCGA-1-gPlexB3_s1,ACCAGTACATCCGCGA-1-gPlexB3_s1,4_leaf
GTCACGGTCAAAGTAG-1-gPlexB7_s1,GTCACGGTCAAAGTAG-1-gPlexB7_s1,4_leaf
CGGTTAACACAGAGGT-1-gPlexB7_s1,CGGTTAACACAGAGGT-1-gPlexB7_s1,6_leaf
AGTTGGTAGGCGCTCT-1-gPlexB4_s1,AGTTGGTAGGCGCTCT-1-gPlexB4_s1,4_leaf
ACGGGTCTCATACGGT-1-gPlexB3_s1,ACGGGTCTCATACGGT-1-gPlexB3_s1,5_leaf
CAGCGACCAGCGTAAG-1-gPlexB4_s1,CAGCGACCAGCGTAAG-1-gPlexB4_s1,4_leaf
CTTGGCTTCTGTCTCG-1-gPlexB7_s1,CTTGGCTTCTGTCTCG-1-gPlexB7_s1,4_leaf
AAGCCGCGTAGCGTGA-1-gPlexB4_s1,AAGCCGCGTAGCGTGA-1-gPlexB4_s1,4_leaf
ACATCAGCAGCCTGTG-1-gPlexB7_s1,ACATCAGCAGCCTGTG-1-gPlexB7_s1,4_leaf
AGGGATGAGATCGGGT-1-gPlexB5_s1,AGGGATGAGATCGGGT-1-gPlexB5_s1,4_leaf
CTCCTAGGTGACGCCT-1-gPlexB2_s1,CTCCTAGGTGACGCCT-1-gPlexB2_s1,5_leaf
AAGGTTCAGTGCGTGA-1-gPlexB2_s1,AAGGTTCAGTGCGTGA-1-gPlexB2_s1,5_leaf
TCAGCAACATGACATC-1-gPlexB7_s1,TCAGCAACATGACATC-1-gPlexB7_s1,3_leaf
TCAGGATGTTGTCTTT-1-gPlexB5_s1,TCAGGATGTTGTCTTT-1-gPlexB5_s1,4_leaf
CCCAATCTCTGCCCTA-1-gPlexB6_s1,CCCAATCTCTGCCCTA-1-gPlexB6_s1,3_leaf
GACTGCGTCATTGCCC-1-gPlexB6_s1,GACTGCGTCATTGCCC-1-gPlexB6_s1,3_leaf
AACTCAGCATGCAACT-1-gPlexB7_s1,AACTCAGCATGCAACT-1-gPlexB7_s1,4_leaf
GGGTTGCCAGACTCGC-1-gPlexB4_s1,GGGTTGCCAGACTCGC-1-gPlexB4_s1,4_leaf
ACTATCTCAGAGTGTG-1-gPlexB6_s1,ACTATCTCAGAGTGTG-1-gPlexB6_s1,5_leaf
AGTTGGTTCGTGACAT-1-gPlexB6_s1,AGTTGGTTCGTGACAT-1-gPlexB6_s1,4_leaf
GTAGGCCGTCCTCTTG-1-gPlexB2_s1,GTAGGCCGTCCTCTTG-1-gPlexB2_s1,4_leaf
CTCGTACCAAGACACG-1-gPlexB1_s1,CTCGTACCAAGACACG-1-gPlexB1_s1,5_leaf
CATCGAACATCTATGG-1-gPlexB3_s1,CATCGAACATCTATGG-1-gPlexB3_s1,3_leaf
TTCTTAGGTGGTCCGT-1-gPlexB3_s1,TTCTTAGGTGGTCCGT-1-gPlexB3_s1,4_leaf
CAAGAAAGTGCTAGCC-1-gPlexB3_s1,CAAGAAAGTGCTAGCC-1-gPlexB3_s1,3_leaf
ACCTTTAAGCATCATC-1-gPlexB1_s1,ACCTTTAAGCATCATC-1-gPlexB1_s1,4_leaf
AAAGATGTCTAGCACA-1-gPlexB2_s1,AAAGATGTCTAGCACA-1-gPlexB2_s1,4_leaf
GCATGTAGTTAAAGTG-1-gPlexB7_s1,GCATGTAGTTAAAGTG-1-gPlexB7_s1,4_leaf
CTTGGCTTCTGCTGTC-1-gPlexB1_s1,CTTGGCTTCTGCTGTC-1-gPlexB1_s1,4_leaf
TGGCTGGGTACATGTC-1-gPlexB7_s1,TGGCTGGGTACATGTC-1-gPlexB7_s1,4_leaf
ACGAGCCCAATGGAGC-1-gPlexB1_s1,ACGAGCCCAATGGAGC-1-gPlexB1_s1,3_leaf
CACATTTGTATATGAG-1-gPlexB5_s1,CACATTTGTATATGAG-1-gPlexB5_s1,6_leaf
GTAACGTGTGTTTGTG-1-gPlexB3_s1,GTAACGTGTGTTTGTG-1-gPlexB3_s1,5_leaf
GATTCAGGTGCACTTA-1-gPlexB5_s1,GATTCAGGTGCACTTA-1-gPlexB5_s1,4_leaf
CACCTTGTCCCAGGTG-1-gPlexB3_s1,CACCTTGTCCCAGGTG-1-gPlexB3_s1,6_leaf
GGCGACTGTAGTACCT-1-gPlexB4_s1,GGCGACTGTAGTACCT-1-gPlexB4_s1,5_leaf
CGTAGCGTCGACGGAA-1-gPlexB7_s1,CGTAGCGTCGACGGAA-1-gPlexB7_s1,6_leaf
TCGTACCCATGTAGTC-1-gPlexB5_s1,TCGTACCCATGTAGTC-1-gPlexB5_s1,4_leaf
GAAGCAGTCTATGTGG-1-gPlexB7_s1,GAAGCAGTCTATGTGG-1-gPlexB7_s1,4_leaf
TTCTCAAAGTCTTGCA-1-gPlexB5_s1,TTCTCAAAGTCTTGCA-1-gPlexB5_s1,3_leaf
GGTATTGGTAGCGCTC-1-gPlexB5_s1,GGTATTGGTAGCGCTC-1-gPlexB5_s1,6_leaf
AGAGCGAGTAATCGTC-1-gPlexB5_s1,AGAGCGAGTAATCGTC-1-gPlexB5_s1,5_leaf
GGACATTTCAGTTAGC-1-gPlexB5_s1,GGACATTTCAGTTAGC-1-gPlexB5_s1,5_leaf
TATCAGGTCCCTTGTG-1-gPlexB7_s1,TATCAGGTCCCTTGTG-1-gPlexB7_s1,3_leaf
CTGCCTAAGATCGGGT-1-gPlexB4_s1,CTGCCTAAGATCGGGT-1-gPlexB4_s1,4_leaf
TCTTTCCGTTGCGTTA-1-gPlexB2_s1,TCTTTCCGTTGCGTTA-1-gPlexB2_s1,5_leaf
TCAACGAGTACCGTTA-1-gPlexB3_s1,TCAACGAGTACCGTTA-1-gPlexB3_s1,4_leaf
TCCACACAGTGTGGCA-1-gPlexB2_s1,TCCACACAGTGTGGCA-1-gPlexB2_s1,5_leaf
TGGCGCATCTTCAACT-1-gPlexB3_s1,TGGCGCATCTTCAACT-1-gPlexB3_s1,4_leaf
TATGCCCTCAGTTAGC-1-gPlexB5_s1,TATGCCCTCAGTTAGC-1-gPlexB5_s1,5_leaf
CTAGAGTTCCTGTAGA-1-gPlexB2_s1,CTAGAGTTCCTGTAGA-1-gPlexB2_s1,3_leaf
TGGTTCCCACGCGAAA-1-gPlexB1_s1,TGGTTCCCACGCGAAA-1-gPlexB1_s1,4_leaf
CAGTAACTCCGCAAGC-1-gPlexB1_s1,CAGTAACTCCGCAAGC-1-gPlexB1_s1,4_leaf
CTGAAGTCAGTAGAGC-1-gPlexB5_s1,CTGAAGTCAGTAGAGC-1-gPlexB5_s1,5_leaf
ATGAGGGCAGAAGCAC-1-gPlexB2_s1,ATGAGGGCAGAAGCAC-1-gPlexB2_s1,4_leaf
GCCAAATGTCTAACGT-1-gPlexB3_s1,GCCAAATGTCTAACGT-1-gPlexB3_s1,3_leaf
CTGCGGATCAAGGCTT-1-gPlexB5_s1,CTGCGGATCAAGGCTT-1-gPlexB5_s1,4_leaf
GAAATGATCGTACGGC-1-gPlexB1_s1,GAAATGATCGTACGGC-1-gPlexB1_s1,4_leaf
GAATAAGGTAACGTTC-1-gPlexB3_s1,GAATAAGGTAACGTTC-1-gPlexB3_s1,3_leaf
CGCTTCAGTCACAAGG-1-gPlexB7_s1,CGCTTCAGTCACAAGG-1-gPlexB7_s1,4_leaf
ATTACTCTCCTGCAGG-1-gPlexB2_s1,ATTACTCTCCTGCAGG-1-gPlexB2_s1,4_leaf
TTAGGCAAGGGAAACA-1-gPlexB2_s1,TTAGGCAAGGGAAACA-1-gPlexB2_s1,3_leaf
TGGTTAGGTCAAACTC-1-gPlexB2_s1,TGGTTAGGTCAAACTC-1-gPlexB2_s1,5_leaf
AGCGTATGTTATTCTC-1-gPlexB3_s1,AGCGTATGTTATTCTC-1-gPlexB3_s1,3_leaf
CTGATCCGTAAGGGAA-1-gPlexB1_s1,CTGATCCGTAAGGGAA-1-gPlexB1_s1,4_leaf
GCAATCAGTATAATGG-1-gPlexB4_s1,GCAATCAGTATAATGG-1-gPlexB4_s1,4_leaf
CTGCCTACAGGTCGTC-1-gPlexB4_s1,CTGCCTACAGGTCGTC-1-gPlexB4_s1,3_leaf
GATCAGTTCCCTAATT-1-gPlexB2_s1,GATCAGTTCCCTAATT-1-gPlexB2_s1,5_leaf
GATCGCGTCCCAACGG-1-gPlexB6_s1,GATCGCGTCCCAACGG-1-gPlexB6_s1,6_leaf
GGTGTTAAGTGTCTCA-1-gPlexB1_s1,GGTGTTAAGTGTCTCA-1-gPlexB1_s1,5_leaf
TGACTTTCAATGGAAT-1-gPlexB4_s1,TGACTTTCAATGGAAT-1-gPlexB4_s1,5_leaf
AAGTCTGAGGCTAGGT-1-gPlexB7_s1,AAGTCTGAGGCTAGGT-1-gPlexB7_s1,4_leaf
CCCAGTTAGCGTTTAC-1-gPlexB4_s1,CCCAGTTAGCGTTTAC-1-gPlexB4_s1,4_leaf
CGAACATGTCTTGATG-1-gPlexB3_s1,CGAACATGTCTTGATG-1-gPlexB3_s1,4_leaf
GCTGCAGGTTGCTCCT-1-gPlexB6_s1,GCTGCAGGTTGCTCCT-1-gPlexB6_s1,4_leaf
TTATGCTCATGAGCGA-1-gPlexB4_s1,TTATGCTCATGAGCGA-1-gPlexB4_s1,5_leaf
CTCCTAGGTACAGACG-1-gPlexB2_s1,CTCCTAGGTACAGACG-1-gPlexB2_s1,4_leaf
CAGTAACGTAAGTGTA-1-gPlexB4_s1,CAGTAACGTAAGTGTA-1-gPlexB4_s1,5_leaf
TACAGTGTCGTGGGAA-1-gPlexB6_s1,TACAGTGTCGTGGGAA-1-gPlexB6_s1,5_leaf
GGAACTTGTGCGGTAA-1-gPlexB6_s1,GGAACTTGTGCGGTAA-1-gPlexB6_s1,3_leaf
TCACGAAGTTATCACG-1-gPlexB1_s1,TCACGAAGTTATCACG-1-gPlexB1_s1,4_leaf
GTCGTAAAGATCTGCT-1-gPlexB4_s1,GTCGTAAAGATCTGCT-1-gPlexB4_s1,3_leaf
TGGTTCCAGTATGACA-1-gPlexB2_s1,TGGTTCCAGTATGACA-1-gPlexB2_s1,5_leaf
GGATGTTGTACTTCTT-1-gPlexB1_s1,GGATGTTGTACTTCTT-1-gPlexB1_s1,3_leaf
CAGTCCTAGTTGCAGG-1-gPlexB5_s1,CAGTCCTAGTTGCAGG-1-gPlexB5_s1,4_leaf
ATGGGAGAGGGCACTA-1-gPlexB4_s1,ATGGGAGAGGGCACTA-1-gPlexB4_s1,4_leaf
AACTCTTCAGAGCCAA-1-gPlexB3_s1,AACTCTTCAGAGCCAA-1-gPlexB3_s1,4_leaf
CATCAAGAGAAGGACA-1-gPlexB2_s1,CATCAAGAGAAGGACA-1-gPlexB2_s1,4_leaf
AGTGTCATCTTGGGTA-1-gPlexB3_s1,AGTGTCATCTTGGGTA-1-gPlexB3_s1,5_leaf
CATCAGAAGTGATCGG-1-gPlexB2_s1,CATCAGAAGTGATCGG-1-gPlexB2_s1,5_leaf
TCTTTCCTCTGGTATG-1-gPlexB1_s1,TCTTTCCTCTGGTATG-1-gPlexB1_s1,4_leaf
CAAGATCGTCGGCACT-1-gPlexB1_s1,CAAGATCGTCGGCACT-1-gPlexB1_s1,3_leaf
CCCATACAGAGCTATA-1-gPlexB6_s1,CCCATACAGAGCTATA-1-gPlexB6_s1,6_leaf
GACGGCTGTTACGCGC-1-gPlexB4_s1,GACGGCTGTTACGCGC-1-gPlexB4_s1,4_leaf
CTGAAGTCAGCCTTGG-1-gPlexB1_s1,CTGAAGTCAGCCTTGG-1-gPlexB1_s1,4_leaf
CAGCCGACACCAGATT-1-gPlexB6_s1,CAGCCGACACCAGATT-1-gPlexB6_s1,4_leaf
GTGAAGGCAAGCCCAC-1-gPlexB1_s1,GTGAAGGCAAGCCCAC-1-gPlexB1_s1,4_leaf
CACAGGCGTCAACTGT-1-gPlexB2_s1,CACAGGCGTCAACTGT-1-gPlexB2_s1,5_leaf
CGCGGTACATCAGTAC-1-gPlexB2_s1,CGCGGTACATCAGTAC-1-gPlexB2_s1,3_leaf
CACCTTGGTGGTACAG-1-gPlexB4_s1,CACCTTGGTGGTACAG-1-gPlexB4_s1,4_leaf
TGACTAGGTCGAAAGC-1-gPlexB2_s1,TGACTAGGTCGAAAGC-1-gPlexB2_s1,4_leaf
ACACCAACACGAGGTA-1-gPlexB3_s1,ACACCAACACGAGGTA-1-gPlexB3_s1,4_leaf
TGACGGCTCACCGTAA-1-gPlexB1_s1,TGACGGCTCACCGTAA-1-gPlexB1_s1,4_leaf
TAGAGCTGTCGCTTTC-1-gPlexB7_s1,TAGAGCTGTCGCTTTC-1-gPlexB7_s1,5_leaf
CTACACCGTCACTTCC-1-gPlexB4_s1,CTACACCGTCACTTCC-1-gPlexB4_s1,6_leaf
TCGTACCGTCCAAGTT-1-gPlexB3_s1,TCGTACCGTCCAAGTT-1-gPlexB3_s1,4_leaf
CGCGGTAGTTTGACTG-1-gPlexB7_s1,CGCGGTAGTTTGACTG-1-gPlexB7_s1,4_leaf
CGAACATGTCTGCAAT-1-gPlexB1_s1,CGAACATGTCTGCAAT-1-gPlexB1_s1,4_leaf
AGCGTCGAGAGAACAG-1-gPlexB2_s1,AGCGTCGAGAGAACAG-1-gPlexB2_s1,5_leaf
ACACCCTCAAGGTTTC-1-gPlexB1_s1,ACACCCTCAAGGTTTC-1-gPlexB1_s1,5_leaf
GACACGCAGACAATAC-1-gPlexB3_s1,GACACGCAGACAATAC-1-gPlexB3_s1,3_leaf
AGGCCACTCATTGCGA-1-gPlexB5_s1,AGGCCACTCATTGCGA-1-gPlexB5_s1,4_leaf
TCAGATGGTGATAAGT-1-gPlexB2_s1,TCAGATGGTGATAAGT-1-gPlexB2_s1,4_leaf
GTCCTCACACAAGTAA-1-gPlexB4_s1,GTCCTCACACAAGTAA-1-gPlexB4_s1,3_leaf
CGTAGGCTCACTGGGC-1-gPlexB4_s1,CGTAGGCTCACTGGGC-1-gPlexB4_s1,6_leaf
GCTGCAGCATCTCCCA-1-gPlexB2_s1,GCTGCAGCATCTCCCA-1-gPlexB2_s1,4_leaf
GTGGGTCCATTAGGCT-1-gPlexB7_s1,GTGGGTCCATTAGGCT-1-gPlexB7_s1,4_leaf
GGGATGATCGAATCCA-1-gPlexB3_s1,GGGATGATCGAATCCA-1-gPlexB3_s1,4_leaf
GCGACCATCCTGCTTG-1-gPlexB2_s1,GCGACCATCCTGCTTG-1-gPlexB2_s1,5_leaf
CAGAGAGCAGCCACCA-1-gPlexB3_s1,CAGAGAGCAGCCACCA-1-gPlexB3_s1,4_leaf
CTCGTACGTTCGGCAC-1-gPlexB1_s1,CTCGTACGTTCGGCAC-1-gPlexB1_s1,6_leaf
CTTACCGAGGCGTACA-1-gPlexB2_s1,CTTACCGAGGCGTACA-1-gPlexB2_s1,5_leaf
ATGAGGGGTTCCCTTG-1-gPlexB4_s1,ATGAGGGGTTCCCTTG-1-gPlexB4_s1,3_leaf
AGTCTTTTCTGCCCTA-1-gPlexB1_s1,AGTCTTTTCTGCCCTA-1-gPlexB1_s1,4_leaf
ATAACGCCATTCGACA-1-gPlexB7_s1,ATAACGCCATTCGACA-1-gPlexB7_s1,3_leaf
CTAACTTTCCAAAGTC-1-gPlexB2_s1,CTAACTTTCCAAAGTC-1-gPlexB2_s1,4_leaf
ACGGGCTAGCATCATC-1-gPlexB2_s1,ACGGGCTAGCATCATC-1-gPlexB2_s1,4_leaf
ATGCGATGTCTTCAAG-1-gPlexB3_s1,ATGCGATGTCTTCAAG-1-gPlexB3_s1,4_leaf
TCTTTCCGTTGCTCCT-1-gPlexB1_s1,TCTTTCCGTTGCTCCT-1-gPlexB1_s1,6_leaf
CTGATCCGTTAAGGGC-1-gPlexB1_s1,CTGATCCGTTAAGGGC-1-gPlexB1_s1,4_leaf
GTACTCCAGGCGCTCT-1-gPlexB7_s1,GTACTCCAGGCGCTCT-1-gPlexB7_s1,5_leaf
CGAGAAGAGTACCGGA-1-gPlexB4_s1,CGAGAAGAGTACCGGA-1-gPlexB4_s1,4_leaf
GTGCGGTCAGGACCCT-1-gPlexB3_s1,GTGCGGTCAGGACCCT-1-gPlexB3_s1,4_leaf
CTGGTCTAGTAGCCGA-1-gPlexB3_s1,CTGGTCTAGTAGCCGA-1-gPlexB3_s1,5_leaf
GATCAGTCAGGAATGC-1-gPlexB7_s1,GATCAGTCAGGAATGC-1-gPlexB7_s1,3_leaf
TCGGTAACACTGTCGG-1-gPlexB1_s1,TCGGTAACACTGTCGG-1-gPlexB1_s1,4_leaf
CGCCAAGCACATGGGA-1-gPlexB5_s1,CGCCAAGCACATGGGA-1-gPlexB5_s1,6_leaf
GTAGTCATCCGCGTTT-1-gPlexB7_s1,GTAGTCATCCGCGTTT-1-gPlexB7_s1,4_leaf
CTCTACGAGCTAAGAT-1-gPlexB6_s1,CTCTACGAGCTAAGAT-1-gPlexB6_s1,4_leaf
ACAGCCGAGCTTCGCG-1-gPlexB4_s1,ACAGCCGAGCTTCGCG-1-gPlexB4_s1,4_leaf
TACGGGCAGGCTAGAC-1-gPlexB6_s1,TACGGGCAGGCTAGAC-1-gPlexB6_s1,4_leaf
CACTCCACAGGTGCCT-1-gPlexB5_s1,CACTCCACAGGTGCCT-1-gPlexB5_s1,3_leaf
CTGATCCCAATCCGAT-1-gPlexB2_s1,CTGATCCCAATCCGAT-1-gPlexB2_s1,4_leaf
TTCTACATCGAATGGG-1-gPlexB7_s1,TTCTACATCGAATGGG-1-gPlexB7_s1,4_leaf
CGATGTATCACATGCA-1-gPlexB2_s1,CGATGTATCACATGCA-1-gPlexB2_s1,6_leaf
AGTCTTTTCAGCAACT-1-gPlexB4_s1,AGTCTTTTCAGCAACT-1-gPlexB4_s1,4_leaf
TTGTAGGGTGACTACT-1-gPlexB1_s1,TTGTAGGGTGACTACT-1-gPlexB1_s1,4_leaf
TGTTCCGTCAAGAAGT-1-gPlexB4_s1,TGTTCCGTCAAGAAGT-1-gPlexB4_s1,5_leaf
TATCTCAAGACTCGGA-1-gPlexB3_s1,TATCTCAAGACTCGGA-1-gPlexB3_s1,4_leaf
AAAGATGGTTCCACTC-1-gPlexB1_s1,AAAGATGGTTCCACTC-1-gPlexB1_s1,3_leaf
AACTCAGGTGATGATA-1-gPlexB2_s1,AACTCAGGTGATGATA-1-gPlexB2_s1,4_leaf
TACCTTAAGCCCAATT-1-gPlexB6_s1,TACCTTAAGCCCAATT-1-gPlexB6_s1,4_leaf
ATTTCTGTCTAACGGT-1-gPlexB4_s1,ATTTCTGTCTAACGGT-1-gPlexB4_s1,4_leaf
GCAAACTAGGAGTACC-1-gPlexB1_s1,GCAAACTAGGAGTACC-1-gPlexB1_s1,4_leaf
TCGGGACCAGCTGTAT-1-gPlexB1_s1,TCGGGACCAGCTGTAT-1-gPlexB1_s1,5_leaf
ACGGCCAGTTGGGACA-1-gPlexB4_s1,ACGGCCAGTTGGGACA-1-gPlexB4_s1,4_leaf
ACTGAGTTCGCCATAA-1-gPlexB1_s1,ACTGAGTTCGCCATAA-1-gPlexB1_s1,5_leaf
TGGGCGTCATTGGTAC-1-gPlexB2_s1,TGGGCGTCATTGGTAC-1-gPlexB2_s1,3_leaf
CACACCTAGACAGAGA-1-gPlexB5_s1,CACACCTAGACAGAGA-1-gPlexB5_s1,4_leaf
ACGAGGAAGTGCTGCC-1-gPlexB4_s1,ACGAGGAAGTGCTGCC-1-gPlexB4_s1,5_leaf
CGGACTGGTCCGACGT-1-gPlexB7_s1,CGGACTGGTCCGACGT-1-gPlexB7_s1,6_leaf
CCGTGGAGTCGCATCG-1-gPlexB4_s1,CCGTGGAGTCGCATCG-1-gPlexB4_s1,4_leaf
GTGGGTCGTATGCTTG-1-gPlexB6_s1,GTGGGTCGTATGCTTG-1-gPlexB6_s1,4_leaf
AGCGGTCTCAGTGCAT-1-gPlexB7_s1,AGCGGTCTCAGTGCAT-1-gPlexB7_s1,5_leaf
ACGGGTCCAGACACTT-1-gPlexB6_s1,ACGGGTCCAGACACTT-1-gPlexB6_s1,4_leaf
CGATTGAAGGTGCAAC-1-gPlexB5_s1,CGATTGAAGGTGCAAC-1-gPlexB5_s1,5_leaf
GTGCAGCAGGGATCTG-1-gPlexB6_s1,GTGCAGCAGGGATCTG-1-gPlexB6_s1,5_leaf
TACGGATCAAACAACA-1-gPlexB2_s1,TACGGATCAAACAACA-1-gPlexB2_s1,4_leaf
GTGCATATCCAACCAA-1-gPlexB5_s1,GTGCATATCCAACCAA-1-gPlexB5_s1,4_leaf
TTCGAAGCATCCCATC-1-gPlexB1_s1,TTCGAAGCATCCCATC-1-gPlexB1_s1,3_leaf
AGAGCGAAGTACGTAA-1-gPlexB3_s1,AGAGCGAAGTACGTAA-1-gPlexB3_s1,3_leaf
CGAGCACTCAGTACGT-1-gPlexB2_s1,CGAGCACTCAGTACGT-1-gPlexB2_s1,4_leaf
CGGAGTCTCTTAGCCC-1-gPlexB3_s1,CGGAGTCTCTTAGCCC-1-gPlexB3_s1,5_leaf
AGAGCGAAGTGAAGAG-1-gPlexB3_s1,AGAGCGAAGTGAAGAG-1-gPlexB3_s1,4_leaf
TCATTTGGTCGAAAGC-1-gPlexB6_s1,TCATTTGGTCGAAAGC-1-gPlexB6_s1,4_leaf
TAGTGGTAGATCTGCT-1-gPlexB7_s1,TAGTGGTAGATCTGCT-1-gPlexB7_s1,3_leaf
CCGTACTTCGGTGTTA-1-gPlexB4_s1,CCGTACTTCGGTGTTA-1-gPlexB4_s1,4_leaf
TCTTTCCAGATAGCAT-1-gPlexB3_s1,TCTTTCCAGATAGCAT-1-gPlexB3_s1,4_leaf
TGCCCTATCGGTTCGG-1-gPlexB1_s1,TGCCCTATCGGTTCGG-1-gPlexB1_s1,4_leaf
CTAGTGATCATATCGG-1-gPlexB5_s1,CTAGTGATCATATCGG-1-gPlexB5_s1,5_leaf
GACTAACAGCCTCGTG-1-gPlexB2_s1,GACTAACAGCCTCGTG-1-gPlexB2_s1,3_leaf
GTCGGGTAGTGGGATC-1-gPlexB4_s1,GTCGGGTAGTGGGATC-1-gPlexB4_s1,6_leaf
CGTTAGAGTGAGGGAG-1-gPlexB5_s1,CGTTAGAGTGAGGGAG-1-gPlexB5_s1,3_leaf
GGACATTCAGGTCGTC-1-gPlexB1_s1,GGACATTCAGGTCGTC-1-gPlexB1_s1,4_leaf
CACACCTTCGCCGTGA-1-gPlexB1_s1,CACACCTTCGCCGTGA-1-gPlexB1_s1,4_leaf
CACATTTTCAGCAACT-1-gPlexB6_s1,CACATTTTCAGCAACT-1-gPlexB6_s1,3_leaf
CAGCGACTCTCCAGGG-1-gPlexB5_s1,CAGCGACTCTCCAGGG-1-gPlexB5_s1,4_leaf
TGAGCATTCCCTTGCA-1-gPlexB7_s1,TGAGCATTCCCTTGCA-1-gPlexB7_s1,3_leaf
TCGGGACAGGCAGTCA-1-gPlexB6_s1,TCGGGACAGGCAGTCA-1-gPlexB6_s1,6_leaf
ATCCGAAAGCAGCGTA-1-gPlexB4_s1,ATCCGAAAGCAGCGTA-1-gPlexB4_s1,3_leaf
CGGACGTAGTGTTTGC-1-gPlexB2_s1,CGGACGTAGTGTTTGC-1-gPlexB2_s1,4_leaf
ACCTTTATCTCGATGA-1-gPlexB4_s1,ACCTTTATCTCGATGA-1-gPlexB4_s1,4_leaf
ACATCAGCATTTCACT-1-gPlexB7_s1,ACATCAGCATTTCACT-1-gPlexB7_s1,4_leaf
AGCGTATTCAAGCCTA-1-gPlexB2_s1,AGCGTATTCAAGCCTA-1-gPlexB2_s1,3_leaf
AGGCCGTTCTGGTATG-1-gPlexB4_s1,AGGCCGTTCTGGTATG-1-gPlexB4_s1,4_leaf
CACAGGCTCTCGCATC-1-gPlexB1_s1,CACAGGCTCTCGCATC-1-gPlexB1_s1,5_leaf
CGGTTAAGTCCAAGTT-1-gPlexB5_s1,CGGTTAAGTCCAAGTT-1-gPlexB5_s1,4_leaf
CGACTTCAGTTGTAGA-1-gPlexB1_s1,CGACTTCAGTTGTAGA-1-gPlexB1_s1,5_leaf
CCTAGCTCATACCATG-1-gPlexB4_s1,CCTAGCTCATACCATG-1-gPlexB4_s1,5_leaf
GCGAGAATCTCCGGTT-1-gPlexB2_s1,GCGAGAATCTCCGGTT-1-gPlexB2_s1,6_leaf
TAGGCATGTTACTGAC-1-gPlexB4_s1,TAGGCATGTTACTGAC-1-gPlexB4_s1,6_leaf
CTCGGAGCAGCCTTTC-1-gPlexB1_s1,CTCGGAGCAGCCTTTC-1-gPlexB1_s1,3_leaf
CAACCTCCAAGCCTAT-1-gPlexB2_s1,CAACCTCCAAGCCTAT-1-gPlexB2_s1,5_leaf
CTCGAAAAGCAAATCA-1-gPlexB7_s1,CTCGAAAAGCAAATCA-1-gPlexB7_s1,4_leaf
AACTCAGTCCTCAACC-1-gPlexB4_s1,AACTCAGTCCTCAACC-1-gPlexB4_s1,3_leaf
CGATTGAGTTGTGGCC-1-gPlexB5_s1,CGATTGAGTTGTGGCC-1-gPlexB5_s1,4_leaf
TGGACGCCAGACAGGT-1-gPlexB7_s1,TGGACGCCAGACAGGT-1-gPlexB7_s1,4_leaf
GCGCCAAGTACAGACG-1-gPlexB3_s1,GCGCCAAGTACAGACG-1-gPlexB3_s1,4_leaf
TAGAGCTCAGCGTAAG-1-gPlexB7_s1,TAGAGCTCAGCGTAAG-1-gPlexB7_s1,4_leaf
TGCGGGTCATTCCTCG-1-gPlexB1_s1,TGCGGGTCATTCCTCG-1-gPlexB1_s1,4_leaf
ACGAGGACACTGCCAG-1-gPlexB6_s1,ACGAGGACACTGCCAG-1-gPlexB6_s1,3_leaf
ACGATACTCTACGAGT-1-gPlexB2_s1,ACGATACTCTACGAGT-1-gPlexB2_s1,4_leaf
TCTGGAAGTATGGTTC-1-gPlexB4_s1,TCTGGAAGTATGGTTC-1-gPlexB4_s1,4_leaf
AGGTCCGAGGCTCAGA-1-gPlexB1_s1,AGGTCCGAGGCTCAGA-1-gPlexB1_s1,5_leaf
CAGTCCTGTAAGTTCC-1-gPlexB2_s1,CAGTCCTGTAAGTTCC-1-gPlexB2_s1,4_leaf
CGGACTGTCTTGTCAT-1-gPlexB5_s1,CGGACTGTCTTGTCAT-1-gPlexB5_s1,4_leaf
GCTGCAGTCGTTTATC-1-gPlexB1_s1,GCTGCAGTCGTTTATC-1-gPlexB1_s1,5_leaf
CCTTACGGTGGCAAAC-1-gPlexB1_s1,CCTTACGGTGGCAAAC-1-gPlexB1_s1,3_leaf
AGCGGTCAGCAGATCG-1-gPlexB4_s1,AGCGGTCAGCAGATCG-1-gPlexB4_s1,6_leaf
GATCGATGTGTTTGTG-1-gPlexB6_s1,GATCGATGTGTTTGTG-1-gPlexB6_s1,4_leaf
CAGTCCTGTTCACCTC-1-gPlexB1_s1,CAGTCCTGTTCACCTC-1-gPlexB1_s1,3_leaf
GACTGCGCACCAGATT-1-gPlexB5_s1,GACTGCGCACCAGATT-1-gPlexB5_s1,6_leaf
CACATTTAGGGATACC-1-gPlexB4_s1,CACATTTAGGGATACC-1-gPlexB4_s1,4_leaf
GTGGGTCTCCCTAATT-1-gPlexB3_s1,GTGGGTCTCCCTAATT-1-gPlexB3_s1,3_leaf
CACAAACCAAAGGCGT-1-gPlexB3_s1,CACAAACCAAAGGCGT-1-gPlexB3_s1,3_leaf
GATCTAGCAGTTCATG-1-gPlexB7_s1,GATCTAGCAGTTCATG-1-gPlexB7_s1,4_leaf
CCACTACGTCCAGTAT-1-gPlexB1_s1,CCACTACGTCCAGTAT-1-gPlexB1_s1,4_leaf
CATCGGGGTCTGCAAT-1-gPlexB3_s1,CATCGGGGTCTGCAAT-1-gPlexB3_s1,5_leaf
ACACCAAGTAGTACCT-1-gPlexB1_s1,ACACCAAGTAGTACCT-1-gPlexB1_s1,3_leaf
GCGCAGTCACAACTGT-1-gPlexB4_s1,GCGCAGTCACAACTGT-1-gPlexB4_s1,4_leaf
CGACCTTCATGCATGT-1-gPlexB5_s1,CGACCTTCATGCATGT-1-gPlexB5_s1,6_leaf
ATGGGAGCATCCCACT-1-gPlexB4_s1,ATGGGAGCATCCCACT-1-gPlexB4_s1,4_leaf
CCCTCCTGTCAGAATA-1-gPlexB2_s1,CCCTCCTGTCAGAATA-1-gPlexB2_s1,4_leaf
GCAGTTATCAACACGT-1-gPlexB7_s1,GCAGTTATCAACACGT-1-gPlexB7_s1,6_leaf
TGCTGCTAGCAGATCG-1-gPlexB1_s1,TGCTGCTAGCAGATCG-1-gPlexB1_s1,4_leaf
ATCACGAGTCAGTGGA-1-gPlexB2_s1,ATCACGAGTCAGTGGA-1-gPlexB2_s1,4_leaf
GACACGCAGTTGAGTA-1-gPlexB3_s1,GACACGCAGTTGAGTA-1-gPlexB3_s1,4_leaf
TGCGCAGGTCAGGACA-1-gPlexB3_s1,TGCGCAGGTCAGGACA-1-gPlexB3_s1,4_leaf
ACGGGCTGTCGCATAT-1-gPlexB4_s1,ACGGGCTGTCGCATAT-1-gPlexB4_s1,3_leaf
GAGTCCGCACATGACT-1-gPlexB6_s1,GAGTCCGCACATGACT-1-gPlexB6_s1,3_leaf
TCTTTCCGTGCACCAC-1-gPlexB2_s1,TCTTTCCGTGCACCAC-1-gPlexB2_s1,5_leaf
GGATGTTTCAGTACGT-1-gPlexB7_s1,GGATGTTTCAGTACGT-1-gPlexB7_s1,4_leaf
TTAGGCACAGTATCTG-1-gPlexB2_s1,TTAGGCACAGTATCTG-1-gPlexB2_s1,4_leaf
TGCTACCCATGCCTAA-1-gPlexB3_s1,TGCTACCCATGCCTAA-1-gPlexB3_s1,4_leaf
CCTAGCTCACTACAGT-1-gPlexB7_s1,CCTAGCTCACTACAGT-1-gPlexB7_s1,4_leaf
GGCGACTTCGTACGGC-1-gPlexB3_s1,GGCGACTTCGTACGGC-1-gPlexB3_s1,5_leaf
CGTGAGCAGCTCCTCT-1-gPlexB7_s1,CGTGAGCAGCTCCTCT-1-gPlexB7_s1,4_leaf
CGAGAAGTCAATCTCT-1-gPlexB3_s1,CGAGAAGTCAATCTCT-1-gPlexB3_s1,5_leaf
TGCGTGGTCGCGATCG-1-gPlexB4_s1,TGCGTGGTCGCGATCG-1-gPlexB4_s1,5_leaf
TAGAGCTCAATCTGCA-1-gPlexB1_s1,TAGAGCTCAATCTGCA-1-gPlexB1_s1,3_leaf
CGCTTCACAGGCGATA-1-gPlexB4_s1,CGCTTCACAGGCGATA-1-gPlexB4_s1,6_leaf
GGGACCTTCGCGTTTC-1-gPlexB5_s1,GGGACCTTCGCGTTTC-1-gPlexB5_s1,4_leaf
GATCAGTGTTTACTCT-1-gPlexB7_s1,GATCAGTGTTTACTCT-1-gPlexB7_s1,4_leaf
GCTGCAGAGCGTCAAG-1-gPlexB7_s1,GCTGCAGAGCGTCAAG-1-gPlexB7_s1,4_leaf
AGGTCATAGCCACCTG-1-gPlexB4_s1,AGGTCATAGCCACCTG-1-gPlexB4_s1,4_leaf
TTTGCGCCACCGCTAG-1-gPlexB5_s1,TTTGCGCCACCGCTAG-1-gPlexB5_s1,4_leaf
TTCTCCTAGTTCGCAT-1-gPlexB6_s1,TTCTCCTAGTTCGCAT-1-gPlexB6_s1,6_leaf
ACTATCTCATTAACCG-1-gPlexB5_s1,ACTATCTCATTAACCG-1-gPlexB5_s1,4_leaf
CTCTACGCAAGCTGTT-1-gPlexB1_s1,CTCTACGCAAGCTGTT-1-gPlexB1_s1,4_leaf
ATGGGAGCACTCAGGC-1-gPlexB4_s1,ATGGGAGCACTCAGGC-1-gPlexB4_s1,3_leaf
TTCTCAACACTAGTAC-1-gPlexB2_s1,TTCTCAACACTAGTAC-1-gPlexB2_s1,4_leaf
TACTTGTTCACTTCAT-1-gPlexB2_s1,TACTTGTTCACTTCAT-1-gPlexB2_s1,3_leaf
ACGATGTGTTGTTTGG-1-gPlexB1_s1,ACGATGTGTTGTTTGG-1-gPlexB1_s1,5_leaf
TTCTCAAGTCAAAGCG-1-gPlexB2_s1,TTCTCAAGTCAAAGCG-1-gPlexB2_s1,4_leaf
CTCGGGAGTCTTCGTC-1-gPlexB2_s1,CTCGGGAGTCTTCGTC-1-gPlexB2_s1,3_leaf
CCTACCAAGTCAAGGC-1-gPlexB3_s1,CCTACCAAGTCAAGGC-1-gPlexB3_s1,4_leaf
GATCAGTAGCTACCGC-1-gPlexB1_s1,GATCAGTAGCTACCGC-1-gPlexB1_s1,4_leaf
ACAGCCGAGTTTGCGT-1-gPlexB6_s1,ACAGCCGAGTTTGCGT-1-gPlexB6_s1,4_leaf
ATTTCTGCACCGGAAA-1-gPlexB2_s1,ATTTCTGCACCGGAAA-1-gPlexB2_s1,5_leaf
AAACCTGCACTCGACG-1-gPlexB2_s1,AAACCTGCACTCGACG-1-gPlexB2_s1,5_leaf
TTATGCTTCCTTTACA-1-gPlexB5_s1,TTATGCTTCCTTTACA-1-gPlexB5_s1,4_leaf
TACGGTAAGTCATGCT-1-gPlexB3_s1,TACGGTAAGTCATGCT-1-gPlexB3_s1,4_leaf
CAGCTGGGTCGAGTTT-1-gPlexB4_s1,CAGCTGGGTCGAGTTT-1-gPlexB4_s1,3_leaf
ACGGGTCTCTACGAGT-1-gPlexB7_s1,ACGGGTCTCTACGAGT-1-gPlexB7_s1,3_leaf
TCAACGAAGAATTCCC-1-gPlexB1_s1,TCAACGAAGAATTCCC-1-gPlexB1_s1,4_leaf
GTTCATTTCTGGTATG-1-gPlexB2_s1,GTTCATTTCTGGTATG-1-gPlexB2_s1,4_leaf
ACCCACTTCCAGAGGA-1-gPlexB5_s1,ACCCACTTCCAGAGGA-1-gPlexB5_s1,4_leaf
AATCGGTGTCCATGAT-1-gPlexB7_s1,AATCGGTGTCCATGAT-1-gPlexB7_s1,5_leaf
GTAACTGTCACCGGGT-1-gPlexB1_s1,GTAACTGTCACCGGGT-1-gPlexB1_s1,5_leaf
ATCCACCCACTGTGTA-1-gPlexB7_s1,ATCCACCCACTGTGTA-1-gPlexB7_s1,3_leaf
TCTGGAATCGTCACGG-1-gPlexB3_s1,TCTGGAATCGTCACGG-1-gPlexB3_s1,4_leaf
CAACCTCGTCCAACTA-1-gPlexB4_s1,CAACCTCGTCCAACTA-1-gPlexB4_s1,5_leaf
GGCTCGACACATTTCT-1-gPlexB3_s1,GGCTCGACACATTTCT-1-gPlexB3_s1,3_leaf
CCTTCCCTCGGTGTTA-1-gPlexB3_s1,CCTTCCCTCGGTGTTA-1-gPlexB3_s1,4_leaf
TTATGCTCATCCGCGA-1-gPlexB4_s1,TTATGCTCATCCGCGA-1-gPlexB4_s1,3_leaf
TTATGCTAGCTGCCCA-1-gPlexB5_s1,TTATGCTAGCTGCCCA-1-gPlexB5_s1,3_leaf
AGGCCGTGTCATCGGC-1-gPlexB7_s1,AGGCCGTGTCATCGGC-1-gPlexB7_s1,4_leaf
AGACGTTAGGCCCTTG-1-gPlexB7_s1,AGACGTTAGGCCCTTG-1-gPlexB7_s1,3_leaf
CACAGGCAGCGTAATA-1-gPlexB4_s1,CACAGGCAGCGTAATA-1-gPlexB4_s1,3_leaf
CCTTTCTTCCTCTAGC-1-gPlexB4_s1,CCTTTCTTCCTCTAGC-1-gPlexB4_s1,3_leaf
CCCAGTTCATCTATGG-1-gPlexB6_s1,CCCAGTTCATCTATGG-1-gPlexB6_s1,4_leaf
AAGACCTCATATGCTG-1-gPlexB5_s1,AAGACCTCATATGCTG-1-gPlexB5_s1,4_leaf
AACTTTCTCTGGGCCA-1-gPlexB4_s1,AACTTTCTCTGGGCCA-1-gPlexB4_s1,4_leaf
CATGGCGAGAGTCGGT-1-gPlexB7_s1,CATGGCGAGAGTCGGT-1-gPlexB7_s1,5_leaf
ACGTCAAGTACATGTC-1-gPlexB4_s1,ACGTCAAGTACATGTC-1-gPlexB4_s1,4_leaf
CTGAAGTTCGATAGAA-1-gPlexB4_s1,CTGAAGTTCGATAGAA-1-gPlexB4_s1,4_leaf
CAAGGCCGTCCGTCAG-1-gPlexB6_s1,CAAGGCCGTCCGTCAG-1-gPlexB6_s1,5_leaf
CCACCTAAGTAATCCC-1-gPlexB2_s1,CCACCTAAGTAATCCC-1-gPlexB2_s1,5_leaf
GAAGCAGTCCCTTGCA-1-gPlexB3_s1,GAAGCAGTCCCTTGCA-1-gPlexB3_s1,3_leaf
ACATCAGGTGTGGTTT-1-gPlexB5_s1,ACATCAGGTGTGGTTT-1-gPlexB5_s1,4_leaf
CGAATGTTCGTCCGTT-1-gPlexB3_s1,CGAATGTTCGTCCGTT-1-gPlexB3_s1,4_leaf
GACTGCGGTACAGTGG-1-gPlexB1_s1,GACTGCGGTACAGTGG-1-gPlexB1_s1,3_leaf
TGACGGCAGGCAAAGA-1-gPlexB4_s1,TGACGGCAGGCAAAGA-1-gPlexB4_s1,3_leaf
GGAATAAAGGTGTGGT-1-gPlexB1_s1,GGAATAAAGGTGTGGT-1-gPlexB1_s1,4_leaf
CTTCTCTGTCTACCTC-1-gPlexB7_s1,CTTCTCTGTCTACCTC-1-gPlexB7_s1,3_leaf
GGCTGGTCACTCGACG-1-gPlexB1_s1,GGCTGGTCACTCGACG-1-gPlexB1_s1,4_leaf
AACCGCGGTTACCAGT-1-gPlexB1_s1,AACCGCGGTTACCAGT-1-gPlexB1_s1,5_leaf
GGGTCTGGTGTTTGTG-1-gPlexB1_s1,GGGTCTGGTGTTTGTG-1-gPlexB1_s1,5_leaf
CTAACTTGTGTGCGTC-1-gPlexB4_s1,CTAACTTGTGTGCGTC-1-gPlexB4_s1,4_leaf
TTCCCAGCAATCTGCA-1-gPlexB2_s1,TTCCCAGCAATCTGCA-1-gPlexB2_s1,5_leaf
GCCAAATCACCAGGTC-1-gPlexB3_s1,GCCAAATCACCAGGTC-1-gPlexB3_s1,4_leaf
AGTGAGGAGAGGTTGC-1-gPlexB2_s1,AGTGAGGAGAGGTTGC-1-gPlexB2_s1,5_leaf
GCTGCTTTCCTCAACC-1-gPlexB7_s1,GCTGCTTTCCTCAACC-1-gPlexB7_s1,5_leaf
ATTCTACAGGCCATAG-1-gPlexB6_s1,ATTCTACAGGCCATAG-1-gPlexB6_s1,3_leaf
GGAAAGCGTATGCTTG-1-gPlexB2_s1,GGAAAGCGTATGCTTG-1-gPlexB2_s1,4_leaf
CAGTCCTTCTAGCACA-1-gPlexB3_s1,CAGTCCTTCTAGCACA-1-gPlexB3_s1,4_leaf
ACTGATGCAGCATACT-1-gPlexB4_s1,ACTGATGCAGCATACT-1-gPlexB4_s1,4_leaf
ATCTACTCAGATCTGT-1-gPlexB5_s1,ATCTACTCAGATCTGT-1-gPlexB5_s1,4_leaf
CCACTACAGCTGGAAC-1-gPlexB3_s1,CCACTACAGCTGGAAC-1-gPlexB3_s1,3_leaf
CTGATCCGTTGATTCG-1-gPlexB6_s1,CTGATCCGTTGATTCG-1-gPlexB6_s1,6_leaf
ACATGGTTCTCAACTT-1-gPlexB5_s1,ACATGGTTCTCAACTT-1-gPlexB5_s1,6_leaf
CTTCTCTCACCTATCC-1-gPlexB3_s1,CTTCTCTCACCTATCC-1-gPlexB3_s1,6_leaf
CATGGCGAGAATGTGT-1-gPlexB4_s1,CATGGCGAGAATGTGT-1-gPlexB4_s1,4_leaf
GCTCCTAAGAGTGACC-1-gPlexB2_s1,GCTCCTAAGAGTGACC-1-gPlexB2_s1,6_leaf
TCGAGGCCACTTAAGC-1-gPlexB1_s1,TCGAGGCCACTTAAGC-1-gPlexB1_s1,4_leaf
TTAACTCTCCCTCTTT-1-gPlexB2_s1,TTAACTCTCCCTCTTT-1-gPlexB2_s1,4_leaf
ATCTACTTCTGCAGTA-1-gPlexB4_s1,ATCTACTTCTGCAGTA-1-gPlexB4_s1,5_leaf
GATTCAGTCACTCTTA-1-gPlexB7_s1,GATTCAGTCACTCTTA-1-gPlexB7_s1,4_leaf
CTCGAAACATTATCTC-1-gPlexB5_s1,CTCGAAACATTATCTC-1-gPlexB5_s1,4_leaf
ATCACGACATGGATGG-1-gPlexB1_s1,ATCACGACATGGATGG-1-gPlexB1_s1,4_leaf
ACACCAAAGAGGGCTT-1-gPlexB2_s1,ACACCAAAGAGGGCTT-1-gPlexB2_s1,5_leaf
AGGGTGAGTGATGTCT-1-gPlexB4_s1,AGGGTGAGTGATGTCT-1-gPlexB4_s1,5_leaf
GTACTTTTCAATCACG-1-gPlexB2_s1,GTACTTTTCAATCACG-1-gPlexB2_s1,5_leaf
GTGCTTCGTAGCGTCC-1-gPlexB7_s1,GTGCTTCGTAGCGTCC-1-gPlexB7_s1,5_leaf
GACGTTATCTTTAGTC-1-gPlexB1_s1,GACGTTATCTTTAGTC-1-gPlexB1_s1,4_leaf
TCAGCAACATGGTTGT-1-gPlexB3_s1,TCAGCAACATGGTTGT-1-gPlexB3_s1,6_leaf
AAGACCTCAATCAGAA-1-gPlexB1_s1,AAGACCTCAATCAGAA-1-gPlexB1_s1,5_leaf
ACGATGTCACGGCCAT-1-gPlexB6_s1,ACGATGTCACGGCCAT-1-gPlexB6_s1,3_leaf
TCTGGAACAGGTTTCA-1-gPlexB6_s1,TCTGGAACAGGTTTCA-1-gPlexB6_s1,3_leaf
CAGGTGCAGAGGACGG-1-gPlexB2_s1,CAGGTGCAGAGGACGG-1-gPlexB2_s1,4_leaf
ATCCGAAAGAGTAATC-1-gPlexB4_s1,ATCCGAAAGAGTAATC-1-gPlexB4_s1,4_leaf
ACCGTAAGTCCAGTAT-1-gPlexB4_s1,ACCGTAAGTCCAGTAT-1-gPlexB4_s1,4_leaf
TACTCATTCTTTACAC-1-gPlexB1_s1,TACTCATTCTTTACAC-1-gPlexB1_s1,6_leaf
CACACAATCCTCATTA-1-gPlexB3_s1,CACACAATCCTCATTA-1-gPlexB3_s1,3_leaf
CTGTGCTAGACAGACC-1-gPlexB5_s1,CTGTGCTAGACAGACC-1-gPlexB5_s1,4_leaf
TGGGAAGCAGCTATTG-1-gPlexB5_s1,TGGGAAGCAGCTATTG-1-gPlexB5_s1,4_leaf
GCGCGATAGCTATGCT-1-gPlexB4_s1,GCGCGATAGCTATGCT-1-gPlexB4_s1,4_leaf
GCTCCTAGTGCAGTAG-1-gPlexB1_s1,GCTCCTAGTGCAGTAG-1-gPlexB1_s1,4_leaf
TGGGAAGCAGCAGTTT-1-gPlexB4_s1,TGGGAAGCAGCAGTTT-1-gPlexB4_s1,3_leaf
CACCACTAGCCAGGAT-1-gPlexB6_s1,CACCACTAGCCAGGAT-1-gPlexB6_s1,3_leaf
GTAACGTAGCGTGTCC-1-gPlexB1_s1,GTAACGTAGCGTGTCC-1-gPlexB1_s1,5_leaf
ATGAGGGAGCCGTCGT-1-gPlexB3_s1,ATGAGGGAGCCGTCGT-1-gPlexB3_s1,5_leaf
GAGTCCGCAATGACCT-1-gPlexB2_s1,GAGTCCGCAATGACCT-1-gPlexB2_s1,5_leaf
CAAGAAAGTTGCGCAC-1-gPlexB6_s1,CAAGAAAGTTGCGCAC-1-gPlexB6_s1,3_leaf
TGAGAGGGTGTTTGGT-1-gPlexB1_s1,TGAGAGGGTGTTTGGT-1-gPlexB1_s1,6_leaf
TTTGGTTGTGTGCCTG-1-gPlexB6_s1,TTTGGTTGTGTGCCTG-1-gPlexB6_s1,4_leaf
GCATACATCACTGGGC-1-gPlexB2_s1,GCATACATCACTGGGC-1-gPlexB2_s1,3_leaf
GTGAAGGCATCATCCC-1-gPlexB3_s1,GTGAAGGCATCATCCC-1-gPlexB3_s1,5_leaf
TAAGCGTGTGTTGAGG-1-gPlexB3_s1,TAAGCGTGTGTTGAGG-1-gPlexB3_s1,5_leaf
GATGAAAGTTCCAACA-1-gPlexB6_s1,GATGAAAGTTCCAACA-1-gPlexB6_s1,4_leaf
AGTTGGTGTGTTGGGA-1-gPlexB2_s1,AGTTGGTGTGTTGGGA-1-gPlexB2_s1,3_leaf
GAGTCCGTCTAACTTC-1-gPlexB5_s1,GAGTCCGTCTAACTTC-1-gPlexB5_s1,6_leaf
GGGTCTGCAAACTGCT-1-gPlexB2_s1,GGGTCTGCAAACTGCT-1-gPlexB2_s1,3_leaf
CAACCAACAGACTCGC-1-gPlexB4_s1,CAACCAACAGACTCGC-1-gPlexB4_s1,4_leaf
ATTGGACTCTGCTGCT-1-gPlexB7_s1,ATTGGACTCTGCTGCT-1-gPlexB7_s1,3_leaf
GTAGTCAGTTCCTCCA-1-gPlexB2_s1,GTAGTCAGTTCCTCCA-1-gPlexB2_s1,3_leaf
CCACGGAAGGAGTACC-1-gPlexB6_s1,CCACGGAAGGAGTACC-1-gPlexB6_s1,3_leaf
CCCATACAGCCGTCGT-1-gPlexB5_s1,CCCATACAGCCGTCGT-1-gPlexB5_s1,4_leaf
GTCGGGTCAGCTGTAT-1-gPlexB6_s1,GTCGGGTCAGCTGTAT-1-gPlexB6_s1,4_leaf
CATTATCTCGGCGCTA-1-gPlexB5_s1,CATTATCTCGGCGCTA-1-gPlexB5_s1,3_leaf
CTCGAGGCACATCTTT-1-gPlexB6_s1,CTCGAGGCACATCTTT-1-gPlexB6_s1,4_leaf
AGAGTGGGTCATATCG-1-gPlexB6_s1,AGAGTGGGTCATATCG-1-gPlexB6_s1,4_leaf
AGAGTGGAGACGCACA-1-gPlexB2_s1,AGAGTGGAGACGCACA-1-gPlexB2_s1,4_leaf
TCTCTAAAGTACGCCC-1-gPlexB4_s1,TCTCTAAAGTACGCCC-1-gPlexB4_s1,5_leaf
TGGGCGTGTTTAGCTG-1-gPlexB2_s1,TGGGCGTGTTTAGCTG-1-gPlexB2_s1,4_leaf
TGTTCCGCACGCGAAA-1-gPlexB1_s1,TGTTCCGCACGCGAAA-1-gPlexB1_s1,5_leaf
TGGGAAGGTATTACCG-1-gPlexB5_s1,TGGGAAGGTATTACCG-1-gPlexB5_s1,4_leaf
CAACCAACAATGGAGC-1-gPlexB5_s1,CAACCAACAATGGAGC-1-gPlexB5_s1,3_leaf
GAGCAGAAGCACCGTC-1-gPlexB7_s1,GAGCAGAAGCACCGTC-1-gPlexB7_s1,5_leaf
GGATTACGTACTCAAC-1-gPlexB3_s1,GGATTACGTACTCAAC-1-gPlexB3_s1,5_leaf
AACCGCGGTAGGCTGA-1-gPlexB7_s1,AACCGCGGTAGGCTGA-1-gPlexB7_s1,4_leaf
CATATTCCAGCCAGAA-1-gPlexB1_s1,CATATTCCAGCCAGAA-1-gPlexB1_s1,3_leaf
AAAGATGCAGCCACCA-1-gPlexB4_s1,AAAGATGCAGCCACCA-1-gPlexB4_s1,3_leaf
ATCTGCCCATGCATGT-1-gPlexB6_s1,ATCTGCCCATGCATGT-1-gPlexB6_s1,3_leaf
AAAGCAAGTACCGTTA-1-gPlexB5_s1,AAAGCAAGTACCGTTA-1-gPlexB5_s1,4_leaf
CAGCTGGCAGCCAATT-1-gPlexB3_s1,CAGCTGGCAGCCAATT-1-gPlexB3_s1,4_leaf
CTCCTAGAGTGTCCCG-1-gPlexB1_s1,CTCCTAGAGTGTCCCG-1-gPlexB1_s1,4_leaf
ACATCAGAGAAACGAG-1-gPlexB7_s1,ACATCAGAGAAACGAG-1-gPlexB7_s1,5_leaf
CTTCTCTCATTATCTC-1-gPlexB6_s1,CTTCTCTCATTATCTC-1-gPlexB6_s1,3_leaf
TCTTTCCGTAAGTAGT-1-gPlexB5_s1,TCTTTCCGTAAGTAGT-1-gPlexB5_s1,3_leaf
CTTAGGAGTTAAGATG-1-gPlexB2_s1,CTTAGGAGTTAAGATG-1-gPlexB2_s1,4_leaf
TGGTTAGAGTCATGCT-1-gPlexB2_s1,TGGTTAGAGTCATGCT-1-gPlexB2_s1,6_leaf
GTGCAGCAGGGCTTGA-1-gPlexB3_s1,GTGCAGCAGGGCTTGA-1-gPlexB3_s1,4_leaf
ATGCGATGTCTAGAGG-1-gPlexB1_s1,ATGCGATGTCTAGAGG-1-gPlexB1_s1,4_leaf
CCATGTCCATTCCTCG-1-gPlexB5_s1,CCATGTCCATTCCTCG-1-gPlexB5_s1,5_leaf
AGGTCATTCCACTCCA-1-gPlexB5_s1,AGGTCATTCCACTCCA-1-gPlexB5_s1,4_leaf
CTACCCATCCCAAGTA-1-gPlexB4_s1,CTACCCATCCCAAGTA-1-gPlexB4_s1,6_leaf
AGCAGCCCATGTCTCC-1-gPlexB5_s1,AGCAGCCCATGTCTCC-1-gPlexB5_s1,3_leaf
GCAAACTGTCCCGACA-1-gPlexB6_s1,GCAAACTGTCCCGACA-1-gPlexB6_s1,4_leaf
CCTAGCTGTCCGAATT-1-gPlexB4_s1,CCTAGCTGTCCGAATT-1-gPlexB4_s1,3_leaf
CAGTCCTAGTTGCAGG-1-gPlexB2_s1,CAGTCCTAGTTGCAGG-1-gPlexB2_s1,5_leaf
CATCGGGCAGACGCCT-1-gPlexB4_s1,CATCGGGCAGACGCCT-1-gPlexB4_s1,4_leaf
CGATTGAGTCTGGAGA-1-gPlexB7_s1,CGATTGAGTCTGGAGA-1-gPlexB7_s1,4_leaf
CAGTAACCATCACGTA-1-gPlexB6_s1,CAGTAACCATCACGTA-1-gPlexB6_s1,3_leaf
TCGTACCTCTACTCAT-1-gPlexB2_s1,TCGTACCTCTACTCAT-1-gPlexB2_s1,6_leaf
CTCAGAAGTGCATCTA-1-gPlexB4_s1,CTCAGAAGTGCATCTA-1-gPlexB4_s1,5_leaf
TCGCGAGGTGGTACAG-1-gPlexB4_s1,TCGCGAGGTGGTACAG-1-gPlexB4_s1,4_leaf
CAGTCCTTCAGTCCCT-1-gPlexB2_s1,CAGTCCTTCAGTCCCT-1-gPlexB2_s1,4_leaf
TACTCATAGGATATAC-1-gPlexB4_s1,TACTCATAGGATATAC-1-gPlexB4_s1,5_leaf
TAGCCGGTCAATAAGG-1-gPlexB6_s1,TAGCCGGTCAATAAGG-1-gPlexB6_s1,3_leaf
TGAGCCGAGTACATGA-1-gPlexB3_s1,TGAGCCGAGTACATGA-1-gPlexB3_s1,6_leaf
GACCAATCACGGTGTC-1-gPlexB4_s1,GACCAATCACGGTGTC-1-gPlexB4_s1,4_leaf
CAAGATCGTCTTGCGG-1-gPlexB4_s1,CAAGATCGTCTTGCGG-1-gPlexB4_s1,4_leaf
ATCTACTAGCGCTTAT-1-gPlexB1_s1,ATCTACTAGCGCTTAT-1-gPlexB1_s1,4_leaf
CAGCGACAGCCGGTAA-1-gPlexB2_s1,CAGCGACAGCCGGTAA-1-gPlexB2_s1,4_leaf
AAGACCTTCGGAAATA-1-gPlexB1_s1,AAGACCTTCGGAAATA-1-gPlexB1_s1,4_leaf
GATGAAATCACAATGC-1-gPlexB4_s1,GATGAAATCACAATGC-1-gPlexB4_s1,3_leaf
AGCTCTCAGTGTACCT-1-gPlexB1_s1,AGCTCTCAGTGTACCT-1-gPlexB1_s1,6_leaf
CACTCCAGTGTAACGG-1-gPlexB5_s1,CACTCCAGTGTAACGG-1-gPlexB5_s1,5_leaf
GGATGTTCATTTCACT-1-gPlexB5_s1,GGATGTTCATTTCACT-1-gPlexB5_s1,6_leaf
GTGTTAGTCCTTGGTC-1-gPlexB7_s1,GTGTTAGTCCTTGGTC-1-gPlexB7_s1,3_leaf
AGGCCACCATGGTCTA-1-gPlexB3_s1,AGGCCACCATGGTCTA-1-gPlexB3_s1,4_leaf
GCATACAAGAGCCTAG-1-gPlexB2_s1,GCATACAAGAGCCTAG-1-gPlexB2_s1,3_leaf
ATAACGCCACTTCGAA-1-gPlexB5_s1,ATAACGCCACTTCGAA-1-gPlexB5_s1,5_leaf
GAGTCCGTCGCTGATA-1-gPlexB6_s1,GAGTCCGTCGCTGATA-1-gPlexB6_s1,4_leaf
AACTCTTCAAGGTTTC-1-gPlexB6_s1,AACTCTTCAAGGTTTC-1-gPlexB6_s1,6_leaf
AGATTGCCAATGGAAT-1-gPlexB7_s1,AGATTGCCAATGGAAT-1-gPlexB7_s1,4_leaf
GGTGAAGAGTGCGATG-1-gPlexB6_s1,GGTGAAGAGTGCGATG-1-gPlexB6_s1,4_leaf
TCTCTAACAGCCACCA-1-gPlexB1_s1,TCTCTAACAGCCACCA-1-gPlexB1_s1,4_leaf
CTCGAGGAGGCATTGG-1-gPlexB3_s1,CTCGAGGAGGCATTGG-1-gPlexB3_s1,6_leaf
CGGACTGTCGGCTACG-1-gPlexB5_s1,CGGACTGTCGGCTACG-1-gPlexB5_s1,4_leaf
GTCTCGTGTCTAGCCG-1-gPlexB7_s1,GTCTCGTGTCTAGCCG-1-gPlexB7_s1,3_leaf
GCACATAAGAGGGCTT-1-gPlexB1_s1,GCACATAAGAGGGCTT-1-gPlexB1_s1,4_leaf
ACATACGAGACAAAGG-1-gPlexB2_s1,ACATACGAGACAAAGG-1-gPlexB2_s1,5_leaf
CTGAAGTCACAAGTAA-1-gPlexB4_s1,CTGAAGTCACAAGTAA-1-gPlexB4_s1,4_leaf
CTTAGGATCAATAAGG-1-gPlexB3_s1,CTTAGGATCAATAAGG-1-gPlexB3_s1,5_leaf
CCCATACGTCTGCGGT-1-gPlexB5_s1,CCCATACGTCTGCGGT-1-gPlexB5_s1,3_leaf
CGATGTATCACGCGGT-1-gPlexB7_s1,CGATGTATCACGCGGT-1-gPlexB7_s1,6_leaf
CGTAGGCTCGCCCTTA-1-gPlexB1_s1,CGTAGGCTCGCCCTTA-1-gPlexB1_s1,4_leaf
TGTCCCAAGTTGCAGG-1-gPlexB3_s1,TGTCCCAAGTTGCAGG-1-gPlexB3_s1,6_leaf
ACTTGTTGTACAGCAG-1-gPlexB5_s1,ACTTGTTGTACAGCAG-1-gPlexB5_s1,4_leaf
TGACTAGAGGTGATAT-1-gPlexB1_s1,TGACTAGAGGTGATAT-1-gPlexB1_s1,5_leaf
TATCTCAGTCAAGCGA-1-gPlexB4_s1,TATCTCAGTCAAGCGA-1-gPlexB4_s1,6_leaf
GAACCTACAACACGCC-1-gPlexB3_s1,GAACCTACAACACGCC-1-gPlexB3_s1,4_leaf
ACGCCGATCAAACAAG-1-gPlexB7_s1,ACGCCGATCAAACAAG-1-gPlexB7_s1,5_leaf
TTGGCAATCAACACAC-1-gPlexB3_s1,TTGGCAATCAACACAC-1-gPlexB3_s1,5_leaf
GTACTCCTCAAACGGG-1-gPlexB2_s1,GTACTCCTCAAACGGG-1-gPlexB2_s1,5_leaf
GAACGGATCCTATGTT-1-gPlexB3_s1,GAACGGATCCTATGTT-1-gPlexB3_s1,3_leaf
CATCAAGCAAGCGAGT-1-gPlexB5_s1,CATCAAGCAAGCGAGT-1-gPlexB5_s1,5_leaf
TAAGCGTAGAGTGAGA-1-gPlexB7_s1,TAAGCGTAGAGTGAGA-1-gPlexB7_s1,3_leaf
TGCGGGTCAATGTAAG-1-gPlexB1_s1,TGCGGGTCAATGTAAG-1-gPlexB1_s1,3_leaf
CGATTGAAGTCAAGCG-1-gPlexB3_s1,CGATTGAAGTCAAGCG-1-gPlexB3_s1,4_leaf
GACTACAAGATGTGTA-1-gPlexB4_s1,GACTACAAGATGTGTA-1-gPlexB4_s1,4_leaf
GTAACTGTCCTGCTTG-1-gPlexB3_s1,GTAACTGTCCTGCTTG-1-gPlexB3_s1,4_leaf
GCTGCAGTCATAAAGG-1-gPlexB7_s1,GCTGCAGTCATAAAGG-1-gPlexB7_s1,4_leaf
GTACTTTGTCCCGACA-1-gPlexB4_s1,GTACTTTGTCCCGACA-1-gPlexB4_s1,5_leaf
GCTTGAATCAACCAAC-1-gPlexB3_s1,GCTTGAATCAACCAAC-1-gPlexB3_s1,4_leaf
TGCCAAAAGCCCAGCT-1-gPlexB6_s1,TGCCAAAAGCCCAGCT-1-gPlexB6_s1,4_leaf
AGAGCTTTCCTCGCAT-1-gPlexB7_s1,AGAGCTTTCCTCGCAT-1-gPlexB7_s1,3_leaf
AGCATACTCGGTGTTA-1-gPlexB1_s1,AGCATACTCGGTGTTA-1-gPlexB1_s1,4_leaf
TACCTTAGTTTGACTG-1-gPlexB2_s1,TACCTTAGTTTGACTG-1-gPlexB2_s1,4_leaf
GTACTCCTCTACGAGT-1-gPlexB3_s1,GTACTCCTCTACGAGT-1-gPlexB3_s1,6_leaf
GCCAAATAGCCACGTC-1-gPlexB7_s1,GCCAAATAGCCACGTC-1-gPlexB7_s1,3_leaf
CACCACTAGATAGCAT-1-gPlexB3_s1,CACCACTAGATAGCAT-1-gPlexB3_s1,3_leaf
CAGCTAATCTCCAACC-1-gPlexB4_s1,CAGCTAATCTCCAACC-1-gPlexB4_s1,4_leaf
CTAGAGTGTATGCTTG-1-gPlexB4_s1,CTAGAGTGTATGCTTG-1-gPlexB4_s1,5_leaf
CGGACGTTCCTGTAGA-1-gPlexB1_s1,CGGACGTTCCTGTAGA-1-gPlexB1_s1,3_leaf
ACCGTAATCAGTGCAT-1-gPlexB3_s1,ACCGTAATCAGTGCAT-1-gPlexB3_s1,3_leaf
AAACCTGTCAACCATG-1-gPlexB3_s1,AAACCTGTCAACCATG-1-gPlexB3_s1,3_leaf
CCGTACTTCAGTTGAC-1-gPlexB2_s1,CCGTACTTCAGTTGAC-1-gPlexB2_s1,5_leaf
TACCTTAAGGGTATCG-1-gPlexB6_s1,TACCTTAAGGGTATCG-1-gPlexB6_s1,4_leaf
CGTGTAATCTCGATGA-1-gPlexB4_s1,CGTGTAATCTCGATGA-1-gPlexB4_s1,4_leaf
GACGTTAAGACCTAGG-1-gPlexB5_s1,GACGTTAAGACCTAGG-1-gPlexB5_s1,3_leaf
TTCGAAGAGCACAGGT-1-gPlexB6_s1,TTCGAAGAGCACAGGT-1-gPlexB6_s1,4_leaf
ACCTTTAAGACAAGCC-1-gPlexB7_s1,ACCTTTAAGACAAGCC-1-gPlexB7_s1,3_leaf
ACTGAACAGCTAGCCC-1-gPlexB3_s1,ACTGAACAGCTAGCCC-1-gPlexB3_s1,4_leaf
CTCCTAGGTAATCACC-1-gPlexB1_s1,CTCCTAGGTAATCACC-1-gPlexB1_s1,4_leaf
ACTGAGTTCAGAAATG-1-gPlexB5_s1,ACTGAGTTCAGAAATG-1-gPlexB5_s1,5_leaf
TTAGGACGTTCCCTTG-1-gPlexB4_s1,TTAGGACGTTCCCTTG-1-gPlexB4_s1,6_leaf
CGGACTGCAGCTCCGA-1-gPlexB5_s1,CGGACTGCAGCTCCGA-1-gPlexB5_s1,4_leaf
TTGCCGTGTCGCATCG-1-gPlexB4_s1,TTGCCGTGTCGCATCG-1-gPlexB4_s1,3_leaf
TGCTACCCACATCCAA-1-gPlexB3_s1,TGCTACCCACATCCAA-1-gPlexB3_s1,3_leaf
TAGAGCTTCAAGGTAA-1-gPlexB3_s1,TAGAGCTTCAAGGTAA-1-gPlexB3_s1,5_leaf
GTTACAGGTCAGGACA-1-gPlexB5_s1,GTTACAGGTCAGGACA-1-gPlexB5_s1,5_leaf
TTAGTTCCACGCTTTC-1-gPlexB5_s1,TTAGTTCCACGCTTTC-1-gPlexB5_s1,4_leaf
TACTCGCAGCCAGTAG-1-gPlexB2_s1,TACTCGCAGCCAGTAG-1-gPlexB2_s1,6_leaf
TCTCATAAGGATGCGT-1-gPlexB4_s1,TCTCATAAGGATGCGT-1-gPlexB4_s1,3_leaf
CCCTCCTAGTCGCCGT-1-gPlexB1_s1,CCCTCCTAGTCGCCGT-1-gPlexB1_s1,4_leaf
TGCTACCGTACCAGTT-1-gPlexB7_s1,TGCTACCGTACCAGTT-1-gPlexB7_s1,4_leaf
AACTCCCCAGCATGAG-1-gPlexB4_s1,AACTCCCCAGCATGAG-1-gPlexB4_s1,6_leaf
TCTGAGACAGATGGCA-1-gPlexB3_s1,TCTGAGACAGATGGCA-1-gPlexB3_s1,4_leaf
TATCTCAAGGTGCTAG-1-gPlexB1_s1,TATCTCAAGGTGCTAG-1-gPlexB1_s1,4_leaf
TCACAAGAGAGCCCAA-1-gPlexB5_s1,TCACAAGAGAGCCCAA-1-gPlexB5_s1,6_leaf
CTCGGGAAGCAGGCTA-1-gPlexB7_s1,CTCGGGAAGCAGGCTA-1-gPlexB7_s1,5_leaf
GGACAAGAGTGGGATC-1-gPlexB5_s1,GGACAAGAGTGGGATC-1-gPlexB5_s1,6_leaf
AGATTGCTCATCGATG-1-gPlexB3_s1,AGATTGCTCATCGATG-1-gPlexB3_s1,4_leaf
TATCTCACAGTAAGCG-1-gPlexB1_s1,TATCTCACAGTAAGCG-1-gPlexB1_s1,5_leaf
CTGCGGAGTCGACTAT-1-gPlexB7_s1,CTGCGGAGTCGACTAT-1-gPlexB7_s1,4_leaf
ACTGATGCAATTCCTT-1-gPlexB3_s1,ACTGATGCAATTCCTT-1-gPlexB3_s1,3_leaf
GTGCATACACAAGCCC-1-gPlexB7_s1,GTGCATACACAAGCCC-1-gPlexB7_s1,4_leaf
GACAGAGCAATGGAAT-1-gPlexB3_s1,GACAGAGCAATGGAAT-1-gPlexB3_s1,5_leaf
AAGGAGCTCCACGTTC-1-gPlexB6_s1,AAGGAGCTCCACGTTC-1-gPlexB6_s1,4_leaf
GTGCAGCCAGAGCCAA-1-gPlexB1_s1,GTGCAGCCAGAGCCAA-1-gPlexB1_s1,4_leaf
GGCGTGTCATGCTAGT-1-gPlexB4_s1,GGCGTGTCATGCTAGT-1-gPlexB4_s1,3_leaf
TGGACGCTCACCTTAT-1-gPlexB6_s1,TGGACGCTCACCTTAT-1-gPlexB6_s1,3_leaf
GCGCGATCAGTCCTTC-1-gPlexB4_s1,GCGCGATCAGTCCTTC-1-gPlexB4_s1,4_leaf
CCTACCAAGGTGCTAG-1-gPlexB3_s1,CCTACCAAGGTGCTAG-1-gPlexB3_s1,3_leaf
CGAGCCAGTGTCTGAT-1-gPlexB5_s1,CGAGCCAGTGTCTGAT-1-gPlexB5_s1,5_leaf
TTCCCAGCACGCCAGT-1-gPlexB3_s1,TTCCCAGCACGCCAGT-1-gPlexB3_s1,5_leaf
TTCTCCTTCGTGACAT-1-gPlexB5_s1,TTCTCCTTCGTGACAT-1-gPlexB5_s1,4_leaf
GTTAAGCTCTCGCTTG-1-gPlexB6_s1,GTTAAGCTCTCGCTTG-1-gPlexB6_s1,5_leaf
AGACGTTTCAGGCGAA-1-gPlexB6_s1,AGACGTTTCAGGCGAA-1-gPlexB6_s1,5_leaf
GTTTCTAAGTCTTGCA-1-gPlexB6_s1,GTTTCTAAGTCTTGCA-1-gPlexB6_s1,5_leaf
TCGTACCCACTTACGA-1-gPlexB5_s1,TCGTACCCACTTACGA-1-gPlexB5_s1,5_leaf
GTAACGTAGATGCGAC-1-gPlexB7_s1,GTAACGTAGATGCGAC-1-gPlexB7_s1,3_leaf
TTAACTCCATGATCCA-1-gPlexB2_s1,TTAACTCCATGATCCA-1-gPlexB2_s1,5_leaf
GTCAAGTGTAGGCATG-1-gPlexB1_s1,GTCAAGTGTAGGCATG-1-gPlexB1_s1,4_leaf
AACTCTTGTTCCACTC-1-gPlexB2_s1,AACTCTTGTTCCACTC-1-gPlexB2_s1,4_leaf
CGTGTAACACGACGAA-1-gPlexB1_s1,CGTGTAACACGACGAA-1-gPlexB1_s1,5_leaf
CTAACTTCAGTATCTG-1-gPlexB3_s1,CTAACTTCAGTATCTG-1-gPlexB3_s1,4_leaf
GACCAATTCCTTAATC-1-gPlexB1_s1,GACCAATTCCTTAATC-1-gPlexB1_s1,5_leaf
CAAGTTGGTCATGCCG-1-gPlexB6_s1,CAAGTTGGTCATGCCG-1-gPlexB6_s1,3_leaf
AGGGTGACACCTCGTT-1-gPlexB4_s1,AGGGTGACACCTCGTT-1-gPlexB4_s1,5_leaf
CCATTCGAGGGTATCG-1-gPlexB3_s1,CCATTCGAGGGTATCG-1-gPlexB3_s1,3_leaf
GCGCAGTAGCTGCCCA-1-gPlexB5_s1,GCGCAGTAGCTGCCCA-1-gPlexB5_s1,5_leaf
AGCGTCGTCATGTCCC-1-gPlexB4_s1,AGCGTCGTCATGTCCC-1-gPlexB4_s1,3_leaf
GGGAATGCAGACAGGT-1-gPlexB4_s1,GGGAATGCAGACAGGT-1-gPlexB4_s1,4_leaf
GTCGTAAGTTTGACAC-1-gPlexB3_s1,GTCGTAAGTTTGACAC-1-gPlexB3_s1,5_leaf
GTACTTTTCTGACCTC-1-gPlexB6_s1,GTACTTTTCTGACCTC-1-gPlexB6_s1,4_leaf
TGGGCGTAGTATGACA-1-gPlexB7_s1,TGGGCGTAGTATGACA-1-gPlexB7_s1,5_leaf
GGGAGATCAAGTCTGT-1-gPlexB3_s1,GGGAGATCAAGTCTGT-1-gPlexB3_s1,4_leaf
AGAGTGGCAATTGCTG-1-gPlexB1_s1,AGAGTGGCAATTGCTG-1-gPlexB1_s1,5_leaf
ATCTGCCTCAGCGACC-1-gPlexB7_s1,ATCTGCCTCAGCGACC-1-gPlexB7_s1,4_leaf
CAGGTGCCATGCCTAA-1-gPlexB3_s1,CAGGTGCCATGCCTAA-1-gPlexB3_s1,4_leaf
GAGGTGAAGACTTGAA-1-gPlexB5_s1,GAGGTGAAGACTTGAA-1-gPlexB5_s1,5_leaf
CTTACCGCATCCTAGA-1-gPlexB1_s1,CTTACCGCATCCTAGA-1-gPlexB1_s1,4_leaf
CTAATGGTCTTACCGC-1-gPlexB5_s1,CTAATGGTCTTACCGC-1-gPlexB5_s1,6_leaf
TGTGTTTCAAACAACA-1-gPlexB6_s1,TGTGTTTCAAACAACA-1-gPlexB6_s1,4_leaf
TGGCGCAGTCTAACGT-1-gPlexB5_s1,TGGCGCAGTCTAACGT-1-gPlexB5_s1,3_leaf
TTAGGACGTCGGCTCA-1-gPlexB1_s1,TTAGGACGTCGGCTCA-1-gPlexB1_s1,3_leaf
AACTTTCCACTTACGA-1-gPlexB4_s1,AACTTTCCACTTACGA-1-gPlexB4_s1,4_leaf
CGCTATCTCATACGGT-1-gPlexB7_s1,CGCTATCTCATACGGT-1-gPlexB7_s1,4_leaf
TTTACTGGTATAGGTA-1-gPlexB2_s1,TTTACTGGTATAGGTA-1-gPlexB2_s1,4_leaf
ATCTACTCACCATCCT-1-gPlexB2_s1,ATCTACTCACCATCCT-1-gPlexB2_s1,3_leaf
CAGCATAGTGGTTTCA-1-gPlexB6_s1,CAGCATAGTGGTTTCA-1-gPlexB6_s1,3_leaf
TCAATCTCAATCCGAT-1-gPlexB5_s1,TCAATCTCAATCCGAT-1-gPlexB5_s1,5_leaf
GGTGTTAGTTGATTCG-1-gPlexB6_s1,GGTGTTAGTTGATTCG-1-gPlexB6_s1,4_leaf
TAGCCGGTCTGCCCTA-1-gPlexB1_s1,TAGCCGGTCTGCCCTA-1-gPlexB1_s1,5_leaf
GGCCGATTCGCTTGTC-1-gPlexB6_s1,GGCCGATTCGCTTGTC-1-gPlexB6_s1,4_leaf
CACATAGAGAACTCGG-1-gPlexB4_s1,CACATAGAGAACTCGG-1-gPlexB4_s1,4_leaf
TCATTACAGTGACTCT-1-gPlexB3_s1,TCATTACAGTGACTCT-1-gPlexB3_s1,5_leaf
GTAACTGTCTGTCTCG-1-gPlexB3_s1,GTAACTGTCTGTCTCG-1-gPlexB3_s1,5_leaf
TCATTACTCTTAGAGC-1-gPlexB5_s1,TCATTACTCTTAGAGC-1-gPlexB5_s1,4_leaf
TCAACGAAGGAATGGA-1-gPlexB6_s1,TCAACGAAGGAATGGA-1-gPlexB6_s1,3_leaf
TATCTCACAGTGACAG-1-gPlexB3_s1,TATCTCACAGTGACAG-1-gPlexB3_s1,4_leaf
GTTCGGGAGCTGATAA-1-gPlexB3_s1,GTTCGGGAGCTGATAA-1-gPlexB3_s1,3_leaf
GTCACAACAACTGCGC-1-gPlexB5_s1,GTCACAACAACTGCGC-1-gPlexB5_s1,4_leaf
CCATGTCCAGGCTGAA-1-gPlexB2_s1,CCATGTCCAGGCTGAA-1-gPlexB2_s1,4_leaf
CCTAGCTGTTCACCTC-1-gPlexB4_s1,CCTAGCTGTTCACCTC-1-gPlexB4_s1,3_leaf
CGTGAGCCATGCCTAA-1-gPlexB7_s1,CGTGAGCCATGCCTAA-1-gPlexB7_s1,4_leaf
ACACCAACACACGCTG-1-gPlexB6_s1,ACACCAACACACGCTG-1-gPlexB6_s1,6_leaf
CGCTGGAAGGCAGGTT-1-gPlexB7_s1,CGCTGGAAGGCAGGTT-1-gPlexB7_s1,3_leaf
AACTCAGGTGTGTGCC-1-gPlexB1_s1,AACTCAGGTGTGTGCC-1-gPlexB1_s1,4_leaf
CAGTAACGTAAATGAC-1-gPlexB6_s1,CAGTAACGTAAATGAC-1-gPlexB6_s1,4_leaf
CGGACACGTGGTTTCA-1-gPlexB2_s1,CGGACACGTGGTTTCA-1-gPlexB2_s1,3_leaf
GTAGTCAAGAAGGTGA-1-gPlexB4_s1,GTAGTCAAGAAGGTGA-1-gPlexB4_s1,5_leaf
GAAACTCTCTCTAGGA-1-gPlexB6_s1,GAAACTCTCTCTAGGA-1-gPlexB6_s1,5_leaf
CTCGTCATCACGAAGG-1-gPlexB5_s1,CTCGTCATCACGAAGG-1-gPlexB5_s1,5_leaf
ATTACTCAGTATGACA-1-gPlexB6_s1,ATTACTCAGTATGACA-1-gPlexB6_s1,4_leaf
TGTATTCTCCGTTGCT-1-gPlexB7_s1,TGTATTCTCCGTTGCT-1-gPlexB7_s1,5_leaf
TGCCAAAAGTCCGTAT-1-gPlexB4_s1,TGCCAAAAGTCCGTAT-1-gPlexB4_s1,4_leaf
CCGGGATCATTTGCCC-1-gPlexB6_s1,CCGGGATCATTTGCCC-1-gPlexB6_s1,4_leaf
AAGGCAGTCAGAGGTG-1-gPlexB2_s1,AAGGCAGTCAGAGGTG-1-gPlexB2_s1,3_leaf
GATTCAGTCCAAACAC-1-gPlexB5_s1,GATTCAGTCCAAACAC-1-gPlexB5_s1,5_leaf
GAACCTAGTGTGGCTC-1-gPlexB7_s1,GAACCTAGTGTGGCTC-1-gPlexB7_s1,4_leaf
AGAGCGAGTAGCGCTC-1-gPlexB1_s1,AGAGCGAGTAGCGCTC-1-gPlexB1_s1,5_leaf
ATAGACCAGATGTAAC-1-gPlexB6_s1,ATAGACCAGATGTAAC-1-gPlexB6_s1,6_leaf
ACGGAGAGTTCAACCA-1-gPlexB4_s1,ACGGAGAGTTCAACCA-1-gPlexB4_s1,3_leaf
ACTTACTAGCCACGTC-1-gPlexB2_s1,ACTTACTAGCCACGTC-1-gPlexB2_s1,3_leaf
GGTGAAGTCTACTTAC-1-gPlexB3_s1,GGTGAAGTCTACTTAC-1-gPlexB3_s1,5_leaf
GTATTCTTCACTGGGC-1-gPlexB2_s1,GTATTCTTCACTGGGC-1-gPlexB2_s1,5_leaf
AAGTCTGGTTCAGCGC-1-gPlexB4_s1,AAGTCTGGTTCAGCGC-1-gPlexB4_s1,6_leaf
CAAGGCCGTCAGCTAT-1-gPlexB3_s1,CAAGGCCGTCAGCTAT-1-gPlexB3_s1,4_leaf
TGAGAGGTCCATGAAC-1-gPlexB1_s1,TGAGAGGTCCATGAAC-1-gPlexB1_s1,4_leaf
AAGGAGCCAGCTCGCA-1-gPlexB4_s1,AAGGAGCCAGCTCGCA-1-gPlexB4_s1,4_leaf
TGTTCCGCAAAGCAAT-1-gPlexB2_s1,TGTTCCGCAAAGCAAT-1-gPlexB2_s1,5_leaf
ATAAGAGTCGAATGGG-1-gPlexB2_s1,ATAAGAGTCGAATGGG-1-gPlexB2_s1,6_leaf
GAGTCCGCACTTCGAA-1-gPlexB7_s1,GAGTCCGCACTTCGAA-1-gPlexB7_s1,4_leaf
AACTCTTAGTCTCCTC-1-gPlexB2_s1,AACTCTTAGTCTCCTC-1-gPlexB2_s1,5_leaf
GTCATTTTCTACTATC-1-gPlexB4_s1,GTCATTTTCTACTATC-1-gPlexB4_s1,4_leaf
CCTTCCCGTACAGCAG-1-gPlexB6_s1,CCTTCCCGTACAGCAG-1-gPlexB6_s1,3_leaf
GATGAAAGTCTAGAGG-1-gPlexB3_s1,GATGAAAGTCTAGAGG-1-gPlexB3_s1,5_leaf
CCAATCCCAGACAAAT-1-gPlexB2_s1,CCAATCCCAGACAAAT-1-gPlexB2_s1,4_leaf
TCTCTAATCACCCTCA-1-gPlexB4_s1,TCTCTAATCACCCTCA-1-gPlexB4_s1,4_leaf
AGTTGGTAGCGATATA-1-gPlexB4_s1,AGTTGGTAGCGATATA-1-gPlexB4_s1,3_leaf
ACCCACTAGCTACCGC-1-gPlexB6_s1,ACCCACTAGCTACCGC-1-gPlexB6_s1,3_leaf
GACGTGCTCGTCTGCT-1-gPlexB5_s1,GACGTGCTCGTCTGCT-1-gPlexB5_s1,4_leaf
ACGCAGCGTACGAAAT-1-gPlexB1_s1,ACGCAGCGTACGAAAT-1-gPlexB1_s1,4_leaf
ATTCTACTCGAGAGCA-1-gPlexB2_s1,ATTCTACTCGAGAGCA-1-gPlexB2_s1,5_leaf
AGGGATGGTATTCGTG-1-gPlexB1_s1,AGGGATGGTATTCGTG-1-gPlexB1_s1,5_leaf
CGCCAAGAGCAGATCG-1-gPlexB4_s1,CGCCAAGAGCAGATCG-1-gPlexB4_s1,5_leaf
TAGCCGGCAGTATGCT-1-gPlexB4_s1,TAGCCGGCAGTATGCT-1-gPlexB4_s1,4_leaf
CCTAAAGAGTCCGGTC-1-gPlexB5_s1,CCTAAAGAGTCCGGTC-1-gPlexB5_s1,4_leaf
CATCCACCATGGGACA-1-gPlexB5_s1,CATCCACCATGGGACA-1-gPlexB5_s1,5_leaf
CTTACCGCACACGCTG-1-gPlexB1_s1,CTTACCGCACACGCTG-1-gPlexB1_s1,3_leaf
AACTCAGGTTATGTGC-1-gPlexB6_s1,AACTCAGGTTATGTGC-1-gPlexB6_s1,5_leaf
TCTGGAATCGCATGGC-1-gPlexB2_s1,TCTGGAATCGCATGGC-1-gPlexB2_s1,4_leaf
TGCGCAGAGACACGAC-1-gPlexB2_s1,TGCGCAGAGACACGAC-1-gPlexB2_s1,4_leaf
GCATGATCACGCGAAA-1-gPlexB1_s1,GCATGATCACGCGAAA-1-gPlexB1_s1,4_leaf
CACACTCAGACCTAGG-1-gPlexB5_s1,CACACTCAGACCTAGG-1-gPlexB5_s1,4_leaf
CACACTCGTCTGCCAG-1-gPlexB3_s1,CACACTCGTCTGCCAG-1-gPlexB3_s1,3_leaf
GAGTCCGTCTGTCTCG-1-gPlexB6_s1,GAGTCCGTCTGTCTCG-1-gPlexB6_s1,5_leaf
CATCAAGGTCTAGGTT-1-gPlexB4_s1,CATCAAGGTCTAGGTT-1-gPlexB4_s1,4_leaf
TCAGATGCAGACACTT-1-gPlexB3_s1,TCAGATGCAGACACTT-1-gPlexB3_s1,6_leaf
CTGATAGGTCGCCATG-1-gPlexB3_s1,CTGATAGGTCGCCATG-1-gPlexB3_s1,3_leaf
CTACCCAGTTCCACGG-1-gPlexB4_s1,CTACCCAGTTCCACGG-1-gPlexB4_s1,5_leaf
GTATTCTTCCGAATGT-1-gPlexB3_s1,GTATTCTTCCGAATGT-1-gPlexB3_s1,3_leaf
TTCGAAGGTCGTGGCT-1-gPlexB3_s1,TTCGAAGGTCGTGGCT-1-gPlexB3_s1,3_leaf
TTGGCAATCTGAGGGA-1-gPlexB7_s1,TTGGCAATCTGAGGGA-1-gPlexB7_s1,5_leaf
CGATGGCCACGTGAGA-1-gPlexB2_s1,CGATGGCCACGTGAGA-1-gPlexB2_s1,4_leaf
AGGGATGGTCATATGC-1-gPlexB3_s1,AGGGATGGTCATATGC-1-gPlexB3_s1,3_leaf
TTAGGACGTGCAACTT-1-gPlexB4_s1,TTAGGACGTGCAACTT-1-gPlexB4_s1,4_leaf
CATCAGAGTTCCACAA-1-gPlexB5_s1,CATCAGAGTTCCACAA-1-gPlexB5_s1,5_leaf
CTGGTCTGTCTAGCCG-1-gPlexB1_s1,CTGGTCTGTCTAGCCG-1-gPlexB1_s1,3_leaf
AGGGTGACAATAACGA-1-gPlexB1_s1,AGGGTGACAATAACGA-1-gPlexB1_s1,4_leaf
TGCGGGTCAGGCTGAA-1-gPlexB3_s1,TGCGGGTCAGGCTGAA-1-gPlexB3_s1,5_leaf
ACTTTCACAGGTTTCA-1-gPlexB5_s1,ACTTTCACAGGTTTCA-1-gPlexB5_s1,4_leaf
GACTAACAGCCTCGTG-1-gPlexB6_s1,GACTAACAGCCTCGTG-1-gPlexB6_s1,5_leaf
CACAGGCGTTGCGCAC-1-gPlexB6_s1,CACAGGCGTTGCGCAC-1-gPlexB6_s1,5_leaf
CTCAGAATCTCGTTTA-1-gPlexB5_s1,CTCAGAATCTCGTTTA-1-gPlexB5_s1,4_leaf
CTGCCTAAGTGGCACA-1-gPlexB5_s1,CTGCCTAAGTGGCACA-1-gPlexB5_s1,4_leaf
GACTACACAGTAAGCG-1-gPlexB7_s1,GACTACACAGTAAGCG-1-gPlexB7_s1,5_leaf
CCACCTAAGGCTAGCA-1-gPlexB2_s1,CCACCTAAGGCTAGCA-1-gPlexB2_s1,5_leaf
GGAACTTAGTTAACGA-1-gPlexB3_s1,GGAACTTAGTTAACGA-1-gPlexB3_s1,4_leaf
AAACCTGCAGGGCATA-1-gPlexB2_s1,AAACCTGCAGGGCATA-1-gPlexB2_s1,4_leaf
ACGGCCAAGATGGCGT-1-gPlexB7_s1,ACGGCCAAGATGGCGT-1-gPlexB7_s1,6_leaf
TATCAGGCAGTATAAG-1-gPlexB4_s1,TATCAGGCAGTATAAG-1-gPlexB4_s1,5_leaf
TACTTACTCCAAGTAC-1-gPlexB4_s1,TACTTACTCCAAGTAC-1-gPlexB4_s1,5_leaf
GACGTTACAAACGTGG-1-gPlexB1_s1,GACGTTACAAACGTGG-1-gPlexB1_s1,4_leaf
AGCGTATCAGATGAGC-1-gPlexB4_s1,AGCGTATCAGATGAGC-1-gPlexB4_s1,6_leaf
GAAACTCTCGCCGTGA-1-gPlexB2_s1,GAAACTCTCGCCGTGA-1-gPlexB2_s1,4_leaf
ATCATCTGTAGCGTCC-1-gPlexB6_s1,ATCATCTGTAGCGTCC-1-gPlexB6_s1,4_leaf
CGTGTAATCTTTACGT-1-gPlexB5_s1,CGTGTAATCTTTACGT-1-gPlexB5_s1,3_leaf
ACTTTCACAGACGCCT-1-gPlexB5_s1,ACTTTCACAGACGCCT-1-gPlexB5_s1,5_leaf
CGCCAAGGTCACTTCC-1-gPlexB6_s1,CGCCAAGGTCACTTCC-1-gPlexB6_s1,4_leaf
TGATTTCGTCGAATCT-1-gPlexB1_s1,TGATTTCGTCGAATCT-1-gPlexB1_s1,4_leaf
ACATACGGTCACACGC-1-gPlexB4_s1,ACATACGGTCACACGC-1-gPlexB4_s1,5_leaf
TGCCAAAAGAAGCCCA-1-gPlexB4_s1,TGCCAAAAGAAGCCCA-1-gPlexB4_s1,3_leaf
CCCAATCCAACGCACC-1-gPlexB5_s1,CCCAATCCAACGCACC-1-gPlexB5_s1,5_leaf
CGCGTTTGTAAGGATT-1-gPlexB6_s1,CGCGTTTGTAAGGATT-1-gPlexB6_s1,4_leaf
AGCTCTCGTTCCACAA-1-gPlexB4_s1,AGCTCTCGTTCCACAA-1-gPlexB4_s1,3_leaf
CACATTTTCAAAGTAG-1-gPlexB3_s1,CACATTTTCAAAGTAG-1-gPlexB3_s1,5_leaf
GTGGGTCTCGAGAACG-1-gPlexB3_s1,GTGGGTCTCGAGAACG-1-gPlexB3_s1,5_leaf
TGAGAGGAGTGACATA-1-gPlexB3_s1,TGAGAGGAGTGACATA-1-gPlexB3_s1,4_leaf
CTAGCCTGTTGGTAAA-1-gPlexB2_s1,CTAGCCTGTTGGTAAA-1-gPlexB2_s1,4_leaf
CGTCAGGGTAACGCGA-1-gPlexB7_s1,CGTCAGGGTAACGCGA-1-gPlexB7_s1,4_leaf
GTGCTTCAGGTGACCA-1-gPlexB6_s1,GTGCTTCAGGTGACCA-1-gPlexB6_s1,4_leaf
TATGCCCTCCGCATAA-1-gPlexB6_s1,TATGCCCTCCGCATAA-1-gPlexB6_s1,4_leaf
ACGTCAAGTTAAGTAG-1-gPlexB1_s1,ACGTCAAGTTAAGTAG-1-gPlexB1_s1,5_leaf
CGGACTGGTAGTAGTA-1-gPlexB7_s1,CGGACTGGTAGTAGTA-1-gPlexB7_s1,4_leaf
AGGCCGTCACTGTGTA-1-gPlexB2_s1,AGGCCGTCACTGTGTA-1-gPlexB2_s1,5_leaf
AGCGTATAGACTACAA-1-gPlexB3_s1,AGCGTATAGACTACAA-1-gPlexB3_s1,6_leaf
TACGGGCAGCCACGTC-1-gPlexB3_s1,TACGGGCAGCCACGTC-1-gPlexB3_s1,5_leaf
GCATGATTCGCCGTGA-1-gPlexB6_s1,GCATGATTCGCCGTGA-1-gPlexB6_s1,5_leaf
CGGGTCAGTCCAAGTT-1-gPlexB3_s1,CGGGTCAGTCCAAGTT-1-gPlexB3_s1,4_leaf
GGGCATCAGGGATACC-1-gPlexB3_s1,GGGCATCAGGGATACC-1-gPlexB3_s1,3_leaf
AGCCTAATCCAAACAC-1-gPlexB1_s1,AGCCTAATCCAAACAC-1-gPlexB1_s1,4_leaf
CGGACGTAGCCACGTC-1-gPlexB2_s1,CGGACGTAGCCACGTC-1-gPlexB2_s1,6_leaf
GTAGGCCCAGATGGGT-1-gPlexB1_s1,GTAGGCCCAGATGGGT-1-gPlexB1_s1,4_leaf
AACTCCCGTTATGCGT-1-gPlexB1_s1,AACTCCCGTTATGCGT-1-gPlexB1_s1,4_leaf
ACATCAGGTCTTGTCC-1-gPlexB5_s1,ACATCAGGTCTTGTCC-1-gPlexB5_s1,3_leaf
TAGCCGGGTTCGTCTC-1-gPlexB2_s1,TAGCCGGGTTCGTCTC-1-gPlexB2_s1,3_leaf
AACCGCGTCCCTAACC-1-gPlexB1_s1,AACCGCGTCCCTAACC-1-gPlexB1_s1,3_leaf
CAAGATCCATGACGGA-1-gPlexB4_s1,CAAGATCCATGACGGA-1-gPlexB4_s1,3_leaf
GTGCAGCAGATGTGGC-1-gPlexB1_s1,GTGCAGCAGATGTGGC-1-gPlexB1_s1,3_leaf
GGCCGATGTCCAACTA-1-gPlexB2_s1,GGCCGATGTCCAACTA-1-gPlexB2_s1,3_leaf
GCTGCGAGTGGTAACG-1-gPlexB1_s1,GCTGCGAGTGGTAACG-1-gPlexB1_s1,3_leaf
GACCTGGTCTTTACAC-1-gPlexB6_s1,GACCTGGTCTTTACAC-1-gPlexB6_s1,4_leaf
ACTTGTTCAATAGAGT-1-gPlexB1_s1,ACTTGTTCAATAGAGT-1-gPlexB1_s1,4_leaf
AGACGTTAGCTGCCCA-1-gPlexB5_s1,AGACGTTAGCTGCCCA-1-gPlexB5_s1,6_leaf
GACCAATTCAACACGT-1-gPlexB1_s1,GACCAATTCAACACGT-1-gPlexB1_s1,4_leaf
CATCAGAGTCAGATAA-1-gPlexB6_s1,CATCAGAGTCAGATAA-1-gPlexB6_s1,4_leaf
CAGCGACTCCACGTGG-1-gPlexB1_s1,CAGCGACTCCACGTGG-1-gPlexB1_s1,4_leaf
CAGCTAACACGACTCG-1-gPlexB4_s1,CAGCTAACACGACTCG-1-gPlexB4_s1,4_leaf
GGGCACTCAGTCGATT-1-gPlexB5_s1,GGGCACTCAGTCGATT-1-gPlexB5_s1,4_leaf
CGCTATCAGTGCAAGC-1-gPlexB5_s1,CGCTATCAGTGCAAGC-1-gPlexB5_s1,4_leaf
GTAACGTAGTCATGCT-1-gPlexB1_s1,GTAACGTAGTCATGCT-1-gPlexB1_s1,4_leaf
GAATAAGTCCAGAAGG-1-gPlexB1_s1,GAATAAGTCCAGAAGG-1-gPlexB1_s1,6_leaf
TTCTCCTTCGGCTACG-1-gPlexB5_s1,TTCTCCTTCGGCTACG-1-gPlexB5_s1,4_leaf
GATGCTACACGCGAAA-1-gPlexB3_s1,GATGCTACACGCGAAA-1-gPlexB3_s1,3_leaf
CTCGAGGGTAAGGATT-1-gPlexB5_s1,CTCGAGGGTAAGGATT-1-gPlexB5_s1,5_leaf
TCATTTGGTCTCACCT-1-gPlexB2_s1,TCATTTGGTCTCACCT-1-gPlexB2_s1,4_leaf
ACATCAGTCCGTCATC-1-gPlexB6_s1,ACATCAGTCCGTCATC-1-gPlexB6_s1,5_leaf
GACTGCGGTGCCTTGG-1-gPlexB4_s1,GACTGCGGTGCCTTGG-1-gPlexB4_s1,4_leaf
GTTCTCGTCCTAAGTG-1-gPlexB2_s1,GTTCTCGTCCTAAGTG-1-gPlexB2_s1,4_leaf
GGTGTTATCGAGAGCA-1-gPlexB2_s1,GGTGTTATCGAGAGCA-1-gPlexB2_s1,3_leaf
TTCTACAGTGTTGGGA-1-gPlexB5_s1,TTCTACAGTGTTGGGA-1-gPlexB5_s1,4_leaf
CCCAATCCACCACCAG-1-gPlexB2_s1,CCCAATCCACCACCAG-1-gPlexB2_s1,4_leaf
CAGCCGACAAACTGTC-1-gPlexB5_s1,CAGCCGACAAACTGTC-1-gPlexB5_s1,4_leaf
GAGTCCGAGATATGGT-1-gPlexB3_s1,GAGTCCGAGATATGGT-1-gPlexB3_s1,6_leaf
CATCAAGGTTATCACG-1-gPlexB4_s1,CATCAAGGTTATCACG-1-gPlexB4_s1,4_leaf
CATGGCGGTCCCTACT-1-gPlexB5_s1,CATGGCGGTCCCTACT-1-gPlexB5_s1,4_leaf
CGCGGTAGTCGATTGT-1-gPlexB1_s1,CGCGGTAGTCGATTGT-1-gPlexB1_s1,4_leaf
TTAGTTCGTATAGTAG-1-gPlexB2_s1,TTAGTTCGTATAGTAG-1-gPlexB2_s1,5_leaf
CAAGAAAGTAGCCTAT-1-gPlexB5_s1,CAAGAAAGTAGCCTAT-1-gPlexB5_s1,4_leaf
GTCGGGTGTCATACTG-1-gPlexB5_s1,GTCGGGTGTCATACTG-1-gPlexB5_s1,4_leaf
GCAAACTAGGAATGGA-1-gPlexB7_s1,GCAAACTAGGAATGGA-1-gPlexB7_s1,3_leaf
CGTCTACGTTCCCGAG-1-gPlexB6_s1,CGTCTACGTTCCCGAG-1-gPlexB6_s1,4_leaf
CTAGCCTGTTGTTTGG-1-gPlexB7_s1,CTAGCCTGTTGTTTGG-1-gPlexB7_s1,4_leaf
GCAATCATCAGCTCTC-1-gPlexB3_s1,GCAATCATCAGCTCTC-1-gPlexB3_s1,4_leaf
TGATTTCTCCTCCTAG-1-gPlexB5_s1,TGATTTCTCCTCCTAG-1-gPlexB5_s1,4_leaf
GTAGTCATCACTTACT-1-gPlexB2_s1,GTAGTCATCACTTACT-1-gPlexB2_s1,4_leaf
CCATTCGTCGGAAATA-1-gPlexB7_s1,CCATTCGTCGGAAATA-1-gPlexB7_s1,4_leaf
CTCACACTCCTTGCCA-1-gPlexB7_s1,CTCACACTCCTTGCCA-1-gPlexB7_s1,6_leaf
TGTATTCTCGCGTTTC-1-gPlexB6_s1,TGTATTCTCGCGTTTC-1-gPlexB6_s1,3_leaf
CGCCAAGAGGTGCACA-1-gPlexB5_s1,CGCCAAGAGGTGCACA-1-gPlexB5_s1,4_leaf
ATCGAGTGTGGCGAAT-1-gPlexB6_s1,ATCGAGTGTGGCGAAT-1-gPlexB6_s1,3_leaf
AAACCTGGTGATAAGT-1-gPlexB3_s1,AAACCTGGTGATAAGT-1-gPlexB3_s1,4_leaf
GCACATAAGACACGAC-1-gPlexB2_s1,GCACATAAGACACGAC-1-gPlexB2_s1,4_leaf
CAGCAGCCATCGGTTA-1-gPlexB7_s1,CAGCAGCCATCGGTTA-1-gPlexB7_s1,6_leaf
ATTGGTGAGGCTAGCA-1-gPlexB2_s1,ATTGGTGAGGCTAGCA-1-gPlexB2_s1,4_leaf
CAACCTCGTTCGGCAC-1-gPlexB7_s1,CAACCTCGTTCGGCAC-1-gPlexB7_s1,5_leaf
GGGTTGCCAGAGCCAA-1-gPlexB7_s1,GGGTTGCCAGAGCCAA-1-gPlexB7_s1,4_leaf
GGGTCTGGTGGCTCCA-1-gPlexB2_s1,GGGTCTGGTGGCTCCA-1-gPlexB2_s1,5_leaf
TCGGTAACATCTACGA-1-gPlexB5_s1,TCGGTAACATCTACGA-1-gPlexB5_s1,3_leaf
GTTCTCGGTACAGACG-1-gPlexB1_s1,GTTCTCGGTACAGACG-1-gPlexB1_s1,4_leaf
GCATGCGAGCGCCTTG-1-gPlexB6_s1,GCATGCGAGCGCCTTG-1-gPlexB6_s1,6_leaf
ACGCCGACAGGTCCAC-1-gPlexB4_s1,ACGCCGACAGGTCCAC-1-gPlexB4_s1,4_leaf
ACCGTAAAGAAGGGTA-1-gPlexB3_s1,ACCGTAAAGAAGGGTA-1-gPlexB3_s1,3_leaf
ACCAGTAAGCGTGTCC-1-gPlexB1_s1,ACCAGTAAGCGTGTCC-1-gPlexB1_s1,5_leaf
CGATCGGCACTGAAGG-1-gPlexB4_s1,CGATCGGCACTGAAGG-1-gPlexB4_s1,4_leaf
CACAAACTCGAATGGG-1-gPlexB6_s1,CACAAACTCGAATGGG-1-gPlexB6_s1,4_leaf
TATCAGGAGGTTACCT-1-gPlexB7_s1,TATCAGGAGGTTACCT-1-gPlexB7_s1,5_leaf
AAGTCTGCACACCGCA-1-gPlexB6_s1,AAGTCTGCACACCGCA-1-gPlexB6_s1,5_leaf
ACCTTTAAGTGGAGAA-1-gPlexB3_s1,ACCTTTAAGTGGAGAA-1-gPlexB3_s1,5_leaf
GGGCATCCACCAGTTA-1-gPlexB1_s1,GGGCATCCACCAGTTA-1-gPlexB1_s1,3_leaf
AGAGTGGAGACCGGAT-1-gPlexB3_s1,AGAGTGGAGACCGGAT-1-gPlexB3_s1,5_leaf
ACGGGTCTCAGGTTCA-1-gPlexB7_s1,ACGGGTCTCAGGTTCA-1-gPlexB7_s1,4_leaf
CATGCCTCAAAGCAAT-1-gPlexB4_s1,CATGCCTCAAAGCAAT-1-gPlexB4_s1,5_leaf
CTTAGGATCAAGGCTT-1-gPlexB6_s1,CTTAGGATCAAGGCTT-1-gPlexB6_s1,4_leaf
CACACAATCGTATCAG-1-gPlexB1_s1,CACACAATCGTATCAG-1-gPlexB1_s1,4_leaf
TAAGTGCTCCCAACGG-1-gPlexB2_s1,TAAGTGCTCCCAACGG-1-gPlexB2_s1,5_leaf
CTTTGCGAGATGGCGT-1-gPlexB5_s1,CTTTGCGAGATGGCGT-1-gPlexB5_s1,5_leaf
CACACTCAGTAGCGGT-1-gPlexB2_s1,CACACTCAGTAGCGGT-1-gPlexB2_s1,4_leaf
CGCGGTAGTATGAAAC-1-gPlexB1_s1,CGCGGTAGTATGAAAC-1-gPlexB1_s1,4_leaf
AGCAGCCCAGACGCTC-1-gPlexB2_s1,AGCAGCCCAGACGCTC-1-gPlexB2_s1,3_leaf
CATCGGGAGTATGACA-1-gPlexB2_s1,CATCGGGAGTATGACA-1-gPlexB2_s1,3_leaf
AACCATGTCTCTGTCG-1-gPlexB7_s1,AACCATGTCTCTGTCG-1-gPlexB7_s1,5_leaf
GCGAGAAAGTCCTCCT-1-gPlexB5_s1,GCGAGAAAGTCCTCCT-1-gPlexB5_s1,4_leaf
GTTCATTCACGGATAG-1-gPlexB7_s1,GTTCATTCACGGATAG-1-gPlexB7_s1,3_leaf
GTTACAGTCATGCATG-1-gPlexB3_s1,GTTACAGTCATGCATG-1-gPlexB3_s1,5_leaf
CTTCTCTCACTGTTAG-1-gPlexB1_s1,CTTCTCTCACTGTTAG-1-gPlexB1_s1,5_leaf
CTGTGCTCAAACCTAC-1-gPlexB5_s1,CTGTGCTCAAACCTAC-1-gPlexB5_s1,5_leaf
AGACGTTGTTGGTTTG-1-gPlexB6_s1,AGACGTTGTTGGTTTG-1-gPlexB6_s1,3_leaf
TACGGATAGTCCAGGA-1-gPlexB2_s1,TACGGATAGTCCAGGA-1-gPlexB2_s1,4_leaf
TCGCGTTTCCGTTGCT-1-gPlexB1_s1,TCGCGTTTCCGTTGCT-1-gPlexB1_s1,3_leaf
ATGTGTGTCACAACGT-1-gPlexB5_s1,ATGTGTGTCACAACGT-1-gPlexB5_s1,4_leaf
ATCATGGAGAGCTATA-1-gPlexB1_s1,ATCATGGAGAGCTATA-1-gPlexB1_s1,6_leaf
TAGCCGGAGGCCCTCA-1-gPlexB6_s1,TAGCCGGAGGCCCTCA-1-gPlexB6_s1,5_leaf
ACGCAGCTCTGTCTAT-1-gPlexB7_s1,ACGCAGCTCTGTCTAT-1-gPlexB7_s1,5_leaf
GCATGCGCAATTGCTG-1-gPlexB7_s1,GCATGCGCAATTGCTG-1-gPlexB7_s1,5_leaf
GGTATTGCATGTAAGA-1-gPlexB5_s1,GGTATTGCATGTAAGA-1-gPlexB5_s1,4_leaf
ACGCAGCTCTTAACCT-1-gPlexB6_s1,ACGCAGCTCTTAACCT-1-gPlexB6_s1,4_leaf
CACAGTATCTGCAAGT-1-gPlexB6_s1,CACAGTATCTGCAAGT-1-gPlexB6_s1,4_leaf
CACACCTTCAACACGT-1-gPlexB6_s1,CACACCTTCAACACGT-1-gPlexB6_s1,4_leaf
CTCGAAATCGGAATCT-1-gPlexB7_s1,CTCGAAATCGGAATCT-1-gPlexB7_s1,6_leaf
CAGTAACCAGTGGAGT-1-gPlexB4_s1,CAGTAACCAGTGGAGT-1-gPlexB4_s1,4_leaf
TCTCTAATCCCTAATT-1-gPlexB6_s1,TCTCTAATCCCTAATT-1-gPlexB6_s1,5_leaf
GTGCTTCAGCCGATTT-1-gPlexB6_s1,GTGCTTCAGCCGATTT-1-gPlexB6_s1,4_leaf
CAACTAGGTCGCATAT-1-gPlexB6_s1,CAACTAGGTCGCATAT-1-gPlexB6_s1,4_leaf
TTTGGTTCATCCAACA-1-gPlexB1_s1,TTTGGTTCATCCAACA-1-gPlexB1_s1,4_leaf
CAACCTCCAAGACACG-1-gPlexB6_s1,CAACCTCCAAGACACG-1-gPlexB6_s1,3_leaf
GGGCATCCATTTGCCC-1-gPlexB6_s1,GGGCATCCATTTGCCC-1-gPlexB6_s1,4_leaf
TCAGCAAGTCCCGACA-1-gPlexB4_s1,TCAGCAAGTCCCGACA-1-gPlexB4_s1,3_leaf
GACGCGTGTAAAGGAG-1-gPlexB5_s1,GACGCGTGTAAAGGAG-1-gPlexB5_s1,4_leaf
AACTTTCCAGACGCAA-1-gPlexB6_s1,AACTTTCCAGACGCAA-1-gPlexB6_s1,3_leaf
GGAAAGCGTCATGCCG-1-gPlexB5_s1,GGAAAGCGTCATGCCG-1-gPlexB5_s1,6_leaf
TCCCGATGTATAGGGC-1-gPlexB7_s1,TCCCGATGTATAGGGC-1-gPlexB7_s1,3_leaf
TTGCGTCGTCCATGAT-1-gPlexB4_s1,TTGCGTCGTCCATGAT-1-gPlexB4_s1,4_leaf
TATCTCAAGTGCCATT-1-gPlexB6_s1,TATCTCAAGTGCCATT-1-gPlexB6_s1,4_leaf
GCGCAGTGTGCAGTAG-1-gPlexB2_s1,GCGCAGTGTGCAGTAG-1-gPlexB2_s1,4_leaf
CGTAGGCAGCTGTCTA-1-gPlexB3_s1,CGTAGGCAGCTGTCTA-1-gPlexB3_s1,4_leaf
GTTACAGGTAGCGATG-1-gPlexB3_s1,GTTACAGGTAGCGATG-1-gPlexB3_s1,4_leaf
ACGCCAGAGCAAATCA-1-gPlexB5_s1,ACGCCAGAGCAAATCA-1-gPlexB5_s1,3_leaf
ACGAGGATCTGAGTGT-1-gPlexB2_s1,ACGAGGATCTGAGTGT-1-gPlexB2_s1,5_leaf
TTGCCGTAGCTTTGGT-1-gPlexB2_s1,TTGCCGTAGCTTTGGT-1-gPlexB2_s1,5_leaf
TGACAACAGGGTCTCC-1-gPlexB1_s1,TGACAACAGGGTCTCC-1-gPlexB1_s1,3_leaf
GTGCGGTTCCGGGTGT-1-gPlexB4_s1,GTGCGGTTCCGGGTGT-1-gPlexB4_s1,3_leaf
GCATGCGTCTACCTGC-1-gPlexB4_s1,GCATGCGTCTACCTGC-1-gPlexB4_s1,3_leaf
ACGTCAAGTATGAAAC-1-gPlexB2_s1,ACGTCAAGTATGAAAC-1-gPlexB2_s1,4_leaf
CGTTGGGAGTGATCGG-1-gPlexB5_s1,CGTTGGGAGTGATCGG-1-gPlexB5_s1,5_leaf
GATCGCGCACACCGCA-1-gPlexB1_s1,GATCGCGCACACCGCA-1-gPlexB1_s1,4_leaf
ACGGCCATCCACTGGG-1-gPlexB6_s1,ACGGCCATCCACTGGG-1-gPlexB6_s1,4_leaf
GGCCGATTCGCGTTTC-1-gPlexB7_s1,GGCCGATTCGCGTTTC-1-gPlexB7_s1,5_leaf
CTGCGGAAGGTGACCA-1-gPlexB7_s1,CTGCGGAAGGTGACCA-1-gPlexB7_s1,3_leaf
TGCCCTAAGCGTCTAT-1-gPlexB6_s1,TGCCCTAAGCGTCTAT-1-gPlexB6_s1,4_leaf
TGCCAAAGTAAGAGGA-1-gPlexB7_s1,TGCCAAAGTAAGAGGA-1-gPlexB7_s1,3_leaf
CAGCTGGTCGTCACGG-1-gPlexB6_s1,CAGCTGGTCGTCACGG-1-gPlexB6_s1,5_leaf
ACGAGCCAGAAGGTGA-1-gPlexB5_s1,ACGAGCCAGAAGGTGA-1-gPlexB5_s1,6_leaf
ACGAGGATCATTCACT-1-gPlexB3_s1,ACGAGGATCATTCACT-1-gPlexB3_s1,3_leaf
TCATTACGTCACTTCC-1-gPlexB4_s1,TCATTACGTCACTTCC-1-gPlexB4_s1,3_leaf
ACGGAGACAAGAAAGG-1-gPlexB3_s1,ACGGAGACAAGAAAGG-1-gPlexB3_s1,5_leaf
ACTTGTTTCGGAAATA-1-gPlexB7_s1,ACTTGTTTCGGAAATA-1-gPlexB7_s1,6_leaf
GATCTAGTCTTCGAGA-1-gPlexB7_s1,GATCTAGTCTTCGAGA-1-gPlexB7_s1,4_leaf
CTAGCCTAGATAGGAG-1-gPlexB4_s1,CTAGCCTAGATAGGAG-1-gPlexB4_s1,4_leaf
CATATTCCATTCACTT-1-gPlexB2_s1,CATATTCCATTCACTT-1-gPlexB2_s1,4_leaf
AACTCTTCATTGAGCT-1-gPlexB7_s1,AACTCTTCATTGAGCT-1-gPlexB7_s1,4_leaf
CTCTACGAGGCAGGTT-1-gPlexB6_s1,CTCTACGAGGCAGGTT-1-gPlexB6_s1,4_leaf
ACTGCTCTCGTAGGTT-1-gPlexB4_s1,ACTGCTCTCGTAGGTT-1-gPlexB4_s1,4_leaf
CGGAGTCAGACTAGGC-1-gPlexB7_s1,CGGAGTCAGACTAGGC-1-gPlexB7_s1,3_leaf
GTTTCTACACCAGGTC-1-gPlexB3_s1,GTTTCTACACCAGGTC-1-gPlexB3_s1,4_leaf
CCCAGTTAGAGAACAG-1-gPlexB7_s1,CCCAGTTAGAGAACAG-1-gPlexB7_s1,3_leaf
GGACAGAGTAGGGTAC-1-gPlexB3_s1,GGACAGAGTAGGGTAC-1-gPlexB3_s1,4_leaf
ACATCAGTCCTAGAAC-1-gPlexB6_s1,ACATCAGTCCTAGAAC-1-gPlexB6_s1,4_leaf
TGCCCTATCTCGAGTA-1-gPlexB3_s1,TGCCCTATCTCGAGTA-1-gPlexB3_s1,3_leaf
CGTGTAATCGCGTTTC-1-gPlexB4_s1,CGTGTAATCGCGTTTC-1-gPlexB4_s1,3_leaf
GTCAAGTCAGGCAGTA-1-gPlexB5_s1,GTCAAGTCAGGCAGTA-1-gPlexB5_s1,6_leaf
ACGATACTCCGCATCT-1-gPlexB1_s1,ACGATACTCCGCATCT-1-gPlexB1_s1,4_leaf
AGAGTGGGTGACCAAG-1-gPlexB6_s1,AGAGTGGGTGACCAAG-1-gPlexB6_s1,3_leaf
AGGTCCGCACGTCTCT-1-gPlexB3_s1,AGGTCCGCACGTCTCT-1-gPlexB3_s1,4_leaf
AGTGTCATCGCTTGTC-1-gPlexB1_s1,AGTGTCATCGCTTGTC-1-gPlexB1_s1,3_leaf
GTAACTGCATCGGAAG-1-gPlexB3_s1,GTAACTGCATCGGAAG-1-gPlexB3_s1,4_leaf
GATCGATGTGGTACAG-1-gPlexB7_s1,GATCGATGTGGTACAG-1-gPlexB7_s1,4_leaf
ATCTGCCTCGCCGTGA-1-gPlexB4_s1,ATCTGCCTCGCCGTGA-1-gPlexB4_s1,5_leaf
GGCAATTCAGTGGAGT-1-gPlexB3_s1,GGCAATTCAGTGGAGT-1-gPlexB3_s1,4_leaf
AACCATGGTTAGATGA-1-gPlexB3_s1,AACCATGGTTAGATGA-1-gPlexB3_s1,4_leaf
ATAACGCAGCTCCTTC-1-gPlexB5_s1,ATAACGCAGCTCCTTC-1-gPlexB5_s1,3_leaf
GCGCCAAAGAAGGACA-1-gPlexB6_s1,GCGCCAAAGAAGGACA-1-gPlexB6_s1,4_leaf
TAGTGGTGTACAGACG-1-gPlexB5_s1,TAGTGGTGTACAGACG-1-gPlexB5_s1,4_leaf
CGGTTAAAGTCGTACT-1-gPlexB2_s1,CGGTTAAAGTCGTACT-1-gPlexB2_s1,6_leaf
ACACCAAGTCAAAGAT-1-gPlexB7_s1,ACACCAAGTCAAAGAT-1-gPlexB7_s1,5_leaf
GCTGGGTTCCACGCAG-1-gPlexB7_s1,GCTGGGTTCCACGCAG-1-gPlexB7_s1,5_leaf
AAACGGGGTGCTCTTC-1-gPlexB7_s1,AAACGGGGTGCTCTTC-1-gPlexB7_s1,3_leaf
TGGACGCGTGATAAGT-1-gPlexB6_s1,TGGACGCGTGATAAGT-1-gPlexB6_s1,4_leaf
TGCTGCTCAGCTTCGG-1-gPlexB2_s1,TGCTGCTCAGCTTCGG-1-gPlexB2_s1,4_leaf
GTCCTCATCCATGCTC-1-gPlexB3_s1,GTCCTCATCCATGCTC-1-gPlexB3_s1,4_leaf
GTGCGGTGTCGTGGCT-1-gPlexB7_s1,GTGCGGTGTCGTGGCT-1-gPlexB7_s1,4_leaf
CGGGTCATCCTCAACC-1-gPlexB3_s1,CGGGTCATCCTCAACC-1-gPlexB3_s1,4_leaf
TTCTACAGTTCCATGA-1-gPlexB5_s1,TTCTACAGTTCCATGA-1-gPlexB5_s1,4_leaf
GAATAAGGTACTCAAC-1-gPlexB2_s1,GAATAAGGTACTCAAC-1-gPlexB2_s1,4_leaf
CGTCTACTCGTGGGAA-1-gPlexB3_s1,CGTCTACTCGTGGGAA-1-gPlexB3_s1,4_leaf
CGACCTTGTGAGTATA-1-gPlexB3_s1,CGACCTTGTGAGTATA-1-gPlexB3_s1,4_leaf
ATTTCTGCATTGGCGC-1-gPlexB7_s1,ATTTCTGCATTGGCGC-1-gPlexB7_s1,4_leaf
ACTGAGTCACGACGAA-1-gPlexB1_s1,ACTGAGTCACGACGAA-1-gPlexB1_s1,4_leaf
ACAGCCGGTACTCAAC-1-gPlexB5_s1,ACAGCCGGTACTCAAC-1-gPlexB5_s1,5_leaf
TACGGATTCGGACAAG-1-gPlexB7_s1,TACGGATTCGGACAAG-1-gPlexB7_s1,4_leaf
CTCGGAGAGCTACCGC-1-gPlexB5_s1,CTCGGAGAGCTACCGC-1-gPlexB5_s1,3_leaf
GTGCTTCCATAGTAAG-1-gPlexB1_s1,GTGCTTCCATAGTAAG-1-gPlexB1_s1,4_leaf
GGACATTGTAGAGCTG-1-gPlexB4_s1,GGACATTGTAGAGCTG-1-gPlexB4_s1,3_leaf
GGTGTTAGTCCAACTA-1-gPlexB4_s1,GGTGTTAGTCCAACTA-1-gPlexB4_s1,4_leaf
CCTACCAGTCTAGTCA-1-gPlexB1_s1,CCTACCAGTCTAGTCA-1-gPlexB1_s1,4_leaf
AGTGGGAGTGCGATAG-1-gPlexB2_s1,AGTGGGAGTGCGATAG-1-gPlexB2_s1,5_leaf
GTACTCCGTGCCTGGT-1-gPlexB5_s1,GTACTCCGTGCCTGGT-1-gPlexB5_s1,4_leaf
CGTGTCTGTACACCGC-1-gPlexB1_s1,CGTGTCTGTACACCGC-1-gPlexB1_s1,4_leaf
ACACCCTAGGCATGTG-1-gPlexB6_s1,ACACCCTAGGCATGTG-1-gPlexB6_s1,4_leaf
TATCAGGTCCGTAGTA-1-gPlexB7_s1,TATCAGGTCCGTAGTA-1-gPlexB7_s1,4_leaf
CGACCTTCAGAAGCAC-1-gPlexB2_s1,CGACCTTCAGAAGCAC-1-gPlexB2_s1,4_leaf
TTCCCAGAGTACGCCC-1-gPlexB2_s1,TTCCCAGAGTACGCCC-1-gPlexB2_s1,4_leaf
GTGCAGCCACAGGAGT-1-gPlexB5_s1,GTGCAGCCACAGGAGT-1-gPlexB5_s1,5_leaf
TGTATTCTCGTAGATC-1-gPlexB7_s1,TGTATTCTCGTAGATC-1-gPlexB7_s1,6_leaf
AAAGTAGGTCTCCATC-1-gPlexB5_s1,AAAGTAGGTCTCCATC-1-gPlexB5_s1,6_leaf
CAACCAATCCATGAGT-1-gPlexB2_s1,CAACCAATCCATGAGT-1-gPlexB2_s1,5_leaf
CCACGGATCTTTCCTC-1-gPlexB2_s1,CCACGGATCTTTCCTC-1-gPlexB2_s1,4_leaf
CTGGTCTGTAGGCTGA-1-gPlexB2_s1,CTGGTCTGTAGGCTGA-1-gPlexB2_s1,4_leaf
TCGCGTTTCGCCGTGA-1-gPlexB2_s1,TCGCGTTTCGCCGTGA-1-gPlexB2_s1,4_leaf
GCAGTTACACTTAAGC-1-gPlexB7_s1,GCAGTTACACTTAAGC-1-gPlexB7_s1,3_leaf
ATCCGAAGTCGGATCC-1-gPlexB6_s1,ATCCGAAGTCGGATCC-1-gPlexB6_s1,5_leaf
TTAGGACTCCTCATTA-1-gPlexB2_s1,TTAGGACTCCTCATTA-1-gPlexB2_s1,4_leaf
GCGCAGTAGTGAATTG-1-gPlexB7_s1,GCGCAGTAGTGAATTG-1-gPlexB7_s1,3_leaf
CACAGTAGTATTACCG-1-gPlexB6_s1,CACAGTAGTATTACCG-1-gPlexB6_s1,5_leaf
TAGGCATCACAGGAGT-1-gPlexB2_s1,TAGGCATCACAGGAGT-1-gPlexB2_s1,5_leaf
AAGGTTCGTAGTGAAT-1-gPlexB5_s1,AAGGTTCGTAGTGAAT-1-gPlexB5_s1,5_leaf
ATAACGCTCTGGCGTG-1-gPlexB1_s1,ATAACGCTCTGGCGTG-1-gPlexB1_s1,4_leaf
TATCAGGTCGCAAACT-1-gPlexB3_s1,TATCAGGTCGCAAACT-1-gPlexB3_s1,3_leaf
CGGACGTGTAAGGGAA-1-gPlexB6_s1,CGGACGTGTAAGGGAA-1-gPlexB6_s1,4_leaf
CGTCAGGAGTTGAGTA-1-gPlexB6_s1,CGTCAGGAGTTGAGTA-1-gPlexB6_s1,3_leaf
ATCATCTCATGACATC-1-gPlexB2_s1,ATCATCTCATGACATC-1-gPlexB2_s1,6_leaf
CTGCGGAAGTGATCGG-1-gPlexB3_s1,CTGCGGAAGTGATCGG-1-gPlexB3_s1,4_leaf
TCACGAAGTTACCAGT-1-gPlexB3_s1,TCACGAAGTTACCAGT-1-gPlexB3_s1,3_leaf
CGTCAGGCAGTTAACC-1-gPlexB3_s1,CGTCAGGCAGTTAACC-1-gPlexB3_s1,4_leaf
GGTATTGTCCTCAATT-1-gPlexB6_s1,GGTATTGTCCTCAATT-1-gPlexB6_s1,4_leaf
AAGGTTCTCGACAGCC-1-gPlexB3_s1,AAGGTTCTCGACAGCC-1-gPlexB3_s1,3_leaf
CTAATGGCAGCTGCAC-1-gPlexB1_s1,CTAATGGCAGCTGCAC-1-gPlexB1_s1,4_leaf
ACGCCGATCCTCGCAT-1-gPlexB7_s1,ACGCCGATCCTCGCAT-1-gPlexB7_s1,4_leaf
GACGGCTAGGACTGGT-1-gPlexB5_s1,GACGGCTAGGACTGGT-1-gPlexB5_s1,4_leaf
ACCGTAAAGACCACGA-1-gPlexB6_s1,ACCGTAAAGACCACGA-1-gPlexB6_s1,4_leaf
TAGTGGTTCTCATTCA-1-gPlexB6_s1,TAGTGGTTCTCATTCA-1-gPlexB6_s1,4_leaf
CATTCGCAGCTAAACA-1-gPlexB1_s1,CATTCGCAGCTAAACA-1-gPlexB1_s1,4_leaf
CGTGTCTCAGTACACT-1-gPlexB4_s1,CGTGTCTCAGTACACT-1-gPlexB4_s1,4_leaf
CTAATGGTCTGGAGCC-1-gPlexB5_s1,CTAATGGTCTGGAGCC-1-gPlexB5_s1,3_leaf
GCATGATCAACAACCT-1-gPlexB7_s1,GCATGATCAACAACCT-1-gPlexB7_s1,4_leaf
TCTTCGGAGGTAGCCA-1-gPlexB5_s1,TCTTCGGAGGTAGCCA-1-gPlexB5_s1,4_leaf
CGTTGGGAGACAAGCC-1-gPlexB2_s1,CGTTGGGAGACAAGCC-1-gPlexB2_s1,3_leaf
TGCGCAGAGTCGATAA-1-gPlexB3_s1,TGCGCAGAGTCGATAA-1-gPlexB3_s1,3_leaf
GTCGGGTCAGACGCTC-1-gPlexB3_s1,GTCGGGTCAGACGCTC-1-gPlexB3_s1,4_leaf
CCACCTATCAGGTAAA-1-gPlexB3_s1,CCACCTATCAGGTAAA-1-gPlexB3_s1,4_leaf
CGAGAAGCAGGGCATA-1-gPlexB5_s1,CGAGAAGCAGGGCATA-1-gPlexB5_s1,5_leaf
CCGTTCACATGGGAAC-1-gPlexB6_s1,CCGTTCACATGGGAAC-1-gPlexB6_s1,3_leaf
AAGACCTTCACCGTAA-1-gPlexB4_s1,AAGACCTTCACCGTAA-1-gPlexB4_s1,4_leaf
CGATTGACAAGGACAC-1-gPlexB2_s1,CGATTGACAAGGACAC-1-gPlexB2_s1,5_leaf
AGGCCGTAGGCTATCT-1-gPlexB6_s1,AGGCCGTAGGCTATCT-1-gPlexB6_s1,3_leaf
TCAATCTAGGCGTACA-1-gPlexB2_s1,TCAATCTAGGCGTACA-1-gPlexB2_s1,4_leaf
CTCCTAGCAGATCTGT-1-gPlexB6_s1,CTCCTAGCAGATCTGT-1-gPlexB6_s1,4_leaf
CAGCGACTCGACCAGC-1-gPlexB2_s1,CAGCGACTCGACCAGC-1-gPlexB2_s1,4_leaf
AACTCTTGTCGCTTTC-1-gPlexB2_s1,AACTCTTGTCGCTTTC-1-gPlexB2_s1,4_leaf
GGGTCTGCAGATGAGC-1-gPlexB4_s1,GGGTCTGCAGATGAGC-1-gPlexB4_s1,3_leaf
TGACGGCCAGTGGAGT-1-gPlexB3_s1,TGACGGCCAGTGGAGT-1-gPlexB3_s1,3_leaf
TGTTCCGTCTCGATGA-1-gPlexB4_s1,TGTTCCGTCTCGATGA-1-gPlexB4_s1,5_leaf
ACCGTAAGTCGCCATG-1-gPlexB3_s1,ACCGTAAGTCGCCATG-1-gPlexB3_s1,4_leaf
ACGGGCTCAGAAGCAC-1-gPlexB6_s1,ACGGGCTCAGAAGCAC-1-gPlexB6_s1,4_leaf
TTCTACAAGGCCCGTT-1-gPlexB1_s1,TTCTACAAGGCCCGTT-1-gPlexB1_s1,3_leaf
AAGCCGCCAAACCCAT-1-gPlexB3_s1,AAGCCGCCAAACCCAT-1-gPlexB3_s1,3_leaf
TGAGCCGAGTAGCCGA-1-gPlexB6_s1,TGAGCCGAGTAGCCGA-1-gPlexB6_s1,3_leaf
ACGAGCCTCGTGGTCG-1-gPlexB4_s1,ACGAGCCTCGTGGTCG-1-gPlexB4_s1,4_leaf
ATCCGAATCATAAAGG-1-gPlexB6_s1,ATCCGAATCATAAAGG-1-gPlexB6_s1,6_leaf
GACCAATCAGGAACGT-1-gPlexB4_s1,GACCAATCAGGAACGT-1-gPlexB4_s1,5_leaf
CCTTTCTTCAAACGGG-1-gPlexB5_s1,CCTTTCTTCAAACGGG-1-gPlexB5_s1,4_leaf
TCGCGAGTCACTGGGC-1-gPlexB2_s1,TCGCGAGTCACTGGGC-1-gPlexB2_s1,5_leaf
CAAGAAATCCCACTTG-1-gPlexB2_s1,CAAGAAATCCCACTTG-1-gPlexB2_s1,3_leaf
AACGTTGAGTTGAGTA-1-gPlexB3_s1,AACGTTGAGTTGAGTA-1-gPlexB3_s1,3_leaf
GGCGTGTGTCCCGACA-1-gPlexB5_s1,GGCGTGTGTCCCGACA-1-gPlexB5_s1,4_leaf
GGTATTGAGATTACCC-1-gPlexB6_s1,GGTATTGAGATTACCC-1-gPlexB6_s1,4_leaf
CACACCTTCTGCTGCT-1-gPlexB4_s1,CACACCTTCTGCTGCT-1-gPlexB4_s1,3_leaf
ACACTGAGTAGGGACT-1-gPlexB1_s1,ACACTGAGTAGGGACT-1-gPlexB1_s1,4_leaf
GTTCGGGTCAGTACGT-1-gPlexB5_s1,GTTCGGGTCAGTACGT-1-gPlexB5_s1,4_leaf
CCATTCGCATTCTCAT-1-gPlexB1_s1,CCATTCGCATTCTCAT-1-gPlexB1_s1,4_leaf
TTCGGTCCAATGCCAT-1-gPlexB6_s1,TTCGGTCCAATGCCAT-1-gPlexB6_s1,4_leaf
CAGATCAGTCTCTTAT-1-gPlexB3_s1,CAGATCAGTCTCTTAT-1-gPlexB3_s1,4_leaf
TGCGTGGTCGCATGGC-1-gPlexB1_s1,TGCGTGGTCGCATGGC-1-gPlexB1_s1,4_leaf
ATCGAGTGTAGGCATG-1-gPlexB3_s1,ATCGAGTGTAGGCATG-1-gPlexB3_s1,4_leaf
TCAGCTCTCATGTCCC-1-gPlexB4_s1,TCAGCTCTCATGTCCC-1-gPlexB4_s1,4_leaf
CCTCTGATCCAGAAGG-1-gPlexB1_s1,CCTCTGATCCAGAAGG-1-gPlexB1_s1,4_leaf
GATCAGTAGCGATAGC-1-gPlexB4_s1,GATCAGTAGCGATAGC-1-gPlexB4_s1,4_leaf
TAGTTGGGTAAGAGGA-1-gPlexB5_s1,TAGTTGGGTAAGAGGA-1-gPlexB5_s1,4_leaf
CGTCTACCACCATGTA-1-gPlexB1_s1,CGTCTACCACCATGTA-1-gPlexB1_s1,4_leaf
CTCTACGAGCAGCGTA-1-gPlexB2_s1,CTCTACGAGCAGCGTA-1-gPlexB2_s1,3_leaf
CGATGGCTCACTATTC-1-gPlexB6_s1,CGATGGCTCACTATTC-1-gPlexB6_s1,5_leaf
ACCCACTCACAACGTT-1-gPlexB7_s1,ACCCACTCACAACGTT-1-gPlexB7_s1,5_leaf
GCGCAGTAGTTAGGTA-1-gPlexB3_s1,GCGCAGTAGTTAGGTA-1-gPlexB3_s1,4_leaf
ATCCACCGTAAAGTCA-1-gPlexB5_s1,ATCCACCGTAAAGTCA-1-gPlexB5_s1,3_leaf
AAGTCTGTCGCCAAAT-1-gPlexB3_s1,AAGTCTGTCGCCAAAT-1-gPlexB3_s1,4_leaf
AGCTCCTGTCAATGTC-1-gPlexB5_s1,AGCTCCTGTCAATGTC-1-gPlexB5_s1,4_leaf
ACGCCGACAGATGGCA-1-gPlexB7_s1,ACGCCGACAGATGGCA-1-gPlexB7_s1,6_leaf
GACTACAAGACTTTCG-1-gPlexB2_s1,GACTACAAGACTTTCG-1-gPlexB2_s1,6_leaf
ACTTTCAAGCGCTCCA-1-gPlexB2_s1,ACTTTCAAGCGCTCCA-1-gPlexB2_s1,5_leaf
TTGCGTCTCGCTTAGA-1-gPlexB3_s1,TTGCGTCTCGCTTAGA-1-gPlexB3_s1,3_leaf
TAAGTGCCAAGGGTCA-1-gPlexB7_s1,TAAGTGCCAAGGGTCA-1-gPlexB7_s1,4_leaf
GGGTTGCCAGATCTGT-1-gPlexB5_s1,GGGTTGCCAGATCTGT-1-gPlexB5_s1,5_leaf
ATCGAGTAGGAGTTGC-1-gPlexB6_s1,ATCGAGTAGGAGTTGC-1-gPlexB6_s1,3_leaf
TCTGGAAAGCGATGAC-1-gPlexB6_s1,TCTGGAAAGCGATGAC-1-gPlexB6_s1,4_leaf
GAGCAGAGTGAAATCA-1-gPlexB4_s1,GAGCAGAGTGAAATCA-1-gPlexB4_s1,4_leaf
CTGATAGGTCATACTG-1-gPlexB6_s1,CTGATAGGTCATACTG-1-gPlexB6_s1,5_leaf
TAAGTGCTCGCCATAA-1-gPlexB7_s1,TAAGTGCTCGCCATAA-1-gPlexB7_s1,5_leaf
CAGCCGATCACAGTAC-1-gPlexB1_s1,CAGCCGATCACAGTAC-1-gPlexB1_s1,5_leaf
CTGGTCTTCCAAACAC-1-gPlexB3_s1,CTGGTCTTCCAAACAC-1-gPlexB3_s1,4_leaf
AGGGAGTGTTCACGGC-1-gPlexB2_s1,AGGGAGTGTTCACGGC-1-gPlexB2_s1,5_leaf
ACACCGGAGCACCGTC-1-gPlexB3_s1,ACACCGGAGCACCGTC-1-gPlexB3_s1,3_leaf
CCGTGGAGTATCTGCA-1-gPlexB3_s1,CCGTGGAGTATCTGCA-1-gPlexB3_s1,3_leaf
ACCCACTTCCAGAAGG-1-gPlexB4_s1,ACCCACTTCCAGAAGG-1-gPlexB4_s1,3_leaf
ATTACTCTCAGCTCGG-1-gPlexB1_s1,ATTACTCTCAGCTCGG-1-gPlexB1_s1,4_leaf
TTTGGTTCAAAGCAAT-1-gPlexB7_s1,TTTGGTTCAAAGCAAT-1-gPlexB7_s1,5_leaf
GCTGCTTTCGGTTCGG-1-gPlexB4_s1,GCTGCTTTCGGTTCGG-1-gPlexB4_s1,6_leaf
TTGGCAACATCGGGTC-1-gPlexB5_s1,TTGGCAACATCGGGTC-1-gPlexB5_s1,4_leaf
AAGGTTCTCGCTGATA-1-gPlexB3_s1,AAGGTTCTCGCTGATA-1-gPlexB3_s1,3_leaf
CTCGGAGAGGGAAACA-1-gPlexB6_s1,CTCGGAGAGGGAAACA-1-gPlexB6_s1,4_leaf
AAAGTAGAGGACACCA-1-gPlexB4_s1,AAAGTAGAGGACACCA-1-gPlexB4_s1,4_leaf
TGCACCTAGCCCAACC-1-gPlexB6_s1,TGCACCTAGCCCAACC-1-gPlexB6_s1,4_leaf
ACACCGGTCCGCTGTT-1-gPlexB7_s1,ACACCGGTCCGCTGTT-1-gPlexB7_s1,4_leaf
GTGCAGCAGCGCCTCA-1-gPlexB6_s1,GTGCAGCAGCGCCTCA-1-gPlexB6_s1,5_leaf
ATTCTACTCTAACTGG-1-gPlexB2_s1,ATTCTACTCTAACTGG-1-gPlexB2_s1,5_leaf
GCATACAAGACCGGAT-1-gPlexB2_s1,GCATACAAGACCGGAT-1-gPlexB2_s1,5_leaf
GTGCATACAATGAAAC-1-gPlexB3_s1,GTGCATACAATGAAAC-1-gPlexB3_s1,3_leaf
CTTAACTCAATGCCAT-1-gPlexB3_s1,CTTAACTCAATGCCAT-1-gPlexB3_s1,4_leaf
GGTGCGTGTTGAGGTG-1-gPlexB4_s1,GGTGCGTGTTGAGGTG-1-gPlexB4_s1,4_leaf
CTGCGGAGTCCTCTTG-1-gPlexB6_s1,CTGCGGAGTCCTCTTG-1-gPlexB6_s1,4_leaf
TGGGAAGAGCGAAGGG-1-gPlexB5_s1,TGGGAAGAGCGAAGGG-1-gPlexB5_s1,4_leaf
TCTCATACAGGCTGAA-1-gPlexB4_s1,TCTCATACAGGCTGAA-1-gPlexB4_s1,4_leaf
TCATTACTCCGAAGAG-1-gPlexB7_s1,TCATTACTCCGAAGAG-1-gPlexB7_s1,5_leaf
CTTTGCGCAGCATACT-1-gPlexB4_s1,CTTTGCGCAGCATACT-1-gPlexB4_s1,4_leaf
TCGGGACCATACGCCG-1-gPlexB4_s1,TCGGGACCATACGCCG-1-gPlexB4_s1,4_leaf
CTCATTAGTGATAAGT-1-gPlexB2_s1,CTCATTAGTGATAAGT-1-gPlexB2_s1,4_leaf
GTAGGCCAGGCCCTTG-1-gPlexB5_s1,GTAGGCCAGGCCCTTG-1-gPlexB5_s1,4_leaf
ACGCCAGGTTTACTCT-1-gPlexB2_s1,ACGCCAGGTTTACTCT-1-gPlexB2_s1,4_leaf
GTGCAGCAGTACGATA-1-gPlexB3_s1,GTGCAGCAGTACGATA-1-gPlexB3_s1,4_leaf
TCGCGTTGTGCTTCTC-1-gPlexB4_s1,TCGCGTTGTGCTTCTC-1-gPlexB4_s1,3_leaf
TAGACCATCCTTTACA-1-gPlexB3_s1,TAGACCATCCTTTACA-1-gPlexB3_s1,3_leaf
CTGTGCTCAAACTGTC-1-gPlexB6_s1,CTGTGCTCAAACTGTC-1-gPlexB6_s1,4_leaf
GACGGCTTCGGCCGAT-1-gPlexB4_s1,GACGGCTTCGGCCGAT-1-gPlexB4_s1,5_leaf
TGCGTGGTCCTGTAGA-1-gPlexB1_s1,TGCGTGGTCCTGTAGA-1-gPlexB1_s1,4_leaf
TAGACCAAGAACAACT-1-gPlexB6_s1,TAGACCAAGAACAACT-1-gPlexB6_s1,6_leaf
GTAGGCCGTCCGCTGA-1-gPlexB7_s1,GTAGGCCGTCCGCTGA-1-gPlexB7_s1,6_leaf
CACAGGCTCTTCCTTC-1-gPlexB1_s1,CACAGGCTCTTCCTTC-1-gPlexB1_s1,5_leaf
AGAGTGGCACACGCTG-1-gPlexB5_s1,AGAGTGGCACACGCTG-1-gPlexB5_s1,5_leaf
TAGACCAGTGCACCAC-1-gPlexB4_s1,TAGACCAGTGCACCAC-1-gPlexB4_s1,5_leaf
GGACGTCTCATCGGAT-1-gPlexB6_s1,GGACGTCTCATCGGAT-1-gPlexB6_s1,6_leaf
TATGCCCTCGCTTGTC-1-gPlexB5_s1,TATGCCCTCGCTTGTC-1-gPlexB5_s1,4_leaf
ACTGATGGTCTCAACA-1-gPlexB7_s1,ACTGATGGTCTCAACA-1-gPlexB7_s1,6_leaf
TGAGCATCATGACATC-1-gPlexB1_s1,TGAGCATCATGACATC-1-gPlexB1_s1,3_leaf
CATCAAGTCGATGAGG-1-gPlexB5_s1,CATCAAGTCGATGAGG-1-gPlexB5_s1,4_leaf
AGTGAGGAGATATACG-1-gPlexB3_s1,AGTGAGGAGATATACG-1-gPlexB3_s1,4_leaf
ACCAGTATCGTTACGA-1-gPlexB6_s1,ACCAGTATCGTTACGA-1-gPlexB6_s1,3_leaf
CAGTCCTTCGCCATAA-1-gPlexB6_s1,CAGTCCTTCGCCATAA-1-gPlexB6_s1,6_leaf
CTCAGAAAGGAGTCTG-1-gPlexB2_s1,CTCAGAAAGGAGTCTG-1-gPlexB2_s1,5_leaf
CACCTTGGTATATCCG-1-gPlexB3_s1,CACCTTGGTATATCCG-1-gPlexB3_s1,3_leaf
CACTCCACAGAAGCAC-1-gPlexB5_s1,CACTCCACAGAAGCAC-1-gPlexB5_s1,3_leaf
CCCAATCCACACCGCA-1-gPlexB5_s1,CCCAATCCACACCGCA-1-gPlexB5_s1,4_leaf
TGAAAGAGTTACGTCA-1-gPlexB3_s1,TGAAAGAGTTACGTCA-1-gPlexB3_s1,3_leaf
CCATGTCAGTTTAGGA-1-gPlexB3_s1,CCATGTCAGTTTAGGA-1-gPlexB3_s1,4_leaf
GCTGGGTAGCTACCTA-1-gPlexB4_s1,GCTGGGTAGCTACCTA-1-gPlexB4_s1,3_leaf
CCTAGCTTCCTATGTT-1-gPlexB3_s1,CCTAGCTTCCTATGTT-1-gPlexB3_s1,3_leaf
CCAGCGAGTGCCTGCA-1-gPlexB1_s1,CCAGCGAGTGCCTGCA-1-gPlexB1_s1,4_leaf
TCAGGATGTGCCTGTG-1-gPlexB4_s1,TCAGGATGTGCCTGTG-1-gPlexB4_s1,4_leaf
AGTTGGTAGCCGCCTA-1-gPlexB7_s1,AGTTGGTAGCCGCCTA-1-gPlexB7_s1,4_leaf
CAACCTCGTAATCACC-1-gPlexB4_s1,CAACCTCGTAATCACC-1-gPlexB4_s1,3_leaf
CTCTGGTTCACAATGC-1-gPlexB2_s1,CTCTGGTTCACAATGC-1-gPlexB2_s1,3_leaf
ATAACGCAGTGCTGCC-1-gPlexB3_s1,ATAACGCAGTGCTGCC-1-gPlexB3_s1,4_leaf
AAGACCTGTTGATTCG-1-gPlexB4_s1,AAGACCTGTTGATTCG-1-gPlexB4_s1,5_leaf
CCATTCGAGTTACGGG-1-gPlexB4_s1,CCATTCGAGTTACGGG-1-gPlexB4_s1,3_leaf
GGGAGATGTCTAGGTT-1-gPlexB7_s1,GGGAGATGTCTAGGTT-1-gPlexB7_s1,4_leaf
TCAGATGAGAGCCCAA-1-gPlexB2_s1,TCAGATGAGAGCCCAA-1-gPlexB2_s1,4_leaf
GGATTACCAGATTGCT-1-gPlexB6_s1,GGATTACCAGATTGCT-1-gPlexB6_s1,4_leaf
AAGGTTCGTGATGATA-1-gPlexB1_s1,AAGGTTCGTGATGATA-1-gPlexB1_s1,5_leaf
CCTCTGATCTGATTCT-1-gPlexB6_s1,CCTCTGATCTGATTCT-1-gPlexB6_s1,5_leaf
GTCATTTCAAACTGTC-1-gPlexB7_s1,GTCATTTCAAACTGTC-1-gPlexB7_s1,4_leaf
CGAGCACCACCATCCT-1-gPlexB6_s1,CGAGCACCACCATCCT-1-gPlexB6_s1,5_leaf
ACCGTAATCCGAAGAG-1-gPlexB5_s1,ACCGTAATCCGAAGAG-1-gPlexB5_s1,5_leaf
GCGCAACAGAGAACAG-1-gPlexB7_s1,GCGCAACAGAGAACAG-1-gPlexB7_s1,4_leaf
AGCTCCTGTCTGATCA-1-gPlexB1_s1,AGCTCCTGTCTGATCA-1-gPlexB1_s1,3_leaf
GATGAGGGTGACGGTA-1-gPlexB7_s1,GATGAGGGTGACGGTA-1-gPlexB7_s1,6_leaf
CACAGGCTCTACCAGA-1-gPlexB2_s1,CACAGGCTCTACCAGA-1-gPlexB2_s1,3_leaf
ATTACTCCATGTAAGA-1-gPlexB5_s1,ATTACTCCATGTAAGA-1-gPlexB5_s1,3_leaf
CATATTCCAACGATGG-1-gPlexB5_s1,CATATTCCAACGATGG-1-gPlexB5_s1,4_leaf
TGCGTGGAGCGATTCT-1-gPlexB2_s1,TGCGTGGAGCGATTCT-1-gPlexB2_s1,4_leaf
CCGTGGAGTCGAAAGC-1-gPlexB1_s1,CCGTGGAGTCGAAAGC-1-gPlexB1_s1,3_leaf
TCACGAATCCTAGTGA-1-gPlexB4_s1,TCACGAATCCTAGTGA-1-gPlexB4_s1,5_leaf
CCGGGATTCGCGCCAA-1-gPlexB1_s1,CCGGGATTCGCGCCAA-1-gPlexB1_s1,4_leaf
CACATTTCAAGTCTGT-1-gPlexB4_s1,CACATTTCAAGTCTGT-1-gPlexB4_s1,4_leaf
GATCAGTTCATGTGGT-1-gPlexB5_s1,GATCAGTTCATGTGGT-1-gPlexB5_s1,5_leaf
CTCGGGACAGCGATCC-1-gPlexB5_s1,CTCGGGACAGCGATCC-1-gPlexB5_s1,5_leaf
GTGGGTCAGAAACCGC-1-gPlexB5_s1,GTGGGTCAGAAACCGC-1-gPlexB5_s1,4_leaf
AGCTTGAGTGCCTGCA-1-gPlexB5_s1,AGCTTGAGTGCCTGCA-1-gPlexB5_s1,4_leaf
GGTGAAGTCACGCGGT-1-gPlexB1_s1,GGTGAAGTCACGCGGT-1-gPlexB1_s1,4_leaf
AGTGTCAAGTTCGCAT-1-gPlexB3_s1,AGTGTCAAGTTCGCAT-1-gPlexB3_s1,4_leaf
ACTGTCCAGCTAGTTC-1-gPlexB1_s1,ACTGTCCAGCTAGTTC-1-gPlexB1_s1,4_leaf
GGGTCTGGTCGAACAG-1-gPlexB1_s1,GGGTCTGGTCGAACAG-1-gPlexB1_s1,3_leaf
TGTATTCAGAGTCTGG-1-gPlexB5_s1,TGTATTCAGAGTCTGG-1-gPlexB5_s1,4_leaf
TCGTAGATCCAGATCA-1-gPlexB6_s1,TCGTAGATCCAGATCA-1-gPlexB6_s1,4_leaf
CCCAGTTTCCCTAACC-1-gPlexB7_s1,CCCAGTTTCCCTAACC-1-gPlexB7_s1,4_leaf
ACTTGTTTCTCGGACG-1-gPlexB6_s1,ACTTGTTTCTCGGACG-1-gPlexB6_s1,4_leaf
CTGAAGTCAATGACCT-1-gPlexB1_s1,CTGAAGTCAATGACCT-1-gPlexB1_s1,5_leaf
GGGTCTGCACTCGACG-1-gPlexB5_s1,GGGTCTGCACTCGACG-1-gPlexB5_s1,4_leaf
CGGACACGTCGAGTTT-1-gPlexB3_s1,CGGACACGTCGAGTTT-1-gPlexB3_s1,6_leaf
CAAGAAAAGGGTCTCC-1-gPlexB7_s1,CAAGAAAAGGGTCTCC-1-gPlexB7_s1,4_leaf
CGATGGCAGCTGAACG-1-gPlexB7_s1,CGATGGCAGCTGAACG-1-gPlexB7_s1,4_leaf
AACTCTTCATCGTCGG-1-gPlexB6_s1,AACTCTTCATCGTCGG-1-gPlexB6_s1,6_leaf
GGATTACCATCGACGC-1-gPlexB4_s1,GGATTACCATCGACGC-1-gPlexB4_s1,4_leaf
TTCTACATCTCCAACC-1-gPlexB1_s1,TTCTACATCTCCAACC-1-gPlexB1_s1,4_leaf
ATAACGCTCTAACTTC-1-gPlexB5_s1,ATAACGCTCTAACTTC-1-gPlexB5_s1,4_leaf
ACAGCTAGTTATCGGT-1-gPlexB7_s1,ACAGCTAGTTATCGGT-1-gPlexB7_s1,4_leaf
TACGGTATCACATGCA-1-gPlexB6_s1,TACGGTATCACATGCA-1-gPlexB6_s1,4_leaf
AACACGTCAAGTCATC-1-gPlexB1_s1,AACACGTCAAGTCATC-1-gPlexB1_s1,6_leaf
ACTGAGTAGTCCCACG-1-gPlexB4_s1,ACTGAGTAGTCCCACG-1-gPlexB4_s1,4_leaf
GCATGTAAGTACTTGC-1-gPlexB4_s1,GCATGTAAGTACTTGC-1-gPlexB4_s1,4_leaf
CTAATGGCACCGAAAG-1-gPlexB2_s1,CTAATGGCACCGAAAG-1-gPlexB2_s1,5_leaf
GACAGAGAGGAATTAC-1-gPlexB6_s1,GACAGAGAGGAATTAC-1-gPlexB6_s1,4_leaf
CCCTCCTCATCGGAAG-1-gPlexB1_s1,CCCTCCTCATCGGAAG-1-gPlexB1_s1,4_leaf
TGGGAAGCACTATCTT-1-gPlexB3_s1,TGGGAAGCACTATCTT-1-gPlexB3_s1,4_leaf
CTGCGGAAGCTAACAA-1-gPlexB3_s1,CTGCGGAAGCTAACAA-1-gPlexB3_s1,6_leaf
CACATAGGTGGCCCTA-1-gPlexB6_s1,CACATAGGTGGCCCTA-1-gPlexB6_s1,4_leaf
TCAATCTCAAAGGTGC-1-gPlexB1_s1,TCAATCTCAAAGGTGC-1-gPlexB1_s1,4_leaf
ACGGGCTTCATTTGGG-1-gPlexB2_s1,ACGGGCTTCATTTGGG-1-gPlexB2_s1,5_leaf
CTTACCGAGGGAGTAA-1-gPlexB7_s1,CTTACCGAGGGAGTAA-1-gPlexB7_s1,5_leaf
AGAGCTTAGTAGCCGA-1-gPlexB1_s1,AGAGCTTAGTAGCCGA-1-gPlexB1_s1,4_leaf
TATCTCAAGTCCAGGA-1-gPlexB3_s1,TATCTCAAGTCCAGGA-1-gPlexB3_s1,4_leaf
CATGCCTCAGACGTAG-1-gPlexB3_s1,CATGCCTCAGACGTAG-1-gPlexB3_s1,5_leaf
ATCTACTGTCTTCGTC-1-gPlexB7_s1,ATCTACTGTCTTCGTC-1-gPlexB7_s1,5_leaf
TCTTCGGAGCAACGGT-1-gPlexB7_s1,TCTTCGGAGCAACGGT-1-gPlexB7_s1,3_leaf
AGGTCATAGCTCCCAG-1-gPlexB2_s1,AGGTCATAGCTCCCAG-1-gPlexB2_s1,3_leaf
GTTAAGCGTATGGTTC-1-gPlexB1_s1,GTTAAGCGTATGGTTC-1-gPlexB1_s1,3_leaf
CACAGGCCAGGTCGTC-1-gPlexB4_s1,CACAGGCCAGGTCGTC-1-gPlexB4_s1,4_leaf
GGTATTGCATCGGTTA-1-gPlexB3_s1,GGTATTGCATCGGTTA-1-gPlexB3_s1,4_leaf
TCATTACGTCTCAACA-1-gPlexB2_s1,TCATTACGTCTCAACA-1-gPlexB2_s1,5_leaf
GTAGTCATCCGTAGTA-1-gPlexB5_s1,GTAGTCATCCGTAGTA-1-gPlexB5_s1,6_leaf
GTTCTCGCAGGAACGT-1-gPlexB2_s1,GTTCTCGCAGGAACGT-1-gPlexB2_s1,4_leaf
GCAAACTAGTAGTGCG-1-gPlexB1_s1,GCAAACTAGTAGTGCG-1-gPlexB1_s1,3_leaf
GTTTCTAAGCAATCTC-1-gPlexB7_s1,GTTTCTAAGCAATCTC-1-gPlexB7_s1,4_leaf
TAGACCAAGGTGATAT-1-gPlexB5_s1,TAGACCAAGGTGATAT-1-gPlexB5_s1,4_leaf
GAGGTGATCCCTCTTT-1-gPlexB5_s1,GAGGTGATCCCTCTTT-1-gPlexB5_s1,4_leaf
TCTATTGGTGGACGAT-1-gPlexB7_s1,TCTATTGGTGGACGAT-1-gPlexB7_s1,5_leaf
CGAGCCATCCGCTGTT-1-gPlexB1_s1,CGAGCCATCCGCTGTT-1-gPlexB1_s1,3_leaf
CAGCTAAAGACCCACC-1-gPlexB5_s1,CAGCTAAAGACCCACC-1-gPlexB5_s1,3_leaf
TCAGGTACACAGACTT-1-gPlexB6_s1,TCAGGTACACAGACTT-1-gPlexB6_s1,4_leaf
CATGCCTAGTCCGTAT-1-gPlexB5_s1,CATGCCTAGTCCGTAT-1-gPlexB5_s1,3_leaf
TGTTCCGCACAAGCCC-1-gPlexB1_s1,TGTTCCGCACAAGCCC-1-gPlexB1_s1,3_leaf
CTCGTACGTAAGTGTA-1-gPlexB7_s1,CTCGTACGTAAGTGTA-1-gPlexB7_s1,5_leaf
CCTTCCCCACAGCCCA-1-gPlexB2_s1,CCTTCCCCACAGCCCA-1-gPlexB2_s1,4_leaf
CGACTTCTCTGTCTCG-1-gPlexB7_s1,CGACTTCTCTGTCTCG-1-gPlexB7_s1,4_leaf
AAAGCAAGTTTGGGCC-1-gPlexB3_s1,AAAGCAAGTTTGGGCC-1-gPlexB3_s1,3_leaf
ACGCCAGCAAAGGTGC-1-gPlexB1_s1,ACGCCAGCAAAGGTGC-1-gPlexB1_s1,5_leaf
AAACGGGAGCACACAG-1-gPlexB7_s1,AAACGGGAGCACACAG-1-gPlexB7_s1,4_leaf
TCACAAGTCACGCGGT-1-gPlexB5_s1,TCACAAGTCACGCGGT-1-gPlexB5_s1,4_leaf
CGCGTTTCAGGTCCAC-1-gPlexB4_s1,CGCGTTTCAGGTCCAC-1-gPlexB4_s1,3_leaf
CTAGCCTAGGGCTTGA-1-gPlexB6_s1,CTAGCCTAGGGCTTGA-1-gPlexB6_s1,5_leaf
ATCGAGTAGGCTCATT-1-gPlexB6_s1,ATCGAGTAGGCTCATT-1-gPlexB6_s1,6_leaf
GCTTGAAAGCGATCCC-1-gPlexB5_s1,GCTTGAAAGCGATCCC-1-gPlexB5_s1,5_leaf
TGTATTCCATCGATGT-1-gPlexB1_s1,TGTATTCCATCGATGT-1-gPlexB1_s1,3_leaf
CAGCATATCTCTTGAT-1-gPlexB6_s1,CAGCATATCTCTTGAT-1-gPlexB6_s1,3_leaf
GTCATTTGTTATTCTC-1-gPlexB5_s1,GTCATTTGTTATTCTC-1-gPlexB5_s1,4_leaf
CTGAAACAGTAAGTAC-1-gPlexB6_s1,CTGAAACAGTAAGTAC-1-gPlexB6_s1,4_leaf
GAAACTCAGTTCGCAT-1-gPlexB5_s1,GAAACTCAGTTCGCAT-1-gPlexB5_s1,4_leaf
CTTAGGAAGCTGCAAG-1-gPlexB5_s1,CTTAGGAAGCTGCAAG-1-gPlexB5_s1,4_leaf
GACAGAGAGATAGCAT-1-gPlexB6_s1,GACAGAGAGATAGCAT-1-gPlexB6_s1,4_leaf
GTCACGGTCCACGAAT-1-gPlexB2_s1,GTCACGGTCCACGAAT-1-gPlexB2_s1,4_leaf
CATTATCGTTCCATGA-1-gPlexB3_s1,CATTATCGTTCCATGA-1-gPlexB3_s1,4_leaf
ATCGAGTTCAACGAAA-1-gPlexB7_s1,ATCGAGTTCAACGAAA-1-gPlexB7_s1,3_leaf
GCGGGTTGTAAGTGGC-1-gPlexB6_s1,GCGGGTTGTAAGTGGC-1-gPlexB6_s1,3_leaf
CCCAGTTAGTCGATAA-1-gPlexB5_s1,CCCAGTTAGTCGATAA-1-gPlexB5_s1,4_leaf
TAGACCATCGTCACGG-1-gPlexB6_s1,TAGACCATCGTCACGG-1-gPlexB6_s1,4_leaf
GCGCCAAGTCTCTTAT-1-gPlexB5_s1,GCGCCAAGTCTCTTAT-1-gPlexB5_s1,4_leaf
AAGCCGCTCGGAGCAA-1-gPlexB4_s1,AAGCCGCTCGGAGCAA-1-gPlexB4_s1,4_leaf
ACACCCTAGTAGGCCA-1-gPlexB3_s1,ACACCCTAGTAGGCCA-1-gPlexB3_s1,4_leaf
CTAAGACAGGAGTACC-1-gPlexB6_s1,CTAAGACAGGAGTACC-1-gPlexB6_s1,4_leaf
CTGCGGAGTGCAACTT-1-gPlexB5_s1,CTGCGGAGTGCAACTT-1-gPlexB5_s1,4_leaf
GACGTTACATCACCCT-1-gPlexB3_s1,GACGTTACATCACCCT-1-gPlexB3_s1,5_leaf
GCTTGAAAGTTGTCGT-1-gPlexB3_s1,GCTTGAAAGTTGTCGT-1-gPlexB3_s1,4_leaf
GCCTCTATCTTGTTTG-1-gPlexB2_s1,GCCTCTATCTTGTTTG-1-gPlexB2_s1,3_leaf
AAACGGGAGCCCGAAA-1-gPlexB5_s1,AAACGGGAGCCCGAAA-1-gPlexB5_s1,3_leaf
CCTCTGACAGACGTAG-1-gPlexB4_s1,CCTCTGACAGACGTAG-1-gPlexB4_s1,4_leaf
CCACGGAAGCGCTCCA-1-gPlexB2_s1,CCACGGAAGCGCTCCA-1-gPlexB2_s1,4_leaf
AAACCTGCACGAGAGT-1-gPlexB6_s1,AAACCTGCACGAGAGT-1-gPlexB6_s1,3_leaf
GTGTGCGTCTTAGCCC-1-gPlexB7_s1,GTGTGCGTCTTAGCCC-1-gPlexB7_s1,4_leaf
CTTAACTTCTTCGAGA-1-gPlexB2_s1,CTTAACTTCTTCGAGA-1-gPlexB2_s1,4_leaf
AGTGAGGAGTTAGCGG-1-gPlexB3_s1,AGTGAGGAGTTAGCGG-1-gPlexB3_s1,5_leaf
ACGAGCCCAGCTTAAC-1-gPlexB7_s1,ACGAGCCCAGCTTAAC-1-gPlexB7_s1,4_leaf
ACCAGTATCGAACGGA-1-gPlexB3_s1,ACCAGTATCGAACGGA-1-gPlexB3_s1,3_leaf
CCGGGATAGTGAATTG-1-gPlexB6_s1,CCGGGATAGTGAATTG-1-gPlexB6_s1,4_leaf
ACGTCAATCTGCAGTA-1-gPlexB5_s1,ACGTCAATCTGCAGTA-1-gPlexB5_s1,5_leaf
TACTTGTCACATTCGA-1-gPlexB1_s1,TACTTGTCACATTCGA-1-gPlexB1_s1,4_leaf
AGCTTGAAGTACGTTC-1-gPlexB1_s1,AGCTTGAAGTACGTTC-1-gPlexB1_s1,3_leaf
TTGCGTCCATCGACGC-1-gPlexB4_s1,TTGCGTCCATCGACGC-1-gPlexB4_s1,5_leaf
CAGCATAAGACAGGCT-1-gPlexB7_s1,CAGCATAAGACAGGCT-1-gPlexB7_s1,4_leaf
GGATGTTGTCACAAGG-1-gPlexB6_s1,GGATGTTGTCACAAGG-1-gPlexB6_s1,4_leaf
TAAGCGTGTAGGGTAC-1-gPlexB5_s1,TAAGCGTGTAGGGTAC-1-gPlexB5_s1,4_leaf
AATCCAGGTACTCAAC-1-gPlexB1_s1,AATCCAGGTACTCAAC-1-gPlexB1_s1,4_leaf
TTGCCGTGTACCCAAT-1-gPlexB6_s1,TTGCCGTGTACCCAAT-1-gPlexB6_s1,4_leaf
TGGTTAGTCATCTGCC-1-gPlexB7_s1,TGGTTAGTCATCTGCC-1-gPlexB7_s1,3_leaf
TACACGAAGTACGTTC-1-gPlexB7_s1,TACACGAAGTACGTTC-1-gPlexB7_s1,3_leaf
GTATTCTGTACTTGAC-1-gPlexB6_s1,GTATTCTGTACTTGAC-1-gPlexB6_s1,4_leaf
TGATTTCTCGAATGCT-1-gPlexB1_s1,TGATTTCTCGAATGCT-1-gPlexB1_s1,4_leaf
TTTGTCAAGTTTCCTT-1-gPlexB7_s1,TTTGTCAAGTTTCCTT-1-gPlexB7_s1,4_leaf
ACTTACTGTCCAACTA-1-gPlexB5_s1,ACTTACTGTCCAACTA-1-gPlexB5_s1,4_leaf
CCTCAGTCACATCTTT-1-gPlexB4_s1,CCTCAGTCACATCTTT-1-gPlexB4_s1,4_leaf
TCAGCAAGTTCACCTC-1-gPlexB2_s1,TCAGCAAGTTCACCTC-1-gPlexB2_s1,4_leaf
TGACTAGAGCTGTTCA-1-gPlexB5_s1,TGACTAGAGCTGTTCA-1-gPlexB5_s1,4_leaf
GTATCTTGTGCATCTA-1-gPlexB5_s1,GTATCTTGTGCATCTA-1-gPlexB5_s1,4_leaf
GAACATCTCTCAAGTG-1-gPlexB5_s1,GAACATCTCTCAAGTG-1-gPlexB5_s1,4_leaf
GACGTTACATAAAGGT-1-gPlexB2_s1,GACGTTACATAAAGGT-1-gPlexB2_s1,4_leaf
CGCGTTTGTCTAGGTT-1-gPlexB5_s1,CGCGTTTGTCTAGGTT-1-gPlexB5_s1,6_leaf
TTAGGCAAGTTCGCGC-1-gPlexB3_s1,TTAGGCAAGTTCGCGC-1-gPlexB3_s1,4_leaf
TAGACCATCCGTAGTA-1-gPlexB6_s1,TAGACCATCCGTAGTA-1-gPlexB6_s1,4_leaf
ACGATACCAGTGGGAT-1-gPlexB4_s1,ACGATACCAGTGGGAT-1-gPlexB4_s1,3_leaf
CACACTCAGCTACCTA-1-gPlexB1_s1,CACACTCAGCTACCTA-1-gPlexB1_s1,4_leaf
TTAGGCAAGTAACCCT-1-gPlexB4_s1,TTAGGCAAGTAACCCT-1-gPlexB4_s1,4_leaf
CGCTGGAGTCTAAAGA-1-gPlexB1_s1,CGCTGGAGTCTAAAGA-1-gPlexB1_s1,3_leaf
CACAGGCCAAACCTAC-1-gPlexB7_s1,CACAGGCCAAACCTAC-1-gPlexB7_s1,4_leaf
AGAGCTTGTCAGATAA-1-gPlexB6_s1,AGAGCTTGTCAGATAA-1-gPlexB6_s1,4_leaf
GATCAGTGTCTCCACT-1-gPlexB1_s1,GATCAGTGTCTCCACT-1-gPlexB1_s1,4_leaf
TCACGAATCATAGCAC-1-gPlexB3_s1,TCACGAATCATAGCAC-1-gPlexB3_s1,4_leaf
ATGTGTGGTTATGTGC-1-gPlexB3_s1,ATGTGTGGTTATGTGC-1-gPlexB3_s1,4_leaf
CACCAGGCATATGAGA-1-gPlexB2_s1,CACCAGGCATATGAGA-1-gPlexB2_s1,6_leaf
TGAGAGGGTTCGAATC-1-gPlexB2_s1,TGAGAGGGTTCGAATC-1-gPlexB2_s1,5_leaf
CGTCAGGGTGCGCTTG-1-gPlexB5_s1,CGTCAGGGTGCGCTTG-1-gPlexB5_s1,3_leaf
CGAGCCAGTCCTCTTG-1-gPlexB5_s1,CGAGCCAGTCCTCTTG-1-gPlexB5_s1,4_leaf
CACAGTACAGCCACCA-1-gPlexB5_s1,CACAGTACAGCCACCA-1-gPlexB5_s1,3_leaf
CACACAAAGCTGTTCA-1-gPlexB3_s1,CACACAAAGCTGTTCA-1-gPlexB3_s1,3_leaf
GTCGGGTCATTGAGCT-1-gPlexB6_s1,GTCGGGTCATTGAGCT-1-gPlexB6_s1,3_leaf
AGAGCTTGTGGGTATG-1-gPlexB2_s1,AGAGCTTGTGGGTATG-1-gPlexB2_s1,4_leaf
AGCTCTCTCCCTTGTG-1-gPlexB3_s1,AGCTCTCTCCCTTGTG-1-gPlexB3_s1,5_leaf
CTTCTCTAGCAATCTC-1-gPlexB1_s1,CTTCTCTAGCAATCTC-1-gPlexB1_s1,5_leaf
CCTTCGAGTCATCGGC-1-gPlexB7_s1,CCTTCGAGTCATCGGC-1-gPlexB7_s1,3_leaf
GCTCCTATCTTTAGGG-1-gPlexB4_s1,GCTCCTATCTTTAGGG-1-gPlexB4_s1,5_leaf
CTCCTAGAGGCTCTTA-1-gPlexB4_s1,CTCCTAGAGGCTCTTA-1-gPlexB4_s1,3_leaf
CAAGGCCAGCACAGGT-1-gPlexB1_s1,CAAGGCCAGCACAGGT-1-gPlexB1_s1,4_leaf
AGCATACAGCGATTCT-1-gPlexB4_s1,AGCATACAGCGATTCT-1-gPlexB4_s1,4_leaf
CGAGCCAAGATCCGAG-1-gPlexB5_s1,CGAGCCAAGATCCGAG-1-gPlexB5_s1,3_leaf
TAGGCATTCGGCGCTA-1-gPlexB4_s1,TAGGCATTCGGCGCTA-1-gPlexB4_s1,4_leaf
CTGAAGTAGCGAGAAA-1-gPlexB2_s1,CTGAAGTAGCGAGAAA-1-gPlexB2_s1,4_leaf
CCTCAGTAGCACACAG-1-gPlexB2_s1,CCTCAGTAGCACACAG-1-gPlexB2_s1,5_leaf
GGGTTGCGTAAATGTG-1-gPlexB4_s1,GGGTTGCGTAAATGTG-1-gPlexB4_s1,3_leaf
ACATCAGTCTGCTGTC-1-gPlexB2_s1,ACATCAGTCTGCTGTC-1-gPlexB2_s1,4_leaf
GTAGTCAGTGCACTTA-1-gPlexB6_s1,GTAGTCAGTGCACTTA-1-gPlexB6_s1,3_leaf
ACTTTCACATCACGTA-1-gPlexB6_s1,ACTTTCACATCACGTA-1-gPlexB6_s1,4_leaf
CGGACACGTCTCTTAT-1-gPlexB5_s1,CGGACACGTCTCTTAT-1-gPlexB5_s1,4_leaf
TGGACGCGTCCATCCT-1-gPlexB1_s1,TGGACGCGTCCATCCT-1-gPlexB1_s1,3_leaf
CTACATTAGCTCCTCT-1-gPlexB1_s1,CTACATTAGCTCCTCT-1-gPlexB1_s1,5_leaf
TACTCATCAGCCAGAA-1-gPlexB7_s1,TACTCATCAGCCAGAA-1-gPlexB7_s1,5_leaf
GGCCGATCATCGGAAG-1-gPlexB2_s1,GGCCGATCATCGGAAG-1-gPlexB2_s1,4_leaf
TTAGTTCAGATGTGTA-1-gPlexB3_s1,TTAGTTCAGATGTGTA-1-gPlexB3_s1,5_leaf
GCTCTGTAGTTACGGG-1-gPlexB5_s1,GCTCTGTAGTTACGGG-1-gPlexB5_s1,6_leaf
CGATCGGGTGACTACT-1-gPlexB1_s1,CGATCGGGTGACTACT-1-gPlexB1_s1,4_leaf
ACATACGCAGATGGGT-1-gPlexB1_s1,ACATACGCAGATGGGT-1-gPlexB1_s1,4_leaf
ACTGTCCAGGCAATTA-1-gPlexB2_s1,ACTGTCCAGGCAATTA-1-gPlexB2_s1,4_leaf
CCTAGCTTCTGGGCCA-1-gPlexB3_s1,CCTAGCTTCTGGGCCA-1-gPlexB3_s1,4_leaf
CTCACACTCACATGCA-1-gPlexB3_s1,CTCACACTCACATGCA-1-gPlexB3_s1,4_leaf
CAAGATCAGCGTGAGT-1-gPlexB3_s1,CAAGATCAGCGTGAGT-1-gPlexB3_s1,4_leaf
ACTGATGCAAGACACG-1-gPlexB7_s1,ACTGATGCAAGACACG-1-gPlexB7_s1,4_leaf
CATCGGGCATCACCCT-1-gPlexB6_s1,CATCGGGCATCACCCT-1-gPlexB6_s1,6_leaf
AGCTTGAGTCTAGCGC-1-gPlexB4_s1,AGCTTGAGTCTAGCGC-1-gPlexB4_s1,5_leaf
CGTGTAAGTGCAGTAG-1-gPlexB1_s1,CGTGTAAGTGCAGTAG-1-gPlexB1_s1,5_leaf
GTAACTGCATGGTCAT-1-gPlexB1_s1,GTAACTGCATGGTCAT-1-gPlexB1_s1,3_leaf
TGAGAGGTCAAAGTAG-1-gPlexB2_s1,TGAGAGGTCAAAGTAG-1-gPlexB2_s1,4_leaf
GCGCGATAGAATTCCC-1-gPlexB3_s1,GCGCGATAGAATTCCC-1-gPlexB3_s1,4_leaf
ACATGGTTCTGCCCTA-1-gPlexB3_s1,ACATGGTTCTGCCCTA-1-gPlexB3_s1,4_leaf
CTGATAGCAGGTGCCT-1-gPlexB6_s1,CTGATAGCAGGTGCCT-1-gPlexB6_s1,4_leaf
GGAATAAGTAAATGAC-1-gPlexB1_s1,GGAATAAGTAAATGAC-1-gPlexB1_s1,3_leaf
TTAGTTCTCTACGAGT-1-gPlexB6_s1,TTAGTTCTCTACGAGT-1-gPlexB6_s1,6_leaf
AACTCTTAGCTAACTC-1-gPlexB3_s1,AACTCTTAGCTAACTC-1-gPlexB3_s1,5_leaf
CCGGTAGTCTCATTCA-1-gPlexB7_s1,CCGGTAGTCTCATTCA-1-gPlexB7_s1,4_leaf
CCTTCCCGTACCGTAT-1-gPlexB1_s1,CCTTCCCGTACCGTAT-1-gPlexB1_s1,5_leaf
TCATTACGTGCACGAA-1-gPlexB3_s1,TCATTACGTGCACGAA-1-gPlexB3_s1,3_leaf
CGTCAGGGTCAGAATA-1-gPlexB5_s1,CGTCAGGGTCAGAATA-1-gPlexB5_s1,4_leaf
ACAGCCGTCGCTAGCG-1-gPlexB6_s1,ACAGCCGTCGCTAGCG-1-gPlexB6_s1,4_leaf
TTTATGCGTATGGTTC-1-gPlexB4_s1,TTTATGCGTATGGTTC-1-gPlexB4_s1,3_leaf
CTCTAATGTCTCTCTG-1-gPlexB4_s1,CTCTAATGTCTCTCTG-1-gPlexB4_s1,4_leaf
GGGAGATGTAGCGCTC-1-gPlexB7_s1,GGGAGATGTAGCGCTC-1-gPlexB7_s1,4_leaf
CGAGCCAGTCTCATCC-1-gPlexB7_s1,CGAGCCAGTCTCATCC-1-gPlexB7_s1,4_leaf
AACCATGTCCAGATCA-1-gPlexB1_s1,AACCATGTCCAGATCA-1-gPlexB1_s1,6_leaf
CGTCAGGCATCGGACC-1-gPlexB1_s1,CGTCAGGCATCGGACC-1-gPlexB1_s1,4_leaf
CTCTAATTCAGCAACT-1-gPlexB3_s1,CTCTAATTCAGCAACT-1-gPlexB3_s1,4_leaf
CAAGTTGCATGCTAGT-1-gPlexB3_s1,CAAGTTGCATGCTAGT-1-gPlexB3_s1,4_leaf
CGGCTAGAGTGTTGAA-1-gPlexB4_s1,CGGCTAGAGTGTTGAA-1-gPlexB4_s1,4_leaf
ACGGAGAAGCCAGTTT-1-gPlexB1_s1,ACGGAGAAGCCAGTTT-1-gPlexB1_s1,3_leaf
CGATTGAGTGCTGTAT-1-gPlexB4_s1,CGATTGAGTGCTGTAT-1-gPlexB4_s1,5_leaf
GAGCAGAGTAGCGCTC-1-gPlexB2_s1,GAGCAGAGTAGCGCTC-1-gPlexB2_s1,3_leaf
TACTTGTCACATTAGC-1-gPlexB5_s1,TACTTGTCACATTAGC-1-gPlexB5_s1,4_leaf
TTCTCCTAGTTGTCGT-1-gPlexB2_s1,TTCTCCTAGTTGTCGT-1-gPlexB2_s1,4_leaf
CAACCAACATGGGAAC-1-gPlexB5_s1,CAACCAACATGGGAAC-1-gPlexB5_s1,5_leaf
TTTGCGCGTCCAGTTA-1-gPlexB3_s1,TTTGCGCGTCCAGTTA-1-gPlexB3_s1,3_leaf
GCTTCCATCCTCTAGC-1-gPlexB6_s1,GCTTCCATCCTCTAGC-1-gPlexB6_s1,4_leaf
ACTTGTTTCATCGGAT-1-gPlexB1_s1,ACTTGTTTCATCGGAT-1-gPlexB1_s1,5_leaf
CGTCTACAGCTGTTCA-1-gPlexB4_s1,CGTCTACAGCTGTTCA-1-gPlexB4_s1,4_leaf
TAGTGGTGTCACTGGC-1-gPlexB5_s1,TAGTGGTGTCACTGGC-1-gPlexB5_s1,4_leaf
CGAGAAGGTCCATGAT-1-gPlexB7_s1,CGAGAAGGTCCATGAT-1-gPlexB7_s1,4_leaf
ATCATCTTCTTCATGT-1-gPlexB7_s1,ATCATCTTCTTCATGT-1-gPlexB7_s1,4_leaf
GGGAGATGTCCTAGCG-1-gPlexB3_s1,GGGAGATGTCCTAGCG-1-gPlexB3_s1,4_leaf
TACTTACAGGCTCATT-1-gPlexB5_s1,TACTTACAGGCTCATT-1-gPlexB5_s1,3_leaf
TGAGCATCAAGAAAGG-1-gPlexB3_s1,TGAGCATCAAGAAAGG-1-gPlexB3_s1,6_leaf
GGACAGACACGAAGCA-1-gPlexB5_s1,GGACAGACACGAAGCA-1-gPlexB5_s1,4_leaf
GTTTCTAGTAAGAGAG-1-gPlexB1_s1,GTTTCTAGTAAGAGAG-1-gPlexB1_s1,5_leaf
CGCTGGAAGCCCAACC-1-gPlexB6_s1,CGCTGGAAGCCCAACC-1-gPlexB6_s1,6_leaf
CATCAGACACGGACAA-1-gPlexB3_s1,CATCAGACACGGACAA-1-gPlexB3_s1,4_leaf
TGGCGCAGTGTGGCTC-1-gPlexB1_s1,TGGCGCAGTGTGGCTC-1-gPlexB1_s1,4_leaf
GATCAGTTCGCCAAAT-1-gPlexB6_s1,GATCAGTTCGCCAAAT-1-gPlexB6_s1,3_leaf
GGACGTCCATACCATG-1-gPlexB1_s1,GGACGTCCATACCATG-1-gPlexB1_s1,5_leaf
ACACTGACAGACGCTC-1-gPlexB7_s1,ACACTGACAGACGCTC-1-gPlexB7_s1,4_leaf
GTATTCTCATCTGGTA-1-gPlexB6_s1,GTATTCTCATCTGGTA-1-gPlexB6_s1,3_leaf
GTCTTCGAGACGACGT-1-gPlexB6_s1,GTCTTCGAGACGACGT-1-gPlexB6_s1,4_leaf
TACTCATTCAGCAACT-1-gPlexB2_s1,TACTCATTCAGCAACT-1-gPlexB2_s1,5_leaf
CATGACAAGGACGAAA-1-gPlexB5_s1,CATGACAAGGACGAAA-1-gPlexB5_s1,4_leaf
CGCGGTAGTTCGTCTC-1-gPlexB3_s1,CGCGGTAGTTCGTCTC-1-gPlexB3_s1,3_leaf
CGACTTCCAAGTTAAG-1-gPlexB7_s1,CGACTTCCAAGTTAAG-1-gPlexB7_s1,5_leaf
TGGGCGTGTTCCAACA-1-gPlexB5_s1,TGGGCGTGTTCCAACA-1-gPlexB5_s1,4_leaf
AGGCCGTTCCCAAGAT-1-gPlexB5_s1,AGGCCGTTCCCAAGAT-1-gPlexB5_s1,3_leaf
CGCTTCAGTTTGACAC-1-gPlexB2_s1,CGCTTCAGTTTGACAC-1-gPlexB2_s1,3_leaf
TGGTTCCCACCCATTC-1-gPlexB5_s1,TGGTTCCCACCCATTC-1-gPlexB5_s1,4_leaf
GGGATGATCTTCCTTC-1-gPlexB3_s1,GGGATGATCTTCCTTC-1-gPlexB3_s1,4_leaf
CTGTGCTTCTTAACCT-1-gPlexB3_s1,CTGTGCTTCTTAACCT-1-gPlexB3_s1,5_leaf
CTCTGGTGTCGATTGT-1-gPlexB7_s1,CTCTGGTGTCGATTGT-1-gPlexB7_s1,4_leaf
GGCTCGAGTATTCTCT-1-gPlexB3_s1,GGCTCGAGTATTCTCT-1-gPlexB3_s1,5_leaf
AACTTTCAGTGCGTGA-1-gPlexB5_s1,AACTTTCAGTGCGTGA-1-gPlexB5_s1,6_leaf
TTCTTAGGTGTAATGA-1-gPlexB6_s1,TTCTTAGGTGTAATGA-1-gPlexB6_s1,3_leaf
CTCGTCACAATCCAAC-1-gPlexB4_s1,CTCGTCACAATCCAAC-1-gPlexB4_s1,5_leaf
GTAGTCACATTTGCTT-1-gPlexB5_s1,GTAGTCACATTTGCTT-1-gPlexB5_s1,4_leaf
TAAGTGCCATTCGACA-1-gPlexB2_s1,TAAGTGCCATTCGACA-1-gPlexB2_s1,6_leaf
GTCATTTAGGGTCGAT-1-gPlexB1_s1,GTCATTTAGGGTCGAT-1-gPlexB1_s1,3_leaf
GCAATCATCGGAATCT-1-gPlexB3_s1,GCAATCATCGGAATCT-1-gPlexB3_s1,4_leaf
CACACAACAGCCACCA-1-gPlexB7_s1,CACACAACAGCCACCA-1-gPlexB7_s1,5_leaf
CTGCGGAAGTTACCCA-1-gPlexB2_s1,CTGCGGAAGTTACCCA-1-gPlexB2_s1,4_leaf
ACGCCAGTCCCGGATG-1-gPlexB2_s1,ACGCCAGTCCCGGATG-1-gPlexB2_s1,4_leaf
TGCGTGGCATGGGAAC-1-gPlexB7_s1,TGCGTGGCATGGGAAC-1-gPlexB7_s1,4_leaf
GGACGTCAGTCTCGGC-1-gPlexB4_s1,GGACGTCAGTCTCGGC-1-gPlexB4_s1,4_leaf
CCACTACTCGTGGGAA-1-gPlexB2_s1,CCACTACTCGTGGGAA-1-gPlexB2_s1,5_leaf
ATTATCCTCCTGCTTG-1-gPlexB6_s1,ATTATCCTCCTGCTTG-1-gPlexB6_s1,4_leaf
TATCAGGCATTTGCCC-1-gPlexB2_s1,TATCAGGCATTTGCCC-1-gPlexB2_s1,4_leaf
TTAACTCCATAAAGGT-1-gPlexB3_s1,TTAACTCCATAAAGGT-1-gPlexB3_s1,4_leaf
GCTGCGAGTCGGCTCA-1-gPlexB3_s1,GCTGCGAGTCGGCTCA-1-gPlexB3_s1,5_leaf
ATAGACCCAATGAAAC-1-gPlexB5_s1,ATAGACCCAATGAAAC-1-gPlexB5_s1,3_leaf
CCTATTACAGCGATCC-1-gPlexB4_s1,CCTATTACAGCGATCC-1-gPlexB4_s1,4_leaf
GGTGTTAGTGACTACT-1-gPlexB6_s1,GGTGTTAGTGACTACT-1-gPlexB6_s1,4_leaf
CGTAGGCTCAATACCG-1-gPlexB1_s1,CGTAGGCTCAATACCG-1-gPlexB1_s1,4_leaf
CATATTCTCCAGAGGA-1-gPlexB1_s1,CATATTCTCCAGAGGA-1-gPlexB1_s1,3_leaf
CTAGCCTGTCACTTCC-1-gPlexB2_s1,CTAGCCTGTCACTTCC-1-gPlexB2_s1,5_leaf
GTAACTGAGGAATGGA-1-gPlexB2_s1,GTAACTGAGGAATGGA-1-gPlexB2_s1,4_leaf
CAGCTAACAAGCGCTC-1-gPlexB3_s1,CAGCTAACAAGCGCTC-1-gPlexB3_s1,5_leaf
GAACCTATCGTTTGCC-1-gPlexB2_s1,GAACCTATCGTTTGCC-1-gPlexB2_s1,4_leaf
CTTGGCTGTGGACGAT-1-gPlexB7_s1,CTTGGCTGTGGACGAT-1-gPlexB7_s1,4_leaf
AGGGAGTCAGACTCGC-1-gPlexB1_s1,AGGGAGTCAGACTCGC-1-gPlexB1_s1,3_leaf
GGTGCGTTCGCGGATC-1-gPlexB1_s1,GGTGCGTTCGCGGATC-1-gPlexB1_s1,4_leaf
AGACGTTTCACTCCTG-1-gPlexB4_s1,AGACGTTTCACTCCTG-1-gPlexB4_s1,4_leaf
GAATGAAAGCGAAGGG-1-gPlexB3_s1,GAATGAAAGCGAAGGG-1-gPlexB3_s1,4_leaf
GCGGGTTTCGCAAGCC-1-gPlexB1_s1,GCGGGTTTCGCAAGCC-1-gPlexB1_s1,4_leaf
ACCAGTATCACGCATA-1-gPlexB7_s1,ACCAGTATCACGCATA-1-gPlexB7_s1,6_leaf
GCATGCGCAGCCTTTC-1-gPlexB1_s1,GCATGCGCAGCCTTTC-1-gPlexB1_s1,6_leaf
TCGAGGCGTAAGAGAG-1-gPlexB5_s1,TCGAGGCGTAAGAGAG-1-gPlexB5_s1,3_leaf
CCTTACGCATCTCCCA-1-gPlexB6_s1,CCTTACGCATCTCCCA-1-gPlexB6_s1,4_leaf
GGATGTTAGTGAAGAG-1-gPlexB5_s1,GGATGTTAGTGAAGAG-1-gPlexB5_s1,3_leaf
TGTATTCTCGGAGCAA-1-gPlexB3_s1,TGTATTCTCGGAGCAA-1-gPlexB3_s1,5_leaf
GGCTCGATCATTGCCC-1-gPlexB3_s1,GGCTCGATCATTGCCC-1-gPlexB3_s1,4_leaf
GATTCAGGTATAATGG-1-gPlexB3_s1,GATTCAGGTATAATGG-1-gPlexB3_s1,4_leaf
TGCCCTAAGTTTAGGA-1-gPlexB6_s1,TGCCCTAAGTTTAGGA-1-gPlexB6_s1,3_leaf
TGCGGGTTCGTTACAG-1-gPlexB4_s1,TGCGGGTTCGTTACAG-1-gPlexB4_s1,5_leaf
CATCAGAAGGCATGGT-1-gPlexB2_s1,CATCAGAAGGCATGGT-1-gPlexB2_s1,3_leaf
CGCTGGACATCGATGT-1-gPlexB1_s1,CGCTGGACATCGATGT-1-gPlexB1_s1,3_leaf
CAGCGACTCGACGGAA-1-gPlexB6_s1,CAGCGACTCGACGGAA-1-gPlexB6_s1,4_leaf
TTTGCGCAGCCCAATT-1-gPlexB7_s1,TTTGCGCAGCCCAATT-1-gPlexB7_s1,3_leaf
ACTTACTAGCGTGAAC-1-gPlexB7_s1,ACTTACTAGCGTGAAC-1-gPlexB7_s1,4_leaf
TCGTACCAGCTTATCG-1-gPlexB2_s1,TCGTACCAGCTTATCG-1-gPlexB2_s1,6_leaf
CAGCCGAGTATCTGCA-1-gPlexB7_s1,CAGCCGAGTATCTGCA-1-gPlexB7_s1,3_leaf
GTAACGTGTCCAAGTT-1-gPlexB7_s1,GTAACGTGTCCAAGTT-1-gPlexB7_s1,4_leaf
TTGGAACAGCAACGGT-1-gPlexB5_s1,TTGGAACAGCAACGGT-1-gPlexB5_s1,4_leaf
GAAATGACAGACGCTC-1-gPlexB4_s1,GAAATGACAGACGCTC-1-gPlexB4_s1,5_leaf
CTTAACTAGAGGTTGC-1-gPlexB3_s1,CTTAACTAGAGGTTGC-1-gPlexB3_s1,4_leaf
TCCACACCACGGACAA-1-gPlexB4_s1,TCCACACCACGGACAA-1-gPlexB4_s1,5_leaf
ACGGGTCTCTAACCGA-1-gPlexB3_s1,ACGGGTCTCTAACCGA-1-gPlexB3_s1,6_leaf
GTCACGGGTACACCGC-1-gPlexB5_s1,GTCACGGGTACACCGC-1-gPlexB5_s1,4_leaf
CAGGTGCCATTTGCTT-1-gPlexB5_s1,CAGGTGCCATTTGCTT-1-gPlexB5_s1,3_leaf
TAGCCGGAGCCAGGAT-1-gPlexB3_s1,TAGCCGGAGCCAGGAT-1-gPlexB3_s1,3_leaf
TGACTTTCAGGGATTG-1-gPlexB3_s1,TGACTTTCAGGGATTG-1-gPlexB3_s1,4_leaf
TTTGTCACAATGAAAC-1-gPlexB4_s1,TTTGTCACAATGAAAC-1-gPlexB4_s1,5_leaf
TTTCCTCCACGTCAGC-1-gPlexB5_s1,TTTCCTCCACGTCAGC-1-gPlexB5_s1,5_leaf
CGGAGTCCAGTCCTTC-1-gPlexB4_s1,CGGAGTCCAGTCCTTC-1-gPlexB4_s1,3_leaf
ATCTACTAGTAGATGT-1-gPlexB4_s1,ATCTACTAGTAGATGT-1-gPlexB4_s1,4_leaf
ACATGGTCACGAAGCA-1-gPlexB6_s1,ACATGGTCACGAAGCA-1-gPlexB6_s1,4_leaf
CCACTACTCTCCCTGA-1-gPlexB5_s1,CCACTACTCTCCCTGA-1-gPlexB5_s1,4_leaf
CTCGGGATCTGAGGGA-1-gPlexB5_s1,CTCGGGATCTGAGGGA-1-gPlexB5_s1,3_leaf
ACGATGTCAGGATTGG-1-gPlexB2_s1,ACGATGTCAGGATTGG-1-gPlexB2_s1,4_leaf
ACACCCTGTCGACTGC-1-gPlexB1_s1,ACACCCTGTCGACTGC-1-gPlexB1_s1,4_leaf
CGTCACTCATCCTTGC-1-gPlexB4_s1,CGTCACTCATCCTTGC-1-gPlexB4_s1,4_leaf
ACACTGACAGGTCTCG-1-gPlexB5_s1,ACACTGACAGGTCTCG-1-gPlexB5_s1,4_leaf
AGCGTATCAATGGATA-1-gPlexB5_s1,AGCGTATCAATGGATA-1-gPlexB5_s1,4_leaf
TCTTTCCTCCGCATAA-1-gPlexB2_s1,TCTTTCCTCCGCATAA-1-gPlexB2_s1,4_leaf
GGTGTTATCATAACCG-1-gPlexB2_s1,GGTGTTATCATAACCG-1-gPlexB2_s1,4_leaf
CGATCGGCACCAGATT-1-gPlexB6_s1,CGATCGGCACCAGATT-1-gPlexB6_s1,4_leaf
CGGGTCAAGAATAGGG-1-gPlexB1_s1,CGGGTCAAGAATAGGG-1-gPlexB1_s1,5_leaf
GGAAAGCAGGTTCCTA-1-gPlexB2_s1,GGAAAGCAGGTTCCTA-1-gPlexB2_s1,3_leaf
CTTCTCTCAGTGGGAT-1-gPlexB5_s1,CTTCTCTCAGTGGGAT-1-gPlexB5_s1,4_leaf
ATGCGATGTGACTCAT-1-gPlexB2_s1,ATGCGATGTGACTCAT-1-gPlexB2_s1,5_leaf
AACCGCGTCATTGCGA-1-gPlexB4_s1,AACCGCGTCATTGCGA-1-gPlexB4_s1,3_leaf
