,0,1,2,4,9
TCGAGGCAGGGAACGG-1-gPlexB4_s1,-1,1,0,-1,-1
CGGACGTTCCCAGGTG-1-gPlexB3_s1,1,0,1,0,0
GGCTCGATCCGGGTGT-1-gPlexB1_s1,1,0,1,0,0
TGTCCCAAGCTAAACA-1-gPlexB6_s1,1,0,-1,0,0
TGACGGCAGATGCGAC-1-gPlexB1_s1,-1,-1,0,0,0
GGGCATCAGTTTAGGA-1-gPlexB1_s1,1,0,-1,0,0
CGCGGTAGTGCCTTGG-1-gPlexB3_s1,1,0,-1,0,0
AACCGCGCAGTTCATG-1-gPlexB4_s1,-1,1,0,-1,-1
GCGCAACTCACAATGC-1-gPlexB3_s1,-1,-1,0,0,0
GTCATTTTCAACCATG-1-gPlexB6_s1,-1,-1,0,0,0
ATTTCTGGTGTAATGA-1-gPlexB6_s1,1,0,-1,0,0
CTCTAATTCATTATCC-1-gPlexB3_s1,1,0,-1,0,0
AGAGTGGTCAAACAAG-1-gPlexB4_s1,-1,-1,0,0,0
GCACTCTCAGGAATCG-1-gPlexB1_s1,-1,-1,0,0,0
ATCGAGTCACGAAATA-1-gPlexB1_s1,-1,1,0,-1,-1
GCGAGAACATCGACGC-1-gPlexB4_s1,-1,1,0,-1,-1
GCGCCAAGTATATGAG-1-gPlexB3_s1,-1,-1,0,0,0
AGAGTGGAGCTGTCTA-1-gPlexB6_s1,1,0,-1,0,0
CTTAGGAGTAACGCGA-1-gPlexB5_s1,1,0,1,0,0
GGGCACTAGCTAGCCC-1-gPlexB3_s1,-1,-1,0,0,0
CCTACACCACGTGAGA-1-gPlexB7_s1,-1,1,0,-1,-1
GCCTCTAGTCTGATCA-1-gPlexB6_s1,-1,-1,0,0,0
AGTCTTTGTTCAGGCC-1-gPlexB5_s1,-1,1,0,1,0
GTCAAGTTCGAACTGT-1-gPlexB6_s1,1,0,-1,0,0
ATCATGGAGTTATCGC-1-gPlexB6_s1,-1,1,0,-1,-1
GCTGCAGTCCCTCAGT-1-gPlexB6_s1,-1,1,0,-1,-1
TTGCGTCAGTCTCAAC-1-gPlexB7_s1,-1,-1,0,0,0
GATGAGGCAGTATCTG-1-gPlexB1_s1,-1,1,0,1,0
TTGAACGCATACCATG-1-gPlexB1_s1,1,0,-1,0,0
GGTGTTATCATCGCTC-1-gPlexB2_s1,-1,1,0,-1,-1
GCGCAGTGTACTCGCG-1-gPlexB7_s1,-1,1,0,1,0
CAGGTGCAGTGGAGAA-1-gPlexB5_s1,-1,-1,0,0,0
CGCTGGACAAGAAGAG-1-gPlexB5_s1,-1,1,0,1,0
AGGTCATTCCGCGCAA-1-gPlexB6_s1,-1,1,0,-1,-1
GGTGTTAAGGATCGCA-1-gPlexB2_s1,-1,1,0,-1,1
CTACATTTCCGCGCAA-1-gPlexB3_s1,-1,-1,0,0,0
GGGTTGCAGTTTCCTT-1-gPlexB4_s1,1,0,-1,0,0
CAGCCGAAGGTAGCCA-1-gPlexB5_s1,-1,1,0,-1,-1
ACACCGGTCAGCATGT-1-gPlexB5_s1,-1,1,0,-1,-1
CGATTGACACGAAACG-1-gPlexB4_s1,-1,1,0,-1,-1
TCGCGTTCACACCGAC-1-gPlexB2_s1,1,0,-1,0,0
AGTTGGTCAATGCCAT-1-gPlexB3_s1,-1,-1,0,0,0
GCTGCTTTCTCCGGTT-1-gPlexB3_s1,1,0,-1,0,0
CCTAGCTGTATAGGGC-1-gPlexB6_s1,-1,1,0,-1,-1
GAGGTGACATACAGCT-1-gPlexB5_s1,-1,-1,0,0,0
AACTTTCTCCCACTTG-1-gPlexB1_s1,1,0,-1,0,0
GTACTTTTCCACGTTC-1-gPlexB3_s1,1,0,-1,0,0
ACTTTCAGTTGTTTGG-1-gPlexB5_s1,-1,-1,0,0,0
CAGGTGCGTTGTGGAG-1-gPlexB3_s1,-1,-1,0,0,0
GTGCATAGTTCCACAA-1-gPlexB7_s1,-1,1,0,-1,-1
CCGGTAGGTAGCACGA-1-gPlexB3_s1,-1,-1,0,0,0
GTACGTATCCGTTGTC-1-gPlexB5_s1,-1,-1,0,0,0
TCGGTAAGTGGCAAAC-1-gPlexB5_s1,-1,-1,0,0,0
CAACCAAGTTCCCGAG-1-gPlexB3_s1,-1,1,0,-1,-1
TTGTAGGGTATCTGCA-1-gPlexB4_s1,-1,1,0,-1,1
GCAGCCAGTCTAAACC-1-gPlexB5_s1,-1,-1,0,0,0
AACTCTTAGGTCGGAT-1-gPlexB7_s1,-1,-1,0,0,0
AACTTTCGTTCACCTC-1-gPlexB5_s1,1,0,-1,0,0
TGACGGCTCGAATGGG-1-gPlexB1_s1,1,0,-1,0,0
GCTTGAAAGTATGACA-1-gPlexB4_s1,1,0,-1,0,0
TGCGCAGGTACCGAGA-1-gPlexB1_s1,1,0,1,0,0
CGATTGAAGGTGTGGT-1-gPlexB4_s1,-1,1,0,-1,1
CAGCGACGTACCGTAT-1-gPlexB6_s1,1,0,1,0,0
GGTGCGTTCGACAGCC-1-gPlexB6_s1,-1,1,0,-1,1
GTTCTCGCATCGGTTA-1-gPlexB3_s1,1,0,-1,0,0
GGGTCTGTCCTCTAGC-1-gPlexB7_s1,1,0,-1,0,0
CGGACGTCATGTAGTC-1-gPlexB5_s1,-1,1,0,-1,1
GCGCGATCACTCTGTC-1-gPlexB3_s1,-1,1,0,-1,-1
CCTCTGATCCGAACGC-1-gPlexB2_s1,-1,1,0,-1,-1
GGTGAAGGTCCCGACA-1-gPlexB5_s1,-1,-1,0,0,0
ACGGAGACACACCGCA-1-gPlexB7_s1,-1,1,0,-1,-1
CTTCTCTCAAGAAAGG-1-gPlexB3_s1,-1,1,0,-1,-1
CAGCTAACAGAAGCAC-1-gPlexB1_s1,1,0,-1,0,0
CACATTTTCAGAAATG-1-gPlexB3_s1,1,0,1,0,0
ATTTCTGCATTGCGGC-1-gPlexB1_s1,-1,1,0,-1,-1
GCGGGTTCATTGGTAC-1-gPlexB2_s1,1,0,-1,0,0
TGCTGCTTCCGCAAGC-1-gPlexB7_s1,-1,-1,0,0,0
TCAGATGCATTGAGCT-1-gPlexB6_s1,-1,1,0,-1,-1
CGCTGGAAGACCCACC-1-gPlexB3_s1,-1,1,0,1,0
TGCCAAATCCCTGACT-1-gPlexB5_s1,1,0,-1,0,0
CAACTAGAGCCACGTC-1-gPlexB1_s1,1,0,-1,0,0
AACCGCGTCTTGAGGT-1-gPlexB6_s1,-1,-1,0,0,0
GGTGCGTTCGGCGCAT-1-gPlexB7_s1,-1,1,0,-1,-1
CCTAGCTTCATCGCTC-1-gPlexB4_s1,-1,1,0,-1,-1
CCAGCGACACTTCTGC-1-gPlexB1_s1,-1,-1,0,0,0
CTGATCCCATGGAATA-1-gPlexB3_s1,1,0,1,0,0
CGTAGCGTCTTGGGTA-1-gPlexB7_s1,-1,1,0,-1,-1
TGTGGTACATATACCG-1-gPlexB4_s1,1,0,-1,0,0
CTTAACTAGCCGTCGT-1-gPlexB5_s1,1,0,-1,0,0
TAGAGCTCAGCTGTGC-1-gPlexB6_s1,-1,-1,0,0,0
AGCTCCTCAAACTGCT-1-gPlexB4_s1,-1,1,0,-1,-1
CGACTTCGTAAGGGCT-1-gPlexB3_s1,-1,1,0,-1,-1
GCCTCTAAGCCAACAG-1-gPlexB6_s1,1,0,-1,0,0
CGTCACTAGACTAGGC-1-gPlexB4_s1,-1,1,0,1,0
CCGGGATCACGCGAAA-1-gPlexB5_s1,1,0,-1,0,0
GAGGTGACAGCGATCC-1-gPlexB2_s1,-1,-1,0,0,0
GCAAACTTCTGCTTGC-1-gPlexB7_s1,1,0,-1,0,0
TGCCCATGTCATCGGC-1-gPlexB2_s1,-1,1,0,-1,-1
TACGGATAGAAGGTGA-1-gPlexB1_s1,1,0,1,0,0
GCTCTGTAGCACCGCT-1-gPlexB3_s1,1,0,-1,0,0
GGTGAAGGTCCGCTGA-1-gPlexB3_s1,-1,1,0,-1,-1
TCCCGATTCGTTTGCC-1-gPlexB1_s1,-1,1,0,-1,-1
GAGTCCGTCTGTGCAA-1-gPlexB7_s1,1,0,-1,0,0
TGCCAAACACGCTTTC-1-gPlexB3_s1,-1,-1,0,0,0
CAGTCCTCACGCTTTC-1-gPlexB3_s1,-1,1,0,-1,-1
TGTGGTAAGCTCCTTC-1-gPlexB5_s1,-1,-1,0,0,0
TGACTTTAGTGACATA-1-gPlexB3_s1,1,0,-1,0,0
ATTTCTGGTCAAAGAT-1-gPlexB5_s1,1,0,-1,0,0
GAAGCAGCATTCCTCG-1-gPlexB5_s1,1,0,1,0,0
CAGTAACGTCATCCCT-1-gPlexB5_s1,-1,-1,0,0,0
GTTCTCGAGTACGTAA-1-gPlexB3_s1,-1,-1,0,0,0
GCATACAAGCAGCGTA-1-gPlexB3_s1,1,0,-1,0,0
GGACAAGGTATAAACG-1-gPlexB1_s1,-1,1,0,-1,1
CTCTACGGTGATGTCT-1-gPlexB4_s1,1,0,-1,0,0
TTTACTGCAGCTTAAC-1-gPlexB3_s1,-1,-1,0,0,0
GCAAACTGTAGCGTGA-1-gPlexB2_s1,1,0,-1,0,0
CTCGTACGTGACTACT-1-gPlexB2_s1,1,0,-1,0,0
TCAGCTCGTACCGAGA-1-gPlexB6_s1,1,0,-1,0,0
GTTACAGGTACCGGCT-1-gPlexB5_s1,-1,1,0,-1,-1
ATAACGCAGGCTAGAC-1-gPlexB1_s1,-1,1,0,1,0
CATATGGCACACATGT-1-gPlexB7_s1,-1,-1,0,0,0
AGTGAGGTCAGTTCGA-1-gPlexB3_s1,-1,1,0,-1,-1
TGCCAAAAGCCGCCTA-1-gPlexB2_s1,-1,-1,0,0,0
AAGCCGCCAAAGTGCG-1-gPlexB4_s1,1,0,-1,0,0
CTGATAGGTACCGTTA-1-gPlexB2_s1,-1,1,0,1,0
AGATCTGTCTTATCTG-1-gPlexB2_s1,-1,1,0,-1,-1
TCGAGGCTCCGTTGTC-1-gPlexB3_s1,-1,1,0,-1,-1
CTCTACGCATGTTCCC-1-gPlexB2_s1,-1,1,0,-1,-1
TTAGTTCCACGAAAGC-1-gPlexB6_s1,1,0,-1,0,0
GGAACTTCATCCTTGC-1-gPlexB4_s1,-1,1,0,-1,-1
CAAGATCAGAAACCGC-1-gPlexB3_s1,-1,1,0,1,0
TCAGGTATCTAACTCT-1-gPlexB2_s1,-1,1,0,-1,-1
GGTGAAGAGTACGCCC-1-gPlexB2_s1,1,0,-1,0,0
GGAATAAAGAGACTTA-1-gPlexB6_s1,1,0,-1,0,0
ACAGCCGCACATTAGC-1-gPlexB4_s1,-1,-1,0,0,0
CACTCCAAGTGGCACA-1-gPlexB2_s1,1,0,-1,0,0
GTGCGGTCAGTAGAGC-1-gPlexB7_s1,-1,-1,0,0,0
ATGCGATGTCATCGGC-1-gPlexB4_s1,-1,-1,0,0,0
CACAGGCTCATCGCTC-1-gPlexB1_s1,-1,1,0,-1,-1
CACACAAAGGGTGTTG-1-gPlexB6_s1,-1,1,0,-1,-1
AACTCCCCAGACACTT-1-gPlexB5_s1,1,0,-1,0,0
CCGTACTAGATCCGAG-1-gPlexB1_s1,1,0,-1,0,0
CCTATTATCTTCCTTC-1-gPlexB3_s1,-1,1,0,1,0
CTCCTAGCACCAGTTA-1-gPlexB5_s1,-1,1,0,-1,-1
CACTCCAGTGCAGACA-1-gPlexB4_s1,-1,1,0,1,0
GATCAGTCAGCTGTAT-1-gPlexB6_s1,-1,1,0,1,0
GTATTCTAGTCGTACT-1-gPlexB4_s1,-1,1,0,-1,-1
ATCACGATCAAACCAC-1-gPlexB4_s1,-1,1,0,-1,-1
CGCGTTTGTGTGCCTG-1-gPlexB6_s1,1,0,-1,0,0
CGCGTTTGTGTGCGTC-1-gPlexB1_s1,1,0,-1,0,0
TAAGTGCAGACTTGAA-1-gPlexB6_s1,-1,-1,0,0,0
AACTTTCAGATCGATA-1-gPlexB7_s1,-1,1,0,1,0
AGGTCCGAGTCCTCCT-1-gPlexB1_s1,-1,1,0,-1,1
TCAGATGAGTGTACCT-1-gPlexB5_s1,-1,1,0,-1,-1
GCACATATCAAGGTAA-1-gPlexB1_s1,-1,1,0,1,0
ACAGCCGCAGGTCCAC-1-gPlexB5_s1,-1,1,0,-1,-1
CGTGAGCGTCGAAAGC-1-gPlexB1_s1,1,0,-1,0,0
TAAGAGAAGACAAGCC-1-gPlexB6_s1,-1,1,0,-1,-1
CTTGGCTCACCGCTAG-1-gPlexB5_s1,-1,1,0,1,0
CGCTGGACAGGCGATA-1-gPlexB6_s1,-1,1,0,-1,1
ATGTGTGCAACGCACC-1-gPlexB7_s1,-1,1,0,-1,-1
TCACGAACATGCAATC-1-gPlexB3_s1,-1,-1,0,0,0
ATCTGCCTCACAACGT-1-gPlexB1_s1,1,0,-1,0,0
CGGACACAGAAACGCC-1-gPlexB6_s1,1,0,-1,0,0
GAAACTCCATAGAAAC-1-gPlexB3_s1,-1,-1,0,0,0
GGTGCGTTCTCTAGGA-1-gPlexB6_s1,1,0,-1,0,0
TCAACGACAACTTGAC-1-gPlexB5_s1,-1,1,0,1,0
GTGCGGTCATCCAACA-1-gPlexB6_s1,-1,1,0,-1,-1
CTCGAAATCAAACCAC-1-gPlexB4_s1,-1,1,0,-1,-1
TCATTTGTCCACGAAT-1-gPlexB3_s1,-1,-1,0,0,0
ACATACGGTGTTGGGA-1-gPlexB5_s1,-1,-1,0,0,0
AGGTCCGGTTCAACCA-1-gPlexB6_s1,-1,1,0,-1,-1
CGTTAGAGTAATCGTC-1-gPlexB3_s1,-1,-1,0,0,0
AAAGCAATCGGTGTTA-1-gPlexB2_s1,-1,1,0,-1,-1
TCCCGATCACCTATCC-1-gPlexB2_s1,-1,-1,0,0,0
TTCGGTCCACCATGTA-1-gPlexB2_s1,1,0,-1,0,0
CTTAACTCAGATCCAT-1-gPlexB2_s1,1,0,-1,0,0
ACGGAGATCCCTCTTT-1-gPlexB2_s1,-1,-1,0,0,0
CCTATTATCTAACCGA-1-gPlexB7_s1,1,0,1,0,0
CGGACGTGTCCAGTTA-1-gPlexB1_s1,-1,1,0,1,0
GCTGCAGCAGCGTAAG-1-gPlexB6_s1,-1,-1,0,0,0
GTTTCTACAGGGCATA-1-gPlexB5_s1,-1,-1,0,0,0
CTTAACTCATGGTTGT-1-gPlexB5_s1,-1,1,0,1,0
CCAGCGAGTAAGGGAA-1-gPlexB5_s1,-1,-1,0,0,0
ACACTGACAGATCCAT-1-gPlexB5_s1,-1,1,0,-1,-1
ACGGAGATCAGTGCAT-1-gPlexB3_s1,-1,1,0,-1,-1
TACAGTGAGCAAATCA-1-gPlexB2_s1,-1,1,0,-1,1
CACACTCGTAAGCACG-1-gPlexB3_s1,1,0,1,0,0
GGATTACGTGCTAGCC-1-gPlexB5_s1,1,0,-1,0,0
CGCTATCCAAAGCGGT-1-gPlexB4_s1,1,0,-1,0,0
AGCAGCCTCCGCAAGC-1-gPlexB7_s1,-1,1,0,1,0
TTCTCAAGTGTTTGTG-1-gPlexB3_s1,-1,1,0,-1,-1
AGTGAGGTCCATTCTA-1-gPlexB4_s1,-1,1,0,-1,-1
CACATTTAGTGTCTCA-1-gPlexB3_s1,-1,1,0,-1,-1
CACCTTGTCGCTAGCG-1-gPlexB5_s1,-1,-1,0,0,0
GCTTCCACATTGAGCT-1-gPlexB5_s1,-1,1,0,-1,1
GCACTCTCAGGAATCG-1-gPlexB7_s1,1,0,-1,0,0
ACACCCTAGCGATATA-1-gPlexB5_s1,1,0,-1,0,0
CTTAGGAAGTCTCGGC-1-gPlexB5_s1,-1,1,0,-1,-1
GGACGTCCATCCGTGG-1-gPlexB7_s1,-1,1,0,-1,-1
TCGTACCAGGCAAAGA-1-gPlexB5_s1,-1,1,0,-1,-1
GCGCCAACATTATCTC-1-gPlexB2_s1,-1,-1,0,0,0
TCGAGGCAGAACAACT-1-gPlexB5_s1,-1,-1,0,0,0
TGGACGCGTCCCGACA-1-gPlexB4_s1,1,0,1,0,0
CCTACCACATGCAACT-1-gPlexB3_s1,-1,1,0,1,0
TGGCCAGCAATGGACG-1-gPlexB7_s1,-1,-1,0,0,0
GTACGTATCGAACGGA-1-gPlexB3_s1,-1,1,0,-1,-1
CTAAGACGTTACGCGC-1-gPlexB6_s1,-1,1,0,-1,-1
CTTAACTCAAGGTGTG-1-gPlexB6_s1,-1,1,0,-1,-1
GTGCATAAGGAATTAC-1-gPlexB7_s1,1,0,-1,0,0
TTTACTGAGATGCCAG-1-gPlexB2_s1,-1,1,0,1,0
CAGGTGCGTAAGTGTA-1-gPlexB4_s1,-1,1,0,-1,1
TGTATTCTCGGCGCTA-1-gPlexB4_s1,-1,-1,0,0,0
CTCAGAAGTCGCGGTT-1-gPlexB3_s1,-1,-1,0,0,0
CAAGAAACATGCCCGA-1-gPlexB3_s1,-1,1,0,-1,-1
ACGGGTCGTTGGTAAA-1-gPlexB6_s1,1,0,1,0,0
GTCCTCACACTCAGGC-1-gPlexB2_s1,-1,-1,0,0,0
CCCATACGTCCAACTA-1-gPlexB4_s1,-1,1,0,1,0
ATAACGCTCCAAAGTC-1-gPlexB1_s1,-1,1,0,-1,1
TCACAAGGTTCATGGT-1-gPlexB1_s1,-1,1,0,-1,-1
CTGCGGAGTGACGCCT-1-gPlexB6_s1,1,0,-1,0,0
TCGGGACGTCACTGGC-1-gPlexB5_s1,-1,1,0,-1,-1
ACGGGTCCACAAGACG-1-gPlexB4_s1,1,0,-1,0,0
GGACAGATCGTTACAG-1-gPlexB3_s1,1,0,-1,0,0
TACTCATCAATGTAAG-1-gPlexB4_s1,1,0,-1,0,0
TGACTTTCAATAGCGG-1-gPlexB5_s1,-1,1,0,1,0
AGAGCGAAGCCCAATT-1-gPlexB2_s1,-1,-1,0,0,0
TGAGAGGGTAGAGCTG-1-gPlexB6_s1,1,0,1,0,0
GGACAGAGTGTAACGG-1-gPlexB6_s1,1,0,1,0,0
GCAGTTACACGGCGTT-1-gPlexB2_s1,-1,1,0,-1,1
GGGTCTGAGTACCGGA-1-gPlexB1_s1,1,0,-1,0,0
TTGCCGTAGGGCTCTC-1-gPlexB6_s1,-1,-1,0,0,0
CACACTCTCGTTTATC-1-gPlexB1_s1,1,0,-1,0,0
CCTTTCTCAGTGACAG-1-gPlexB1_s1,-1,-1,0,0,0
CTTCTCTGTCGCATCG-1-gPlexB4_s1,-1,-1,0,0,0
GTGCAGCTCGTACCGG-1-gPlexB5_s1,-1,-1,0,0,0
GTATCTTCAGACTCGC-1-gPlexB4_s1,-1,1,0,-1,-1
GTACTTTTCAGGTAAA-1-gPlexB6_s1,1,0,-1,0,0
GACCTGGTCCACGAAT-1-gPlexB2_s1,-1,1,0,-1,-1
CTCATTAAGAAGATTC-1-gPlexB7_s1,-1,1,0,-1,-1
GAAATGAGTCTAACGT-1-gPlexB6_s1,-1,-1,0,0,0
TAGAGCTTCCCTAACC-1-gPlexB4_s1,-1,1,0,-1,-1
CGACTTCGTCGCCATG-1-gPlexB5_s1,-1,1,0,1,0
GCTGGGTTCCTTTACA-1-gPlexB6_s1,-1,-1,0,0,0
CGCCAAGGTGGTTTCA-1-gPlexB3_s1,1,0,-1,0,0
AGTCTTTTCTTGTTTG-1-gPlexB1_s1,-1,1,0,-1,-1
TACTCGCAGAATTGTG-1-gPlexB4_s1,-1,1,0,-1,-1
TCACGAACACGAGGTA-1-gPlexB6_s1,-1,1,0,-1,-1
CATGGCGAGTCAATAG-1-gPlexB5_s1,-1,-1,0,0,0
CTTCTCTGTTACAGAA-1-gPlexB1_s1,-1,1,0,-1,1
CGTCAGGTCGGATGGA-1-gPlexB3_s1,-1,1,0,-1,-1
AGTGTCAAGTTAACGA-1-gPlexB3_s1,-1,1,0,-1,-1
TTAGGCAGTACCATCA-1-gPlexB2_s1,1,0,-1,0,0
CTGAAGTTCTATCCTA-1-gPlexB6_s1,1,0,-1,0,0
AAAGCAACATCCGCGA-1-gPlexB6_s1,-1,1,0,-1,1
TTCTACAAGGGATCTG-1-gPlexB3_s1,-1,1,0,-1,-1
CACCACTAGGGTTTCT-1-gPlexB7_s1,1,0,-1,0,0
CATTATCGTTCGCTAA-1-gPlexB5_s1,-1,1,0,-1,-1
CGTAGCGTCTCTGCTG-1-gPlexB5_s1,1,0,-1,0,0
ACACCAACAGCATGAG-1-gPlexB4_s1,-1,-1,0,0,0
GGGAATGTCGGAGGTA-1-gPlexB1_s1,-1,1,0,-1,1
TTAGTTCCAGATGGCA-1-gPlexB5_s1,-1,1,0,-1,1
TATCTCAGTTCGTTGA-1-gPlexB5_s1,1,0,-1,0,0
AAAGATGGTAAACACA-1-gPlexB6_s1,-1,-1,0,0,0
GCTTCCATCATCACCC-1-gPlexB7_s1,-1,1,0,-1,-1
GTCCTCACACTGAAGG-1-gPlexB2_s1,-1,1,0,-1,-1
TGCGTGGTCGAGGTAG-1-gPlexB7_s1,-1,1,0,-1,-1
GGAGCAACAGTATAAG-1-gPlexB5_s1,1,0,-1,0,0
GCGGGTTAGCATCATC-1-gPlexB1_s1,-1,-1,0,0,0
AGCATACAGGTGATAT-1-gPlexB2_s1,-1,1,0,1,0
AAGGTTCTCCATTCTA-1-gPlexB6_s1,1,0,-1,0,0
CGAGCACGTATCGCAT-1-gPlexB3_s1,1,0,-1,0,0
CGGAGTCGTCTAACGT-1-gPlexB5_s1,1,0,-1,0,0
CTAACTTAGCCAGTTT-1-gPlexB3_s1,-1,1,0,-1,1
CTCACACTCAGCTGGC-1-gPlexB4_s1,-1,1,0,-1,-1
GGTGAAGCAGGATTGG-1-gPlexB6_s1,1,0,-1,0,0
GTCATTTAGCAGACTG-1-gPlexB6_s1,-1,-1,0,0,0
CCTATTAAGGCTAGGT-1-gPlexB7_s1,-1,1,0,-1,1
CCGTACTCATATGAGA-1-gPlexB1_s1,-1,-1,0,0,0
TGGGAAGCATTTCACT-1-gPlexB1_s1,-1,1,0,-1,-1
GATGAGGAGTTAGCGG-1-gPlexB5_s1,-1,1,0,-1,-1
TGTATTCCAGGACCCT-1-gPlexB2_s1,-1,1,0,1,0
CGCTTCACAGCTATTG-1-gPlexB5_s1,1,0,-1,0,0
CCTAGCTTCGAATGCT-1-gPlexB7_s1,-1,1,0,-1,-1
ACTGTCCTCTTCTGGC-1-gPlexB4_s1,-1,1,0,-1,1
CTAATGGTCAGAAATG-1-gPlexB6_s1,1,0,1,0,0
GATGCTAAGGGAAACA-1-gPlexB5_s1,1,0,-1,0,0
AGAATAGTCAGAGGTG-1-gPlexB5_s1,1,0,1,0,0
GTGTTAGGTGTGAAAT-1-gPlexB6_s1,-1,1,0,-1,-1
AGCAGCCAGACAGGCT-1-gPlexB7_s1,-1,-1,0,0,0
TACTTGTAGATGGGTC-1-gPlexB6_s1,1,0,-1,0,0
AACTTTCGTGGCCCTA-1-gPlexB3_s1,-1,-1,0,0,0
ACTGATGTCCTTTCTC-1-gPlexB3_s1,-1,1,0,-1,-1
AGAGCTTGTTTCCACC-1-gPlexB2_s1,-1,-1,0,0,0
CCTCTGACACAGGCCT-1-gPlexB7_s1,-1,-1,0,0,0
CATGACATCTCGAGTA-1-gPlexB4_s1,-1,1,0,-1,-1
GGGCATCAGGAGCGTT-1-gPlexB4_s1,-1,1,0,-1,-1
CATATTCAGTCTCCTC-1-gPlexB5_s1,-1,1,0,-1,-1
CGCGGTATCGGACAAG-1-gPlexB3_s1,-1,1,0,1,0
TACCTATTCGAATCCA-1-gPlexB5_s1,-1,1,0,-1,1
TACAGTGGTCGAATCT-1-gPlexB5_s1,-1,1,0,-1,-1
GTAACGTAGGGAGTAA-1-gPlexB4_s1,-1,-1,0,0,0
TCATTACGTTAGAACA-1-gPlexB6_s1,-1,1,0,-1,-1
TCAGCTCTCCTTGACC-1-gPlexB6_s1,-1,1,0,-1,-1
CATGCCTTCGCTAGCG-1-gPlexB6_s1,-1,-1,0,0,0
AAACGGGCAACGATGG-1-gPlexB7_s1,-1,-1,0,0,0
TACACGAGTGCTAGCC-1-gPlexB6_s1,1,0,1,0,0
TTTGGTTAGCCCGAAA-1-gPlexB3_s1,-1,1,0,-1,-1
GGCTGGTGTGCCTGGT-1-gPlexB2_s1,-1,-1,0,0,0
CTGAAGTCACGGTAAG-1-gPlexB7_s1,-1,-1,0,0,0
TTTCCTCTCTTTAGTC-1-gPlexB7_s1,-1,1,0,-1,1
CGACCTTTCCAGAAGG-1-gPlexB7_s1,1,0,-1,0,0
GATGAGGTCATCTGCC-1-gPlexB5_s1,-1,1,0,1,0
CGAACATAGCCAGTTT-1-gPlexB3_s1,-1,-1,0,0,0
CTGTGCTCATCTATGG-1-gPlexB1_s1,-1,1,0,-1,1
ACAGCTAAGATGTGTA-1-gPlexB5_s1,-1,1,0,1,0
GAACGGACAACTGCTA-1-gPlexB4_s1,-1,1,0,-1,-1
TTAGGACCATGACGGA-1-gPlexB7_s1,-1,1,0,1,0
ACGTCAACATTGGCGC-1-gPlexB1_s1,-1,1,0,-1,1
TCTTCGGAGCTGCCCA-1-gPlexB5_s1,1,0,-1,0,0
CTGGTCTTCTAACTTC-1-gPlexB5_s1,1,0,1,0,0
CTCTAATGTAGGGACT-1-gPlexB6_s1,-1,-1,0,0,0
ACACCAATCTACCAGA-1-gPlexB1_s1,-1,-1,0,0,0
TCGTAGAAGTGGCACA-1-gPlexB5_s1,1,0,-1,0,0
CTTGGCTTCTGATTCT-1-gPlexB2_s1,1,0,-1,0,0
ATCTGCCTCGCGTAGC-1-gPlexB5_s1,-1,-1,0,0,0
ACGATACCACCGATAT-1-gPlexB3_s1,-1,-1,0,0,0
CTAATGGAGCCGTCGT-1-gPlexB1_s1,1,0,-1,0,0
CAGCATAAGATCGGGT-1-gPlexB3_s1,-1,1,0,-1,-1
GCATGCGCAGATCTGT-1-gPlexB6_s1,1,0,1,0,0
GCATGTAAGGACGAAA-1-gPlexB1_s1,-1,1,0,1,0
AGGTCATCATCAGTCA-1-gPlexB3_s1,1,0,1,0,0
AGCTCCTAGTACGACG-1-gPlexB5_s1,-1,1,0,-1,1
AGCAGCCCATACTACG-1-gPlexB2_s1,1,0,-1,0,0
TGTTCCGCAAGCTGTT-1-gPlexB3_s1,-1,-1,0,0,0
CGAGAAGGTTGTTTGG-1-gPlexB1_s1,-1,1,0,-1,1
TCTGGAAGTTCTCATT-1-gPlexB1_s1,1,0,-1,0,0
CTAATGGTCAAGATCC-1-gPlexB3_s1,1,0,-1,0,0
GCAGCCAGTAGTAGTA-1-gPlexB4_s1,-1,1,0,1,0
CCCAATCCATGTCCTC-1-gPlexB4_s1,1,0,-1,0,0
ACGGAGAAGTTCCACA-1-gPlexB5_s1,-1,-1,0,0,0
ATCCACCGTCCTAGCG-1-gPlexB3_s1,1,0,1,0,0
CCGTACTCAAAGAATC-1-gPlexB5_s1,-1,1,0,-1,1
GATCTAGAGATGGGTC-1-gPlexB5_s1,-1,1,0,-1,-1
TCGGTAAAGGATATAC-1-gPlexB4_s1,1,0,1,0,0
GTGCATAAGGAGTTTA-1-gPlexB6_s1,-1,1,0,-1,-1
TGCACCTCAATCACAC-1-gPlexB5_s1,1,0,1,0,0
TCAGCAATCAAACGGG-1-gPlexB4_s1,-1,1,0,-1,-1
TAGTTGGCACTCTGTC-1-gPlexB4_s1,-1,1,0,-1,-1
GACACGCGTCCCTACT-1-gPlexB5_s1,1,0,-1,0,0
TACAGTGGTTTCCACC-1-gPlexB7_s1,1,0,-1,0,0
CCGGTAGCATCCTAGA-1-gPlexB2_s1,1,0,1,0,0
AAGGTTCGTCTAGCGC-1-gPlexB5_s1,-1,1,0,1,0
ACGATGTTCTGGCGAC-1-gPlexB1_s1,-1,-1,0,0,0
TCTGAGAAGACTTGAA-1-gPlexB2_s1,-1,-1,0,0,0
GCAGCCACAGCCAATT-1-gPlexB4_s1,-1,1,0,1,0
CAACTAGGTATTCGTG-1-gPlexB5_s1,-1,-1,0,0,0
TGGTTAGAGAGTAAGG-1-gPlexB2_s1,1,0,-1,0,0
TCGGTAAAGACAATAC-1-gPlexB5_s1,-1,1,0,1,0
CTCCTAGGTAGCGCTC-1-gPlexB6_s1,1,0,-1,0,0
GGGCATCTCCAAAGTC-1-gPlexB2_s1,1,0,-1,0,0
GATCGATGTGGCGAAT-1-gPlexB4_s1,-1,1,0,-1,1
ACTGAGTCAACTTGAC-1-gPlexB4_s1,-1,1,0,-1,-1
CAAGATCTCCTGCAGG-1-gPlexB3_s1,-1,1,0,-1,-1
TACGGGCGTTAGATGA-1-gPlexB6_s1,1,0,-1,0,0
GCTGGGTTCAGAGACG-1-gPlexB5_s1,-1,1,0,1,0
TAGCCGGTCGCGCCAA-1-gPlexB7_s1,-1,1,0,-1,-1
TACGGATAGCTTATCG-1-gPlexB4_s1,1,0,-1,0,0
GAACCTACACTAGTAC-1-gPlexB4_s1,-1,1,0,-1,1
ACACCGGAGAGTAAGG-1-gPlexB5_s1,-1,1,0,-1,1
CCGGGATGTGGACGAT-1-gPlexB3_s1,1,0,-1,0,0
TGGCCAGTCACGACTA-1-gPlexB3_s1,-1,-1,0,0,0
GGGATGATCTTCATGT-1-gPlexB6_s1,-1,1,0,1,0
CACATTTGTGGTCTCG-1-gPlexB1_s1,1,0,-1,0,0
TAAGAGATCTTGACGA-1-gPlexB5_s1,-1,1,0,1,0
TAGGCATTCAACACTG-1-gPlexB3_s1,-1,1,0,-1,-1
CGCGGTATCGCAAGCC-1-gPlexB1_s1,1,0,-1,0,0
ACGGGTCAGTACGTTC-1-gPlexB4_s1,-1,1,0,-1,-1
CGGACTGAGCTGTTCA-1-gPlexB4_s1,-1,1,0,-1,1
ACAGCCGTCATTGCGA-1-gPlexB2_s1,-1,-1,0,0,0
AGGGTGACAGGACCCT-1-gPlexB7_s1,1,0,-1,0,0
AGCTCCTGTCAACATC-1-gPlexB4_s1,-1,1,0,-1,-1
CGCCAAGAGTGTTTGC-1-gPlexB5_s1,-1,1,0,-1,-1
AGGCCACCAGGGTATG-1-gPlexB4_s1,-1,1,0,-1,-1
ACATCAGCACTTGGAT-1-gPlexB3_s1,-1,1,0,-1,-1
GGATTACTCCAACCAA-1-gPlexB1_s1,1,0,-1,0,0
CATCAGAGTTAAGATG-1-gPlexB2_s1,-1,1,0,-1,-1
TAAGCGTTCCTCTAGC-1-gPlexB6_s1,-1,1,0,-1,-1
CCCATACTCGCAGGCT-1-gPlexB1_s1,-1,1,0,1,0
CAAGTTGGTCGCATCG-1-gPlexB6_s1,-1,-1,0,0,0
GTGTGCGAGGTGTGGT-1-gPlexB2_s1,-1,-1,0,0,0
CCTCAGTAGAGCTGCA-1-gPlexB7_s1,1,0,-1,0,0
GGGCATCTCCCGGATG-1-gPlexB3_s1,1,0,-1,0,0
GCTGCTTCAGATAATG-1-gPlexB5_s1,-1,1,0,-1,-1
TGGCTGGAGATGGCGT-1-gPlexB1_s1,1,0,-1,0,0
CGACTTCGTCTTCGTC-1-gPlexB4_s1,1,0,1,0,0
GGACAAGTCCACGAAT-1-gPlexB4_s1,-1,-1,0,0,0
TCACGAACAGCTGGCT-1-gPlexB7_s1,1,0,-1,0,0
ACTGAGTAGCGATGAC-1-gPlexB2_s1,-1,1,0,-1,-1
GCGCCAATCGGGAGTA-1-gPlexB7_s1,1,0,-1,0,0
CCCTCCTCATTGCGGC-1-gPlexB1_s1,-1,-1,0,0,0
CTTACCGGTGTTTGTG-1-gPlexB4_s1,-1,-1,0,0,0
ACAGCTACATTCTCAT-1-gPlexB1_s1,1,0,-1,0,0
CGGAGCTTCTCAACTT-1-gPlexB1_s1,-1,-1,0,0,0
AGCTTGATCCTTTCGG-1-gPlexB6_s1,1,0,-1,0,0
AAACCTGTCGTCTGAA-1-gPlexB2_s1,-1,-1,0,0,0
CCACTACAGGACGAAA-1-gPlexB3_s1,1,0,-1,0,0
TTCTTAGGTTCTGTTT-1-gPlexB4_s1,-1,-1,0,0,0
CAACTAGGTCTAAAGA-1-gPlexB6_s1,-1,1,0,-1,-1
CTAAGACTCATATCGG-1-gPlexB1_s1,1,0,-1,0,0
GTGTGCGAGCTAGTTC-1-gPlexB3_s1,-1,1,0,-1,-1
GCTGCTTGTGCAACTT-1-gPlexB7_s1,-1,1,0,-1,1
CTGATAGCACACAGAG-1-gPlexB3_s1,1,0,-1,0,0
GACGTTAAGATGTTAG-1-gPlexB2_s1,1,0,1,0,0
CGAGAAGAGTGTACCT-1-gPlexB3_s1,-1,1,0,-1,-1
CACAGGCGTCAAAGCG-1-gPlexB3_s1,-1,-1,0,0,0
TAAGTGCAGCCCAACC-1-gPlexB1_s1,-1,-1,0,0,0
ATCTGCCCAGCTGTAT-1-gPlexB4_s1,-1,1,0,-1,1
ATTTCTGCACCGCTAG-1-gPlexB1_s1,-1,1,0,-1,1
GGCGACTTCCACTGGG-1-gPlexB7_s1,1,0,1,0,0
AAACCTGGTCTTCTCG-1-gPlexB3_s1,-1,-1,0,0,0
TATCTCATCGTTTGCC-1-gPlexB7_s1,-1,-1,0,0,0
AAAGATGAGTGTGGCA-1-gPlexB4_s1,1,0,1,0,0
CCAGCGACAGTTCATG-1-gPlexB5_s1,-1,1,0,-1,1
CGTCTACCATGGATGG-1-gPlexB5_s1,-1,1,0,-1,-1
GCATGTACAAACCCAT-1-gPlexB3_s1,1,0,-1,0,0
CTCGTCAGTCCTGCTT-1-gPlexB5_s1,1,0,-1,0,0
TCAGATGGTTCCGGCA-1-gPlexB4_s1,1,0,1,0,0
ACGAGCCTCATCGGAT-1-gPlexB3_s1,-1,-1,0,0,0
GAACGGAAGTAGATGT-1-gPlexB1_s1,-1,1,0,-1,-1
AAAGATGGTAAAGTCA-1-gPlexB4_s1,-1,-1,0,0,0
CCCAATCTCGGAAACG-1-gPlexB5_s1,1,0,-1,0,0
GTGCGGTCACGAAATA-1-gPlexB1_s1,-1,-1,0,0,0
ACGGGCTCAGACGCCT-1-gPlexB3_s1,-1,1,0,-1,-1
AACCATGAGCTGGAAC-1-gPlexB4_s1,-1,1,0,-1,-1
CAGAATCAGGGCTTCC-1-gPlexB4_s1,-1,1,0,-1,-1
TACGGGCAGCCAGGAT-1-gPlexB5_s1,-1,1,0,-1,1
ACGAGGAAGATGGGTC-1-gPlexB7_s1,-1,1,0,1,0
CACAAACCATGTCGAT-1-gPlexB2_s1,-1,1,0,1,0
ATCACGATCAGGCCCA-1-gPlexB6_s1,1,0,-1,0,0
TCACGAATCCGCGGTA-1-gPlexB6_s1,-1,1,0,-1,-1
CTCGTCATCTCAACTT-1-gPlexB4_s1,1,0,-1,0,0
ACGATACCACCTCGGA-1-gPlexB4_s1,-1,1,0,-1,-1
CCAGCGAGTATCAGTC-1-gPlexB4_s1,1,0,1,0,0
TGGTTCCTCATCTGTT-1-gPlexB1_s1,-1,1,0,-1,-1
CGTAGGCTCCGCGCAA-1-gPlexB4_s1,1,0,1,0,0
ATTTCTGTCGTAGGTT-1-gPlexB3_s1,1,0,1,0,0
CCCAATCTCCTTGACC-1-gPlexB6_s1,-1,1,0,-1,1
CCACTACCAGTCAGCC-1-gPlexB1_s1,1,0,-1,0,0
GAAGCAGCAAAGCGGT-1-gPlexB4_s1,-1,1,0,-1,-1
CGTCACTTCAATAAGG-1-gPlexB1_s1,-1,-1,0,0,0
CTCTGGTAGTCATGCT-1-gPlexB5_s1,1,0,-1,0,0
GCTGCGAAGATAGCAT-1-gPlexB2_s1,-1,-1,0,0,0
TTGAACGCAGTCGATT-1-gPlexB6_s1,-1,-1,0,0,0
AGTGTCATCCGAATGT-1-gPlexB3_s1,-1,-1,0,0,0
CGGCTAGCAATAACGA-1-gPlexB1_s1,1,0,-1,0,0
ACTTGTTGTTCTGGTA-1-gPlexB2_s1,-1,1,0,-1,1
GACTAACCACATCTTT-1-gPlexB5_s1,-1,-1,0,0,0
CTCGGAGGTTAAAGAC-1-gPlexB6_s1,-1,1,0,-1,-1
GTAACTGCATATGCTG-1-gPlexB4_s1,-1,1,0,-1,-1
TCAATCTGTTTGGCGC-1-gPlexB3_s1,-1,1,0,-1,-1
TTCCCAGAGAATTCCC-1-gPlexB6_s1,1,0,-1,0,0
GTATTCTAGACAATAC-1-gPlexB5_s1,-1,1,0,1,0
ATTCTACGTTACCGAT-1-gPlexB5_s1,-1,1,0,-1,-1
TGCACCTCAGCTCCGA-1-gPlexB1_s1,-1,1,0,-1,1
GACTGCGCAGCCAATT-1-gPlexB2_s1,-1,-1,0,0,0
TACCTTATCCTCATTA-1-gPlexB7_s1,-1,1,0,1,0
CTCGAGGGTTCGCTAA-1-gPlexB5_s1,-1,1,0,-1,-1
CGAGCCATCCGTTGCT-1-gPlexB5_s1,-1,1,0,-1,-1
GCAGCCAGTCTTCAAG-1-gPlexB5_s1,1,0,-1,0,0
GTTAAGCGTCTTCAAG-1-gPlexB2_s1,-1,-1,0,0,0
TGACGGCCACCTCGTT-1-gPlexB6_s1,1,0,-1,0,0
CCCAGTTGTTCATGGT-1-gPlexB5_s1,-1,-1,0,0,0
CCATGTCTCGACCAGC-1-gPlexB3_s1,-1,1,0,-1,-1
CGAGAAGTCTCGTATT-1-gPlexB2_s1,-1,-1,0,0,0
AGGGATGTCCGAAGAG-1-gPlexB2_s1,-1,1,0,1,0
GTAGTCAAGAGTCGGT-1-gPlexB1_s1,-1,-1,0,0,0
AGGCCGTGTCTCTTTA-1-gPlexB4_s1,1,0,1,0,0
AAGTCTGCAAACTGTC-1-gPlexB6_s1,-1,1,0,-1,-1
AGCATACGTCGTGGCT-1-gPlexB7_s1,-1,1,0,-1,-1
GGGCACTGTCAATACC-1-gPlexB6_s1,-1,-1,0,0,0
GGACATTAGTCAAGCG-1-gPlexB7_s1,-1,1,0,-1,1
GAACCTATCTGGCGTG-1-gPlexB1_s1,-1,-1,0,0,0
CAGATCATCAGTTGAC-1-gPlexB2_s1,-1,1,0,1,0
ATAAGAGAGGACCACA-1-gPlexB1_s1,-1,1,0,-1,-1
GACCTGGGTAGGAGTC-1-gPlexB5_s1,-1,-1,0,0,0
CTCGAAAAGTACGTAA-1-gPlexB1_s1,1,0,1,0,0
CGGTTAAAGTACGACG-1-gPlexB1_s1,-1,1,0,-1,1
AGCCTAAAGGTTACCT-1-gPlexB4_s1,1,0,1,0,0
ATCATGGCACTATCTT-1-gPlexB2_s1,1,0,-1,0,0
AAATGCCAGACCACGA-1-gPlexB6_s1,-1,1,0,-1,1
CCTTACGCACAGGAGT-1-gPlexB5_s1,-1,-1,0,0,0
ACACCCTTCATTCACT-1-gPlexB1_s1,-1,1,0,-1,1
GGGAGATGTCAACTGT-1-gPlexB5_s1,-1,1,0,-1,-1
TCGGGACTCTGTCTCG-1-gPlexB4_s1,-1,1,0,1,0
TGTGTTTGTCCAGTTA-1-gPlexB3_s1,1,0,-1,0,0
GAATGAAGTAGGGTAC-1-gPlexB7_s1,-1,1,0,-1,-1
TTTACTGTCAGTGCAT-1-gPlexB2_s1,-1,-1,0,0,0
GACTAACTCAGAGACG-1-gPlexB6_s1,-1,1,0,-1,-1
TGAGCCGCATGGTTGT-1-gPlexB7_s1,-1,1,0,-1,-1
CATCAGACAGGGTTAG-1-gPlexB6_s1,-1,-1,0,0,0
TTGGAACCACATCCGG-1-gPlexB6_s1,-1,1,0,-1,-1
TGCCCTACACATTCGA-1-gPlexB2_s1,-1,1,0,-1,1
ATGAGGGAGATCTGCT-1-gPlexB2_s1,1,0,-1,0,0
TGGTTCCTCCTTCAAT-1-gPlexB5_s1,-1,1,0,-1,-1
GCGACCACACAACTGT-1-gPlexB2_s1,-1,-1,0,0,0
GCAATCATCGCCGTGA-1-gPlexB5_s1,-1,1,0,1,0
ACCCACTGTATATGAG-1-gPlexB2_s1,-1,-1,0,0,0
CATCCACGTGGTCCGT-1-gPlexB3_s1,1,0,-1,0,0
CAGATCATCCAGTATG-1-gPlexB5_s1,-1,1,0,-1,1
TGCGTGGTCGCGCCAA-1-gPlexB5_s1,-1,-1,0,0,0
TGAGCATCACGGCCAT-1-gPlexB6_s1,-1,1,0,-1,1
GTAGTCAGTCTGATTG-1-gPlexB6_s1,1,0,1,0,0
GGCCGATTCTTTAGTC-1-gPlexB6_s1,1,0,-1,0,0
TCAGCTCGTTACTGAC-1-gPlexB6_s1,1,0,-1,0,0
CCTAAAGTCTTTCCTC-1-gPlexB2_s1,-1,1,0,-1,-1
AGGGATGAGTTCGCAT-1-gPlexB2_s1,1,0,-1,0,0
ACTGATGTCAACACAC-1-gPlexB7_s1,-1,1,0,-1,-1
ACAGCTACACTTCGAA-1-gPlexB4_s1,1,0,-1,0,0
CACACCTCAAGCTGAG-1-gPlexB3_s1,1,0,1,0,0
GATGCTACATCGACGC-1-gPlexB3_s1,1,0,-1,0,0
CTCACACGTCGCATAT-1-gPlexB4_s1,-1,1,0,-1,-1
CTCAGAAGTCAGTGGA-1-gPlexB7_s1,-1,1,0,-1,-1
CAGGTGCTCAAGGTAA-1-gPlexB1_s1,-1,1,0,1,0
ACTGCTCCATATGAGA-1-gPlexB4_s1,-1,-1,0,0,0
TCAGCAAGTATGAATG-1-gPlexB2_s1,1,0,-1,0,0
TGTGGTAAGTCCATAC-1-gPlexB4_s1,1,0,1,0,0
TCATTACAGCGTCAAG-1-gPlexB5_s1,1,0,-1,0,0
GGATGTTAGAGGTTAT-1-gPlexB7_s1,-1,1,0,-1,-1
CCCAATCCAGGGTTAG-1-gPlexB7_s1,1,0,-1,0,0
TGAGCCGCAAATACAG-1-gPlexB1_s1,-1,-1,0,0,0
TGCGTGGGTTGATTGC-1-gPlexB2_s1,1,0,1,0,0
GAATAAGAGTGACTCT-1-gPlexB2_s1,-1,1,0,-1,-1
TATTACCAGTTAGGTA-1-gPlexB4_s1,1,0,1,0,0
GATGAAACAAGCGATG-1-gPlexB3_s1,-1,-1,0,0,0
ACTTACTGTAACGCGA-1-gPlexB4_s1,1,0,1,0,0
AGGCCACCAATAGAGT-1-gPlexB1_s1,1,0,1,0,0
CATCAGAAGTCGTACT-1-gPlexB6_s1,-1,1,0,-1,-1
ACATCAGCACACAGAG-1-gPlexB4_s1,-1,1,0,-1,-1
TAAGAGAAGTGTACGG-1-gPlexB3_s1,-1,1,0,-1,1
AGCGGTCCAAGACGTG-1-gPlexB7_s1,-1,1,0,-1,-1
CCCAATCCAAAGCAAT-1-gPlexB3_s1,1,0,-1,0,0
TCAGGATGTAGAGGAA-1-gPlexB7_s1,1,0,1,0,0
AGCAGCCAGGATGTAT-1-gPlexB3_s1,-1,1,0,1,0
GATCGATAGACTTTCG-1-gPlexB2_s1,-1,1,0,-1,-1
CATCAGAGTTCACGGC-1-gPlexB2_s1,-1,1,0,1,0
CGTAGCGAGACAGAGA-1-gPlexB4_s1,1,0,-1,0,0
TGGGCGTTCAGTGCAT-1-gPlexB3_s1,-1,1,0,-1,-1
TGAGCCGTCTGCCAGG-1-gPlexB4_s1,1,0,-1,0,0
CGCGGTATCGCGTAGC-1-gPlexB5_s1,-1,-1,0,0,0
TCTGGAACACAGAGGT-1-gPlexB2_s1,-1,1,0,-1,-1
TTGGCAAGTATATCCG-1-gPlexB6_s1,-1,-1,0,0,0
TAGTTGGGTCTAGAGG-1-gPlexB1_s1,1,0,-1,0,0
GTGAAGGCAGGGCATA-1-gPlexB1_s1,-1,1,0,-1,-1
GTGCAGCAGCCACCTG-1-gPlexB7_s1,1,0,1,0,0
AGCGGTCTCCTATTCA-1-gPlexB1_s1,1,0,-1,0,0
GAATAAGGTCTCTTTA-1-gPlexB6_s1,1,0,-1,0,0
ACTGATGCACTATCTT-1-gPlexB5_s1,-1,1,0,-1,1
CTTTGCGGTCATACTG-1-gPlexB4_s1,-1,1,0,1,0
GGACAGAGTACCGCTG-1-gPlexB6_s1,1,0,-1,0,0
TTCTCAAAGATATGCA-1-gPlexB6_s1,-1,-1,0,0,0
ACGATGTTCGTGGTCG-1-gPlexB3_s1,-1,1,0,-1,1
AGAGTGGTCTGGGCCA-1-gPlexB7_s1,-1,1,0,-1,-1
ACCGTAACAATTGCTG-1-gPlexB2_s1,-1,1,0,-1,1
CGATGGCAGCGTAGTG-1-gPlexB4_s1,-1,-1,0,0,0
TGACAACAGACCGGAT-1-gPlexB6_s1,-1,1,0,1,0
TTAGGCATCGTGACAT-1-gPlexB6_s1,1,0,-1,0,0
CTGTGCTCAACTGGCC-1-gPlexB1_s1,-1,1,0,-1,-1
GACTAACGTTTAGCTG-1-gPlexB1_s1,1,0,-1,0,0
CGATCGGAGTCTTGCA-1-gPlexB5_s1,-1,1,0,-1,-1
TCGGGACGTGCCTGGT-1-gPlexB7_s1,-1,1,0,-1,1
CACAGGCGTTAGGGTG-1-gPlexB6_s1,1,0,-1,0,0
AACGTTGGTCATTAGC-1-gPlexB2_s1,-1,-1,0,0,0
AGAGCGAAGCAATATG-1-gPlexB6_s1,-1,1,0,-1,-1
TAGAGCTCACAACTGT-1-gPlexB6_s1,-1,1,0,-1,1
ACCAGTAAGTCGATAA-1-gPlexB4_s1,-1,1,0,1,0
CATCAAGAGTATCGAA-1-gPlexB6_s1,-1,1,0,1,0
TCTCTAATCATCACCC-1-gPlexB2_s1,-1,1,0,-1,-1
CGTTAGACAAGGGTCA-1-gPlexB5_s1,-1,1,0,-1,-1
GACACGCCAATAACGA-1-gPlexB7_s1,1,0,-1,0,0
CTAACTTGTACCGTAT-1-gPlexB6_s1,-1,-1,0,0,0
GCATGATGTCCATGAT-1-gPlexB4_s1,-1,1,0,-1,-1
GCTTCCACAGTAAGCG-1-gPlexB4_s1,1,0,-1,0,0
ACATACGTCTCAAACG-1-gPlexB6_s1,-1,1,0,-1,-1
CACACCTCATCATCCC-1-gPlexB6_s1,1,0,-1,0,0
AAGGAGCGTTAAAGTG-1-gPlexB1_s1,-1,1,0,-1,1
CCACCTATCCATGAAC-1-gPlexB1_s1,1,0,-1,0,0
TACACGAAGAGACTTA-1-gPlexB5_s1,-1,1,0,-1,1
TTCTACATCTTGCCGT-1-gPlexB7_s1,1,0,-1,0,0
AACCATGAGCGTGAGT-1-gPlexB6_s1,-1,-1,0,0,0
CACATTTCATCGACGC-1-gPlexB1_s1,1,0,-1,0,0
TCAATCTTCAGTGTTG-1-gPlexB6_s1,1,0,1,0,0
GTGGGTCAGAGACGAA-1-gPlexB6_s1,-1,1,0,-1,-1
ACCCACTAGAGGTAGA-1-gPlexB2_s1,-1,1,0,1,0
TCATTTGGTTAAGACA-1-gPlexB1_s1,-1,1,0,-1,-1
AGACGTTTCCTGCCAT-1-gPlexB6_s1,-1,1,0,-1,-1
TGACAACTCCCTAATT-1-gPlexB6_s1,1,0,-1,0,0
AACCGCGAGGATGGAA-1-gPlexB1_s1,1,0,-1,0,0
TATCAGGGTCATGCAT-1-gPlexB1_s1,1,0,-1,0,0
CAAGATCGTGGGTCAA-1-gPlexB4_s1,1,0,-1,0,0
TGAGGGAGTTTACTCT-1-gPlexB1_s1,1,0,-1,0,0
GCAGCCATCATAAAGG-1-gPlexB7_s1,-1,1,0,1,0
GGGCATCTCGGTTCGG-1-gPlexB2_s1,1,0,-1,0,0
AAAGATGTCTTGGGTA-1-gPlexB5_s1,-1,1,0,-1,-1
GTGCGGTAGCTGAAAT-1-gPlexB2_s1,-1,1,0,-1,-1
ATTATCCGTCGTGGCT-1-gPlexB7_s1,1,0,-1,0,0
TCAGGATTCTCCAGGG-1-gPlexB3_s1,-1,1,0,-1,-1
CTTCTCTCAGAGCCAA-1-gPlexB4_s1,1,0,-1,0,0
TGCCAAATCTGCTGTC-1-gPlexB5_s1,1,0,-1,0,0
AACTCAGTCCTGCCAT-1-gPlexB3_s1,-1,-1,0,0,0
TTGACTTCATTGAGCT-1-gPlexB3_s1,-1,1,0,-1,-1
CACATAGGTCGGCTCA-1-gPlexB6_s1,1,0,1,0,0
GTCTTCGTCCCGGATG-1-gPlexB2_s1,-1,1,0,-1,-1
TGTGGTATCTAACTGG-1-gPlexB4_s1,1,0,-1,0,0
TTGTAGGGTCAACATC-1-gPlexB6_s1,1,0,-1,0,0
TAGCCGGTCGTGACAT-1-gPlexB6_s1,1,0,-1,0,0
GGCCGATGTCGCTTCT-1-gPlexB1_s1,-1,1,0,-1,-1
CAGCCGATCAGGATCT-1-gPlexB1_s1,-1,1,0,1,0
TACGGTAAGTCAATAG-1-gPlexB1_s1,-1,1,0,-1,-1
TGGCTGGTCAGCTCGG-1-gPlexB3_s1,1,0,-1,0,0
CTTAGGAAGCGATAGC-1-gPlexB3_s1,-1,1,0,1,0
CCACGGAAGATGTAAC-1-gPlexB3_s1,-1,1,0,1,0
TAGACCAAGACTCGGA-1-gPlexB5_s1,-1,-1,0,0,0
CTGTGCTGTACCCAAT-1-gPlexB6_s1,1,0,-1,0,0
CTAACTTTCTTGGGTA-1-gPlexB3_s1,-1,1,0,-1,-1
CTACACCGTTTAAGCC-1-gPlexB6_s1,-1,1,0,1,0
CCCAGTTTCAGTTAGC-1-gPlexB5_s1,1,0,-1,0,0
GACGGCTAGTCCGGTC-1-gPlexB5_s1,1,0,-1,0,0
GTCTCGTAGGACCACA-1-gPlexB3_s1,-1,-1,0,0,0
CAGCAGCCACAGAGGT-1-gPlexB5_s1,1,0,-1,0,0
GGTGCGTAGGTCGGAT-1-gPlexB5_s1,-1,-1,0,0,0
TGCTACCAGTGAATTG-1-gPlexB2_s1,1,0,1,0,0
CTGAAACTCATGTAGC-1-gPlexB4_s1,-1,-1,0,0,0
TAGGCATTCGGTTCGG-1-gPlexB3_s1,-1,1,0,-1,1
CATATTCAGTACTTGC-1-gPlexB4_s1,-1,1,0,-1,-1
CTAGCCTCAGACTCGC-1-gPlexB6_s1,-1,1,0,-1,-1
AACTCTTAGTAGATGT-1-gPlexB2_s1,-1,-1,0,0,0
ACCGTAATCCAGTAGT-1-gPlexB2_s1,1,0,1,0,0
CAGCAGCGTACATCCA-1-gPlexB3_s1,1,0,-1,0,0
CAGCATAGTCTAGTCA-1-gPlexB7_s1,1,0,1,0,0
AGTCTTTTCATATCGG-1-gPlexB5_s1,-1,1,0,-1,-1
AACTCAGGTACCGAGA-1-gPlexB4_s1,-1,1,0,-1,1
ATCGAGTCATGGTAGG-1-gPlexB3_s1,-1,-1,0,0,0
GTATCTTTCATCTGCC-1-gPlexB2_s1,-1,1,0,-1,-1
TGACAACCATAAAGGT-1-gPlexB3_s1,-1,1,0,-1,-1
TCTTCGGGTCTCCATC-1-gPlexB6_s1,-1,1,0,-1,-1
CACACCTAGTGGCACA-1-gPlexB4_s1,-1,1,0,1,0
CCCAATCGTAGCGATG-1-gPlexB3_s1,1,0,-1,0,0
GCTCTGTGTTAGTGGG-1-gPlexB6_s1,-1,1,0,-1,-1
CGCGGTACAAATACAG-1-gPlexB1_s1,1,0,1,0,0
GTACTTTCATCAGTCA-1-gPlexB1_s1,1,0,-1,0,0
TTAGGACTCTCTGAGA-1-gPlexB1_s1,1,0,-1,0,0
AATCGGTTCCGAGCCA-1-gPlexB1_s1,-1,1,0,-1,-1
ACGAGGAGTACCGGCT-1-gPlexB1_s1,1,0,-1,0,0
TAAACCGCAATCCGAT-1-gPlexB3_s1,1,0,-1,0,0
AGCATACGTTCCACAA-1-gPlexB4_s1,1,0,-1,0,0
CTACATTGTCGCATAT-1-gPlexB1_s1,-1,1,0,-1,-1
AGCGTCGTCACTATTC-1-gPlexB1_s1,1,0,-1,0,0
GTAACTGAGCACCGCT-1-gPlexB3_s1,-1,1,0,-1,1
CTCGTACCACAAGTAA-1-gPlexB3_s1,-1,-1,0,0,0
ACACCCTCACATTTCT-1-gPlexB4_s1,-1,1,0,-1,1
ACGTCAATCATCTGCC-1-gPlexB5_s1,-1,1,0,-1,-1
ACATGGTAGTGCCAGA-1-gPlexB3_s1,-1,1,0,-1,-1
GCATACAAGTTCGATC-1-gPlexB1_s1,1,0,1,0,0
TAGGCATCAGCGTCCA-1-gPlexB7_s1,-1,1,0,-1,-1
GTCATTTTCGTGGACC-1-gPlexB4_s1,-1,1,0,-1,-1
AAAGCAATCGGAGGTA-1-gPlexB4_s1,1,0,1,0,0
CTTAACTGTACCTACA-1-gPlexB3_s1,1,0,1,0,0
ACGCAGCCAACGATGG-1-gPlexB4_s1,-1,1,0,1,0
AATCGGTAGCAATCTC-1-gPlexB3_s1,1,0,-1,0,0
ACCTTTACATTTCAGG-1-gPlexB5_s1,-1,1,0,-1,-1
CCGGTAGCAGCGAACA-1-gPlexB2_s1,-1,1,0,-1,-1
CGTCACTGTCCCGACA-1-gPlexB4_s1,-1,-1,0,0,0
AGATTGCAGGCGCTCT-1-gPlexB5_s1,1,0,-1,0,0
AAAGTAGTCAGAGACG-1-gPlexB1_s1,-1,1,0,-1,1
GACTAACGTGGCAAAC-1-gPlexB6_s1,1,0,-1,0,0
ATCCACCCACCGCTAG-1-gPlexB7_s1,-1,-1,0,0,0
TCAGCTCAGCGTTCCG-1-gPlexB5_s1,1,0,1,0,0
ATCGAGTAGATGAGAG-1-gPlexB7_s1,-1,1,0,-1,-1
GTAACGTAGCGATGAC-1-gPlexB1_s1,1,0,-1,0,0
GTTCGGGGTGCACGAA-1-gPlexB4_s1,-1,1,0,-1,-1
CTAAGACCATGTTCCC-1-gPlexB7_s1,-1,1,0,1,0
GACAGAGCATTTGCTT-1-gPlexB5_s1,-1,1,0,1,0
GTACTCCAGTGCTGCC-1-gPlexB1_s1,-1,-1,0,0,0
CTCGGGAGTCTAGTCA-1-gPlexB5_s1,-1,1,0,1,0
TACTTGTGTCTCCCTA-1-gPlexB5_s1,-1,1,0,-1,1
AAGCCGCCACCGGAAA-1-gPlexB7_s1,1,0,1,0,0
AGGGAGTGTGGCGAAT-1-gPlexB2_s1,-1,1,0,1,0
CTACGTCTCCGAAGAG-1-gPlexB7_s1,1,0,-1,0,0
CGTCAGGAGTACGCGA-1-gPlexB3_s1,1,0,-1,0,0
ACGGAGAGTTCTGGTA-1-gPlexB7_s1,-1,1,0,-1,-1
AAAGATGAGTCAATAG-1-gPlexB2_s1,-1,1,0,1,0
GATCGATGTATCGCAT-1-gPlexB4_s1,-1,1,0,1,0
ATCCGAATCGCACTCT-1-gPlexB6_s1,-1,1,0,-1,1
CTAAGACGTTCATGGT-1-gPlexB1_s1,1,0,1,0,0
CTGAAACTCGTGACAT-1-gPlexB6_s1,-1,1,0,-1,-1
CCTTCCCCAAACAACA-1-gPlexB1_s1,1,0,-1,0,0
TTTGTCATCGGTCTAA-1-gPlexB7_s1,1,0,1,0,0
ACGGCCAAGCCACGTC-1-gPlexB4_s1,-1,1,0,-1,-1
GAGGTGAAGCACACAG-1-gPlexB6_s1,1,0,-1,0,0
GTTACAGTCTCGATGA-1-gPlexB6_s1,1,0,-1,0,0
CATCCACAGGGTCTCC-1-gPlexB6_s1,1,0,-1,0,0
GCTGCTTGTTGATTGC-1-gPlexB3_s1,1,0,1,0,0
TCTTCGGCATTATCTC-1-gPlexB3_s1,1,0,1,0,0
CATATGGGTAGCGATG-1-gPlexB1_s1,-1,-1,0,0,0
GTGCAGCCACGACTCG-1-gPlexB3_s1,1,0,-1,0,0
CTCGGAGAGAGTGACC-1-gPlexB3_s1,-1,1,0,1,0
TTAGGCAGTCTCGTTC-1-gPlexB2_s1,-1,1,0,1,0
CAGTAACCAGTAACGG-1-gPlexB7_s1,-1,-1,0,0,0
AGAATAGCAAAGGTGC-1-gPlexB4_s1,1,0,1,0,0
CAACTAGTCCAAGTAC-1-gPlexB1_s1,-1,1,0,-1,-1
CGCGTTTAGAGGTAGA-1-gPlexB2_s1,-1,1,0,-1,1
CGAGAAGTCGATAGAA-1-gPlexB5_s1,-1,-1,0,0,0
CATCGGGCACAACGTT-1-gPlexB5_s1,-1,1,0,-1,-1
AAGCCGCTCCTAGAAC-1-gPlexB7_s1,-1,1,0,-1,1
CTACCCAGTCTAGCCG-1-gPlexB1_s1,-1,1,0,-1,-1
CTCGTACGTCGGGTCT-1-gPlexB1_s1,-1,1,0,1,0
GACGTGCTCACTTATC-1-gPlexB6_s1,1,0,-1,0,0
CGTCACTAGTGTCTCA-1-gPlexB7_s1,1,0,-1,0,0
CTTACCGTCCAGGGCT-1-gPlexB5_s1,-1,-1,0,0,0
TCGAGGCTCCGGCACA-1-gPlexB6_s1,-1,-1,0,0,0
AATCCAGCAATGCCAT-1-gPlexB3_s1,1,0,1,0,0
CACAGGCCAAACAACA-1-gPlexB1_s1,1,0,-1,0,0
TAAGAGACACCGAAAG-1-gPlexB6_s1,1,0,1,0,0
GACAGAGTCAGCTTAG-1-gPlexB3_s1,1,0,-1,0,0
TGACTAGTCTGGGCCA-1-gPlexB4_s1,-1,1,0,-1,-1
GACAGAGCAATACGCT-1-gPlexB6_s1,-1,1,0,1,0
GGACAAGCAGACGCTC-1-gPlexB2_s1,-1,-1,0,0,0
CCGTACTGTCTTCGTC-1-gPlexB4_s1,1,0,-1,0,0
ATCTACTTCGGTGTTA-1-gPlexB4_s1,-1,1,0,-1,-1
GCATGATAGAGATGAG-1-gPlexB1_s1,-1,1,0,-1,-1
CCATGTCTCTATCCCG-1-gPlexB4_s1,1,0,-1,0,0
TGCGGGTGTCTAGCGC-1-gPlexB1_s1,-1,1,0,1,0
GACTGCGCAATGGAAT-1-gPlexB4_s1,1,0,1,0,0
GGCGACTAGACAATAC-1-gPlexB2_s1,-1,1,0,1,0
CTCTAATAGACGCACA-1-gPlexB2_s1,-1,-1,0,0,0
ATGTGTGAGGCGTACA-1-gPlexB4_s1,-1,1,0,1,0
ACCGTAAGTCAGTGGA-1-gPlexB5_s1,-1,1,0,-1,-1
CGGCTAGCACCAGGTC-1-gPlexB6_s1,-1,1,0,-1,-1
GGGATGAGTGCGATAG-1-gPlexB6_s1,-1,1,0,-1,-1
ACTGTCCTCGAATGCT-1-gPlexB6_s1,-1,1,0,-1,-1
GGAATAAGTGTTTGGT-1-gPlexB7_s1,1,0,-1,0,0
TGCCCTACAAGCCGTC-1-gPlexB6_s1,1,0,-1,0,0
CTCGGGAGTCTCCATC-1-gPlexB7_s1,1,0,-1,0,0
CTACCCAGTACCAGTT-1-gPlexB3_s1,-1,-1,0,0,0
ATGAGGGGTGAACCTT-1-gPlexB2_s1,-1,1,0,1,0
CCAGCGAGTCAACATC-1-gPlexB1_s1,-1,1,0,-1,-1
ACTTACTTCACGCGGT-1-gPlexB4_s1,1,0,-1,0,0
TCGTAGACACCGCTAG-1-gPlexB6_s1,1,0,-1,0,0
CGCTTCAAGGCATGTG-1-gPlexB3_s1,-1,1,0,-1,-1
CTAGTGAGTGTCTGAT-1-gPlexB2_s1,-1,1,0,-1,-1
CATATTCGTAGGACAC-1-gPlexB3_s1,1,0,1,0,0
TTGGCAACAAAGTCAA-1-gPlexB1_s1,1,0,-1,0,0
CATCAGACAACTTGAC-1-gPlexB4_s1,-1,1,0,-1,-1
AACTGGTTCTCCTATA-1-gPlexB5_s1,-1,-1,0,0,0
AAGTCTGAGGCATGGT-1-gPlexB6_s1,-1,1,0,-1,-1
ACAGCTAGTAGCGTCC-1-gPlexB7_s1,1,0,1,0,0
AGTGTCAGTACTTCTT-1-gPlexB4_s1,-1,1,0,-1,-1
AACTCCCAGTACGATA-1-gPlexB5_s1,-1,-1,0,0,0
CGACTTCGTCAACATC-1-gPlexB5_s1,-1,1,0,1,0
CGGTTAAAGTGTTGAA-1-gPlexB1_s1,-1,-1,0,0,0
CCTACACGTGTCCTCT-1-gPlexB3_s1,-1,1,0,-1,-1
CAGCTGGGTTATTCTC-1-gPlexB3_s1,1,0,1,0,0
CCTACACTCAGGCAAG-1-gPlexB5_s1,1,0,-1,0,0
ACGTCAATCACAGTAC-1-gPlexB3_s1,-1,1,0,-1,-1
AGGCCACAGAGCCTAG-1-gPlexB4_s1,-1,1,0,1,0
GGATGTTCACAAGCCC-1-gPlexB4_s1,-1,-1,0,0,0
GGGCATCGTTGTCTTT-1-gPlexB6_s1,-1,-1,0,0,0
TAAACCGAGAGGGATA-1-gPlexB3_s1,-1,-1,0,0,0
TCGTACCTCTTAACCT-1-gPlexB2_s1,-1,1,0,-1,1
CGAACATGTCGCATCG-1-gPlexB4_s1,-1,1,0,1,0
AGCATACAGTGTACGG-1-gPlexB7_s1,1,0,1,0,0
AACCATGCAGCTGTGC-1-gPlexB3_s1,-1,-1,0,0,0
GAATAAGCAGCTGTAT-1-gPlexB6_s1,-1,1,0,-1,-1
TTTATGCCATGCATGT-1-gPlexB2_s1,-1,1,0,1,0
GCCTCTAGTGACGGTA-1-gPlexB7_s1,1,0,-1,0,0
GAAGCAGAGTAGGCCA-1-gPlexB3_s1,-1,1,0,-1,-1
CGTCTACAGTACATGA-1-gPlexB6_s1,1,0,-1,0,0
ATTACTCCAGGTGGAT-1-gPlexB1_s1,-1,1,0,-1,1
CTCGAAATCACAGGCC-1-gPlexB3_s1,-1,-1,0,0,0
AAAGTAGCACTTCGAA-1-gPlexB4_s1,1,0,-1,0,0
CGGAGCTCATGCCCGA-1-gPlexB5_s1,-1,1,0,-1,1
CTAATGGGTCCAGTAT-1-gPlexB2_s1,-1,-1,0,0,0
TAGCCGGGTCTTGCGG-1-gPlexB2_s1,-1,1,0,-1,-1
GGTGCGTAGTAGGTGC-1-gPlexB2_s1,1,0,-1,0,0
GCAAACTCATAGTAAG-1-gPlexB4_s1,-1,1,0,1,0
GATGCTATCTTAGCCC-1-gPlexB5_s1,-1,1,0,-1,-1
CCCATACGTCTCTCGT-1-gPlexB4_s1,1,0,-1,0,0
AGAATAGTCGTCTGCT-1-gPlexB1_s1,-1,1,0,-1,-1
ACCAGTATCGTGGACC-1-gPlexB3_s1,-1,1,0,-1,-1
ACTATCTCACTATCTT-1-gPlexB1_s1,1,0,-1,0,0
CGGAGTCAGATCCTGT-1-gPlexB3_s1,1,0,-1,0,0
AACCATGAGCGCCTCA-1-gPlexB5_s1,-1,-1,0,0,0
GCGCAGTAGGGTGTGT-1-gPlexB7_s1,-1,-1,0,0,0
GATCAGTAGAGTGAGA-1-gPlexB1_s1,-1,1,0,-1,1
TTCTTAGTCGCAAACT-1-gPlexB6_s1,-1,1,0,-1,1
ACGGCCACATTGTGCA-1-gPlexB6_s1,-1,-1,0,0,0
CAGGTGCTCTTGGGTA-1-gPlexB4_s1,-1,-1,0,0,0
CGCTATCCAGGGTACA-1-gPlexB7_s1,-1,1,0,-1,-1
GGCCGATAGATGTCGG-1-gPlexB1_s1,-1,1,0,-1,1
TGAGCCGAGAGTTGGC-1-gPlexB5_s1,1,0,-1,0,0
ACTGTCCAGGACGAAA-1-gPlexB5_s1,-1,1,0,-1,-1
GCAATCAAGTTTCCTT-1-gPlexB6_s1,-1,-1,0,0,0
ATAGACCAGCGGCTTC-1-gPlexB4_s1,1,0,-1,0,0
CAAGTTGCAAAGGCGT-1-gPlexB2_s1,-1,-1,0,0,0
ACTTTCATCTGGGCCA-1-gPlexB6_s1,-1,1,0,1,0
CCTATTACAGGCTCAC-1-gPlexB1_s1,1,0,-1,0,0
CGGTTAACAGACGCTC-1-gPlexB6_s1,-1,1,0,-1,1
TTGGCAACAATAGAGT-1-gPlexB3_s1,1,0,-1,0,0
GGGATGAAGAGTGAGA-1-gPlexB3_s1,-1,-1,0,0,0
ACTGAACAGGCTACGA-1-gPlexB5_s1,-1,1,0,-1,-1
TTCTCCTTCCGTTGCT-1-gPlexB4_s1,-1,1,0,-1,-1
TGGTTCCTCCGGGTGT-1-gPlexB5_s1,1,0,-1,0,0
GTCAAGTAGTTCCACA-1-gPlexB4_s1,-1,1,0,-1,1
TACTTGTGTGTTAAGA-1-gPlexB3_s1,1,0,-1,0,0
GCATGCGAGAGCAATT-1-gPlexB2_s1,1,0,-1,0,0
ACTGATGAGTCTCAAC-1-gPlexB3_s1,1,0,1,0,0
CTAACTTGTACTCGCG-1-gPlexB4_s1,-1,1,0,-1,-1
CATGACAAGCTATGCT-1-gPlexB2_s1,-1,1,0,-1,1
AGTCTTTGTCCGTGAC-1-gPlexB3_s1,-1,1,0,-1,-1
AATCGGTTCATTGCCC-1-gPlexB1_s1,-1,1,0,1,0
GAGGTGATCTATCGCC-1-gPlexB6_s1,1,0,-1,0,0
CGATGTAGTTATTCTC-1-gPlexB3_s1,-1,1,0,-1,-1
TACCTTATCGGACAAG-1-gPlexB6_s1,-1,-1,0,0,0
AACTCAGGTACAGTTC-1-gPlexB6_s1,-1,1,0,-1,-1
GTCCTCATCCTACAGA-1-gPlexB3_s1,-1,1,0,-1,1
TGACTAGAGGCATTGG-1-gPlexB4_s1,1,0,-1,0,0
CTACCCAGTATGCTTG-1-gPlexB2_s1,-1,1,0,-1,1
GCTCTGTCAAGGGTCA-1-gPlexB2_s1,-1,1,0,-1,-1
CATGACATCTATCCTA-1-gPlexB5_s1,-1,1,0,-1,-1
CTCGAGGCAGCTTCGG-1-gPlexB5_s1,-1,1,0,1,0
AACCATGGTAGCCTAT-1-gPlexB7_s1,1,0,-1,0,0
GGCGACTTCCAAGCCG-1-gPlexB4_s1,1,0,-1,0,0
CGCGGTAGTAGCTTGT-1-gPlexB4_s1,-1,-1,0,0,0
ATCTACTTCAGATAAG-1-gPlexB7_s1,1,0,-1,0,0
GTATCTTTCTTCATGT-1-gPlexB5_s1,1,0,-1,0,0
ACTGAACAGGCTCATT-1-gPlexB4_s1,1,0,-1,0,0
CGTCAGGCAGTAGAGC-1-gPlexB1_s1,1,0,-1,0,0
CTGAAGTAGCACAGGT-1-gPlexB4_s1,-1,1,0,-1,-1
CTGATAGGTCACTGGC-1-gPlexB7_s1,1,0,1,0,0
GCGCGATTCGGAGGTA-1-gPlexB2_s1,1,0,-1,0,0
GCATGTACACCAGGCT-1-gPlexB5_s1,-1,1,0,-1,-1
CGGACGTGTGTAAGTA-1-gPlexB7_s1,-1,1,0,-1,1
CTCCTAGCACGGTTTA-1-gPlexB6_s1,-1,1,0,-1,1
ATCATGGTCCGCGCAA-1-gPlexB5_s1,-1,1,0,-1,-1
GGGAATGTCGACGGAA-1-gPlexB6_s1,-1,1,0,-1,-1
ACATCAGGTAAGAGAG-1-gPlexB3_s1,-1,-1,0,0,0
AGTGTCAGTTCAGGCC-1-gPlexB3_s1,-1,1,0,-1,1
GGGATGAAGGATGCGT-1-gPlexB7_s1,-1,1,0,-1,-1
GTCTCGTAGTGGCACA-1-gPlexB5_s1,-1,1,0,-1,1
GCACTCTGTTCCACTC-1-gPlexB2_s1,-1,1,0,-1,1
ACTTACTCAAGCCGTC-1-gPlexB2_s1,-1,1,0,-1,1
CTCGAGGAGCTACCTA-1-gPlexB6_s1,1,0,-1,0,0
ACGGGCTCAGGTGGAT-1-gPlexB6_s1,1,0,-1,0,0
ACTGCTCAGACTCGGA-1-gPlexB2_s1,1,0,-1,0,0
ATAACGCTCTCTAAGG-1-gPlexB2_s1,1,0,-1,0,0
GTCACAACACTGTCGG-1-gPlexB6_s1,-1,-1,0,0,0
CGTAGGCTCACGGTTA-1-gPlexB6_s1,-1,-1,0,0,0
CTCCTAGAGCCGATTT-1-gPlexB2_s1,-1,1,0,1,0
TCTTCGGGTCAATACC-1-gPlexB7_s1,-1,1,0,1,0
CATTATCAGGCGTACA-1-gPlexB2_s1,1,0,-1,0,0
GACGTTAGTGATGATA-1-gPlexB7_s1,1,0,-1,0,0
CACATAGCACCACCAG-1-gPlexB7_s1,-1,1,0,-1,-1
CACAGTAAGGTGCACA-1-gPlexB2_s1,-1,-1,0,0,0
TATGCCCTCAGCTCGG-1-gPlexB7_s1,-1,1,0,-1,-1
AAAGCAACATGCAACT-1-gPlexB5_s1,-1,1,0,1,0
GATGAAAGTAAACACA-1-gPlexB1_s1,-1,1,0,-1,-1
ACGGAGAGTTAAGGGC-1-gPlexB6_s1,1,0,1,0,0
GTGTTAGAGGACATTA-1-gPlexB5_s1,1,0,1,0,0
GACTACACATACGCCG-1-gPlexB6_s1,1,0,-1,0,0
TGGGCGTGTTGCCTCT-1-gPlexB4_s1,1,0,1,0,0
ACAGCCGGTACCATCA-1-gPlexB7_s1,1,0,1,0,0
AGCGTATAGACAAGCC-1-gPlexB5_s1,1,0,-1,0,0
CTTAGGACATACTCTT-1-gPlexB6_s1,1,0,1,0,0
ACGTCAACAGTACACT-1-gPlexB1_s1,-1,-1,0,0,0
GTGCGGTGTTGGTGGA-1-gPlexB5_s1,-1,1,0,1,0
AGCTCTCGTCTCTCTG-1-gPlexB4_s1,-1,-1,0,0,0
CCATGTCCAAGCTGAG-1-gPlexB4_s1,-1,1,0,1,0
CGCGGTATCTCTGCTG-1-gPlexB4_s1,1,0,1,0,0
ACTTGTTGTGAGCGAT-1-gPlexB3_s1,-1,-1,0,0,0
TGTGTTTAGTTACGGG-1-gPlexB5_s1,-1,1,0,1,0
TGGGAAGCATCACGTA-1-gPlexB2_s1,-1,1,0,-1,1
TCTATTGAGTGGCACA-1-gPlexB6_s1,-1,-1,0,0,0
CTGGTCTTCGCGGATC-1-gPlexB5_s1,1,0,-1,0,0
AACACGTTCAACCAAC-1-gPlexB2_s1,-1,1,0,-1,-1
GTCATTTAGGATGTAT-1-gPlexB2_s1,-1,1,0,-1,-1
CACATTTCATCAGTAC-1-gPlexB2_s1,1,0,-1,0,0
GATGAGGCATCGTCGG-1-gPlexB4_s1,-1,1,0,1,0
GTGAAGGTCCTTGGTC-1-gPlexB5_s1,1,0,-1,0,0
CACAGTATCTGTACGA-1-gPlexB5_s1,-1,-1,0,0,0
GATGCTATCGAGAGCA-1-gPlexB6_s1,-1,1,0,1,0
AGCAGCCAGTCCCACG-1-gPlexB5_s1,-1,1,0,-1,1
AACTCTTTCTGTTGAG-1-gPlexB1_s1,-1,-1,0,0,0
ACAGCCGCATCCAACA-1-gPlexB7_s1,-1,-1,0,0,0
AGATTGCCATCCTAGA-1-gPlexB5_s1,-1,1,0,1,0
AAGACCTAGCGCCTCA-1-gPlexB1_s1,1,0,-1,0,0
TCAGGATTCAGCTTAG-1-gPlexB2_s1,-1,1,0,-1,1
GGGTCTGCACGTGAGA-1-gPlexB6_s1,1,0,-1,0,0
GCGAGAATCCCAAGAT-1-gPlexB2_s1,1,0,1,0,0
AGGTCCGAGCAGGTCA-1-gPlexB3_s1,1,0,1,0,0
GATGCTAGTTATTCTC-1-gPlexB4_s1,-1,1,0,-1,-1
GCATGATGTCGCGGTT-1-gPlexB3_s1,-1,1,0,1,0
CGGACACGTCGCTTCT-1-gPlexB3_s1,1,0,-1,0,0
CCAGCGAAGGACGAAA-1-gPlexB2_s1,1,0,-1,0,0
CTCGAGGCAATTGCTG-1-gPlexB3_s1,-1,1,0,-1,-1
ATTCTACTCGACAGCC-1-gPlexB7_s1,-1,-1,0,0,0
TGCCAAACAGTCACTA-1-gPlexB5_s1,1,0,-1,0,0
TTGCGTCCACGCTTTC-1-gPlexB7_s1,-1,1,0,1,0
TACTCATGTATAGTAG-1-gPlexB4_s1,-1,-1,0,0,0
CCTTCCCAGACACTAA-1-gPlexB2_s1,-1,1,0,-1,1
GATCGTAGTCAGATAA-1-gPlexB3_s1,-1,-1,0,0,0
CTGCTGTAGTCACGCC-1-gPlexB6_s1,1,0,-1,0,0
GAACGGAAGGACAGCT-1-gPlexB2_s1,1,0,-1,0,0
GGGACCTAGTACACCT-1-gPlexB6_s1,1,0,-1,0,0
AGGGAGTGTGCTTCTC-1-gPlexB6_s1,1,0,-1,0,0
CTTAACTCACTTCTGC-1-gPlexB2_s1,-1,-1,0,0,0
AAAGTAGAGCGTGAGT-1-gPlexB7_s1,1,0,-1,0,0
TGAGGGATCTTGTTTG-1-gPlexB4_s1,1,0,-1,0,0
TGCGCAGTCTGTCTAT-1-gPlexB4_s1,-1,1,0,-1,-1
ATGCGATCATGCTAGT-1-gPlexB3_s1,-1,-1,0,0,0
GGCGTGTGTGGTGTAG-1-gPlexB5_s1,-1,-1,0,0,0
TCTATTGCAGTCTTCC-1-gPlexB4_s1,-1,1,0,-1,-1
GATCGATTCCAGTAGT-1-gPlexB5_s1,1,0,-1,0,0
TGCTGCTTCTAAGCCA-1-gPlexB4_s1,-1,-1,0,0,0
CGATCGGGTGACGGTA-1-gPlexB4_s1,1,0,-1,0,0
GATGAAATCAAAGACA-1-gPlexB7_s1,-1,1,0,-1,-1
AAGGTTCCATGGTTGT-1-gPlexB7_s1,-1,1,0,-1,-1
TGGCTGGCACACCGAC-1-gPlexB4_s1,1,0,-1,0,0
AGCATACTCTTATCTG-1-gPlexB7_s1,1,0,-1,0,0
GACGGCTAGCCCAGCT-1-gPlexB1_s1,-1,1,0,-1,-1
GTGGGTCTCCCAGGTG-1-gPlexB5_s1,-1,-1,0,0,0
TCAACGAGTCCTAGCG-1-gPlexB4_s1,-1,1,0,1,0
GTAGTCAAGACACTAA-1-gPlexB7_s1,1,0,-1,0,0
AAAGCAAGTGCGATAG-1-gPlexB5_s1,-1,1,0,-1,-1
AAAGCAACATCTGGTA-1-gPlexB7_s1,-1,1,0,-1,-1
ATTGGTGGTCGTTGTA-1-gPlexB1_s1,-1,1,0,-1,-1
CCTTTCTTCCATGCTC-1-gPlexB2_s1,1,0,1,0,0
GCAGCCATCTGGTTCC-1-gPlexB2_s1,-1,1,0,-1,-1
TTATGCTGTCTAGGTT-1-gPlexB4_s1,1,0,-1,0,0
GTTCATTCAGATGGCA-1-gPlexB6_s1,-1,1,0,-1,1
TCAGGATAGGCATTGG-1-gPlexB6_s1,-1,1,0,-1,-1
TAAGTGCGTAGCGATG-1-gPlexB6_s1,-1,1,0,-1,1
TACACGATCAGTTTGG-1-gPlexB2_s1,-1,-1,0,0,0
CTGGTCTAGGCAATTA-1-gPlexB2_s1,1,0,-1,0,0
ATAAGAGGTAAGTGGC-1-gPlexB1_s1,1,0,1,0,0
GGGTCTGTCAACCATG-1-gPlexB4_s1,-1,1,0,-1,-1
CGATGTAGTTTACTCT-1-gPlexB2_s1,-1,1,0,-1,1
CAAGAAAAGATCTGAA-1-gPlexB7_s1,1,0,-1,0,0
CCAATCCAGCGACGTA-1-gPlexB5_s1,-1,1,0,-1,-1
AGGGTGACAGTGAGTG-1-gPlexB2_s1,-1,-1,0,0,0
CCGTGGACACGGTAGA-1-gPlexB1_s1,-1,1,0,-1,1
GTGAAGGGTGTGACGA-1-gPlexB7_s1,-1,1,0,-1,-1
CCTATTACATACGCTA-1-gPlexB2_s1,-1,1,0,-1,-1
TTGACTTTCCGAAGAG-1-gPlexB2_s1,-1,1,0,-1,-1
AGAGCTTGTCATGCCG-1-gPlexB2_s1,-1,-1,0,0,0
GTCACAACATGGTCTA-1-gPlexB2_s1,1,0,-1,0,0
ATCATGGTCATTATCC-1-gPlexB1_s1,-1,-1,0,0,0
TTCTCCTGTCGCCATG-1-gPlexB3_s1,1,0,-1,0,0
GTGTTAGAGAGACTAT-1-gPlexB2_s1,-1,1,0,-1,-1
GACTAACTCCAATGGT-1-gPlexB3_s1,1,0,1,0,0
TAGGCATAGGACAGCT-1-gPlexB1_s1,1,0,1,0,0
TAGTGGTGTAAAGTCA-1-gPlexB4_s1,1,0,1,0,0
GGCTGGTTCCAAGCCG-1-gPlexB3_s1,-1,-1,0,0,0
TTCCCAGAGACCCACC-1-gPlexB2_s1,-1,1,0,-1,-1
CCATGTCGTCGAGTTT-1-gPlexB3_s1,1,0,1,0,0
CGGACGTTCGACCAGC-1-gPlexB2_s1,1,0,1,0,0
GAATGAACAAAGGAAG-1-gPlexB3_s1,1,0,-1,0,0
GCACTCTAGGTGTGGT-1-gPlexB2_s1,1,0,-1,0,0
AGTGGGAGTGGAAAGA-1-gPlexB1_s1,-1,1,0,-1,-1
CGTCTACAGGATCGCA-1-gPlexB6_s1,-1,1,0,-1,-1
GTCATTTTCTTCATGT-1-gPlexB3_s1,1,0,-1,0,0
GTGGGTCTCAATCACG-1-gPlexB3_s1,-1,1,0,-1,-1
GCAGTTAGTTCCGTCT-1-gPlexB5_s1,-1,1,0,-1,1
TATCTCAAGATGTGTA-1-gPlexB7_s1,1,0,-1,0,0
TACAGTGTCCAAACTG-1-gPlexB3_s1,1,0,-1,0,0
TCTCATAGTGGTACAG-1-gPlexB5_s1,-1,-1,0,0,0
GGCTCGAGTACTTCTT-1-gPlexB3_s1,-1,1,0,-1,-1
CACAAACGTACCGGCT-1-gPlexB2_s1,-1,1,0,-1,-1
TGCTACCAGTGAATTG-1-gPlexB7_s1,1,0,-1,0,0
TAGTTGGCACAAGACG-1-gPlexB4_s1,-1,1,0,-1,-1
TAGAGCTGTATTCGTG-1-gPlexB3_s1,1,0,-1,0,0
CGTAGCGTCCACTGGG-1-gPlexB5_s1,-1,-1,0,0,0
AACTCAGGTATAAACG-1-gPlexB1_s1,-1,1,0,-1,-1
TCAATCTCATACGCTA-1-gPlexB1_s1,-1,-1,0,0,0
CCATGTCGTCTAAAGA-1-gPlexB2_s1,1,0,1,0,0
AACCATGTCGTACCGG-1-gPlexB2_s1,1,0,-1,0,0
GCGACCAAGACGCAAC-1-gPlexB7_s1,-1,-1,0,0,0
GATCAGTGTGGACGAT-1-gPlexB5_s1,1,0,-1,0,0
AGCGTATGTAGGACAC-1-gPlexB4_s1,-1,-1,0,0,0
GGCCGATAGTGGGTTG-1-gPlexB4_s1,-1,1,0,1,0
ATCATGGTCGGCATCG-1-gPlexB7_s1,-1,1,0,-1,-1
GTGCGGTTCAGCACAT-1-gPlexB3_s1,-1,1,0,1,0
ACATGGTGTCCTCTTG-1-gPlexB6_s1,1,0,-1,0,0
CCACGGATCCGCGCAA-1-gPlexB2_s1,-1,-1,0,0,0
CTCTGGTGTGTTTGGT-1-gPlexB1_s1,1,0,1,0,0
TGCCAAACAGGCAGTA-1-gPlexB3_s1,-1,1,0,-1,1
GCTGGGTCACCTTGTC-1-gPlexB3_s1,-1,1,0,-1,-1
TCTGGAATCATCTGTT-1-gPlexB3_s1,-1,1,0,-1,-1
AGTTGGTCATAGACTC-1-gPlexB3_s1,1,0,1,0,0
GAGTCCGAGGAGTTGC-1-gPlexB3_s1,-1,1,0,-1,-1
ACGGGTCTCAACACCA-1-gPlexB3_s1,1,0,-1,0,0
CATATGGTCCTTGACC-1-gPlexB1_s1,-1,-1,0,0,0
CCTAAAGCAGTAAGCG-1-gPlexB5_s1,-1,-1,0,0,0
CTCTGGTTCGTCACGG-1-gPlexB1_s1,1,0,-1,0,0
GGCTCGAAGTATCTCG-1-gPlexB6_s1,1,0,-1,0,0
GTCATTTAGTGTACGG-1-gPlexB3_s1,-1,1,0,1,0
TAAACCGTCCTTAATC-1-gPlexB3_s1,1,0,1,0,0
ACCTTTAGTCATGCAT-1-gPlexB6_s1,-1,-1,0,0,0
TCGTACCCAAGCGCTC-1-gPlexB5_s1,-1,1,0,-1,1
CGAGCACGTGATGTCT-1-gPlexB4_s1,-1,-1,0,0,0
AACCATGGTTTAGCTG-1-gPlexB4_s1,-1,1,0,-1,-1
TGCGTGGTCCGTTGCT-1-gPlexB3_s1,1,0,1,0,0
AAGCCGCGTTCTGTTT-1-gPlexB1_s1,-1,1,0,-1,-1
GAGTCCGAGGTGATTA-1-gPlexB3_s1,-1,1,0,-1,-1
TCTATTGGTAGCTAAA-1-gPlexB5_s1,-1,1,0,1,0
TCTTCGGGTCCAGTAT-1-gPlexB6_s1,1,0,1,0,0
AAGACCTGTTCTCATT-1-gPlexB4_s1,-1,-1,0,0,0
GCGCAACGTCTACCTC-1-gPlexB5_s1,-1,1,0,-1,-1
TCATTACGTATCGCAT-1-gPlexB4_s1,-1,-1,0,0,0
TTCTTAGAGAAACCAT-1-gPlexB3_s1,-1,1,0,-1,1
GGCAATTGTAAGGATT-1-gPlexB3_s1,1,0,-1,0,0
GGACGTCCACCCATGG-1-gPlexB7_s1,1,0,-1,0,0
GGCCGATTCACTGGGC-1-gPlexB6_s1,-1,1,0,-1,1
CAGGTGCCAATGGAAT-1-gPlexB2_s1,-1,-1,0,0,0
CCATGTCAGAGAGCTC-1-gPlexB2_s1,-1,1,0,1,0
ATTTCTGTCGCTAGCG-1-gPlexB5_s1,-1,1,0,-1,-1
CTGGTCTTCCCGACTT-1-gPlexB1_s1,1,0,-1,0,0
CCCATACGTAATAGCA-1-gPlexB4_s1,1,0,-1,0,0
ACAGCTAAGAGTACCG-1-gPlexB2_s1,-1,1,0,-1,1
CCCAATCAGTTGCAGG-1-gPlexB2_s1,-1,-1,0,0,0
CTTAGGAGTTCAACCA-1-gPlexB2_s1,1,0,-1,0,0
CTAATGGGTAGGCATG-1-gPlexB6_s1,-1,1,0,1,0
GTTCGGGGTTGGTGGA-1-gPlexB1_s1,1,0,-1,0,0
CTCAGAACAAGTAATG-1-gPlexB6_s1,1,0,-1,0,0
CTTGGCTGTAGAGGAA-1-gPlexB1_s1,-1,1,0,-1,-1
ATTGGTGCATGCAATC-1-gPlexB6_s1,-1,1,0,-1,-1
GTGTTAGTCTATCCCG-1-gPlexB4_s1,-1,-1,0,0,0
ACCGTAAGTACTCGCG-1-gPlexB6_s1,-1,1,0,-1,-1
CCCATACAGATGCCAG-1-gPlexB7_s1,-1,-1,0,0,0
TGACTAGTCCGATATG-1-gPlexB5_s1,-1,-1,0,0,0
CGGTTAAGTCTCCACT-1-gPlexB5_s1,-1,1,0,-1,-1
TTGTAGGGTTCGCTAA-1-gPlexB6_s1,1,0,-1,0,0
CACACCTTCAGCGATT-1-gPlexB3_s1,1,0,1,0,0
CAGGTGCCAGTCACTA-1-gPlexB3_s1,1,0,-1,0,0
GTTCTCGGTCAACATC-1-gPlexB3_s1,1,0,1,0,0
TCAGCAAAGCCCGAAA-1-gPlexB1_s1,1,0,-1,0,0
ACACCAAAGCGTTGCC-1-gPlexB7_s1,-1,-1,0,0,0
ACACTGATCTTACCGC-1-gPlexB6_s1,-1,1,0,-1,-1
GCTGCAGAGCCAGTAG-1-gPlexB5_s1,-1,-1,0,0,0
GATGAAAAGCAGGCTA-1-gPlexB6_s1,-1,1,0,1,0
CTCCTAGGTCCGCTGA-1-gPlexB5_s1,-1,1,0,-1,-1
TAGTGGTTCGGCCGAT-1-gPlexB3_s1,1,0,-1,0,0
GGGTTGCTCGTGGTCG-1-gPlexB4_s1,-1,-1,0,0,0
TCCCGATCATCAGTAC-1-gPlexB5_s1,-1,1,0,-1,-1
GCTGCTTGTAATAGCA-1-gPlexB5_s1,-1,-1,0,0,0
CAACTAGTCATCTGTT-1-gPlexB1_s1,-1,1,0,-1,-1
TTGGAACCATGCATGT-1-gPlexB3_s1,1,0,1,0,0
TCAGGATTCACCAGGC-1-gPlexB6_s1,-1,1,0,-1,-1
TACTTGTAGTAGTGCG-1-gPlexB6_s1,-1,1,0,1,0
CTCGTACGTCACTGGC-1-gPlexB6_s1,1,0,-1,0,0
GACGTGCGTGTTGGGA-1-gPlexB3_s1,-1,1,0,-1,-1
CGTTCTGTCAGTCAGT-1-gPlexB5_s1,-1,1,0,1,0
GAAGCAGCACAGCGTC-1-gPlexB1_s1,-1,1,0,-1,-1
CGCTGGAAGATGTAAC-1-gPlexB1_s1,-1,1,0,-1,-1
TGAGCCGTCTCGTATT-1-gPlexB7_s1,-1,1,0,-1,-1
AAGACCTGTGCAACTT-1-gPlexB4_s1,-1,-1,0,0,0
GAGTCCGTCTGGAGCC-1-gPlexB7_s1,-1,1,0,-1,-1
TCGTAGACATCTCGCT-1-gPlexB5_s1,-1,-1,0,0,0
AGGTCATCATGTCCTC-1-gPlexB4_s1,-1,1,0,-1,-1
CATGACAAGAATGTTG-1-gPlexB3_s1,-1,1,0,-1,-1
TGACTTTAGCGATTCT-1-gPlexB4_s1,-1,1,0,-1,1
CGAACATTCGGCGCTA-1-gPlexB4_s1,-1,1,0,-1,1
CACATAGGTTACCAGT-1-gPlexB4_s1,-1,1,0,-1,-1
TTGACTTAGAGCCTAG-1-gPlexB6_s1,1,0,-1,0,0
GTAGGCCCAGACAAAT-1-gPlexB6_s1,-1,1,0,-1,1
GTAGGCCCAGATGGGT-1-gPlexB3_s1,1,0,-1,0,0
GAGTCCGTCTACTCAT-1-gPlexB5_s1,1,0,1,0,0
AGAGCTTGTAGAAAGG-1-gPlexB4_s1,1,0,-1,0,0
GCTGCTTAGAAGGTTT-1-gPlexB1_s1,-1,1,0,-1,-1
ATAAGAGAGTGAAGTT-1-gPlexB3_s1,1,0,-1,0,0
AGATCTGCAGTAACGG-1-gPlexB7_s1,-1,-1,0,0,0
CATCAGAGTGCTCTTC-1-gPlexB1_s1,-1,1,0,-1,-1
AGCTTGACAACTGCTA-1-gPlexB1_s1,1,0,-1,0,0
GCGCAGTTCCCAAGTA-1-gPlexB2_s1,-1,1,0,-1,-1
ACTTTCACAGCTCGCA-1-gPlexB5_s1,1,0,-1,0,0
CTTCTCTGTATGAATG-1-gPlexB6_s1,-1,1,0,-1,-1
TCAGGTAGTTACGCGC-1-gPlexB3_s1,-1,1,0,-1,1
CGTCACTTCAGAGACG-1-gPlexB2_s1,-1,1,0,-1,1
GGACATTGTTCAGTAC-1-gPlexB4_s1,-1,1,0,1,0
AGTAGTCGTGACGGTA-1-gPlexB3_s1,1,0,1,0,0
CTAAGACCAGGACCCT-1-gPlexB3_s1,-1,1,0,-1,-1
GGCAATTTCCAAACTG-1-gPlexB6_s1,-1,1,0,1,0
ACTGATGGTGACCAAG-1-gPlexB4_s1,1,0,1,0,0
TGTCCCAGTTGTTTGG-1-gPlexB7_s1,-1,1,0,-1,-1
TAGAGCTGTACTCTCC-1-gPlexB1_s1,-1,1,0,1,0
AGCATACAGAATCTCC-1-gPlexB4_s1,-1,-1,0,0,0
CATCCACTCATAGCAC-1-gPlexB6_s1,-1,1,0,-1,-1
GGTGAAGAGGTGTGGT-1-gPlexB1_s1,-1,-1,0,0,0
CGCTGGATCATGCTCC-1-gPlexB4_s1,1,0,-1,0,0
ACTGAACAGAACTGTA-1-gPlexB7_s1,1,0,-1,0,0
GATCAGTGTGCTGTAT-1-gPlexB3_s1,1,0,-1,0,0
CATTATCGTGGCAAAC-1-gPlexB7_s1,1,0,-1,0,0
AGGTCCGCAAGCGTAG-1-gPlexB3_s1,1,0,-1,0,0
CACCACTTCCGTTGTC-1-gPlexB6_s1,-1,1,0,-1,1
TCGCGAGAGTCGTTTG-1-gPlexB4_s1,-1,1,0,1,0
AGATCTGAGCTTTGGT-1-gPlexB5_s1,-1,1,0,1,0
CTGCTGTGTTAGGGTG-1-gPlexB7_s1,1,0,1,0,0
GGTGAAGCAAGCGTAG-1-gPlexB6_s1,1,0,-1,0,0
ATCATCTCACAGAGGT-1-gPlexB6_s1,-1,-1,0,0,0
AAACCTGGTACAAGTA-1-gPlexB5_s1,-1,1,0,-1,1
CTCTAATAGCGCCTTG-1-gPlexB2_s1,-1,-1,0,0,0
AGGTCCGTCAGGTTCA-1-gPlexB3_s1,1,0,1,0,0
ACATACGGTAAGCACG-1-gPlexB3_s1,1,0,-1,0,0
TCGGGACGTGCTTCTC-1-gPlexB5_s1,-1,1,0,-1,1
CTACATTCAGCGTTCG-1-gPlexB4_s1,-1,1,0,1,0
CTGCCTAGTTATGTGC-1-gPlexB2_s1,1,0,-1,0,0
TGGCTGGCACGAGAGT-1-gPlexB4_s1,1,0,-1,0,0
TTTACTGTCAGTTTGG-1-gPlexB4_s1,-1,1,0,-1,-1
TAGCCGGCACTGTGTA-1-gPlexB7_s1,-1,-1,0,0,0
GGAACTTGTCCGACGT-1-gPlexB6_s1,1,0,1,0,0
TGAAAGATCTTAGAGC-1-gPlexB6_s1,1,0,-1,0,0
TGCCCATAGGCAGTCA-1-gPlexB7_s1,-1,1,0,1,0
ACCCACTAGGTGCTAG-1-gPlexB6_s1,1,0,1,0,0
TGGACGCTCCCTGACT-1-gPlexB6_s1,-1,1,0,-1,-1
CTGATAGGTAACGCGA-1-gPlexB5_s1,-1,1,0,-1,1
TCGGTAATCACAAACC-1-gPlexB6_s1,-1,-1,0,0,0
TGCTGCTAGTTGAGAT-1-gPlexB4_s1,1,0,-1,0,0
ACGGCCAAGGACAGAA-1-gPlexB6_s1,-1,1,0,-1,-1
CATGACACAAGGCTCC-1-gPlexB4_s1,1,0,-1,0,0
TTGGCAATCCAATGGT-1-gPlexB5_s1,-1,1,0,-1,1
CTCGTACTCTGTGCAA-1-gPlexB3_s1,-1,-1,0,0,0
AGCGTATCAGGTGCCT-1-gPlexB2_s1,1,0,-1,0,0
ACTGTCCCAAAGAATC-1-gPlexB1_s1,-1,1,0,-1,1
CAACCAAAGATGGCGT-1-gPlexB5_s1,-1,-1,0,0,0
CAAGGCCCAGCATACT-1-gPlexB6_s1,1,0,1,0,0
CTTAGGACACCACCAG-1-gPlexB3_s1,-1,1,0,-1,-1
TACGGTAAGAGGGCTT-1-gPlexB5_s1,1,0,-1,0,0
CAAGATCGTAGGGACT-1-gPlexB2_s1,-1,-1,0,0,0
ATTGGTGCATGGTCTA-1-gPlexB2_s1,1,0,-1,0,0
TGCACCTAGCAGGCTA-1-gPlexB2_s1,-1,-1,0,0,0
GACGTTAAGTTGCAGG-1-gPlexB7_s1,1,0,-1,0,0
TGCCCATCATCAGTAC-1-gPlexB4_s1,-1,1,0,-1,1
ATTATCCTCGTGGACC-1-gPlexB7_s1,-1,1,0,1,0
GTGTGCGGTTATCGGT-1-gPlexB6_s1,-1,-1,0,0,0
CGACTTCGTGATGTCT-1-gPlexB6_s1,-1,1,0,-1,-1
ATCCGAATCCGAACGC-1-gPlexB6_s1,-1,1,0,-1,-1
GACAGAGTCATTGCGA-1-gPlexB2_s1,-1,-1,0,0,0
TCGAGGCGTGCGATAG-1-gPlexB7_s1,1,0,1,0,0
ATTTCTGCACGCCAGT-1-gPlexB1_s1,1,0,-1,0,0
GGGAGATAGTATTGGA-1-gPlexB2_s1,-1,1,0,-1,-1
CTTGGCTGTTTAGCTG-1-gPlexB5_s1,1,0,-1,0,0
AGCTCCTAGATGTCGG-1-gPlexB6_s1,-1,1,0,-1,1
GGCCGATCATATACGC-1-gPlexB3_s1,-1,1,0,-1,-1
ACATACGTCTCCAACC-1-gPlexB3_s1,1,0,-1,0,0
TCTGAGACATGTCTCC-1-gPlexB6_s1,1,0,-1,0,0
TGCTGCTCACATTCGA-1-gPlexB1_s1,-1,-1,0,0,0
AAGACCTAGTACGCGA-1-gPlexB7_s1,-1,1,0,-1,1
CAGCCGATCATTTGGG-1-gPlexB7_s1,-1,1,0,-1,-1
TACGGATGTAGAAAGG-1-gPlexB2_s1,1,0,-1,0,0
ACCAGTACACATTTCT-1-gPlexB7_s1,-1,-1,0,0,0
CTTTGCGTCACATAGC-1-gPlexB5_s1,-1,1,0,-1,-1
CCTTCGAAGGTAAACT-1-gPlexB4_s1,1,0,-1,0,0
ACGCCGACAATCCGAT-1-gPlexB4_s1,1,0,-1,0,0
ATGAGGGGTAAACACA-1-gPlexB5_s1,-1,-1,0,0,0
ACATACGCAATCACAC-1-gPlexB1_s1,-1,1,0,-1,-1
TAGGCATTCGGAAATA-1-gPlexB2_s1,-1,1,0,-1,-1
CAGGTGCTCCCAGGTG-1-gPlexB1_s1,-1,1,0,-1,-1
GCACATAGTTATGCGT-1-gPlexB6_s1,-1,1,0,-1,-1
GTAACGTTCACGATGT-1-gPlexB2_s1,-1,1,0,-1,-1
CACAGTACAACTGCTA-1-gPlexB3_s1,1,0,-1,0,0
GCACATAGTAACGACG-1-gPlexB7_s1,-1,1,0,-1,-1
TTTGGTTAGCTACCGC-1-gPlexB7_s1,1,0,-1,0,0
CAACCTCCACGAAACG-1-gPlexB6_s1,1,0,-1,0,0
GCGCCAAAGAGCCCAA-1-gPlexB7_s1,1,0,-1,0,0
ATGGGAGCAAATCCGT-1-gPlexB4_s1,-1,1,0,-1,1
TCGAGGCTCAGGTAAA-1-gPlexB6_s1,-1,1,0,-1,1
TGAGCATAGATGTTAG-1-gPlexB1_s1,-1,-1,0,0,0
AGGGTGAAGCTAGTTC-1-gPlexB2_s1,-1,1,0,1,0
AACCATGGTCAACTGT-1-gPlexB5_s1,1,0,-1,0,0
ACTGTCCAGATGTTAG-1-gPlexB7_s1,-1,1,0,-1,-1
CTACACCAGTATCTCG-1-gPlexB3_s1,-1,1,0,1,0
GCACTCTTCTTACCTA-1-gPlexB1_s1,1,0,1,0,0
TACTCGCGTCTGGAGA-1-gPlexB3_s1,-1,1,0,-1,-1
TCACAAGTCGTTGACA-1-gPlexB6_s1,-1,-1,0,0,0
CAGCCGATCGCGTAGC-1-gPlexB7_s1,-1,1,0,-1,-1
GCAGCCAGTAAGGATT-1-gPlexB2_s1,-1,-1,0,0,0
CAACTAGAGTCAATAG-1-gPlexB6_s1,-1,1,0,-1,-1
TATCAGGCAGGATCGA-1-gPlexB6_s1,-1,1,0,1,0
GGTGCGTGTTCCCGAG-1-gPlexB2_s1,-1,1,0,-1,-1
TCACGAATCTTAGAGC-1-gPlexB1_s1,-1,1,0,1,0
TCAGCTCGTTACAGAA-1-gPlexB1_s1,-1,-1,0,0,0
CCTTCCCAGTATTGGA-1-gPlexB3_s1,1,0,-1,0,0
TAGACCACACGGACAA-1-gPlexB1_s1,-1,1,0,-1,-1
TCTCATAAGCGTCTAT-1-gPlexB7_s1,-1,1,0,1,0
AACTCCCTCAGCTGGC-1-gPlexB6_s1,1,0,-1,0,0
GCCTCTACACAGCGTC-1-gPlexB3_s1,-1,-1,0,0,0
CTCGAGGGTCCAGTAT-1-gPlexB6_s1,-1,1,0,-1,-1
TCTCTAACAGACGCTC-1-gPlexB7_s1,-1,-1,0,0,0
ACGCCAGAGTTGAGAT-1-gPlexB3_s1,-1,1,0,-1,-1
CGGACACCATACAGCT-1-gPlexB7_s1,1,0,-1,0,0
ACGGGTCGTTCGTCTC-1-gPlexB6_s1,-1,-1,0,0,0
CGAGCCATCTGGCGTG-1-gPlexB4_s1,-1,1,0,-1,1
CCACCTAGTCTAACGT-1-gPlexB2_s1,-1,-1,0,0,0
GTATTCTTCCATGAAC-1-gPlexB5_s1,-1,1,0,-1,-1
GTTCGGGGTCGGATCC-1-gPlexB6_s1,1,0,-1,0,0
CAGCCGAAGAAGAAGC-1-gPlexB5_s1,-1,1,0,-1,1
TCGCGAGTCGCGCCAA-1-gPlexB4_s1,-1,1,0,-1,-1
AACGTTGAGTCGAGTG-1-gPlexB6_s1,-1,1,0,-1,-1
GTAACGTTCCTGCAGG-1-gPlexB1_s1,-1,-1,0,0,0
TTTGTCATCATTGCGA-1-gPlexB1_s1,-1,1,0,-1,-1
AAGGAGCTCCAAGCCG-1-gPlexB3_s1,-1,-1,0,0,0
TAGCCGGAGATATGCA-1-gPlexB5_s1,-1,1,0,1,0
TTTGTCAGTATTCGTG-1-gPlexB3_s1,1,0,-1,0,0
TCGGGACTCTTCATGT-1-gPlexB7_s1,-1,1,0,-1,-1
GAGGTGACAGGATTGG-1-gPlexB2_s1,-1,1,0,-1,-1
GACGCGTGTAATCGTC-1-gPlexB2_s1,1,0,-1,0,0
TGCACCTTCATGCATG-1-gPlexB4_s1,-1,1,0,-1,-1
GGCAATTGTCCCGACA-1-gPlexB3_s1,-1,-1,0,0,0
CATCCACTCAGAGGTG-1-gPlexB5_s1,1,0,1,0,0
CTCGAGGCACACAGAG-1-gPlexB7_s1,1,0,-1,0,0
TGCTGCTCATCCGTGG-1-gPlexB2_s1,-1,1,0,1,0
CCTCTGAAGTACGACG-1-gPlexB5_s1,-1,1,0,1,0
GGGCATCTCAAGGCTT-1-gPlexB1_s1,1,0,1,0,0
CTACATTTCTCCCTGA-1-gPlexB2_s1,-1,1,0,-1,1
AGTGTCAAGTCTTGCA-1-gPlexB4_s1,-1,-1,0,0,0
TCGTAGATCTCACATT-1-gPlexB5_s1,-1,-1,0,0,0
CTCAGAACACGCATCG-1-gPlexB2_s1,-1,1,0,-1,-1
CACAGGCAGGAACTGC-1-gPlexB2_s1,-1,-1,0,0,0
TTGAACGTCAGCGACC-1-gPlexB2_s1,-1,-1,0,0,0
CGTCAGGTCTCATTCA-1-gPlexB7_s1,-1,-1,0,0,0
GCCAAATAGCACACAG-1-gPlexB7_s1,-1,1,0,-1,-1
TACGGGCGTCAAAGAT-1-gPlexB4_s1,1,0,1,0,0
ATGGGAGCATCCGTGG-1-gPlexB6_s1,-1,-1,0,0,0
CTACACCCAGCTGCTG-1-gPlexB4_s1,1,0,1,0,0
CGGGTCAAGAGCAATT-1-gPlexB3_s1,1,0,1,0,0
GACGTGCAGGTGTGGT-1-gPlexB6_s1,-1,1,0,-1,-1
CAGCCGACAGTTCCCT-1-gPlexB7_s1,-1,1,0,-1,-1
GTATTCTTCGCGTTTC-1-gPlexB6_s1,1,0,1,0,0
GTATTCTAGTCGATAA-1-gPlexB2_s1,-1,1,0,-1,1
GACCAATAGTGGGATC-1-gPlexB5_s1,1,0,-1,0,0
ATCCGAAGTAAGGGCT-1-gPlexB6_s1,1,0,1,0,0
GAAATGAAGGCAATTA-1-gPlexB5_s1,-1,1,0,-1,-1
ACACCGGTCGCAAGCC-1-gPlexB2_s1,-1,-1,0,0,0
CATTCGCGTTAAGAAC-1-gPlexB7_s1,-1,1,0,-1,-1
GTAGGCCTCATCACCC-1-gPlexB2_s1,-1,1,0,-1,-1
GTTCTCGGTTAAGACA-1-gPlexB6_s1,1,0,-1,0,0
GTAACGTCATCGATGT-1-gPlexB2_s1,1,0,-1,0,0
TTTACTGTCCAAACAC-1-gPlexB4_s1,1,0,-1,0,0
ACGAGCCAGCTACCTA-1-gPlexB7_s1,-1,1,0,-1,-1
TAAGAGAGTTCCACAA-1-gPlexB2_s1,-1,-1,0,0,0
CTCGTACAGGACAGCT-1-gPlexB7_s1,-1,1,0,-1,1
AAAGTAGAGGTGGGTT-1-gPlexB1_s1,-1,1,0,1,0
CTCTAATTCACTGGGC-1-gPlexB4_s1,-1,1,0,-1,-1
GCAGTTACAAGTCATC-1-gPlexB1_s1,-1,1,0,-1,1
AGGTCCGAGGACCACA-1-gPlexB2_s1,-1,-1,0,0,0
GACCTGGCAATCACAC-1-gPlexB6_s1,-1,1,0,-1,1
CAGCCGATCCACTGGG-1-gPlexB1_s1,-1,1,0,-1,-1
AACCGCGCATTTCAGG-1-gPlexB3_s1,1,0,-1,0,0
GCACATAAGGTGATAT-1-gPlexB3_s1,-1,-1,0,0,0
AGGGAGTTCATGGTCA-1-gPlexB5_s1,-1,1,0,-1,1
TCAGCTCCAGTCTTCC-1-gPlexB7_s1,-1,1,0,1,0
GTGCTTCGTATAAACG-1-gPlexB7_s1,-1,1,0,-1,-1
CATCAGATCCAGATCA-1-gPlexB5_s1,-1,-1,0,0,0
TTCTCCTAGACGCTTT-1-gPlexB5_s1,-1,1,0,-1,-1
GTCAAGTGTTCCGTCT-1-gPlexB2_s1,1,0,-1,0,0
TGGCTGGTCATATCGG-1-gPlexB2_s1,-1,1,0,-1,-1
AACTGGTTCGCGTTTC-1-gPlexB6_s1,-1,1,0,1,0
CATCGAATCTACCAGA-1-gPlexB5_s1,-1,-1,0,0,0
GGAACTTCATTGGCGC-1-gPlexB3_s1,1,0,-1,0,0
TGCTGCTGTGCATCTA-1-gPlexB5_s1,1,0,-1,0,0
CATCAAGAGTATCGAA-1-gPlexB4_s1,-1,1,0,-1,-1
CGCTGGAGTAATCACC-1-gPlexB3_s1,-1,-1,0,0,0
AGAGCTTAGGCGATAC-1-gPlexB4_s1,-1,1,0,-1,-1
GGCTGGTCACCGGAAA-1-gPlexB6_s1,1,0,1,0,0
AGAGCGAAGCCTATGT-1-gPlexB4_s1,-1,1,0,-1,-1
AACTTTCTCGTGACAT-1-gPlexB2_s1,-1,-1,0,0,0
GTCTCGTGTTCTGTTT-1-gPlexB6_s1,-1,1,0,-1,-1
CATCAAGCAGACAAAT-1-gPlexB1_s1,-1,1,0,-1,1
GTTAAGCTCTGATTCT-1-gPlexB5_s1,-1,1,0,1,0
ACAGCTATCGGAGGTA-1-gPlexB7_s1,-1,1,0,-1,-1
GTCACAAAGCTGATAA-1-gPlexB2_s1,-1,1,0,-1,1
CACTCCACAAGCCGCT-1-gPlexB2_s1,1,0,-1,0,0
GTTCGGGAGTCGAGTG-1-gPlexB2_s1,-1,1,0,-1,-1
TAAGCGTTCAGTTAGC-1-gPlexB7_s1,-1,1,0,-1,-1
TCAGATGCACTGAAGG-1-gPlexB1_s1,1,0,-1,0,0
CAGTAACGTCAACATC-1-gPlexB3_s1,-1,-1,0,0,0
ACAGCCGGTGCCTGCA-1-gPlexB4_s1,-1,1,0,-1,1
GTCACAACAAGAGTCG-1-gPlexB3_s1,-1,-1,0,0,0
TCAGCTCAGGTCGGAT-1-gPlexB1_s1,-1,1,0,-1,-1
CTGATAGTCTTAGCCC-1-gPlexB4_s1,-1,-1,0,0,0
CAGAGAGCACCATGTA-1-gPlexB2_s1,-1,1,0,-1,1
GTATCTTAGTATCTCG-1-gPlexB2_s1,1,0,1,0,0
TCTCTAATCAAAGTAG-1-gPlexB2_s1,-1,1,0,-1,-1
AGGCCGTGTCGTTGTA-1-gPlexB3_s1,1,0,-1,0,0
ACGGAGACAGACTCGC-1-gPlexB7_s1,1,0,1,0,0
CCTTCGAGTCAACTGT-1-gPlexB1_s1,-1,1,0,-1,-1
GGAAAGCCATCGGTTA-1-gPlexB3_s1,-1,-1,0,0,0
ACTTGTTAGGCTACGA-1-gPlexB3_s1,1,0,-1,0,0
ACGATGTTCCCACTTG-1-gPlexB4_s1,1,0,-1,0,0
CACTCCACAGTGACAG-1-gPlexB6_s1,-1,-1,0,0,0
AGCTCTCGTCGCATAT-1-gPlexB6_s1,-1,1,0,-1,-1
AGTTGGTAGAGTCGGT-1-gPlexB6_s1,-1,1,0,-1,-1
ACGGCCACACTGCCAG-1-gPlexB3_s1,-1,1,0,1,0
GCAATCAAGCCACGCT-1-gPlexB4_s1,1,0,-1,0,0
TCGGTAAGTGTAATGA-1-gPlexB4_s1,1,0,-1,0,0
TTCTCAACATATGAGA-1-gPlexB4_s1,-1,1,0,-1,-1
ACATGGTGTTTGACTG-1-gPlexB7_s1,1,0,1,0,0
TTCTTAGTCAATCTCT-1-gPlexB6_s1,1,0,1,0,0
GTCGTAATCTACCAGA-1-gPlexB4_s1,1,0,-1,0,0
CTTAACTCATCGATGT-1-gPlexB5_s1,-1,-1,0,0,0
GCAGTTATCCTCATTA-1-gPlexB1_s1,-1,-1,0,0,0
CCGGTAGTCATTCACT-1-gPlexB1_s1,1,0,1,0,0
CACCACTCACGCATCG-1-gPlexB7_s1,-1,-1,0,0,0
ACGGGTCAGCGTTCCG-1-gPlexB1_s1,-1,-1,0,0,0
CCTACACGTCGGCACT-1-gPlexB5_s1,-1,1,0,-1,-1
AATCGGTAGAGTGAGA-1-gPlexB1_s1,-1,1,0,-1,-1
CGCGTTTGTCAGATAA-1-gPlexB3_s1,-1,1,0,-1,-1
ATGGGAGCACCGAATT-1-gPlexB6_s1,1,0,-1,0,0
GAATAAGGTCGAACAG-1-gPlexB1_s1,-1,-1,0,0,0
TAGGCATTCAGCATGT-1-gPlexB4_s1,1,0,-1,0,0
ACCTTTATCGTCTGAA-1-gPlexB1_s1,-1,-1,0,0,0
ACTTTCAGTCCGAACC-1-gPlexB7_s1,1,0,-1,0,0
TGCGTGGCACGAAACG-1-gPlexB2_s1,-1,-1,0,0,0
GTACTCCCACGCCAGT-1-gPlexB6_s1,-1,-1,0,0,0
ACTTGTTAGCGTTTAC-1-gPlexB2_s1,1,0,1,0,0
AAAGCAAAGTGAATTG-1-gPlexB7_s1,1,0,-1,0,0
AGATCTGAGACTGGGT-1-gPlexB2_s1,1,0,-1,0,0
TATTACCGTAAACGCG-1-gPlexB4_s1,-1,1,0,-1,-1
GCATACATCAGGCAAG-1-gPlexB3_s1,-1,1,0,-1,-1
CGTGAGCGTATGAATG-1-gPlexB3_s1,-1,1,0,-1,1
CTCACACAGGGCATGT-1-gPlexB7_s1,1,0,-1,0,0
CGTGTAATCTTGACGA-1-gPlexB1_s1,1,0,-1,0,0
CACAGGCTCTTCCTTC-1-gPlexB3_s1,-1,1,0,-1,1
ACGCCAGGTACAGACG-1-gPlexB5_s1,1,0,-1,0,0
ACGAGGAAGTAACCCT-1-gPlexB2_s1,1,0,-1,0,0
CATCAAGGTCACACGC-1-gPlexB5_s1,1,0,-1,0,0
CGTAGCGTCTTAACCT-1-gPlexB1_s1,-1,1,0,-1,-1
AACTCAGAGCCCAGCT-1-gPlexB1_s1,-1,1,0,-1,-1
AACTCCCGTTGCCTCT-1-gPlexB5_s1,-1,1,0,1,0
ACACCGGGTTGGGACA-1-gPlexB3_s1,-1,1,0,-1,1
CTACACCGTGTAAGTA-1-gPlexB7_s1,1,0,1,0,0
CTCAGAAGTTGTGGCC-1-gPlexB7_s1,-1,-1,0,0,0
GACTACACACATCTTT-1-gPlexB7_s1,-1,-1,0,0,0
GAAGCAGAGTCTCGGC-1-gPlexB4_s1,1,0,-1,0,0
ACCCACTTCTGATACG-1-gPlexB4_s1,-1,-1,0,0,0
AATCCAGCATGACGGA-1-gPlexB5_s1,-1,1,0,-1,-1
TTAGGCACACGTTGGC-1-gPlexB1_s1,-1,-1,0,0,0
TTCTTAGTCCTCCTAG-1-gPlexB7_s1,-1,1,0,-1,-1
CCTTCGAAGGACGAAA-1-gPlexB3_s1,-1,1,0,-1,1
TTAGGCAGTTCAGCGC-1-gPlexB2_s1,-1,-1,0,0,0
CGTCCATAGCAGCGTA-1-gPlexB1_s1,-1,1,0,1,0
TGTATTCTCACGAAGG-1-gPlexB4_s1,-1,-1,0,0,0
CGCTGGAGTATAATGG-1-gPlexB4_s1,-1,1,0,-1,-1
AAAGTAGAGCTAAACA-1-gPlexB3_s1,-1,1,0,-1,1
CGAACATCAAGCGTAG-1-gPlexB6_s1,1,0,-1,0,0
TACGGGCCAGGATTGG-1-gPlexB6_s1,-1,1,0,-1,-1
TGCGGGTGTACTTCTT-1-gPlexB1_s1,-1,1,0,-1,-1
TACACGAAGGAGTTTA-1-gPlexB5_s1,1,0,-1,0,0
GCGCAGTTCAAACGGG-1-gPlexB4_s1,1,0,-1,0,0
ATCGAGTTCGAATGGG-1-gPlexB4_s1,1,0,-1,0,0
GGACAAGAGATGTAAC-1-gPlexB4_s1,-1,1,0,1,0
ACGAGGAGTAAAGGAG-1-gPlexB5_s1,1,0,1,0,0
CGAGAAGAGGACAGCT-1-gPlexB2_s1,-1,1,0,-1,-1
TGGCCAGGTCATCGGC-1-gPlexB5_s1,1,0,1,0,0
CTCATTATCAAACAAG-1-gPlexB2_s1,1,0,-1,0,0
GAAACTCAGCTGTCTA-1-gPlexB3_s1,1,0,-1,0,0
CTCTAATTCTGCGACG-1-gPlexB4_s1,-1,-1,0,0,0
TAGGCATAGGCTAGCA-1-gPlexB6_s1,-1,1,0,-1,-1
TTTGGTTCATTACGAC-1-gPlexB2_s1,-1,1,0,1,0
CCTCTGAGTCGGCTCA-1-gPlexB4_s1,-1,1,0,1,0
AAAGCAAAGATCTGAA-1-gPlexB4_s1,-1,-1,0,0,0
CCGGGATAGACAAAGG-1-gPlexB3_s1,-1,1,0,-1,-1
CATCAGAAGACTCGGA-1-gPlexB1_s1,-1,-1,0,0,0
GATTCAGAGACACTAA-1-gPlexB2_s1,-1,-1,0,0,0
CACAAACTCCACGCAG-1-gPlexB6_s1,-1,1,0,-1,-1
AGGGATGTCCAATGGT-1-gPlexB6_s1,-1,1,0,-1,1
TGCCAAAGTTCAGCGC-1-gPlexB4_s1,1,0,-1,0,0
GACGGCTGTGCTGTAT-1-gPlexB4_s1,-1,1,0,-1,-1
ACGCCAGCACGGCCAT-1-gPlexB7_s1,1,0,-1,0,0
CCTAAAGCAGGTGCCT-1-gPlexB5_s1,1,0,-1,0,0
GCGAGAAAGCTAACTC-1-gPlexB3_s1,-1,1,0,-1,-1
GATGCTACAAGCTGAG-1-gPlexB6_s1,1,0,-1,0,0
CATATTCAGACGCAAC-1-gPlexB6_s1,-1,1,0,1,0
TAAGAGAGTACCGTAT-1-gPlexB1_s1,-1,-1,0,0,0
GCTCCTAGTTCACCTC-1-gPlexB5_s1,-1,1,0,1,0
TGACTAGCACCTCGTT-1-gPlexB7_s1,1,0,1,0,0
CTCTAATTCTATCCTA-1-gPlexB3_s1,-1,1,0,-1,-1
CTAGTGAAGTTTGCGT-1-gPlexB3_s1,-1,1,0,-1,1
TTTGCGCAGGATCGCA-1-gPlexB6_s1,-1,1,0,1,0
CTCGAAACAGACGCTC-1-gPlexB7_s1,-1,1,0,-1,-1
GAACGGATCACCTTAT-1-gPlexB2_s1,1,0,-1,0,0
CCGGTAGAGCTGAACG-1-gPlexB1_s1,1,0,-1,0,0
TGAGAGGTCTACGAGT-1-gPlexB7_s1,-1,1,0,-1,-1
GTGTGCGCACAACTGT-1-gPlexB7_s1,-1,-1,0,0,0
GCTGCTTTCGTGGACC-1-gPlexB6_s1,-1,1,0,-1,-1
AGCGTCGTCCGAACGC-1-gPlexB3_s1,-1,1,0,-1,-1
TAAGCGTAGTCCATAC-1-gPlexB2_s1,-1,-1,0,0,0
GTTTCTAAGAAGATTC-1-gPlexB1_s1,-1,1,0,-1,-1
CCAATCCAGACTAGGC-1-gPlexB4_s1,-1,1,0,-1,-1
CCCAGTTAGTTCGATC-1-gPlexB4_s1,-1,-1,0,0,0
CGTTGGGAGAGACTTA-1-gPlexB6_s1,-1,-1,0,0,0
CAGTAACCATTGGGCC-1-gPlexB3_s1,-1,1,0,-1,-1
TCTCATACAACTGCTA-1-gPlexB2_s1,-1,1,0,-1,-1
AGTGTCACACACTGCG-1-gPlexB6_s1,-1,1,0,1,0
ACGAGCCGTGCTAGCC-1-gPlexB3_s1,-1,1,0,1,0
GGGTCTGGTTGTCGCG-1-gPlexB6_s1,1,0,-1,0,0
CAGCCGACAGCATACT-1-gPlexB6_s1,-1,-1,0,0,0
TCGGGACGTCACACGC-1-gPlexB2_s1,-1,-1,0,0,0
GTACTCCAGTTAGCGG-1-gPlexB7_s1,-1,1,0,-1,-1
GTTACAGTCCGCGTTT-1-gPlexB4_s1,-1,1,0,-1,1
GTTCGGGCAGTATAAG-1-gPlexB3_s1,-1,1,0,-1,-1
TAGGCATCAATGTAAG-1-gPlexB5_s1,-1,1,0,-1,1
ACCAGTACATCCGCGA-1-gPlexB3_s1,-1,1,0,1,0
GTCACGGTCAAAGTAG-1-gPlexB7_s1,-1,1,0,-1,-1
CGGTTAACACAGAGGT-1-gPlexB7_s1,1,0,1,0,0
AGTTGGTAGGCGCTCT-1-gPlexB4_s1,-1,1,0,-1,-1
ACGGGTCTCATACGGT-1-gPlexB3_s1,1,0,-1,0,0
CAGCGACCAGCGTAAG-1-gPlexB4_s1,-1,1,0,1,0
CTTGGCTTCTGTCTCG-1-gPlexB7_s1,-1,1,0,1,0
AAGCCGCGTAGCGTGA-1-gPlexB4_s1,-1,1,0,-1,-1
ACATCAGCAGCCTGTG-1-gPlexB7_s1,-1,1,0,-1,-1
AGGGATGAGATCGGGT-1-gPlexB5_s1,-1,1,0,-1,-1
CTCCTAGGTGACGCCT-1-gPlexB2_s1,1,0,-1,0,0
AAGGTTCAGTGCGTGA-1-gPlexB2_s1,1,0,-1,0,0
TCAGCAACATGACATC-1-gPlexB7_s1,-1,-1,0,0,0
TCAGGATGTTGTCTTT-1-gPlexB5_s1,-1,1,0,-1,1
CCCAATCTCTGCCCTA-1-gPlexB6_s1,-1,-1,0,0,0
GACTGCGTCATTGCCC-1-gPlexB6_s1,-1,-1,0,0,0
AACTCAGCATGCAACT-1-gPlexB7_s1,-1,1,0,-1,-1
GGGTTGCCAGACTCGC-1-gPlexB4_s1,-1,1,0,-1,-1
ACTATCTCAGAGTGTG-1-gPlexB6_s1,1,0,-1,0,0
AGTTGGTTCGTGACAT-1-gPlexB6_s1,-1,1,0,-1,-1
GTAGGCCGTCCTCTTG-1-gPlexB2_s1,-1,1,0,1,0
CTCGTACCAAGACACG-1-gPlexB1_s1,1,0,-1,0,0
CATCGAACATCTATGG-1-gPlexB3_s1,-1,-1,0,0,0
TTCTTAGGTGGTCCGT-1-gPlexB3_s1,-1,1,0,1,0
CAAGAAAGTGCTAGCC-1-gPlexB3_s1,-1,-1,0,0,0
ACCTTTAAGCATCATC-1-gPlexB1_s1,-1,1,0,1,0
AAAGATGTCTAGCACA-1-gPlexB2_s1,-1,1,0,-1,-1
GCATGTAGTTAAAGTG-1-gPlexB7_s1,-1,1,0,-1,-1
CTTGGCTTCTGCTGTC-1-gPlexB1_s1,-1,1,0,-1,1
TGGCTGGGTACATGTC-1-gPlexB7_s1,-1,1,0,-1,1
ACGAGCCCAATGGAGC-1-gPlexB1_s1,-1,-1,0,0,0
CACATTTGTATATGAG-1-gPlexB5_s1,1,0,1,0,0
GTAACGTGTGTTTGTG-1-gPlexB3_s1,1,0,-1,0,0
GATTCAGGTGCACTTA-1-gPlexB5_s1,-1,1,0,-1,-1
CACCTTGTCCCAGGTG-1-gPlexB3_s1,1,0,1,0,0
GGCGACTGTAGTACCT-1-gPlexB4_s1,1,0,-1,0,0
CGTAGCGTCGACGGAA-1-gPlexB7_s1,1,0,1,0,0
TCGTACCCATGTAGTC-1-gPlexB5_s1,-1,1,0,1,0
GAAGCAGTCTATGTGG-1-gPlexB7_s1,-1,1,0,1,0
TTCTCAAAGTCTTGCA-1-gPlexB5_s1,-1,-1,0,0,0
GGTATTGGTAGCGCTC-1-gPlexB5_s1,1,0,1,0,0
AGAGCGAGTAATCGTC-1-gPlexB5_s1,1,0,-1,0,0
GGACATTTCAGTTAGC-1-gPlexB5_s1,1,0,-1,0,0
TATCAGGTCCCTTGTG-1-gPlexB7_s1,-1,-1,0,0,0
CTGCCTAAGATCGGGT-1-gPlexB4_s1,-1,1,0,-1,-1
TCTTTCCGTTGCGTTA-1-gPlexB2_s1,1,0,-1,0,0
TCAACGAGTACCGTTA-1-gPlexB3_s1,-1,1,0,-1,1
TCCACACAGTGTGGCA-1-gPlexB2_s1,1,0,-1,0,0
TGGCGCATCTTCAACT-1-gPlexB3_s1,-1,1,0,-1,-1
TATGCCCTCAGTTAGC-1-gPlexB5_s1,1,0,-1,0,0
CTAGAGTTCCTGTAGA-1-gPlexB2_s1,-1,-1,0,0,0
TGGTTCCCACGCGAAA-1-gPlexB1_s1,-1,1,0,-1,-1
CAGTAACTCCGCAAGC-1-gPlexB1_s1,-1,1,0,-1,-1
CTGAAGTCAGTAGAGC-1-gPlexB5_s1,1,0,-1,0,0
ATGAGGGCAGAAGCAC-1-gPlexB2_s1,-1,1,0,-1,-1
GCCAAATGTCTAACGT-1-gPlexB3_s1,-1,-1,0,0,0
CTGCGGATCAAGGCTT-1-gPlexB5_s1,-1,1,0,-1,-1
GAAATGATCGTACGGC-1-gPlexB1_s1,-1,1,0,-1,-1
GAATAAGGTAACGTTC-1-gPlexB3_s1,-1,-1,0,0,0
CGCTTCAGTCACAAGG-1-gPlexB7_s1,-1,1,0,1,0
ATTACTCTCCTGCAGG-1-gPlexB2_s1,-1,1,0,-1,-1
TTAGGCAAGGGAAACA-1-gPlexB2_s1,-1,-1,0,0,0
TGGTTAGGTCAAACTC-1-gPlexB2_s1,1,0,-1,0,0
AGCGTATGTTATTCTC-1-gPlexB3_s1,-1,-1,0,0,0
CTGATCCGTAAGGGAA-1-gPlexB1_s1,-1,1,0,1,0
GCAATCAGTATAATGG-1-gPlexB4_s1,-1,1,0,-1,-1
CTGCCTACAGGTCGTC-1-gPlexB4_s1,-1,-1,0,0,0
GATCAGTTCCCTAATT-1-gPlexB2_s1,1,0,-1,0,0
GATCGCGTCCCAACGG-1-gPlexB6_s1,1,0,1,0,0
GGTGTTAAGTGTCTCA-1-gPlexB1_s1,1,0,-1,0,0
TGACTTTCAATGGAAT-1-gPlexB4_s1,1,0,-1,0,0
AAGTCTGAGGCTAGGT-1-gPlexB7_s1,-1,1,0,-1,1
CCCAGTTAGCGTTTAC-1-gPlexB4_s1,-1,1,0,1,0
CGAACATGTCTTGATG-1-gPlexB3_s1,-1,1,0,-1,-1
GCTGCAGGTTGCTCCT-1-gPlexB6_s1,-1,1,0,-1,-1
TTATGCTCATGAGCGA-1-gPlexB4_s1,1,0,-1,0,0
CTCCTAGGTACAGACG-1-gPlexB2_s1,-1,1,0,-1,-1
CAGTAACGTAAGTGTA-1-gPlexB4_s1,1,0,-1,0,0
TACAGTGTCGTGGGAA-1-gPlexB6_s1,1,0,-1,0,0
GGAACTTGTGCGGTAA-1-gPlexB6_s1,-1,-1,0,0,0
TCACGAAGTTATCACG-1-gPlexB1_s1,-1,1,0,-1,-1
GTCGTAAAGATCTGCT-1-gPlexB4_s1,-1,-1,0,0,0
TGGTTCCAGTATGACA-1-gPlexB2_s1,1,0,-1,0,0
GGATGTTGTACTTCTT-1-gPlexB1_s1,-1,-1,0,0,0
CAGTCCTAGTTGCAGG-1-gPlexB5_s1,-1,1,0,-1,-1
ATGGGAGAGGGCACTA-1-gPlexB4_s1,-1,1,0,-1,1
AACTCTTCAGAGCCAA-1-gPlexB3_s1,-1,1,0,-1,-1
CATCAAGAGAAGGACA-1-gPlexB2_s1,-1,1,0,-1,1
AGTGTCATCTTGGGTA-1-gPlexB3_s1,1,0,-1,0,0
CATCAGAAGTGATCGG-1-gPlexB2_s1,1,0,-1,0,0
TCTTTCCTCTGGTATG-1-gPlexB1_s1,-1,1,0,1,0
CAAGATCGTCGGCACT-1-gPlexB1_s1,-1,-1,0,0,0
CCCATACAGAGCTATA-1-gPlexB6_s1,1,0,1,0,0
GACGGCTGTTACGCGC-1-gPlexB4_s1,-1,1,0,-1,-1
CTGAAGTCAGCCTTGG-1-gPlexB1_s1,-1,1,0,1,0
CAGCCGACACCAGATT-1-gPlexB6_s1,-1,1,0,1,0
GTGAAGGCAAGCCCAC-1-gPlexB1_s1,-1,1,0,-1,-1
CACAGGCGTCAACTGT-1-gPlexB2_s1,1,0,-1,0,0
CGCGGTACATCAGTAC-1-gPlexB2_s1,-1,-1,0,0,0
CACCTTGGTGGTACAG-1-gPlexB4_s1,-1,1,0,-1,-1
TGACTAGGTCGAAAGC-1-gPlexB2_s1,-1,1,0,-1,-1
ACACCAACACGAGGTA-1-gPlexB3_s1,-1,1,0,-1,1
TGACGGCTCACCGTAA-1-gPlexB1_s1,-1,1,0,1,0
TAGAGCTGTCGCTTTC-1-gPlexB7_s1,1,0,-1,0,0
CTACACCGTCACTTCC-1-gPlexB4_s1,1,0,1,0,0
TCGTACCGTCCAAGTT-1-gPlexB3_s1,-1,1,0,-1,1
CGCGGTAGTTTGACTG-1-gPlexB7_s1,-1,1,0,1,0
CGAACATGTCTGCAAT-1-gPlexB1_s1,-1,1,0,1,0
AGCGTCGAGAGAACAG-1-gPlexB2_s1,1,0,-1,0,0
ACACCCTCAAGGTTTC-1-gPlexB1_s1,1,0,-1,0,0
GACACGCAGACAATAC-1-gPlexB3_s1,-1,-1,0,0,0
AGGCCACTCATTGCGA-1-gPlexB5_s1,-1,1,0,-1,-1
TCAGATGGTGATAAGT-1-gPlexB2_s1,-1,1,0,-1,1
GTCCTCACACAAGTAA-1-gPlexB4_s1,-1,-1,0,0,0
CGTAGGCTCACTGGGC-1-gPlexB4_s1,1,0,1,0,0
GCTGCAGCATCTCCCA-1-gPlexB2_s1,-1,1,0,-1,1
GTGGGTCCATTAGGCT-1-gPlexB7_s1,-1,1,0,-1,-1
GGGATGATCGAATCCA-1-gPlexB3_s1,-1,1,0,-1,-1
GCGACCATCCTGCTTG-1-gPlexB2_s1,1,0,-1,0,0
CAGAGAGCAGCCACCA-1-gPlexB3_s1,-1,1,0,1,0
CTCGTACGTTCGGCAC-1-gPlexB1_s1,1,0,1,0,0
CTTACCGAGGCGTACA-1-gPlexB2_s1,1,0,-1,0,0
ATGAGGGGTTCCCTTG-1-gPlexB4_s1,-1,-1,0,0,0
AGTCTTTTCTGCCCTA-1-gPlexB1_s1,-1,1,0,1,0
ATAACGCCATTCGACA-1-gPlexB7_s1,-1,-1,0,0,0
CTAACTTTCCAAAGTC-1-gPlexB2_s1,-1,1,0,-1,1
ACGGGCTAGCATCATC-1-gPlexB2_s1,-1,1,0,-1,-1
ATGCGATGTCTTCAAG-1-gPlexB3_s1,-1,1,0,1,0
TCTTTCCGTTGCTCCT-1-gPlexB1_s1,1,0,1,0,0
CTGATCCGTTAAGGGC-1-gPlexB1_s1,-1,1,0,1,0
GTACTCCAGGCGCTCT-1-gPlexB7_s1,1,0,-1,0,0
CGAGAAGAGTACCGGA-1-gPlexB4_s1,-1,1,0,-1,-1
GTGCGGTCAGGACCCT-1-gPlexB3_s1,-1,1,0,1,0
CTGGTCTAGTAGCCGA-1-gPlexB3_s1,1,0,-1,0,0
GATCAGTCAGGAATGC-1-gPlexB7_s1,-1,-1,0,0,0
TCGGTAACACTGTCGG-1-gPlexB1_s1,-1,1,0,-1,1
CGCCAAGCACATGGGA-1-gPlexB5_s1,1,0,1,0,0
GTAGTCATCCGCGTTT-1-gPlexB7_s1,-1,1,0,-1,1
CTCTACGAGCTAAGAT-1-gPlexB6_s1,-1,1,0,-1,-1
ACAGCCGAGCTTCGCG-1-gPlexB4_s1,-1,1,0,-1,-1
TACGGGCAGGCTAGAC-1-gPlexB6_s1,-1,1,0,-1,1
CACTCCACAGGTGCCT-1-gPlexB5_s1,-1,-1,0,0,0
CTGATCCCAATCCGAT-1-gPlexB2_s1,-1,1,0,1,0
TTCTACATCGAATGGG-1-gPlexB7_s1,-1,1,0,-1,-1
CGATGTATCACATGCA-1-gPlexB2_s1,1,0,1,0,0
AGTCTTTTCAGCAACT-1-gPlexB4_s1,-1,1,0,-1,-1
TTGTAGGGTGACTACT-1-gPlexB1_s1,-1,1,0,1,0
TGTTCCGTCAAGAAGT-1-gPlexB4_s1,1,0,-1,0,0
TATCTCAAGACTCGGA-1-gPlexB3_s1,-1,1,0,-1,-1
AAAGATGGTTCCACTC-1-gPlexB1_s1,-1,-1,0,0,0
AACTCAGGTGATGATA-1-gPlexB2_s1,-1,1,0,1,0
TACCTTAAGCCCAATT-1-gPlexB6_s1,-1,1,0,-1,-1
ATTTCTGTCTAACGGT-1-gPlexB4_s1,-1,1,0,-1,-1
GCAAACTAGGAGTACC-1-gPlexB1_s1,-1,1,0,1,0
TCGGGACCAGCTGTAT-1-gPlexB1_s1,1,0,-1,0,0
ACGGCCAGTTGGGACA-1-gPlexB4_s1,-1,1,0,-1,-1
ACTGAGTTCGCCATAA-1-gPlexB1_s1,1,0,-1,0,0
TGGGCGTCATTGGTAC-1-gPlexB2_s1,-1,-1,0,0,0
CACACCTAGACAGAGA-1-gPlexB5_s1,-1,1,0,-1,1
ACGAGGAAGTGCTGCC-1-gPlexB4_s1,1,0,-1,0,0
CGGACTGGTCCGACGT-1-gPlexB7_s1,1,0,1,0,0
CCGTGGAGTCGCATCG-1-gPlexB4_s1,-1,1,0,-1,-1
GTGGGTCGTATGCTTG-1-gPlexB6_s1,-1,1,0,1,0
AGCGGTCTCAGTGCAT-1-gPlexB7_s1,1,0,-1,0,0
ACGGGTCCAGACACTT-1-gPlexB6_s1,-1,1,0,-1,-1
CGATTGAAGGTGCAAC-1-gPlexB5_s1,1,0,-1,0,0
GTGCAGCAGGGATCTG-1-gPlexB6_s1,1,0,-1,0,0
TACGGATCAAACAACA-1-gPlexB2_s1,-1,1,0,-1,-1
GTGCATATCCAACCAA-1-gPlexB5_s1,-1,1,0,-1,-1
TTCGAAGCATCCCATC-1-gPlexB1_s1,-1,-1,0,0,0
AGAGCGAAGTACGTAA-1-gPlexB3_s1,-1,-1,0,0,0
CGAGCACTCAGTACGT-1-gPlexB2_s1,-1,1,0,1,0
CGGAGTCTCTTAGCCC-1-gPlexB3_s1,1,0,-1,0,0
AGAGCGAAGTGAAGAG-1-gPlexB3_s1,-1,1,0,-1,-1
TCATTTGGTCGAAAGC-1-gPlexB6_s1,-1,1,0,-1,-1
TAGTGGTAGATCTGCT-1-gPlexB7_s1,-1,-1,0,0,0
CCGTACTTCGGTGTTA-1-gPlexB4_s1,-1,1,0,-1,-1
TCTTTCCAGATAGCAT-1-gPlexB3_s1,-1,1,0,-1,-1
TGCCCTATCGGTTCGG-1-gPlexB1_s1,-1,1,0,-1,1
CTAGTGATCATATCGG-1-gPlexB5_s1,1,0,-1,0,0
GACTAACAGCCTCGTG-1-gPlexB2_s1,-1,-1,0,0,0
GTCGGGTAGTGGGATC-1-gPlexB4_s1,1,0,1,0,0
CGTTAGAGTGAGGGAG-1-gPlexB5_s1,-1,-1,0,0,0
GGACATTCAGGTCGTC-1-gPlexB1_s1,-1,1,0,-1,-1
CACACCTTCGCCGTGA-1-gPlexB1_s1,-1,1,0,1,0
CACATTTTCAGCAACT-1-gPlexB6_s1,-1,-1,0,0,0
CAGCGACTCTCCAGGG-1-gPlexB5_s1,-1,1,0,-1,-1
TGAGCATTCCCTTGCA-1-gPlexB7_s1,-1,-1,0,0,0
TCGGGACAGGCAGTCA-1-gPlexB6_s1,1,0,1,0,0
ATCCGAAAGCAGCGTA-1-gPlexB4_s1,-1,-1,0,0,0
CGGACGTAGTGTTTGC-1-gPlexB2_s1,-1,1,0,1,0
ACCTTTATCTCGATGA-1-gPlexB4_s1,-1,1,0,-1,-1
ACATCAGCATTTCACT-1-gPlexB7_s1,-1,1,0,-1,-1
AGCGTATTCAAGCCTA-1-gPlexB2_s1,-1,-1,0,0,0
AGGCCGTTCTGGTATG-1-gPlexB4_s1,-1,1,0,-1,-1
CACAGGCTCTCGCATC-1-gPlexB1_s1,1,0,-1,0,0
CGGTTAAGTCCAAGTT-1-gPlexB5_s1,-1,1,0,-1,-1
CGACTTCAGTTGTAGA-1-gPlexB1_s1,1,0,-1,0,0
CCTAGCTCATACCATG-1-gPlexB4_s1,1,0,-1,0,0
GCGAGAATCTCCGGTT-1-gPlexB2_s1,1,0,1,0,0
TAGGCATGTTACTGAC-1-gPlexB4_s1,1,0,1,0,0
CTCGGAGCAGCCTTTC-1-gPlexB1_s1,-1,-1,0,0,0
CAACCTCCAAGCCTAT-1-gPlexB2_s1,1,0,-1,0,0
CTCGAAAAGCAAATCA-1-gPlexB7_s1,-1,1,0,-1,-1
AACTCAGTCCTCAACC-1-gPlexB4_s1,-1,-1,0,0,0
CGATTGAGTTGTGGCC-1-gPlexB5_s1,-1,1,0,-1,1
TGGACGCCAGACAGGT-1-gPlexB7_s1,-1,1,0,-1,1
GCGCCAAGTACAGACG-1-gPlexB3_s1,-1,1,0,-1,-1
TAGAGCTCAGCGTAAG-1-gPlexB7_s1,-1,1,0,-1,-1
TGCGGGTCATTCCTCG-1-gPlexB1_s1,-1,1,0,-1,-1
ACGAGGACACTGCCAG-1-gPlexB6_s1,-1,-1,0,0,0
ACGATACTCTACGAGT-1-gPlexB2_s1,-1,1,0,1,0
TCTGGAAGTATGGTTC-1-gPlexB4_s1,-1,1,0,-1,1
AGGTCCGAGGCTCAGA-1-gPlexB1_s1,1,0,-1,0,0
CAGTCCTGTAAGTTCC-1-gPlexB2_s1,-1,1,0,-1,-1
CGGACTGTCTTGTCAT-1-gPlexB5_s1,-1,1,0,-1,1
GCTGCAGTCGTTTATC-1-gPlexB1_s1,1,0,-1,0,0
CCTTACGGTGGCAAAC-1-gPlexB1_s1,-1,-1,0,0,0
AGCGGTCAGCAGATCG-1-gPlexB4_s1,1,0,1,0,0
GATCGATGTGTTTGTG-1-gPlexB6_s1,-1,1,0,-1,-1
CAGTCCTGTTCACCTC-1-gPlexB1_s1,-1,-1,0,0,0
GACTGCGCACCAGATT-1-gPlexB5_s1,1,0,1,0,0
CACATTTAGGGATACC-1-gPlexB4_s1,-1,1,0,-1,-1
GTGGGTCTCCCTAATT-1-gPlexB3_s1,-1,-1,0,0,0
CACAAACCAAAGGCGT-1-gPlexB3_s1,-1,-1,0,0,0
GATCTAGCAGTTCATG-1-gPlexB7_s1,-1,1,0,-1,-1
CCACTACGTCCAGTAT-1-gPlexB1_s1,-1,1,0,1,0
CATCGGGGTCTGCAAT-1-gPlexB3_s1,1,0,-1,0,0
ACACCAAGTAGTACCT-1-gPlexB1_s1,-1,-1,0,0,0
GCGCAGTCACAACTGT-1-gPlexB4_s1,-1,1,0,1,0
CGACCTTCATGCATGT-1-gPlexB5_s1,1,0,1,0,0
ATGGGAGCATCCCACT-1-gPlexB4_s1,-1,1,0,1,0
CCCTCCTGTCAGAATA-1-gPlexB2_s1,-1,1,0,-1,-1
GCAGTTATCAACACGT-1-gPlexB7_s1,1,0,1,0,0
TGCTGCTAGCAGATCG-1-gPlexB1_s1,-1,1,0,-1,-1
ATCACGAGTCAGTGGA-1-gPlexB2_s1,-1,1,0,-1,1
GACACGCAGTTGAGTA-1-gPlexB3_s1,-1,1,0,-1,-1
TGCGCAGGTCAGGACA-1-gPlexB3_s1,-1,1,0,-1,-1
ACGGGCTGTCGCATAT-1-gPlexB4_s1,-1,-1,0,0,0
GAGTCCGCACATGACT-1-gPlexB6_s1,-1,-1,0,0,0
TCTTTCCGTGCACCAC-1-gPlexB2_s1,1,0,-1,0,0
GGATGTTTCAGTACGT-1-gPlexB7_s1,-1,1,0,-1,-1
TTAGGCACAGTATCTG-1-gPlexB2_s1,-1,1,0,1,0
TGCTACCCATGCCTAA-1-gPlexB3_s1,-1,1,0,-1,-1
CCTAGCTCACTACAGT-1-gPlexB7_s1,-1,1,0,-1,-1
GGCGACTTCGTACGGC-1-gPlexB3_s1,1,0,-1,0,0
CGTGAGCAGCTCCTCT-1-gPlexB7_s1,-1,1,0,1,0
CGAGAAGTCAATCTCT-1-gPlexB3_s1,1,0,-1,0,0
TGCGTGGTCGCGATCG-1-gPlexB4_s1,1,0,-1,0,0
TAGAGCTCAATCTGCA-1-gPlexB1_s1,-1,-1,0,0,0
CGCTTCACAGGCGATA-1-gPlexB4_s1,1,0,1,0,0
GGGACCTTCGCGTTTC-1-gPlexB5_s1,-1,1,0,-1,-1
GATCAGTGTTTACTCT-1-gPlexB7_s1,-1,1,0,-1,-1
GCTGCAGAGCGTCAAG-1-gPlexB7_s1,-1,1,0,-1,-1
AGGTCATAGCCACCTG-1-gPlexB4_s1,-1,1,0,1,0
TTTGCGCCACCGCTAG-1-gPlexB5_s1,-1,1,0,-1,1
TTCTCCTAGTTCGCAT-1-gPlexB6_s1,1,0,1,0,0
ACTATCTCATTAACCG-1-gPlexB5_s1,-1,1,0,-1,-1
CTCTACGCAAGCTGTT-1-gPlexB1_s1,-1,1,0,1,0
ATGGGAGCACTCAGGC-1-gPlexB4_s1,-1,-1,0,0,0
TTCTCAACACTAGTAC-1-gPlexB2_s1,-1,1,0,-1,-1
TACTTGTTCACTTCAT-1-gPlexB2_s1,-1,-1,0,0,0
ACGATGTGTTGTTTGG-1-gPlexB1_s1,1,0,-1,0,0
TTCTCAAGTCAAAGCG-1-gPlexB2_s1,-1,1,0,-1,-1
CTCGGGAGTCTTCGTC-1-gPlexB2_s1,-1,-1,0,0,0
CCTACCAAGTCAAGGC-1-gPlexB3_s1,-1,1,0,-1,1
GATCAGTAGCTACCGC-1-gPlexB1_s1,-1,1,0,-1,1
ACAGCCGAGTTTGCGT-1-gPlexB6_s1,-1,1,0,-1,-1
ATTTCTGCACCGGAAA-1-gPlexB2_s1,1,0,-1,0,0
AAACCTGCACTCGACG-1-gPlexB2_s1,1,0,-1,0,0
TTATGCTTCCTTTACA-1-gPlexB5_s1,-1,1,0,-1,-1
TACGGTAAGTCATGCT-1-gPlexB3_s1,-1,1,0,-1,-1
CAGCTGGGTCGAGTTT-1-gPlexB4_s1,-1,-1,0,0,0
ACGGGTCTCTACGAGT-1-gPlexB7_s1,-1,-1,0,0,0
TCAACGAAGAATTCCC-1-gPlexB1_s1,-1,1,0,-1,-1
GTTCATTTCTGGTATG-1-gPlexB2_s1,-1,1,0,1,0
ACCCACTTCCAGAGGA-1-gPlexB5_s1,-1,1,0,-1,-1
AATCGGTGTCCATGAT-1-gPlexB7_s1,1,0,-1,0,0
GTAACTGTCACCGGGT-1-gPlexB1_s1,1,0,-1,0,0
ATCCACCCACTGTGTA-1-gPlexB7_s1,-1,-1,0,0,0
TCTGGAATCGTCACGG-1-gPlexB3_s1,-1,1,0,1,0
CAACCTCGTCCAACTA-1-gPlexB4_s1,1,0,-1,0,0
GGCTCGACACATTTCT-1-gPlexB3_s1,-1,-1,0,0,0
CCTTCCCTCGGTGTTA-1-gPlexB3_s1,-1,1,0,-1,-1
TTATGCTCATCCGCGA-1-gPlexB4_s1,-1,-1,0,0,0
TTATGCTAGCTGCCCA-1-gPlexB5_s1,-1,-1,0,0,0
AGGCCGTGTCATCGGC-1-gPlexB7_s1,-1,1,0,-1,1
AGACGTTAGGCCCTTG-1-gPlexB7_s1,-1,-1,0,0,0
CACAGGCAGCGTAATA-1-gPlexB4_s1,-1,-1,0,0,0
CCTTTCTTCCTCTAGC-1-gPlexB4_s1,-1,-1,0,0,0
CCCAGTTCATCTATGG-1-gPlexB6_s1,-1,1,0,-1,1
AAGACCTCATATGCTG-1-gPlexB5_s1,-1,1,0,-1,-1
AACTTTCTCTGGGCCA-1-gPlexB4_s1,-1,1,0,-1,1
CATGGCGAGAGTCGGT-1-gPlexB7_s1,1,0,-1,0,0
ACGTCAAGTACATGTC-1-gPlexB4_s1,-1,1,0,-1,-1
CTGAAGTTCGATAGAA-1-gPlexB4_s1,-1,1,0,1,0
CAAGGCCGTCCGTCAG-1-gPlexB6_s1,1,0,-1,0,0
CCACCTAAGTAATCCC-1-gPlexB2_s1,1,0,-1,0,0
GAAGCAGTCCCTTGCA-1-gPlexB3_s1,-1,-1,0,0,0
ACATCAGGTGTGGTTT-1-gPlexB5_s1,-1,1,0,-1,-1
CGAATGTTCGTCCGTT-1-gPlexB3_s1,-1,1,0,-1,-1
GACTGCGGTACAGTGG-1-gPlexB1_s1,-1,-1,0,0,0
TGACGGCAGGCAAAGA-1-gPlexB4_s1,-1,-1,0,0,0
GGAATAAAGGTGTGGT-1-gPlexB1_s1,-1,1,0,1,0
CTTCTCTGTCTACCTC-1-gPlexB7_s1,-1,-1,0,0,0
GGCTGGTCACTCGACG-1-gPlexB1_s1,-1,1,0,-1,-1
AACCGCGGTTACCAGT-1-gPlexB1_s1,1,0,-1,0,0
GGGTCTGGTGTTTGTG-1-gPlexB1_s1,1,0,-1,0,0
CTAACTTGTGTGCGTC-1-gPlexB4_s1,-1,1,0,-1,-1
TTCCCAGCAATCTGCA-1-gPlexB2_s1,1,0,-1,0,0
GCCAAATCACCAGGTC-1-gPlexB3_s1,-1,1,0,-1,-1
AGTGAGGAGAGGTTGC-1-gPlexB2_s1,1,0,-1,0,0
GCTGCTTTCCTCAACC-1-gPlexB7_s1,1,0,-1,0,0
ATTCTACAGGCCATAG-1-gPlexB6_s1,-1,-1,0,0,0
GGAAAGCGTATGCTTG-1-gPlexB2_s1,-1,1,0,-1,-1
CAGTCCTTCTAGCACA-1-gPlexB3_s1,-1,1,0,-1,-1
ACTGATGCAGCATACT-1-gPlexB4_s1,-1,1,0,-1,-1
ATCTACTCAGATCTGT-1-gPlexB5_s1,-1,1,0,-1,-1
CCACTACAGCTGGAAC-1-gPlexB3_s1,-1,-1,0,0,0
CTGATCCGTTGATTCG-1-gPlexB6_s1,1,0,1,0,0
ACATGGTTCTCAACTT-1-gPlexB5_s1,1,0,1,0,0
CTTCTCTCACCTATCC-1-gPlexB3_s1,1,0,1,0,0
CATGGCGAGAATGTGT-1-gPlexB4_s1,-1,1,0,-1,-1
GCTCCTAAGAGTGACC-1-gPlexB2_s1,1,0,1,0,0
TCGAGGCCACTTAAGC-1-gPlexB1_s1,-1,1,0,-1,-1
TTAACTCTCCCTCTTT-1-gPlexB2_s1,-1,1,0,1,0
ATCTACTTCTGCAGTA-1-gPlexB4_s1,1,0,-1,0,0
GATTCAGTCACTCTTA-1-gPlexB7_s1,-1,1,0,-1,-1
CTCGAAACATTATCTC-1-gPlexB5_s1,-1,1,0,-1,-1
ATCACGACATGGATGG-1-gPlexB1_s1,-1,1,0,-1,-1
ACACCAAAGAGGGCTT-1-gPlexB2_s1,1,0,-1,0,0
AGGGTGAGTGATGTCT-1-gPlexB4_s1,1,0,-1,0,0
GTACTTTTCAATCACG-1-gPlexB2_s1,1,0,-1,0,0
GTGCTTCGTAGCGTCC-1-gPlexB7_s1,1,0,-1,0,0
GACGTTATCTTTAGTC-1-gPlexB1_s1,-1,1,0,1,0
TCAGCAACATGGTTGT-1-gPlexB3_s1,1,0,1,0,0
AAGACCTCAATCAGAA-1-gPlexB1_s1,1,0,-1,0,0
ACGATGTCACGGCCAT-1-gPlexB6_s1,-1,-1,0,0,0
TCTGGAACAGGTTTCA-1-gPlexB6_s1,-1,-1,0,0,0
CAGGTGCAGAGGACGG-1-gPlexB2_s1,-1,1,0,-1,1
ATCCGAAAGAGTAATC-1-gPlexB4_s1,-1,1,0,-1,-1
ACCGTAAGTCCAGTAT-1-gPlexB4_s1,-1,1,0,-1,-1
TACTCATTCTTTACAC-1-gPlexB1_s1,1,0,1,0,0
CACACAATCCTCATTA-1-gPlexB3_s1,-1,-1,0,0,0
CTGTGCTAGACAGACC-1-gPlexB5_s1,-1,1,0,1,0
TGGGAAGCAGCTATTG-1-gPlexB5_s1,-1,1,0,-1,-1
GCGCGATAGCTATGCT-1-gPlexB4_s1,-1,1,0,-1,-1
GCTCCTAGTGCAGTAG-1-gPlexB1_s1,-1,1,0,-1,-1
TGGGAAGCAGCAGTTT-1-gPlexB4_s1,-1,-1,0,0,0
CACCACTAGCCAGGAT-1-gPlexB6_s1,-1,-1,0,0,0
GTAACGTAGCGTGTCC-1-gPlexB1_s1,1,0,-1,0,0
ATGAGGGAGCCGTCGT-1-gPlexB3_s1,1,0,-1,0,0
GAGTCCGCAATGACCT-1-gPlexB2_s1,1,0,-1,0,0
CAAGAAAGTTGCGCAC-1-gPlexB6_s1,-1,-1,0,0,0
TGAGAGGGTGTTTGGT-1-gPlexB1_s1,1,0,1,0,0
TTTGGTTGTGTGCCTG-1-gPlexB6_s1,-1,1,0,-1,-1
GCATACATCACTGGGC-1-gPlexB2_s1,-1,-1,0,0,0
GTGAAGGCATCATCCC-1-gPlexB3_s1,1,0,-1,0,0
TAAGCGTGTGTTGAGG-1-gPlexB3_s1,1,0,-1,0,0
GATGAAAGTTCCAACA-1-gPlexB6_s1,-1,1,0,-1,1
AGTTGGTGTGTTGGGA-1-gPlexB2_s1,-1,-1,0,0,0
GAGTCCGTCTAACTTC-1-gPlexB5_s1,1,0,1,0,0
GGGTCTGCAAACTGCT-1-gPlexB2_s1,-1,-1,0,0,0
CAACCAACAGACTCGC-1-gPlexB4_s1,-1,1,0,-1,-1
ATTGGACTCTGCTGCT-1-gPlexB7_s1,-1,-1,0,0,0
GTAGTCAGTTCCTCCA-1-gPlexB2_s1,-1,-1,0,0,0
CCACGGAAGGAGTACC-1-gPlexB6_s1,-1,-1,0,0,0
CCCATACAGCCGTCGT-1-gPlexB5_s1,-1,1,0,1,0
GTCGGGTCAGCTGTAT-1-gPlexB6_s1,-1,1,0,1,0
CATTATCTCGGCGCTA-1-gPlexB5_s1,-1,-1,0,0,0
CTCGAGGCACATCTTT-1-gPlexB6_s1,-1,1,0,-1,-1
AGAGTGGGTCATATCG-1-gPlexB6_s1,-1,1,0,-1,-1
AGAGTGGAGACGCACA-1-gPlexB2_s1,-1,1,0,-1,-1
TCTCTAAAGTACGCCC-1-gPlexB4_s1,1,0,-1,0,0
TGGGCGTGTTTAGCTG-1-gPlexB2_s1,-1,1,0,-1,-1
TGTTCCGCACGCGAAA-1-gPlexB1_s1,1,0,-1,0,0
TGGGAAGGTATTACCG-1-gPlexB5_s1,-1,1,0,-1,-1
CAACCAACAATGGAGC-1-gPlexB5_s1,-1,-1,0,0,0
GAGCAGAAGCACCGTC-1-gPlexB7_s1,1,0,-1,0,0
GGATTACGTACTCAAC-1-gPlexB3_s1,1,0,-1,0,0
AACCGCGGTAGGCTGA-1-gPlexB7_s1,-1,1,0,-1,-1
CATATTCCAGCCAGAA-1-gPlexB1_s1,-1,-1,0,0,0
AAAGATGCAGCCACCA-1-gPlexB4_s1,-1,-1,0,0,0
ATCTGCCCATGCATGT-1-gPlexB6_s1,-1,-1,0,0,0
AAAGCAAGTACCGTTA-1-gPlexB5_s1,-1,1,0,-1,-1
CAGCTGGCAGCCAATT-1-gPlexB3_s1,-1,1,0,-1,1
CTCCTAGAGTGTCCCG-1-gPlexB1_s1,-1,1,0,-1,-1
ACATCAGAGAAACGAG-1-gPlexB7_s1,1,0,-1,0,0
CTTCTCTCATTATCTC-1-gPlexB6_s1,-1,-1,0,0,0
TCTTTCCGTAAGTAGT-1-gPlexB5_s1,-1,-1,0,0,0
CTTAGGAGTTAAGATG-1-gPlexB2_s1,-1,1,0,1,0
TGGTTAGAGTCATGCT-1-gPlexB2_s1,1,0,1,0,0
GTGCAGCAGGGCTTGA-1-gPlexB3_s1,-1,1,0,-1,-1
ATGCGATGTCTAGAGG-1-gPlexB1_s1,-1,1,0,-1,-1
CCATGTCCATTCCTCG-1-gPlexB5_s1,1,0,-1,0,0
AGGTCATTCCACTCCA-1-gPlexB5_s1,-1,1,0,-1,1
CTACCCATCCCAAGTA-1-gPlexB4_s1,1,0,1,0,0
AGCAGCCCATGTCTCC-1-gPlexB5_s1,-1,-1,0,0,0
GCAAACTGTCCCGACA-1-gPlexB6_s1,-1,1,0,-1,-1
CCTAGCTGTCCGAATT-1-gPlexB4_s1,-1,-1,0,0,0
CAGTCCTAGTTGCAGG-1-gPlexB2_s1,1,0,-1,0,0
CATCGGGCAGACGCCT-1-gPlexB4_s1,-1,1,0,-1,1
CGATTGAGTCTGGAGA-1-gPlexB7_s1,-1,1,0,1,0
CAGTAACCATCACGTA-1-gPlexB6_s1,-1,-1,0,0,0
TCGTACCTCTACTCAT-1-gPlexB2_s1,1,0,1,0,0
CTCAGAAGTGCATCTA-1-gPlexB4_s1,1,0,-1,0,0
TCGCGAGGTGGTACAG-1-gPlexB4_s1,-1,1,0,-1,1
CAGTCCTTCAGTCCCT-1-gPlexB2_s1,-1,1,0,-1,1
TACTCATAGGATATAC-1-gPlexB4_s1,1,0,-1,0,0
TAGCCGGTCAATAAGG-1-gPlexB6_s1,-1,-1,0,0,0
TGAGCCGAGTACATGA-1-gPlexB3_s1,1,0,1,0,0
GACCAATCACGGTGTC-1-gPlexB4_s1,-1,1,0,-1,1
CAAGATCGTCTTGCGG-1-gPlexB4_s1,-1,1,0,-1,1
ATCTACTAGCGCTTAT-1-gPlexB1_s1,-1,1,0,-1,1
CAGCGACAGCCGGTAA-1-gPlexB2_s1,-1,1,0,-1,-1
AAGACCTTCGGAAATA-1-gPlexB1_s1,-1,1,0,-1,-1
GATGAAATCACAATGC-1-gPlexB4_s1,-1,-1,0,0,0
AGCTCTCAGTGTACCT-1-gPlexB1_s1,1,0,1,0,0
CACTCCAGTGTAACGG-1-gPlexB5_s1,1,0,-1,0,0
GGATGTTCATTTCACT-1-gPlexB5_s1,1,0,1,0,0
GTGTTAGTCCTTGGTC-1-gPlexB7_s1,-1,-1,0,0,0
AGGCCACCATGGTCTA-1-gPlexB3_s1,-1,1,0,-1,-1
GCATACAAGAGCCTAG-1-gPlexB2_s1,-1,-1,0,0,0
ATAACGCCACTTCGAA-1-gPlexB5_s1,1,0,-1,0,0
GAGTCCGTCGCTGATA-1-gPlexB6_s1,-1,1,0,-1,-1
AACTCTTCAAGGTTTC-1-gPlexB6_s1,1,0,1,0,0
AGATTGCCAATGGAAT-1-gPlexB7_s1,-1,1,0,-1,-1
GGTGAAGAGTGCGATG-1-gPlexB6_s1,-1,1,0,-1,1
TCTCTAACAGCCACCA-1-gPlexB1_s1,-1,1,0,1,0
CTCGAGGAGGCATTGG-1-gPlexB3_s1,1,0,1,0,0
CGGACTGTCGGCTACG-1-gPlexB5_s1,-1,1,0,-1,1
GTCTCGTGTCTAGCCG-1-gPlexB7_s1,-1,-1,0,0,0
GCACATAAGAGGGCTT-1-gPlexB1_s1,-1,1,0,-1,-1
ACATACGAGACAAAGG-1-gPlexB2_s1,1,0,-1,0,0
CTGAAGTCACAAGTAA-1-gPlexB4_s1,-1,1,0,-1,-1
CTTAGGATCAATAAGG-1-gPlexB3_s1,1,0,-1,0,0
CCCATACGTCTGCGGT-1-gPlexB5_s1,-1,-1,0,0,0
CGATGTATCACGCGGT-1-gPlexB7_s1,1,0,1,0,0
CGTAGGCTCGCCCTTA-1-gPlexB1_s1,-1,1,0,-1,-1
TGTCCCAAGTTGCAGG-1-gPlexB3_s1,1,0,1,0,0
ACTTGTTGTACAGCAG-1-gPlexB5_s1,-1,1,0,-1,-1
TGACTAGAGGTGATAT-1-gPlexB1_s1,1,0,-1,0,0
TATCTCAGTCAAGCGA-1-gPlexB4_s1,1,0,1,0,0
GAACCTACAACACGCC-1-gPlexB3_s1,-1,1,0,-1,-1
ACGCCGATCAAACAAG-1-gPlexB7_s1,1,0,-1,0,0
TTGGCAATCAACACAC-1-gPlexB3_s1,1,0,-1,0,0
GTACTCCTCAAACGGG-1-gPlexB2_s1,1,0,-1,0,0
GAACGGATCCTATGTT-1-gPlexB3_s1,-1,-1,0,0,0
CATCAAGCAAGCGAGT-1-gPlexB5_s1,1,0,-1,0,0
TAAGCGTAGAGTGAGA-1-gPlexB7_s1,-1,-1,0,0,0
TGCGGGTCAATGTAAG-1-gPlexB1_s1,-1,-1,0,0,0
CGATTGAAGTCAAGCG-1-gPlexB3_s1,-1,1,0,-1,-1
GACTACAAGATGTGTA-1-gPlexB4_s1,-1,1,0,-1,-1
GTAACTGTCCTGCTTG-1-gPlexB3_s1,-1,1,0,-1,-1
GCTGCAGTCATAAAGG-1-gPlexB7_s1,-1,1,0,-1,1
GTACTTTGTCCCGACA-1-gPlexB4_s1,1,0,-1,0,0
GCTTGAATCAACCAAC-1-gPlexB3_s1,-1,1,0,-1,-1
TGCCAAAAGCCCAGCT-1-gPlexB6_s1,-1,1,0,-1,-1
AGAGCTTTCCTCGCAT-1-gPlexB7_s1,-1,-1,0,0,0
AGCATACTCGGTGTTA-1-gPlexB1_s1,-1,1,0,-1,1
TACCTTAGTTTGACTG-1-gPlexB2_s1,-1,1,0,-1,-1
GTACTCCTCTACGAGT-1-gPlexB3_s1,1,0,1,0,0
GCCAAATAGCCACGTC-1-gPlexB7_s1,-1,-1,0,0,0
CACCACTAGATAGCAT-1-gPlexB3_s1,-1,-1,0,0,0
CAGCTAATCTCCAACC-1-gPlexB4_s1,-1,1,0,1,0
CTAGAGTGTATGCTTG-1-gPlexB4_s1,1,0,-1,0,0
CGGACGTTCCTGTAGA-1-gPlexB1_s1,-1,-1,0,0,0
ACCGTAATCAGTGCAT-1-gPlexB3_s1,-1,-1,0,0,0
AAACCTGTCAACCATG-1-gPlexB3_s1,-1,-1,0,0,0
CCGTACTTCAGTTGAC-1-gPlexB2_s1,1,0,-1,0,0
TACCTTAAGGGTATCG-1-gPlexB6_s1,-1,1,0,1,0
CGTGTAATCTCGATGA-1-gPlexB4_s1,-1,1,0,-1,-1
GACGTTAAGACCTAGG-1-gPlexB5_s1,-1,-1,0,0,0
TTCGAAGAGCACAGGT-1-gPlexB6_s1,-1,1,0,-1,-1
ACCTTTAAGACAAGCC-1-gPlexB7_s1,-1,-1,0,0,0
ACTGAACAGCTAGCCC-1-gPlexB3_s1,-1,1,0,-1,-1
CTCCTAGGTAATCACC-1-gPlexB1_s1,-1,1,0,-1,-1
ACTGAGTTCAGAAATG-1-gPlexB5_s1,1,0,-1,0,0
TTAGGACGTTCCCTTG-1-gPlexB4_s1,1,0,1,0,0
CGGACTGCAGCTCCGA-1-gPlexB5_s1,-1,1,0,-1,1
TTGCCGTGTCGCATCG-1-gPlexB4_s1,-1,-1,0,0,0
TGCTACCCACATCCAA-1-gPlexB3_s1,-1,-1,0,0,0
TAGAGCTTCAAGGTAA-1-gPlexB3_s1,1,0,-1,0,0
GTTACAGGTCAGGACA-1-gPlexB5_s1,1,0,-1,0,0
TTAGTTCCACGCTTTC-1-gPlexB5_s1,-1,1,0,-1,-1
TACTCGCAGCCAGTAG-1-gPlexB2_s1,1,0,1,0,0
TCTCATAAGGATGCGT-1-gPlexB4_s1,-1,-1,0,0,0
CCCTCCTAGTCGCCGT-1-gPlexB1_s1,-1,1,0,1,0
TGCTACCGTACCAGTT-1-gPlexB7_s1,-1,1,0,-1,-1
AACTCCCCAGCATGAG-1-gPlexB4_s1,1,0,1,0,0
TCTGAGACAGATGGCA-1-gPlexB3_s1,-1,1,0,-1,-1
TATCTCAAGGTGCTAG-1-gPlexB1_s1,-1,1,0,-1,-1
TCACAAGAGAGCCCAA-1-gPlexB5_s1,1,0,1,0,0
CTCGGGAAGCAGGCTA-1-gPlexB7_s1,1,0,-1,0,0
GGACAAGAGTGGGATC-1-gPlexB5_s1,1,0,1,0,0
AGATTGCTCATCGATG-1-gPlexB3_s1,-1,1,0,-1,-1
TATCTCACAGTAAGCG-1-gPlexB1_s1,1,0,-1,0,0
CTGCGGAGTCGACTAT-1-gPlexB7_s1,-1,1,0,-1,-1
ACTGATGCAATTCCTT-1-gPlexB3_s1,-1,-1,0,0,0
GTGCATACACAAGCCC-1-gPlexB7_s1,-1,1,0,-1,-1
GACAGAGCAATGGAAT-1-gPlexB3_s1,1,0,-1,0,0
AAGGAGCTCCACGTTC-1-gPlexB6_s1,-1,1,0,-1,-1
GTGCAGCCAGAGCCAA-1-gPlexB1_s1,-1,1,0,-1,-1
GGCGTGTCATGCTAGT-1-gPlexB4_s1,-1,-1,0,0,0
TGGACGCTCACCTTAT-1-gPlexB6_s1,-1,-1,0,0,0
GCGCGATCAGTCCTTC-1-gPlexB4_s1,-1,1,0,-1,-1
CCTACCAAGGTGCTAG-1-gPlexB3_s1,-1,-1,0,0,0
CGAGCCAGTGTCTGAT-1-gPlexB5_s1,1,0,-1,0,0
TTCCCAGCACGCCAGT-1-gPlexB3_s1,1,0,-1,0,0
TTCTCCTTCGTGACAT-1-gPlexB5_s1,-1,1,0,-1,-1
GTTAAGCTCTCGCTTG-1-gPlexB6_s1,1,0,-1,0,0
AGACGTTTCAGGCGAA-1-gPlexB6_s1,1,0,-1,0,0
GTTTCTAAGTCTTGCA-1-gPlexB6_s1,1,0,-1,0,0
TCGTACCCACTTACGA-1-gPlexB5_s1,1,0,-1,0,0
GTAACGTAGATGCGAC-1-gPlexB7_s1,-1,-1,0,0,0
TTAACTCCATGATCCA-1-gPlexB2_s1,1,0,-1,0,0
GTCAAGTGTAGGCATG-1-gPlexB1_s1,-1,1,0,-1,-1
AACTCTTGTTCCACTC-1-gPlexB2_s1,-1,1,0,-1,1
CGTGTAACACGACGAA-1-gPlexB1_s1,1,0,-1,0,0
CTAACTTCAGTATCTG-1-gPlexB3_s1,-1,1,0,-1,-1
GACCAATTCCTTAATC-1-gPlexB1_s1,1,0,-1,0,0
CAAGTTGGTCATGCCG-1-gPlexB6_s1,-1,-1,0,0,0
AGGGTGACACCTCGTT-1-gPlexB4_s1,1,0,-1,0,0
CCATTCGAGGGTATCG-1-gPlexB3_s1,-1,-1,0,0,0
GCGCAGTAGCTGCCCA-1-gPlexB5_s1,1,0,-1,0,0
AGCGTCGTCATGTCCC-1-gPlexB4_s1,-1,-1,0,0,0
GGGAATGCAGACAGGT-1-gPlexB4_s1,-1,1,0,-1,1
GTCGTAAGTTTGACAC-1-gPlexB3_s1,1,0,-1,0,0
GTACTTTTCTGACCTC-1-gPlexB6_s1,-1,1,0,-1,-1
TGGGCGTAGTATGACA-1-gPlexB7_s1,1,0,-1,0,0
GGGAGATCAAGTCTGT-1-gPlexB3_s1,-1,1,0,-1,1
AGAGTGGCAATTGCTG-1-gPlexB1_s1,1,0,-1,0,0
ATCTGCCTCAGCGACC-1-gPlexB7_s1,-1,1,0,-1,-1
CAGGTGCCATGCCTAA-1-gPlexB3_s1,-1,1,0,-1,-1
GAGGTGAAGACTTGAA-1-gPlexB5_s1,1,0,-1,0,0
CTTACCGCATCCTAGA-1-gPlexB1_s1,-1,1,0,-1,1
CTAATGGTCTTACCGC-1-gPlexB5_s1,1,0,1,0,0
TGTGTTTCAAACAACA-1-gPlexB6_s1,-1,1,0,1,0
TGGCGCAGTCTAACGT-1-gPlexB5_s1,-1,-1,0,0,0
TTAGGACGTCGGCTCA-1-gPlexB1_s1,-1,-1,0,0,0
AACTTTCCACTTACGA-1-gPlexB4_s1,-1,1,0,-1,-1
CGCTATCTCATACGGT-1-gPlexB7_s1,-1,1,0,-1,-1
TTTACTGGTATAGGTA-1-gPlexB2_s1,-1,1,0,1,0
ATCTACTCACCATCCT-1-gPlexB2_s1,-1,-1,0,0,0
CAGCATAGTGGTTTCA-1-gPlexB6_s1,-1,-1,0,0,0
TCAATCTCAATCCGAT-1-gPlexB5_s1,1,0,-1,0,0
GGTGTTAGTTGATTCG-1-gPlexB6_s1,-1,1,0,-1,-1
TAGCCGGTCTGCCCTA-1-gPlexB1_s1,1,0,-1,0,0
GGCCGATTCGCTTGTC-1-gPlexB6_s1,-1,1,0,1,0
CACATAGAGAACTCGG-1-gPlexB4_s1,-1,1,0,-1,-1
TCATTACAGTGACTCT-1-gPlexB3_s1,1,0,-1,0,0
GTAACTGTCTGTCTCG-1-gPlexB3_s1,1,0,-1,0,0
TCATTACTCTTAGAGC-1-gPlexB5_s1,-1,1,0,-1,-1
TCAACGAAGGAATGGA-1-gPlexB6_s1,-1,-1,0,0,0
TATCTCACAGTGACAG-1-gPlexB3_s1,-1,1,0,-1,-1
GTTCGGGAGCTGATAA-1-gPlexB3_s1,-1,-1,0,0,0
GTCACAACAACTGCGC-1-gPlexB5_s1,-1,1,0,-1,-1
CCATGTCCAGGCTGAA-1-gPlexB2_s1,-1,1,0,-1,-1
CCTAGCTGTTCACCTC-1-gPlexB4_s1,-1,-1,0,0,0
CGTGAGCCATGCCTAA-1-gPlexB7_s1,-1,1,0,-1,1
ACACCAACACACGCTG-1-gPlexB6_s1,1,0,1,0,0
CGCTGGAAGGCAGGTT-1-gPlexB7_s1,-1,-1,0,0,0
AACTCAGGTGTGTGCC-1-gPlexB1_s1,-1,1,0,-1,-1
CAGTAACGTAAATGAC-1-gPlexB6_s1,-1,1,0,-1,1
CGGACACGTGGTTTCA-1-gPlexB2_s1,-1,-1,0,0,0
GTAGTCAAGAAGGTGA-1-gPlexB4_s1,1,0,-1,0,0
GAAACTCTCTCTAGGA-1-gPlexB6_s1,1,0,-1,0,0
CTCGTCATCACGAAGG-1-gPlexB5_s1,1,0,-1,0,0
ATTACTCAGTATGACA-1-gPlexB6_s1,-1,1,0,-1,1
TGTATTCTCCGTTGCT-1-gPlexB7_s1,1,0,-1,0,0
TGCCAAAAGTCCGTAT-1-gPlexB4_s1,-1,1,0,-1,-1
CCGGGATCATTTGCCC-1-gPlexB6_s1,-1,1,0,-1,-1
AAGGCAGTCAGAGGTG-1-gPlexB2_s1,-1,-1,0,0,0
GATTCAGTCCAAACAC-1-gPlexB5_s1,1,0,-1,0,0
GAACCTAGTGTGGCTC-1-gPlexB7_s1,-1,1,0,-1,1
AGAGCGAGTAGCGCTC-1-gPlexB1_s1,1,0,-1,0,0
ATAGACCAGATGTAAC-1-gPlexB6_s1,1,0,1,0,0
ACGGAGAGTTCAACCA-1-gPlexB4_s1,-1,-1,0,0,0
ACTTACTAGCCACGTC-1-gPlexB2_s1,-1,-1,0,0,0
GGTGAAGTCTACTTAC-1-gPlexB3_s1,1,0,-1,0,0
GTATTCTTCACTGGGC-1-gPlexB2_s1,1,0,-1,0,0
AAGTCTGGTTCAGCGC-1-gPlexB4_s1,1,0,1,0,0
CAAGGCCGTCAGCTAT-1-gPlexB3_s1,-1,1,0,-1,-1
TGAGAGGTCCATGAAC-1-gPlexB1_s1,-1,1,0,-1,-1
AAGGAGCCAGCTCGCA-1-gPlexB4_s1,-1,1,0,-1,1
TGTTCCGCAAAGCAAT-1-gPlexB2_s1,1,0,-1,0,0
ATAAGAGTCGAATGGG-1-gPlexB2_s1,1,0,1,0,0
GAGTCCGCACTTCGAA-1-gPlexB7_s1,-1,1,0,-1,-1
AACTCTTAGTCTCCTC-1-gPlexB2_s1,1,0,-1,0,0
GTCATTTTCTACTATC-1-gPlexB4_s1,-1,1,0,-1,-1
CCTTCCCGTACAGCAG-1-gPlexB6_s1,-1,-1,0,0,0
GATGAAAGTCTAGAGG-1-gPlexB3_s1,1,0,-1,0,0
CCAATCCCAGACAAAT-1-gPlexB2_s1,-1,1,0,-1,1
TCTCTAATCACCCTCA-1-gPlexB4_s1,-1,1,0,-1,1
AGTTGGTAGCGATATA-1-gPlexB4_s1,-1,-1,0,0,0
ACCCACTAGCTACCGC-1-gPlexB6_s1,-1,-1,0,0,0
GACGTGCTCGTCTGCT-1-gPlexB5_s1,-1,1,0,-1,1
ACGCAGCGTACGAAAT-1-gPlexB1_s1,-1,1,0,-1,1
ATTCTACTCGAGAGCA-1-gPlexB2_s1,1,0,-1,0,0
AGGGATGGTATTCGTG-1-gPlexB1_s1,1,0,-1,0,0
CGCCAAGAGCAGATCG-1-gPlexB4_s1,1,0,-1,0,0
TAGCCGGCAGTATGCT-1-gPlexB4_s1,-1,1,0,-1,-1
CCTAAAGAGTCCGGTC-1-gPlexB5_s1,-1,1,0,1,0
CATCCACCATGGGACA-1-gPlexB5_s1,1,0,-1,0,0
CTTACCGCACACGCTG-1-gPlexB1_s1,-1,-1,0,0,0
AACTCAGGTTATGTGC-1-gPlexB6_s1,1,0,-1,0,0
TCTGGAATCGCATGGC-1-gPlexB2_s1,-1,1,0,-1,-1
TGCGCAGAGACACGAC-1-gPlexB2_s1,-1,1,0,1,0
GCATGATCACGCGAAA-1-gPlexB1_s1,-1,1,0,-1,-1
CACACTCAGACCTAGG-1-gPlexB5_s1,-1,1,0,1,0
CACACTCGTCTGCCAG-1-gPlexB3_s1,-1,-1,0,0,0
GAGTCCGTCTGTCTCG-1-gPlexB6_s1,1,0,-1,0,0
CATCAAGGTCTAGGTT-1-gPlexB4_s1,-1,1,0,-1,1
TCAGATGCAGACACTT-1-gPlexB3_s1,1,0,1,0,0
CTGATAGGTCGCCATG-1-gPlexB3_s1,-1,-1,0,0,0
CTACCCAGTTCCACGG-1-gPlexB4_s1,1,0,-1,0,0
GTATTCTTCCGAATGT-1-gPlexB3_s1,-1,-1,0,0,0
TTCGAAGGTCGTGGCT-1-gPlexB3_s1,-1,-1,0,0,0
TTGGCAATCTGAGGGA-1-gPlexB7_s1,1,0,-1,0,0
CGATGGCCACGTGAGA-1-gPlexB2_s1,-1,1,0,-1,-1
AGGGATGGTCATATGC-1-gPlexB3_s1,-1,-1,0,0,0
TTAGGACGTGCAACTT-1-gPlexB4_s1,-1,1,0,-1,-1
CATCAGAGTTCCACAA-1-gPlexB5_s1,1,0,-1,0,0
CTGGTCTGTCTAGCCG-1-gPlexB1_s1,-1,-1,0,0,0
AGGGTGACAATAACGA-1-gPlexB1_s1,-1,1,0,-1,-1
TGCGGGTCAGGCTGAA-1-gPlexB3_s1,1,0,-1,0,0
ACTTTCACAGGTTTCA-1-gPlexB5_s1,-1,1,0,1,0
GACTAACAGCCTCGTG-1-gPlexB6_s1,1,0,-1,0,0
CACAGGCGTTGCGCAC-1-gPlexB6_s1,1,0,-1,0,0
CTCAGAATCTCGTTTA-1-gPlexB5_s1,-1,1,0,-1,-1
CTGCCTAAGTGGCACA-1-gPlexB5_s1,-1,1,0,-1,-1
GACTACACAGTAAGCG-1-gPlexB7_s1,1,0,-1,0,0
CCACCTAAGGCTAGCA-1-gPlexB2_s1,1,0,-1,0,0
GGAACTTAGTTAACGA-1-gPlexB3_s1,-1,1,0,-1,-1
AAACCTGCAGGGCATA-1-gPlexB2_s1,-1,1,0,-1,-1
ACGGCCAAGATGGCGT-1-gPlexB7_s1,1,0,1,0,0
TATCAGGCAGTATAAG-1-gPlexB4_s1,1,0,-1,0,0
TACTTACTCCAAGTAC-1-gPlexB4_s1,1,0,-1,0,0
GACGTTACAAACGTGG-1-gPlexB1_s1,-1,1,0,1,0
AGCGTATCAGATGAGC-1-gPlexB4_s1,1,0,1,0,0
GAAACTCTCGCCGTGA-1-gPlexB2_s1,-1,1,0,-1,-1
ATCATCTGTAGCGTCC-1-gPlexB6_s1,-1,1,0,-1,1
CGTGTAATCTTTACGT-1-gPlexB5_s1,-1,-1,0,0,0
ACTTTCACAGACGCCT-1-gPlexB5_s1,1,0,-1,0,0
CGCCAAGGTCACTTCC-1-gPlexB6_s1,-1,1,0,-1,-1
TGATTTCGTCGAATCT-1-gPlexB1_s1,-1,1,0,-1,1
ACATACGGTCACACGC-1-gPlexB4_s1,1,0,-1,0,0
TGCCAAAAGAAGCCCA-1-gPlexB4_s1,-1,-1,0,0,0
CCCAATCCAACGCACC-1-gPlexB5_s1,1,0,-1,0,0
CGCGTTTGTAAGGATT-1-gPlexB6_s1,-1,1,0,-1,-1
AGCTCTCGTTCCACAA-1-gPlexB4_s1,-1,-1,0,0,0
CACATTTTCAAAGTAG-1-gPlexB3_s1,1,0,-1,0,0
GTGGGTCTCGAGAACG-1-gPlexB3_s1,1,0,-1,0,0
TGAGAGGAGTGACATA-1-gPlexB3_s1,-1,1,0,-1,-1
CTAGCCTGTTGGTAAA-1-gPlexB2_s1,-1,1,0,-1,-1
CGTCAGGGTAACGCGA-1-gPlexB7_s1,-1,1,0,-1,1
GTGCTTCAGGTGACCA-1-gPlexB6_s1,-1,1,0,1,0
TATGCCCTCCGCATAA-1-gPlexB6_s1,-1,1,0,-1,-1
ACGTCAAGTTAAGTAG-1-gPlexB1_s1,1,0,-1,0,0
CGGACTGGTAGTAGTA-1-gPlexB7_s1,-1,1,0,1,0
AGGCCGTCACTGTGTA-1-gPlexB2_s1,1,0,-1,0,0
AGCGTATAGACTACAA-1-gPlexB3_s1,1,0,1,0,0
TACGGGCAGCCACGTC-1-gPlexB3_s1,1,0,-1,0,0
GCATGATTCGCCGTGA-1-gPlexB6_s1,1,0,-1,0,0
CGGGTCAGTCCAAGTT-1-gPlexB3_s1,-1,1,0,1,0
GGGCATCAGGGATACC-1-gPlexB3_s1,-1,-1,0,0,0
AGCCTAATCCAAACAC-1-gPlexB1_s1,-1,1,0,-1,-1
CGGACGTAGCCACGTC-1-gPlexB2_s1,1,0,1,0,0
GTAGGCCCAGATGGGT-1-gPlexB1_s1,-1,1,0,1,0
AACTCCCGTTATGCGT-1-gPlexB1_s1,-1,1,0,-1,-1
ACATCAGGTCTTGTCC-1-gPlexB5_s1,-1,-1,0,0,0
TAGCCGGGTTCGTCTC-1-gPlexB2_s1,-1,-1,0,0,0
AACCGCGTCCCTAACC-1-gPlexB1_s1,-1,-1,0,0,0
CAAGATCCATGACGGA-1-gPlexB4_s1,-1,-1,0,0,0
GTGCAGCAGATGTGGC-1-gPlexB1_s1,-1,-1,0,0,0
GGCCGATGTCCAACTA-1-gPlexB2_s1,-1,-1,0,0,0
GCTGCGAGTGGTAACG-1-gPlexB1_s1,-1,-1,0,0,0
GACCTGGTCTTTACAC-1-gPlexB6_s1,-1,1,0,-1,-1
ACTTGTTCAATAGAGT-1-gPlexB1_s1,-1,1,0,-1,-1
AGACGTTAGCTGCCCA-1-gPlexB5_s1,1,0,1,0,0
GACCAATTCAACACGT-1-gPlexB1_s1,-1,1,0,-1,1
CATCAGAGTCAGATAA-1-gPlexB6_s1,-1,1,0,-1,-1
CAGCGACTCCACGTGG-1-gPlexB1_s1,-1,1,0,-1,-1
CAGCTAACACGACTCG-1-gPlexB4_s1,-1,1,0,-1,1
GGGCACTCAGTCGATT-1-gPlexB5_s1,-1,1,0,-1,1
CGCTATCAGTGCAAGC-1-gPlexB5_s1,-1,1,0,-1,-1
GTAACGTAGTCATGCT-1-gPlexB1_s1,-1,1,0,1,0
GAATAAGTCCAGAAGG-1-gPlexB1_s1,1,0,1,0,0
TTCTCCTTCGGCTACG-1-gPlexB5_s1,-1,1,0,1,0
GATGCTACACGCGAAA-1-gPlexB3_s1,-1,-1,0,0,0
CTCGAGGGTAAGGATT-1-gPlexB5_s1,1,0,-1,0,0
TCATTTGGTCTCACCT-1-gPlexB2_s1,-1,1,0,1,0
ACATCAGTCCGTCATC-1-gPlexB6_s1,1,0,-1,0,0
GACTGCGGTGCCTTGG-1-gPlexB4_s1,-1,1,0,1,0
GTTCTCGTCCTAAGTG-1-gPlexB2_s1,-1,1,0,-1,1
GGTGTTATCGAGAGCA-1-gPlexB2_s1,-1,-1,0,0,0
TTCTACAGTGTTGGGA-1-gPlexB5_s1,-1,1,0,-1,-1
CCCAATCCACCACCAG-1-gPlexB2_s1,-1,1,0,-1,1
CAGCCGACAAACTGTC-1-gPlexB5_s1,-1,1,0,1,0
GAGTCCGAGATATGGT-1-gPlexB3_s1,1,0,1,0,0
CATCAAGGTTATCACG-1-gPlexB4_s1,-1,1,0,-1,-1
CATGGCGGTCCCTACT-1-gPlexB5_s1,-1,1,0,-1,-1
CGCGGTAGTCGATTGT-1-gPlexB1_s1,-1,1,0,-1,-1
TTAGTTCGTATAGTAG-1-gPlexB2_s1,1,0,-1,0,0
CAAGAAAGTAGCCTAT-1-gPlexB5_s1,-1,1,0,-1,-1
GTCGGGTGTCATACTG-1-gPlexB5_s1,-1,1,0,-1,1
GCAAACTAGGAATGGA-1-gPlexB7_s1,-1,-1,0,0,0
CGTCTACGTTCCCGAG-1-gPlexB6_s1,-1,1,0,-1,1
CTAGCCTGTTGTTTGG-1-gPlexB7_s1,-1,1,0,-1,-1
GCAATCATCAGCTCTC-1-gPlexB3_s1,-1,1,0,1,0
TGATTTCTCCTCCTAG-1-gPlexB5_s1,-1,1,0,-1,1
GTAGTCATCACTTACT-1-gPlexB2_s1,-1,1,0,-1,-1
CCATTCGTCGGAAATA-1-gPlexB7_s1,-1,1,0,-1,-1
CTCACACTCCTTGCCA-1-gPlexB7_s1,1,0,1,0,0
TGTATTCTCGCGTTTC-1-gPlexB6_s1,-1,-1,0,0,0
CGCCAAGAGGTGCACA-1-gPlexB5_s1,-1,1,0,1,0
ATCGAGTGTGGCGAAT-1-gPlexB6_s1,-1,-1,0,0,0
AAACCTGGTGATAAGT-1-gPlexB3_s1,-1,1,0,1,0
GCACATAAGACACGAC-1-gPlexB2_s1,-1,1,0,-1,-1
CAGCAGCCATCGGTTA-1-gPlexB7_s1,1,0,1,0,0
ATTGGTGAGGCTAGCA-1-gPlexB2_s1,-1,1,0,-1,-1
CAACCTCGTTCGGCAC-1-gPlexB7_s1,1,0,-1,0,0
GGGTTGCCAGAGCCAA-1-gPlexB7_s1,-1,1,0,-1,-1
GGGTCTGGTGGCTCCA-1-gPlexB2_s1,1,0,-1,0,0
TCGGTAACATCTACGA-1-gPlexB5_s1,-1,-1,0,0,0
GTTCTCGGTACAGACG-1-gPlexB1_s1,-1,1,0,1,0
GCATGCGAGCGCCTTG-1-gPlexB6_s1,1,0,1,0,0
ACGCCGACAGGTCCAC-1-gPlexB4_s1,-1,1,0,1,0
ACCGTAAAGAAGGGTA-1-gPlexB3_s1,-1,-1,0,0,0
ACCAGTAAGCGTGTCC-1-gPlexB1_s1,1,0,-1,0,0
CGATCGGCACTGAAGG-1-gPlexB4_s1,-1,1,0,-1,-1
CACAAACTCGAATGGG-1-gPlexB6_s1,-1,1,0,-1,-1
TATCAGGAGGTTACCT-1-gPlexB7_s1,1,0,-1,0,0
AAGTCTGCACACCGCA-1-gPlexB6_s1,1,0,-1,0,0
ACCTTTAAGTGGAGAA-1-gPlexB3_s1,1,0,-1,0,0
GGGCATCCACCAGTTA-1-gPlexB1_s1,-1,-1,0,0,0
AGAGTGGAGACCGGAT-1-gPlexB3_s1,1,0,-1,0,0
ACGGGTCTCAGGTTCA-1-gPlexB7_s1,-1,1,0,1,0
CATGCCTCAAAGCAAT-1-gPlexB4_s1,1,0,-1,0,0
CTTAGGATCAAGGCTT-1-gPlexB6_s1,-1,1,0,-1,1
CACACAATCGTATCAG-1-gPlexB1_s1,-1,1,0,-1,-1
TAAGTGCTCCCAACGG-1-gPlexB2_s1,1,0,-1,0,0
CTTTGCGAGATGGCGT-1-gPlexB5_s1,1,0,-1,0,0
CACACTCAGTAGCGGT-1-gPlexB2_s1,-1,1,0,-1,-1
CGCGGTAGTATGAAAC-1-gPlexB1_s1,-1,1,0,-1,-1
AGCAGCCCAGACGCTC-1-gPlexB2_s1,-1,-1,0,0,0
CATCGGGAGTATGACA-1-gPlexB2_s1,-1,-1,0,0,0
AACCATGTCTCTGTCG-1-gPlexB7_s1,1,0,-1,0,0
GCGAGAAAGTCCTCCT-1-gPlexB5_s1,-1,1,0,-1,-1
GTTCATTCACGGATAG-1-gPlexB7_s1,-1,-1,0,0,0
GTTACAGTCATGCATG-1-gPlexB3_s1,1,0,-1,0,0
CTTCTCTCACTGTTAG-1-gPlexB1_s1,1,0,-1,0,0
CTGTGCTCAAACCTAC-1-gPlexB5_s1,1,0,-1,0,0
AGACGTTGTTGGTTTG-1-gPlexB6_s1,-1,-1,0,0,0
TACGGATAGTCCAGGA-1-gPlexB2_s1,-1,1,0,1,0
TCGCGTTTCCGTTGCT-1-gPlexB1_s1,-1,-1,0,0,0
ATGTGTGTCACAACGT-1-gPlexB5_s1,-1,1,0,-1,-1
ATCATGGAGAGCTATA-1-gPlexB1_s1,1,0,1,0,0
TAGCCGGAGGCCCTCA-1-gPlexB6_s1,1,0,-1,0,0
ACGCAGCTCTGTCTAT-1-gPlexB7_s1,1,0,-1,0,0
GCATGCGCAATTGCTG-1-gPlexB7_s1,1,0,-1,0,0
GGTATTGCATGTAAGA-1-gPlexB5_s1,-1,1,0,1,0
ACGCAGCTCTTAACCT-1-gPlexB6_s1,-1,1,0,-1,-1
CACAGTATCTGCAAGT-1-gPlexB6_s1,-1,1,0,-1,1
CACACCTTCAACACGT-1-gPlexB6_s1,-1,1,0,-1,1
CTCGAAATCGGAATCT-1-gPlexB7_s1,1,0,1,0,0
CAGTAACCAGTGGAGT-1-gPlexB4_s1,-1,1,0,-1,-1
TCTCTAATCCCTAATT-1-gPlexB6_s1,1,0,-1,0,0
GTGCTTCAGCCGATTT-1-gPlexB6_s1,-1,1,0,1,0
CAACTAGGTCGCATAT-1-gPlexB6_s1,-1,1,0,-1,-1
TTTGGTTCATCCAACA-1-gPlexB1_s1,-1,1,0,-1,-1
CAACCTCCAAGACACG-1-gPlexB6_s1,-1,-1,0,0,0
GGGCATCCATTTGCCC-1-gPlexB6_s1,-1,1,0,-1,-1
TCAGCAAGTCCCGACA-1-gPlexB4_s1,-1,-1,0,0,0
GACGCGTGTAAAGGAG-1-gPlexB5_s1,-1,1,0,-1,-1
AACTTTCCAGACGCAA-1-gPlexB6_s1,-1,-1,0,0,0
GGAAAGCGTCATGCCG-1-gPlexB5_s1,1,0,1,0,0
TCCCGATGTATAGGGC-1-gPlexB7_s1,-1,-1,0,0,0
TTGCGTCGTCCATGAT-1-gPlexB4_s1,-1,1,0,-1,1
TATCTCAAGTGCCATT-1-gPlexB6_s1,-1,1,0,1,0
GCGCAGTGTGCAGTAG-1-gPlexB2_s1,-1,1,0,1,0
CGTAGGCAGCTGTCTA-1-gPlexB3_s1,-1,1,0,-1,1
GTTACAGGTAGCGATG-1-gPlexB3_s1,-1,1,0,1,0
ACGCCAGAGCAAATCA-1-gPlexB5_s1,-1,-1,0,0,0
ACGAGGATCTGAGTGT-1-gPlexB2_s1,1,0,-1,0,0
TTGCCGTAGCTTTGGT-1-gPlexB2_s1,1,0,-1,0,0
TGACAACAGGGTCTCC-1-gPlexB1_s1,-1,-1,0,0,0
GTGCGGTTCCGGGTGT-1-gPlexB4_s1,-1,-1,0,0,0
GCATGCGTCTACCTGC-1-gPlexB4_s1,-1,-1,0,0,0
ACGTCAAGTATGAAAC-1-gPlexB2_s1,-1,1,0,1,0
CGTTGGGAGTGATCGG-1-gPlexB5_s1,1,0,-1,0,0
GATCGCGCACACCGCA-1-gPlexB1_s1,-1,1,0,-1,-1
ACGGCCATCCACTGGG-1-gPlexB6_s1,-1,1,0,1,0
GGCCGATTCGCGTTTC-1-gPlexB7_s1,1,0,-1,0,0
CTGCGGAAGGTGACCA-1-gPlexB7_s1,-1,-1,0,0,0
TGCCCTAAGCGTCTAT-1-gPlexB6_s1,-1,1,0,-1,-1
TGCCAAAGTAAGAGGA-1-gPlexB7_s1,-1,-1,0,0,0
CAGCTGGTCGTCACGG-1-gPlexB6_s1,1,0,-1,0,0
ACGAGCCAGAAGGTGA-1-gPlexB5_s1,1,0,1,0,0
ACGAGGATCATTCACT-1-gPlexB3_s1,-1,-1,0,0,0
TCATTACGTCACTTCC-1-gPlexB4_s1,-1,-1,0,0,0
ACGGAGACAAGAAAGG-1-gPlexB3_s1,1,0,-1,0,0
ACTTGTTTCGGAAATA-1-gPlexB7_s1,1,0,1,0,0
GATCTAGTCTTCGAGA-1-gPlexB7_s1,-1,1,0,-1,-1
CTAGCCTAGATAGGAG-1-gPlexB4_s1,-1,1,0,1,0
CATATTCCATTCACTT-1-gPlexB2_s1,-1,1,0,-1,-1
AACTCTTCATTGAGCT-1-gPlexB7_s1,-1,1,0,-1,-1
CTCTACGAGGCAGGTT-1-gPlexB6_s1,-1,1,0,1,0
ACTGCTCTCGTAGGTT-1-gPlexB4_s1,-1,1,0,-1,1
CGGAGTCAGACTAGGC-1-gPlexB7_s1,-1,-1,0,0,0
GTTTCTACACCAGGTC-1-gPlexB3_s1,-1,1,0,-1,-1
CCCAGTTAGAGAACAG-1-gPlexB7_s1,-1,-1,0,0,0
GGACAGAGTAGGGTAC-1-gPlexB3_s1,-1,1,0,-1,1
ACATCAGTCCTAGAAC-1-gPlexB6_s1,-1,1,0,1,0
TGCCCTATCTCGAGTA-1-gPlexB3_s1,-1,-1,0,0,0
CGTGTAATCGCGTTTC-1-gPlexB4_s1,-1,-1,0,0,0
GTCAAGTCAGGCAGTA-1-gPlexB5_s1,1,0,1,0,0
ACGATACTCCGCATCT-1-gPlexB1_s1,-1,1,0,-1,-1
AGAGTGGGTGACCAAG-1-gPlexB6_s1,-1,-1,0,0,0
AGGTCCGCACGTCTCT-1-gPlexB3_s1,-1,1,0,-1,-1
AGTGTCATCGCTTGTC-1-gPlexB1_s1,-1,-1,0,0,0
GTAACTGCATCGGAAG-1-gPlexB3_s1,-1,1,0,-1,-1
GATCGATGTGGTACAG-1-gPlexB7_s1,-1,1,0,-1,-1
ATCTGCCTCGCCGTGA-1-gPlexB4_s1,1,0,-1,0,0
GGCAATTCAGTGGAGT-1-gPlexB3_s1,-1,1,0,-1,-1
AACCATGGTTAGATGA-1-gPlexB3_s1,-1,1,0,-1,1
ATAACGCAGCTCCTTC-1-gPlexB5_s1,-1,-1,0,0,0
GCGCCAAAGAAGGACA-1-gPlexB6_s1,-1,1,0,1,0
TAGTGGTGTACAGACG-1-gPlexB5_s1,-1,1,0,-1,-1
CGGTTAAAGTCGTACT-1-gPlexB2_s1,1,0,1,0,0
ACACCAAGTCAAAGAT-1-gPlexB7_s1,1,0,-1,0,0
GCTGGGTTCCACGCAG-1-gPlexB7_s1,1,0,-1,0,0
AAACGGGGTGCTCTTC-1-gPlexB7_s1,-1,-1,0,0,0
TGGACGCGTGATAAGT-1-gPlexB6_s1,-1,1,0,-1,-1
TGCTGCTCAGCTTCGG-1-gPlexB2_s1,-1,1,0,-1,-1
GTCCTCATCCATGCTC-1-gPlexB3_s1,-1,1,0,1,0
GTGCGGTGTCGTGGCT-1-gPlexB7_s1,-1,1,0,-1,-1
CGGGTCATCCTCAACC-1-gPlexB3_s1,-1,1,0,-1,-1
TTCTACAGTTCCATGA-1-gPlexB5_s1,-1,1,0,-1,-1
GAATAAGGTACTCAAC-1-gPlexB2_s1,-1,1,0,-1,-1
CGTCTACTCGTGGGAA-1-gPlexB3_s1,-1,1,0,1,0
CGACCTTGTGAGTATA-1-gPlexB3_s1,-1,1,0,-1,-1
ATTTCTGCATTGGCGC-1-gPlexB7_s1,-1,1,0,-1,-1
ACTGAGTCACGACGAA-1-gPlexB1_s1,-1,1,0,1,0
ACAGCCGGTACTCAAC-1-gPlexB5_s1,1,0,-1,0,0
TACGGATTCGGACAAG-1-gPlexB7_s1,-1,1,0,1,0
CTCGGAGAGCTACCGC-1-gPlexB5_s1,-1,-1,0,0,0
GTGCTTCCATAGTAAG-1-gPlexB1_s1,-1,1,0,-1,-1
GGACATTGTAGAGCTG-1-gPlexB4_s1,-1,-1,0,0,0
GGTGTTAGTCCAACTA-1-gPlexB4_s1,-1,1,0,-1,1
CCTACCAGTCTAGTCA-1-gPlexB1_s1,-1,1,0,-1,1
AGTGGGAGTGCGATAG-1-gPlexB2_s1,1,0,-1,0,0
GTACTCCGTGCCTGGT-1-gPlexB5_s1,-1,1,0,-1,1
CGTGTCTGTACACCGC-1-gPlexB1_s1,-1,1,0,-1,1
ACACCCTAGGCATGTG-1-gPlexB6_s1,-1,1,0,-1,-1
TATCAGGTCCGTAGTA-1-gPlexB7_s1,-1,1,0,1,0
CGACCTTCAGAAGCAC-1-gPlexB2_s1,-1,1,0,-1,-1
TTCCCAGAGTACGCCC-1-gPlexB2_s1,-1,1,0,-1,-1
GTGCAGCCACAGGAGT-1-gPlexB5_s1,1,0,-1,0,0
TGTATTCTCGTAGATC-1-gPlexB7_s1,1,0,1,0,0
AAAGTAGGTCTCCATC-1-gPlexB5_s1,1,0,1,0,0
CAACCAATCCATGAGT-1-gPlexB2_s1,1,0,-1,0,0
CCACGGATCTTTCCTC-1-gPlexB2_s1,-1,1,0,-1,-1
CTGGTCTGTAGGCTGA-1-gPlexB2_s1,-1,1,0,-1,-1
TCGCGTTTCGCCGTGA-1-gPlexB2_s1,-1,1,0,1,0
GCAGTTACACTTAAGC-1-gPlexB7_s1,-1,-1,0,0,0
ATCCGAAGTCGGATCC-1-gPlexB6_s1,1,0,-1,0,0
TTAGGACTCCTCATTA-1-gPlexB2_s1,-1,1,0,1,0
GCGCAGTAGTGAATTG-1-gPlexB7_s1,-1,-1,0,0,0
CACAGTAGTATTACCG-1-gPlexB6_s1,1,0,-1,0,0
TAGGCATCACAGGAGT-1-gPlexB2_s1,1,0,-1,0,0
AAGGTTCGTAGTGAAT-1-gPlexB5_s1,1,0,-1,0,0
ATAACGCTCTGGCGTG-1-gPlexB1_s1,-1,1,0,-1,-1
TATCAGGTCGCAAACT-1-gPlexB3_s1,-1,-1,0,0,0
CGGACGTGTAAGGGAA-1-gPlexB6_s1,-1,1,0,-1,-1
CGTCAGGAGTTGAGTA-1-gPlexB6_s1,-1,-1,0,0,0
ATCATCTCATGACATC-1-gPlexB2_s1,1,0,1,0,0
CTGCGGAAGTGATCGG-1-gPlexB3_s1,-1,1,0,1,0
TCACGAAGTTACCAGT-1-gPlexB3_s1,-1,-1,0,0,0
CGTCAGGCAGTTAACC-1-gPlexB3_s1,-1,1,0,-1,-1
GGTATTGTCCTCAATT-1-gPlexB6_s1,-1,1,0,-1,-1
AAGGTTCTCGACAGCC-1-gPlexB3_s1,-1,-1,0,0,0
CTAATGGCAGCTGCAC-1-gPlexB1_s1,-1,1,0,-1,-1
ACGCCGATCCTCGCAT-1-gPlexB7_s1,-1,1,0,-1,-1
GACGGCTAGGACTGGT-1-gPlexB5_s1,-1,1,0,1,0
ACCGTAAAGACCACGA-1-gPlexB6_s1,-1,1,0,-1,-1
TAGTGGTTCTCATTCA-1-gPlexB6_s1,-1,1,0,1,0
CATTCGCAGCTAAACA-1-gPlexB1_s1,-1,1,0,-1,-1
CGTGTCTCAGTACACT-1-gPlexB4_s1,-1,1,0,-1,-1
CTAATGGTCTGGAGCC-1-gPlexB5_s1,-1,-1,0,0,0
GCATGATCAACAACCT-1-gPlexB7_s1,-1,1,0,-1,-1
TCTTCGGAGGTAGCCA-1-gPlexB5_s1,-1,1,0,-1,-1
CGTTGGGAGACAAGCC-1-gPlexB2_s1,-1,-1,0,0,0
TGCGCAGAGTCGATAA-1-gPlexB3_s1,-1,-1,0,0,0
GTCGGGTCAGACGCTC-1-gPlexB3_s1,-1,1,0,-1,-1
CCACCTATCAGGTAAA-1-gPlexB3_s1,-1,1,0,-1,-1
CGAGAAGCAGGGCATA-1-gPlexB5_s1,1,0,-1,0,0
CCGTTCACATGGGAAC-1-gPlexB6_s1,-1,-1,0,0,0
AAGACCTTCACCGTAA-1-gPlexB4_s1,-1,1,0,-1,-1
CGATTGACAAGGACAC-1-gPlexB2_s1,1,0,-1,0,0
AGGCCGTAGGCTATCT-1-gPlexB6_s1,-1,-1,0,0,0
TCAATCTAGGCGTACA-1-gPlexB2_s1,-1,1,0,-1,-1
CTCCTAGCAGATCTGT-1-gPlexB6_s1,-1,1,0,-1,-1
CAGCGACTCGACCAGC-1-gPlexB2_s1,-1,1,0,-1,-1
AACTCTTGTCGCTTTC-1-gPlexB2_s1,-1,1,0,1,0
GGGTCTGCAGATGAGC-1-gPlexB4_s1,-1,-1,0,0,0
TGACGGCCAGTGGAGT-1-gPlexB3_s1,-1,-1,0,0,0
TGTTCCGTCTCGATGA-1-gPlexB4_s1,1,0,-1,0,0
ACCGTAAGTCGCCATG-1-gPlexB3_s1,-1,1,0,-1,-1
ACGGGCTCAGAAGCAC-1-gPlexB6_s1,-1,1,0,-1,-1
TTCTACAAGGCCCGTT-1-gPlexB1_s1,-1,-1,0,0,0
AAGCCGCCAAACCCAT-1-gPlexB3_s1,-1,-1,0,0,0
TGAGCCGAGTAGCCGA-1-gPlexB6_s1,-1,-1,0,0,0
ACGAGCCTCGTGGTCG-1-gPlexB4_s1,-1,1,0,-1,1
ATCCGAATCATAAAGG-1-gPlexB6_s1,1,0,1,0,0
GACCAATCAGGAACGT-1-gPlexB4_s1,1,0,-1,0,0
CCTTTCTTCAAACGGG-1-gPlexB5_s1,-1,1,0,-1,-1
TCGCGAGTCACTGGGC-1-gPlexB2_s1,1,0,-1,0,0
CAAGAAATCCCACTTG-1-gPlexB2_s1,-1,-1,0,0,0
AACGTTGAGTTGAGTA-1-gPlexB3_s1,-1,-1,0,0,0
GGCGTGTGTCCCGACA-1-gPlexB5_s1,-1,1,0,-1,-1
GGTATTGAGATTACCC-1-gPlexB6_s1,-1,1,0,1,0
CACACCTTCTGCTGCT-1-gPlexB4_s1,-1,-1,0,0,0
ACACTGAGTAGGGACT-1-gPlexB1_s1,-1,1,0,-1,-1
GTTCGGGTCAGTACGT-1-gPlexB5_s1,-1,1,0,-1,-1
CCATTCGCATTCTCAT-1-gPlexB1_s1,-1,1,0,-1,-1
TTCGGTCCAATGCCAT-1-gPlexB6_s1,-1,1,0,1,0
CAGATCAGTCTCTTAT-1-gPlexB3_s1,-1,1,0,1,0
TGCGTGGTCGCATGGC-1-gPlexB1_s1,-1,1,0,-1,1
ATCGAGTGTAGGCATG-1-gPlexB3_s1,-1,1,0,-1,-1
TCAGCTCTCATGTCCC-1-gPlexB4_s1,-1,1,0,1,0
CCTCTGATCCAGAAGG-1-gPlexB1_s1,-1,1,0,-1,1
GATCAGTAGCGATAGC-1-gPlexB4_s1,-1,1,0,-1,-1
TAGTTGGGTAAGAGGA-1-gPlexB5_s1,-1,1,0,1,0
CGTCTACCACCATGTA-1-gPlexB1_s1,-1,1,0,-1,1
CTCTACGAGCAGCGTA-1-gPlexB2_s1,-1,-1,0,0,0
CGATGGCTCACTATTC-1-gPlexB6_s1,1,0,-1,0,0
ACCCACTCACAACGTT-1-gPlexB7_s1,1,0,-1,0,0
GCGCAGTAGTTAGGTA-1-gPlexB3_s1,-1,1,0,-1,-1
ATCCACCGTAAAGTCA-1-gPlexB5_s1,-1,-1,0,0,0
AAGTCTGTCGCCAAAT-1-gPlexB3_s1,-1,1,0,-1,-1
AGCTCCTGTCAATGTC-1-gPlexB5_s1,-1,1,0,-1,-1
ACGCCGACAGATGGCA-1-gPlexB7_s1,1,0,1,0,0
GACTACAAGACTTTCG-1-gPlexB2_s1,1,0,1,0,0
ACTTTCAAGCGCTCCA-1-gPlexB2_s1,1,0,-1,0,0
TTGCGTCTCGCTTAGA-1-gPlexB3_s1,-1,-1,0,0,0
TAAGTGCCAAGGGTCA-1-gPlexB7_s1,-1,1,0,-1,-1
GGGTTGCCAGATCTGT-1-gPlexB5_s1,1,0,-1,0,0
ATCGAGTAGGAGTTGC-1-gPlexB6_s1,-1,-1,0,0,0
TCTGGAAAGCGATGAC-1-gPlexB6_s1,-1,1,0,-1,1
GAGCAGAGTGAAATCA-1-gPlexB4_s1,-1,1,0,1,0
CTGATAGGTCATACTG-1-gPlexB6_s1,1,0,-1,0,0
TAAGTGCTCGCCATAA-1-gPlexB7_s1,1,0,-1,0,0
CAGCCGATCACAGTAC-1-gPlexB1_s1,1,0,-1,0,0
CTGGTCTTCCAAACAC-1-gPlexB3_s1,-1,1,0,1,0
AGGGAGTGTTCACGGC-1-gPlexB2_s1,1,0,-1,0,0
ACACCGGAGCACCGTC-1-gPlexB3_s1,-1,-1,0,0,0
CCGTGGAGTATCTGCA-1-gPlexB3_s1,-1,-1,0,0,0
ACCCACTTCCAGAAGG-1-gPlexB4_s1,-1,-1,0,0,0
ATTACTCTCAGCTCGG-1-gPlexB1_s1,-1,1,0,-1,-1
TTTGGTTCAAAGCAAT-1-gPlexB7_s1,1,0,-1,0,0
GCTGCTTTCGGTTCGG-1-gPlexB4_s1,1,0,1,0,0
TTGGCAACATCGGGTC-1-gPlexB5_s1,-1,1,0,-1,-1
AAGGTTCTCGCTGATA-1-gPlexB3_s1,-1,-1,0,0,0
CTCGGAGAGGGAAACA-1-gPlexB6_s1,-1,1,0,-1,-1
AAAGTAGAGGACACCA-1-gPlexB4_s1,-1,1,0,-1,-1
TGCACCTAGCCCAACC-1-gPlexB6_s1,-1,1,0,-1,-1
ACACCGGTCCGCTGTT-1-gPlexB7_s1,-1,1,0,-1,1
GTGCAGCAGCGCCTCA-1-gPlexB6_s1,1,0,-1,0,0
ATTCTACTCTAACTGG-1-gPlexB2_s1,1,0,-1,0,0
GCATACAAGACCGGAT-1-gPlexB2_s1,1,0,-1,0,0
GTGCATACAATGAAAC-1-gPlexB3_s1,-1,-1,0,0,0
CTTAACTCAATGCCAT-1-gPlexB3_s1,-1,1,0,-1,-1
GGTGCGTGTTGAGGTG-1-gPlexB4_s1,-1,1,0,-1,1
CTGCGGAGTCCTCTTG-1-gPlexB6_s1,-1,1,0,-1,1
TGGGAAGAGCGAAGGG-1-gPlexB5_s1,-1,1,0,1,0
TCTCATACAGGCTGAA-1-gPlexB4_s1,-1,1,0,-1,1
TCATTACTCCGAAGAG-1-gPlexB7_s1,1,0,-1,0,0
CTTTGCGCAGCATACT-1-gPlexB4_s1,-1,1,0,-1,1
TCGGGACCATACGCCG-1-gPlexB4_s1,-1,1,0,-1,-1
CTCATTAGTGATAAGT-1-gPlexB2_s1,-1,1,0,-1,-1
GTAGGCCAGGCCCTTG-1-gPlexB5_s1,-1,1,0,-1,-1
ACGCCAGGTTTACTCT-1-gPlexB2_s1,-1,1,0,-1,-1
GTGCAGCAGTACGATA-1-gPlexB3_s1,-1,1,0,-1,-1
TCGCGTTGTGCTTCTC-1-gPlexB4_s1,-1,-1,0,0,0
TAGACCATCCTTTACA-1-gPlexB3_s1,-1,-1,0,0,0
CTGTGCTCAAACTGTC-1-gPlexB6_s1,-1,1,0,-1,1
GACGGCTTCGGCCGAT-1-gPlexB4_s1,1,0,-1,0,0
TGCGTGGTCCTGTAGA-1-gPlexB1_s1,-1,1,0,1,0
TAGACCAAGAACAACT-1-gPlexB6_s1,1,0,1,0,0
GTAGGCCGTCCGCTGA-1-gPlexB7_s1,1,0,1,0,0
CACAGGCTCTTCCTTC-1-gPlexB1_s1,1,0,-1,0,0
AGAGTGGCACACGCTG-1-gPlexB5_s1,1,0,-1,0,0
TAGACCAGTGCACCAC-1-gPlexB4_s1,1,0,-1,0,0
GGACGTCTCATCGGAT-1-gPlexB6_s1,1,0,1,0,0
TATGCCCTCGCTTGTC-1-gPlexB5_s1,-1,1,0,-1,-1
ACTGATGGTCTCAACA-1-gPlexB7_s1,1,0,1,0,0
TGAGCATCATGACATC-1-gPlexB1_s1,-1,-1,0,0,0
CATCAAGTCGATGAGG-1-gPlexB5_s1,-1,1,0,-1,-1
AGTGAGGAGATATACG-1-gPlexB3_s1,-1,1,0,1,0
ACCAGTATCGTTACGA-1-gPlexB6_s1,-1,-1,0,0,0
CAGTCCTTCGCCATAA-1-gPlexB6_s1,1,0,1,0,0
CTCAGAAAGGAGTCTG-1-gPlexB2_s1,1,0,-1,0,0
CACCTTGGTATATCCG-1-gPlexB3_s1,-1,-1,0,0,0
CACTCCACAGAAGCAC-1-gPlexB5_s1,-1,-1,0,0,0
CCCAATCCACACCGCA-1-gPlexB5_s1,-1,1,0,-1,-1
TGAAAGAGTTACGTCA-1-gPlexB3_s1,-1,-1,0,0,0
CCATGTCAGTTTAGGA-1-gPlexB3_s1,-1,1,0,-1,1
GCTGGGTAGCTACCTA-1-gPlexB4_s1,-1,-1,0,0,0
CCTAGCTTCCTATGTT-1-gPlexB3_s1,-1,-1,0,0,0
CCAGCGAGTGCCTGCA-1-gPlexB1_s1,-1,1,0,-1,-1
TCAGGATGTGCCTGTG-1-gPlexB4_s1,-1,1,0,-1,1
AGTTGGTAGCCGCCTA-1-gPlexB7_s1,-1,1,0,-1,-1
CAACCTCGTAATCACC-1-gPlexB4_s1,-1,-1,0,0,0
CTCTGGTTCACAATGC-1-gPlexB2_s1,-1,-1,0,0,0
ATAACGCAGTGCTGCC-1-gPlexB3_s1,-1,1,0,1,0
AAGACCTGTTGATTCG-1-gPlexB4_s1,1,0,-1,0,0
CCATTCGAGTTACGGG-1-gPlexB4_s1,-1,-1,0,0,0
GGGAGATGTCTAGGTT-1-gPlexB7_s1,-1,1,0,-1,-1
TCAGATGAGAGCCCAA-1-gPlexB2_s1,-1,1,0,-1,-1
GGATTACCAGATTGCT-1-gPlexB6_s1,-1,1,0,-1,-1
AAGGTTCGTGATGATA-1-gPlexB1_s1,1,0,-1,0,0
CCTCTGATCTGATTCT-1-gPlexB6_s1,1,0,-1,0,0
GTCATTTCAAACTGTC-1-gPlexB7_s1,-1,1,0,-1,1
CGAGCACCACCATCCT-1-gPlexB6_s1,1,0,-1,0,0
ACCGTAATCCGAAGAG-1-gPlexB5_s1,1,0,-1,0,0
GCGCAACAGAGAACAG-1-gPlexB7_s1,-1,1,0,-1,-1
AGCTCCTGTCTGATCA-1-gPlexB1_s1,-1,-1,0,0,0
GATGAGGGTGACGGTA-1-gPlexB7_s1,1,0,1,0,0
CACAGGCTCTACCAGA-1-gPlexB2_s1,-1,-1,0,0,0
ATTACTCCATGTAAGA-1-gPlexB5_s1,-1,-1,0,0,0
CATATTCCAACGATGG-1-gPlexB5_s1,-1,1,0,-1,1
TGCGTGGAGCGATTCT-1-gPlexB2_s1,-1,1,0,-1,-1
CCGTGGAGTCGAAAGC-1-gPlexB1_s1,-1,-1,0,0,0
TCACGAATCCTAGTGA-1-gPlexB4_s1,1,0,-1,0,0
CCGGGATTCGCGCCAA-1-gPlexB1_s1,-1,1,0,1,0
CACATTTCAAGTCTGT-1-gPlexB4_s1,-1,1,0,-1,-1
GATCAGTTCATGTGGT-1-gPlexB5_s1,1,0,-1,0,0
CTCGGGACAGCGATCC-1-gPlexB5_s1,1,0,-1,0,0
GTGGGTCAGAAACCGC-1-gPlexB5_s1,-1,1,0,-1,-1
AGCTTGAGTGCCTGCA-1-gPlexB5_s1,-1,1,0,-1,-1
GGTGAAGTCACGCGGT-1-gPlexB1_s1,-1,1,0,-1,1
AGTGTCAAGTTCGCAT-1-gPlexB3_s1,-1,1,0,-1,-1
ACTGTCCAGCTAGTTC-1-gPlexB1_s1,-1,1,0,1,0
GGGTCTGGTCGAACAG-1-gPlexB1_s1,-1,-1,0,0,0
TGTATTCAGAGTCTGG-1-gPlexB5_s1,-1,1,0,-1,-1
TCGTAGATCCAGATCA-1-gPlexB6_s1,-1,1,0,-1,-1
CCCAGTTTCCCTAACC-1-gPlexB7_s1,-1,1,0,-1,-1
ACTTGTTTCTCGGACG-1-gPlexB6_s1,-1,1,0,-1,-1
CTGAAGTCAATGACCT-1-gPlexB1_s1,1,0,-1,0,0
GGGTCTGCACTCGACG-1-gPlexB5_s1,-1,1,0,-1,1
CGGACACGTCGAGTTT-1-gPlexB3_s1,1,0,1,0,0
CAAGAAAAGGGTCTCC-1-gPlexB7_s1,-1,1,0,-1,-1
CGATGGCAGCTGAACG-1-gPlexB7_s1,-1,1,0,-1,-1
AACTCTTCATCGTCGG-1-gPlexB6_s1,1,0,1,0,0
GGATTACCATCGACGC-1-gPlexB4_s1,-1,1,0,1,0
TTCTACATCTCCAACC-1-gPlexB1_s1,-1,1,0,1,0
ATAACGCTCTAACTTC-1-gPlexB5_s1,-1,1,0,-1,-1
ACAGCTAGTTATCGGT-1-gPlexB7_s1,-1,1,0,-1,1
TACGGTATCACATGCA-1-gPlexB6_s1,-1,1,0,-1,1
AACACGTCAAGTCATC-1-gPlexB1_s1,1,0,1,0,0
ACTGAGTAGTCCCACG-1-gPlexB4_s1,-1,1,0,-1,-1
GCATGTAAGTACTTGC-1-gPlexB4_s1,-1,1,0,-1,1
CTAATGGCACCGAAAG-1-gPlexB2_s1,1,0,-1,0,0
GACAGAGAGGAATTAC-1-gPlexB6_s1,-1,1,0,-1,-1
CCCTCCTCATCGGAAG-1-gPlexB1_s1,-1,1,0,1,0
TGGGAAGCACTATCTT-1-gPlexB3_s1,-1,1,0,-1,-1
CTGCGGAAGCTAACAA-1-gPlexB3_s1,1,0,1,0,0
CACATAGGTGGCCCTA-1-gPlexB6_s1,-1,1,0,-1,-1
TCAATCTCAAAGGTGC-1-gPlexB1_s1,-1,1,0,1,0
ACGGGCTTCATTTGGG-1-gPlexB2_s1,1,0,-1,0,0
CTTACCGAGGGAGTAA-1-gPlexB7_s1,1,0,-1,0,0
AGAGCTTAGTAGCCGA-1-gPlexB1_s1,-1,1,0,-1,-1
TATCTCAAGTCCAGGA-1-gPlexB3_s1,-1,1,0,1,0
CATGCCTCAGACGTAG-1-gPlexB3_s1,1,0,-1,0,0
ATCTACTGTCTTCGTC-1-gPlexB7_s1,1,0,-1,0,0
TCTTCGGAGCAACGGT-1-gPlexB7_s1,-1,-1,0,0,0
AGGTCATAGCTCCCAG-1-gPlexB2_s1,-1,-1,0,0,0
GTTAAGCGTATGGTTC-1-gPlexB1_s1,-1,-1,0,0,0
CACAGGCCAGGTCGTC-1-gPlexB4_s1,-1,1,0,1,0
GGTATTGCATCGGTTA-1-gPlexB3_s1,-1,1,0,1,0
TCATTACGTCTCAACA-1-gPlexB2_s1,1,0,-1,0,0
GTAGTCATCCGTAGTA-1-gPlexB5_s1,1,0,1,0,0
GTTCTCGCAGGAACGT-1-gPlexB2_s1,-1,1,0,-1,-1
GCAAACTAGTAGTGCG-1-gPlexB1_s1,-1,-1,0,0,0
GTTTCTAAGCAATCTC-1-gPlexB7_s1,-1,1,0,-1,-1
TAGACCAAGGTGATAT-1-gPlexB5_s1,-1,1,0,-1,1
GAGGTGATCCCTCTTT-1-gPlexB5_s1,-1,1,0,1,0
TCTATTGGTGGACGAT-1-gPlexB7_s1,1,0,-1,0,0
CGAGCCATCCGCTGTT-1-gPlexB1_s1,-1,-1,0,0,0
CAGCTAAAGACCCACC-1-gPlexB5_s1,-1,-1,0,0,0
TCAGGTACACAGACTT-1-gPlexB6_s1,-1,1,0,-1,-1
CATGCCTAGTCCGTAT-1-gPlexB5_s1,-1,-1,0,0,0
TGTTCCGCACAAGCCC-1-gPlexB1_s1,-1,-1,0,0,0
CTCGTACGTAAGTGTA-1-gPlexB7_s1,1,0,-1,0,0
CCTTCCCCACAGCCCA-1-gPlexB2_s1,-1,1,0,1,0
CGACTTCTCTGTCTCG-1-gPlexB7_s1,-1,1,0,-1,1
AAAGCAAGTTTGGGCC-1-gPlexB3_s1,-1,-1,0,0,0
ACGCCAGCAAAGGTGC-1-gPlexB1_s1,1,0,-1,0,0
AAACGGGAGCACACAG-1-gPlexB7_s1,-1,1,0,-1,-1
TCACAAGTCACGCGGT-1-gPlexB5_s1,-1,1,0,-1,-1
CGCGTTTCAGGTCCAC-1-gPlexB4_s1,-1,-1,0,0,0
CTAGCCTAGGGCTTGA-1-gPlexB6_s1,1,0,-1,0,0
ATCGAGTAGGCTCATT-1-gPlexB6_s1,1,0,1,0,0
GCTTGAAAGCGATCCC-1-gPlexB5_s1,1,0,-1,0,0
TGTATTCCATCGATGT-1-gPlexB1_s1,-1,-1,0,0,0
CAGCATATCTCTTGAT-1-gPlexB6_s1,-1,-1,0,0,0
GTCATTTGTTATTCTC-1-gPlexB5_s1,-1,1,0,-1,1
CTGAAACAGTAAGTAC-1-gPlexB6_s1,-1,1,0,-1,-1
GAAACTCAGTTCGCAT-1-gPlexB5_s1,-1,1,0,-1,-1
CTTAGGAAGCTGCAAG-1-gPlexB5_s1,-1,1,0,1,0
GACAGAGAGATAGCAT-1-gPlexB6_s1,-1,1,0,1,0
GTCACGGTCCACGAAT-1-gPlexB2_s1,-1,1,0,-1,1
CATTATCGTTCCATGA-1-gPlexB3_s1,-1,1,0,-1,-1
ATCGAGTTCAACGAAA-1-gPlexB7_s1,-1,-1,0,0,0
GCGGGTTGTAAGTGGC-1-gPlexB6_s1,-1,-1,0,0,0
CCCAGTTAGTCGATAA-1-gPlexB5_s1,-1,1,0,-1,1
TAGACCATCGTCACGG-1-gPlexB6_s1,-1,1,0,-1,-1
GCGCCAAGTCTCTTAT-1-gPlexB5_s1,-1,1,0,1,0
AAGCCGCTCGGAGCAA-1-gPlexB4_s1,-1,1,0,-1,-1
ACACCCTAGTAGGCCA-1-gPlexB3_s1,-1,1,0,1,0
CTAAGACAGGAGTACC-1-gPlexB6_s1,-1,1,0,-1,-1
CTGCGGAGTGCAACTT-1-gPlexB5_s1,-1,1,0,-1,-1
GACGTTACATCACCCT-1-gPlexB3_s1,1,0,-1,0,0
GCTTGAAAGTTGTCGT-1-gPlexB3_s1,-1,1,0,-1,1
GCCTCTATCTTGTTTG-1-gPlexB2_s1,-1,-1,0,0,0
AAACGGGAGCCCGAAA-1-gPlexB5_s1,-1,-1,0,0,0
CCTCTGACAGACGTAG-1-gPlexB4_s1,-1,1,0,-1,-1
CCACGGAAGCGCTCCA-1-gPlexB2_s1,-1,1,0,-1,-1
AAACCTGCACGAGAGT-1-gPlexB6_s1,-1,-1,0,0,0
GTGTGCGTCTTAGCCC-1-gPlexB7_s1,-1,1,0,1,0
CTTAACTTCTTCGAGA-1-gPlexB2_s1,-1,1,0,-1,-1
AGTGAGGAGTTAGCGG-1-gPlexB3_s1,1,0,-1,0,0
ACGAGCCCAGCTTAAC-1-gPlexB7_s1,-1,1,0,-1,1
ACCAGTATCGAACGGA-1-gPlexB3_s1,-1,-1,0,0,0
CCGGGATAGTGAATTG-1-gPlexB6_s1,-1,1,0,-1,-1
ACGTCAATCTGCAGTA-1-gPlexB5_s1,1,0,-1,0,0
TACTTGTCACATTCGA-1-gPlexB1_s1,-1,1,0,-1,-1
AGCTTGAAGTACGTTC-1-gPlexB1_s1,-1,-1,0,0,0
TTGCGTCCATCGACGC-1-gPlexB4_s1,1,0,-1,0,0
CAGCATAAGACAGGCT-1-gPlexB7_s1,-1,1,0,-1,-1
GGATGTTGTCACAAGG-1-gPlexB6_s1,-1,1,0,-1,-1
TAAGCGTGTAGGGTAC-1-gPlexB5_s1,-1,1,0,1,0
AATCCAGGTACTCAAC-1-gPlexB1_s1,-1,1,0,1,0
TTGCCGTGTACCCAAT-1-gPlexB6_s1,-1,1,0,-1,-1
TGGTTAGTCATCTGCC-1-gPlexB7_s1,-1,-1,0,0,0
TACACGAAGTACGTTC-1-gPlexB7_s1,-1,-1,0,0,0
GTATTCTGTACTTGAC-1-gPlexB6_s1,-1,1,0,-1,-1
TGATTTCTCGAATGCT-1-gPlexB1_s1,-1,1,0,-1,-1
TTTGTCAAGTTTCCTT-1-gPlexB7_s1,-1,1,0,-1,-1
ACTTACTGTCCAACTA-1-gPlexB5_s1,-1,1,0,1,0
CCTCAGTCACATCTTT-1-gPlexB4_s1,-1,1,0,-1,-1
TCAGCAAGTTCACCTC-1-gPlexB2_s1,-1,1,0,-1,1
TGACTAGAGCTGTTCA-1-gPlexB5_s1,-1,1,0,-1,-1
GTATCTTGTGCATCTA-1-gPlexB5_s1,-1,1,0,-1,1
GAACATCTCTCAAGTG-1-gPlexB5_s1,-1,1,0,-1,-1
GACGTTACATAAAGGT-1-gPlexB2_s1,-1,1,0,-1,-1
CGCGTTTGTCTAGGTT-1-gPlexB5_s1,1,0,1,0,0
TTAGGCAAGTTCGCGC-1-gPlexB3_s1,-1,1,0,-1,-1
TAGACCATCCGTAGTA-1-gPlexB6_s1,-1,1,0,-1,-1
ACGATACCAGTGGGAT-1-gPlexB4_s1,-1,-1,0,0,0
CACACTCAGCTACCTA-1-gPlexB1_s1,-1,1,0,-1,-1
TTAGGCAAGTAACCCT-1-gPlexB4_s1,-1,1,0,-1,-1
CGCTGGAGTCTAAAGA-1-gPlexB1_s1,-1,-1,0,0,0
CACAGGCCAAACCTAC-1-gPlexB7_s1,-1,1,0,-1,1
AGAGCTTGTCAGATAA-1-gPlexB6_s1,-1,1,0,-1,-1
GATCAGTGTCTCCACT-1-gPlexB1_s1,-1,1,0,-1,1
TCACGAATCATAGCAC-1-gPlexB3_s1,-1,1,0,-1,1
ATGTGTGGTTATGTGC-1-gPlexB3_s1,-1,1,0,-1,1
CACCAGGCATATGAGA-1-gPlexB2_s1,1,0,1,0,0
TGAGAGGGTTCGAATC-1-gPlexB2_s1,1,0,-1,0,0
CGTCAGGGTGCGCTTG-1-gPlexB5_s1,-1,-1,0,0,0
CGAGCCAGTCCTCTTG-1-gPlexB5_s1,-1,1,0,-1,1
CACAGTACAGCCACCA-1-gPlexB5_s1,-1,-1,0,0,0
CACACAAAGCTGTTCA-1-gPlexB3_s1,-1,-1,0,0,0
GTCGGGTCATTGAGCT-1-gPlexB6_s1,-1,-1,0,0,0
AGAGCTTGTGGGTATG-1-gPlexB2_s1,-1,1,0,-1,1
AGCTCTCTCCCTTGTG-1-gPlexB3_s1,1,0,-1,0,0
CTTCTCTAGCAATCTC-1-gPlexB1_s1,1,0,-1,0,0
CCTTCGAGTCATCGGC-1-gPlexB7_s1,-1,-1,0,0,0
GCTCCTATCTTTAGGG-1-gPlexB4_s1,1,0,-1,0,0
CTCCTAGAGGCTCTTA-1-gPlexB4_s1,-1,-1,0,0,0
CAAGGCCAGCACAGGT-1-gPlexB1_s1,-1,1,0,-1,-1
AGCATACAGCGATTCT-1-gPlexB4_s1,-1,1,0,-1,1
CGAGCCAAGATCCGAG-1-gPlexB5_s1,-1,-1,0,0,0
TAGGCATTCGGCGCTA-1-gPlexB4_s1,-1,1,0,-1,-1
CTGAAGTAGCGAGAAA-1-gPlexB2_s1,-1,1,0,-1,1
CCTCAGTAGCACACAG-1-gPlexB2_s1,1,0,-1,0,0
GGGTTGCGTAAATGTG-1-gPlexB4_s1,-1,-1,0,0,0
ACATCAGTCTGCTGTC-1-gPlexB2_s1,-1,1,0,-1,1
GTAGTCAGTGCACTTA-1-gPlexB6_s1,-1,-1,0,0,0
ACTTTCACATCACGTA-1-gPlexB6_s1,-1,1,0,-1,1
CGGACACGTCTCTTAT-1-gPlexB5_s1,-1,1,0,-1,1
TGGACGCGTCCATCCT-1-gPlexB1_s1,-1,-1,0,0,0
CTACATTAGCTCCTCT-1-gPlexB1_s1,1,0,-1,0,0
TACTCATCAGCCAGAA-1-gPlexB7_s1,1,0,-1,0,0
GGCCGATCATCGGAAG-1-gPlexB2_s1,-1,1,0,-1,1
TTAGTTCAGATGTGTA-1-gPlexB3_s1,1,0,-1,0,0
GCTCTGTAGTTACGGG-1-gPlexB5_s1,1,0,1,0,0
CGATCGGGTGACTACT-1-gPlexB1_s1,-1,1,0,-1,-1
ACATACGCAGATGGGT-1-gPlexB1_s1,-1,1,0,-1,-1
ACTGTCCAGGCAATTA-1-gPlexB2_s1,-1,1,0,-1,1
CCTAGCTTCTGGGCCA-1-gPlexB3_s1,-1,1,0,-1,-1
CTCACACTCACATGCA-1-gPlexB3_s1,-1,1,0,1,0
CAAGATCAGCGTGAGT-1-gPlexB3_s1,-1,1,0,-1,-1
ACTGATGCAAGACACG-1-gPlexB7_s1,-1,1,0,-1,-1
CATCGGGCATCACCCT-1-gPlexB6_s1,1,0,1,0,0
AGCTTGAGTCTAGCGC-1-gPlexB4_s1,1,0,-1,0,0
CGTGTAAGTGCAGTAG-1-gPlexB1_s1,1,0,-1,0,0
GTAACTGCATGGTCAT-1-gPlexB1_s1,-1,-1,0,0,0
TGAGAGGTCAAAGTAG-1-gPlexB2_s1,-1,1,0,1,0
GCGCGATAGAATTCCC-1-gPlexB3_s1,-1,1,0,-1,1
ACATGGTTCTGCCCTA-1-gPlexB3_s1,-1,1,0,-1,-1
CTGATAGCAGGTGCCT-1-gPlexB6_s1,-1,1,0,-1,-1
GGAATAAGTAAATGAC-1-gPlexB1_s1,-1,-1,0,0,0
TTAGTTCTCTACGAGT-1-gPlexB6_s1,1,0,1,0,0
AACTCTTAGCTAACTC-1-gPlexB3_s1,1,0,-1,0,0
CCGGTAGTCTCATTCA-1-gPlexB7_s1,-1,1,0,-1,-1
CCTTCCCGTACCGTAT-1-gPlexB1_s1,1,0,-1,0,0
TCATTACGTGCACGAA-1-gPlexB3_s1,-1,-1,0,0,0
CGTCAGGGTCAGAATA-1-gPlexB5_s1,-1,1,0,-1,1
ACAGCCGTCGCTAGCG-1-gPlexB6_s1,-1,1,0,-1,-1
TTTATGCGTATGGTTC-1-gPlexB4_s1,-1,-1,0,0,0
CTCTAATGTCTCTCTG-1-gPlexB4_s1,-1,1,0,-1,-1
GGGAGATGTAGCGCTC-1-gPlexB7_s1,-1,1,0,-1,-1
CGAGCCAGTCTCATCC-1-gPlexB7_s1,-1,1,0,-1,1
AACCATGTCCAGATCA-1-gPlexB1_s1,1,0,1,0,0
CGTCAGGCATCGGACC-1-gPlexB1_s1,-1,1,0,-1,-1
CTCTAATTCAGCAACT-1-gPlexB3_s1,-1,1,0,-1,-1
CAAGTTGCATGCTAGT-1-gPlexB3_s1,-1,1,0,-1,1
CGGCTAGAGTGTTGAA-1-gPlexB4_s1,-1,1,0,-1,-1
ACGGAGAAGCCAGTTT-1-gPlexB1_s1,-1,-1,0,0,0
CGATTGAGTGCTGTAT-1-gPlexB4_s1,1,0,-1,0,0
GAGCAGAGTAGCGCTC-1-gPlexB2_s1,-1,-1,0,0,0
TACTTGTCACATTAGC-1-gPlexB5_s1,-1,1,0,-1,1
TTCTCCTAGTTGTCGT-1-gPlexB2_s1,-1,1,0,-1,1
CAACCAACATGGGAAC-1-gPlexB5_s1,1,0,-1,0,0
TTTGCGCGTCCAGTTA-1-gPlexB3_s1,-1,-1,0,0,0
GCTTCCATCCTCTAGC-1-gPlexB6_s1,-1,1,0,-1,-1
ACTTGTTTCATCGGAT-1-gPlexB1_s1,1,0,-1,0,0
CGTCTACAGCTGTTCA-1-gPlexB4_s1,-1,1,0,-1,-1
TAGTGGTGTCACTGGC-1-gPlexB5_s1,-1,1,0,-1,-1
CGAGAAGGTCCATGAT-1-gPlexB7_s1,-1,1,0,-1,1
ATCATCTTCTTCATGT-1-gPlexB7_s1,-1,1,0,1,0
GGGAGATGTCCTAGCG-1-gPlexB3_s1,-1,1,0,-1,-1
TACTTACAGGCTCATT-1-gPlexB5_s1,-1,-1,0,0,0
TGAGCATCAAGAAAGG-1-gPlexB3_s1,1,0,1,0,0
GGACAGACACGAAGCA-1-gPlexB5_s1,-1,1,0,-1,-1
GTTTCTAGTAAGAGAG-1-gPlexB1_s1,1,0,-1,0,0
CGCTGGAAGCCCAACC-1-gPlexB6_s1,1,0,1,0,0
CATCAGACACGGACAA-1-gPlexB3_s1,-1,1,0,-1,-1
TGGCGCAGTGTGGCTC-1-gPlexB1_s1,-1,1,0,-1,-1
GATCAGTTCGCCAAAT-1-gPlexB6_s1,-1,-1,0,0,0
GGACGTCCATACCATG-1-gPlexB1_s1,1,0,-1,0,0
ACACTGACAGACGCTC-1-gPlexB7_s1,-1,1,0,-1,-1
GTATTCTCATCTGGTA-1-gPlexB6_s1,-1,-1,0,0,0
GTCTTCGAGACGACGT-1-gPlexB6_s1,-1,1,0,-1,-1
TACTCATTCAGCAACT-1-gPlexB2_s1,1,0,-1,0,0
CATGACAAGGACGAAA-1-gPlexB5_s1,-1,1,0,-1,-1
CGCGGTAGTTCGTCTC-1-gPlexB3_s1,-1,-1,0,0,0
CGACTTCCAAGTTAAG-1-gPlexB7_s1,1,0,-1,0,0
TGGGCGTGTTCCAACA-1-gPlexB5_s1,-1,1,0,-1,-1
AGGCCGTTCCCAAGAT-1-gPlexB5_s1,-1,-1,0,0,0
CGCTTCAGTTTGACAC-1-gPlexB2_s1,-1,-1,0,0,0
TGGTTCCCACCCATTC-1-gPlexB5_s1,-1,1,0,-1,-1
GGGATGATCTTCCTTC-1-gPlexB3_s1,-1,1,0,-1,-1
CTGTGCTTCTTAACCT-1-gPlexB3_s1,1,0,-1,0,0
CTCTGGTGTCGATTGT-1-gPlexB7_s1,-1,1,0,-1,-1
GGCTCGAGTATTCTCT-1-gPlexB3_s1,1,0,-1,0,0
AACTTTCAGTGCGTGA-1-gPlexB5_s1,1,0,1,0,0
TTCTTAGGTGTAATGA-1-gPlexB6_s1,-1,-1,0,0,0
CTCGTCACAATCCAAC-1-gPlexB4_s1,1,0,-1,0,0
GTAGTCACATTTGCTT-1-gPlexB5_s1,-1,1,0,-1,-1
TAAGTGCCATTCGACA-1-gPlexB2_s1,1,0,1,0,0
GTCATTTAGGGTCGAT-1-gPlexB1_s1,-1,-1,0,0,0
GCAATCATCGGAATCT-1-gPlexB3_s1,-1,1,0,1,0
CACACAACAGCCACCA-1-gPlexB7_s1,1,0,-1,0,0
CTGCGGAAGTTACCCA-1-gPlexB2_s1,-1,1,0,-1,-1
ACGCCAGTCCCGGATG-1-gPlexB2_s1,-1,1,0,-1,-1
TGCGTGGCATGGGAAC-1-gPlexB7_s1,-1,1,0,-1,-1
GGACGTCAGTCTCGGC-1-gPlexB4_s1,-1,1,0,1,0
CCACTACTCGTGGGAA-1-gPlexB2_s1,1,0,-1,0,0
ATTATCCTCCTGCTTG-1-gPlexB6_s1,-1,1,0,-1,-1
TATCAGGCATTTGCCC-1-gPlexB2_s1,-1,1,0,-1,-1
TTAACTCCATAAAGGT-1-gPlexB3_s1,-1,1,0,-1,1
GCTGCGAGTCGGCTCA-1-gPlexB3_s1,1,0,-1,0,0
ATAGACCCAATGAAAC-1-gPlexB5_s1,-1,-1,0,0,0
CCTATTACAGCGATCC-1-gPlexB4_s1,-1,1,0,-1,-1
GGTGTTAGTGACTACT-1-gPlexB6_s1,-1,1,0,-1,-1
CGTAGGCTCAATACCG-1-gPlexB1_s1,-1,1,0,-1,-1
CATATTCTCCAGAGGA-1-gPlexB1_s1,-1,-1,0,0,0
CTAGCCTGTCACTTCC-1-gPlexB2_s1,1,0,-1,0,0
GTAACTGAGGAATGGA-1-gPlexB2_s1,-1,1,0,1,0
CAGCTAACAAGCGCTC-1-gPlexB3_s1,1,0,-1,0,0
GAACCTATCGTTTGCC-1-gPlexB2_s1,-1,1,0,-1,1
CTTGGCTGTGGACGAT-1-gPlexB7_s1,-1,1,0,-1,-1
AGGGAGTCAGACTCGC-1-gPlexB1_s1,-1,-1,0,0,0
GGTGCGTTCGCGGATC-1-gPlexB1_s1,-1,1,0,-1,-1
AGACGTTTCACTCCTG-1-gPlexB4_s1,-1,1,0,-1,-1
GAATGAAAGCGAAGGG-1-gPlexB3_s1,-1,1,0,1,0
GCGGGTTTCGCAAGCC-1-gPlexB1_s1,-1,1,0,-1,-1
ACCAGTATCACGCATA-1-gPlexB7_s1,1,0,1,0,0
GCATGCGCAGCCTTTC-1-gPlexB1_s1,1,0,1,0,0
TCGAGGCGTAAGAGAG-1-gPlexB5_s1,-1,-1,0,0,0
CCTTACGCATCTCCCA-1-gPlexB6_s1,-1,1,0,1,0
GGATGTTAGTGAAGAG-1-gPlexB5_s1,-1,-1,0,0,0
TGTATTCTCGGAGCAA-1-gPlexB3_s1,1,0,-1,0,0
GGCTCGATCATTGCCC-1-gPlexB3_s1,-1,1,0,-1,-1
GATTCAGGTATAATGG-1-gPlexB3_s1,-1,1,0,-1,-1
TGCCCTAAGTTTAGGA-1-gPlexB6_s1,-1,-1,0,0,0
TGCGGGTTCGTTACAG-1-gPlexB4_s1,1,0,-1,0,0
CATCAGAAGGCATGGT-1-gPlexB2_s1,-1,-1,0,0,0
CGCTGGACATCGATGT-1-gPlexB1_s1,-1,-1,0,0,0
CAGCGACTCGACGGAA-1-gPlexB6_s1,-1,1,0,-1,1
TTTGCGCAGCCCAATT-1-gPlexB7_s1,-1,-1,0,0,0
ACTTACTAGCGTGAAC-1-gPlexB7_s1,-1,1,0,-1,-1
TCGTACCAGCTTATCG-1-gPlexB2_s1,1,0,1,0,0
CAGCCGAGTATCTGCA-1-gPlexB7_s1,-1,-1,0,0,0
GTAACGTGTCCAAGTT-1-gPlexB7_s1,-1,1,0,-1,1
TTGGAACAGCAACGGT-1-gPlexB5_s1,-1,1,0,1,0
GAAATGACAGACGCTC-1-gPlexB4_s1,1,0,-1,0,0
CTTAACTAGAGGTTGC-1-gPlexB3_s1,-1,1,0,1,0
TCCACACCACGGACAA-1-gPlexB4_s1,1,0,-1,0,0
ACGGGTCTCTAACCGA-1-gPlexB3_s1,1,0,1,0,0
GTCACGGGTACACCGC-1-gPlexB5_s1,-1,1,0,-1,-1
CAGGTGCCATTTGCTT-1-gPlexB5_s1,-1,-1,0,0,0
TAGCCGGAGCCAGGAT-1-gPlexB3_s1,-1,-1,0,0,0
TGACTTTCAGGGATTG-1-gPlexB3_s1,-1,1,0,-1,-1
TTTGTCACAATGAAAC-1-gPlexB4_s1,1,0,-1,0,0
TTTCCTCCACGTCAGC-1-gPlexB5_s1,1,0,-1,0,0
CGGAGTCCAGTCCTTC-1-gPlexB4_s1,-1,-1,0,0,0
ATCTACTAGTAGATGT-1-gPlexB4_s1,-1,1,0,-1,-1
ACATGGTCACGAAGCA-1-gPlexB6_s1,-1,1,0,-1,-1
CCACTACTCTCCCTGA-1-gPlexB5_s1,-1,1,0,-1,1
CTCGGGATCTGAGGGA-1-gPlexB5_s1,-1,-1,0,0,0
ACGATGTCAGGATTGG-1-gPlexB2_s1,-1,1,0,-1,-1
ACACCCTGTCGACTGC-1-gPlexB1_s1,-1,1,0,1,0
CGTCACTCATCCTTGC-1-gPlexB4_s1,-1,1,0,1,0
ACACTGACAGGTCTCG-1-gPlexB5_s1,-1,1,0,-1,-1
AGCGTATCAATGGATA-1-gPlexB5_s1,-1,1,0,1,0
TCTTTCCTCCGCATAA-1-gPlexB2_s1,-1,1,0,-1,1
GGTGTTATCATAACCG-1-gPlexB2_s1,-1,1,0,-1,1
CGATCGGCACCAGATT-1-gPlexB6_s1,-1,1,0,-1,-1
CGGGTCAAGAATAGGG-1-gPlexB1_s1,1,0,-1,0,0
GGAAAGCAGGTTCCTA-1-gPlexB2_s1,-1,-1,0,0,0
CTTCTCTCAGTGGGAT-1-gPlexB5_s1,-1,1,0,-1,-1
ATGCGATGTGACTCAT-1-gPlexB2_s1,1,0,-1,0,0
AACCGCGTCATTGCGA-1-gPlexB4_s1,-1,-1,0,0,0
