,0,1,2,4,9
E2L4_ATTCTTGCATCCGAGC_s6,8.193102,-0.5048658,-1.0657513,-0.27160734,1.2375507
E2L1_CAGCAGCAGCGTTCCG_s6,7.926919,-0.5747528,-1.1195321,0.560192,1.2330168
E2L2_TGGCGTGAGCTCGAAG_s6,8.366022,-0.11628674,-1.0117196,0.8284925,1.5456488
E2L1_TCCTTCTGTATCGTAC_s6,0.77387,-0.5075643,0.26881406,1.856808,-0.71350086
E2L3_GGCTTTCGTATCTTCT_s6,0.8574835,-0.12587366,0.5270375,0.29456258,-0.1734254
E2L6_ACTGTCCCAGACCAGA_s6,1.3443279,-0.24151899,-0.4214389,0.08082566,-0.46858054
E2L5_GTCTGTCGTTTGGCTA_s6,8.233425,-0.47196075,-1.3227335,0.7355459,1.548735
E2L1_AGTGACTGTGATTAGA_s6,-0.63930887,2.5459702,0.016039122,0.3372473,0.5042805
E2L7_ATTCTACCACACCGCA_s6,8.126789,-0.6078249,-1.3235242,0.5600596,1.0755591
E2L6_TGAGTCATCCAGCCTT_s6,7.8748565,-0.043671183,-1.18333,0.62641096,1.6425806
E2L6_GATAGAAAGTCAACAA_s6,8.443543,-0.37995642,-1.2825923,1.2251511,1.9503064
E2L4_CGGGTGTCACCACATA_s6,0.9485296,-0.08047511,-0.09965311,-0.001784727,0.16121313
E2L2_TGCAGATGTTGCCGAC_s6,0.21740863,-0.008171275,0.38160494,0.20350662,1.6407752
E2L8_TGAGCGCCAATGGCAG_s6,0.8326051,-0.48527148,0.49238756,-0.39150205,-0.27558216
E2L2_GATGAGGGTGGGTATG_s6,8.334213,-0.19291025,-0.8799445,-0.34805834,1.0934274
E2L2_CAGCACGAGTTAGTGA_s6,0.6605324,-0.39027154,0.0011785068,1.0660712,-0.6477916
E2L4_TTACGCCAGTAACAGT_s6,8.46602,-0.22320473,-1.2315227,1.32255,0.8378301
E2L5_CGCAGGTGTGGAACCA_s6,0.3758106,-0.28122118,-0.17242876,-0.32587886,0.7670225
E2L3_TACCTCGGTTGGGTAG_s6,0.62684566,-0.18053128,-0.14715086,-0.58331746,0.96728563
E2L7_GATCGTACACGAGGTA_s6,1.2358178,0.3264768,-0.03030647,-0.5447819,-0.2934043
E2L2_ACTATTCAGGTCTACT_s6,-0.20510536,-0.1704989,-0.023025366,1.1732615,-1.2599432
E2L1_TTCCAATCAACCGCCA_s6,6.0625243,0.47070885,0.6797696,-0.2533296,2.4904745
E2L8_TCGGTCTAGCACGATG_s6,0.3290134,-0.08295679,0.2602289,-0.23718105,-0.47340783
E2L6_ACATCGAGTTTAGTCG_s6,7.9479628,-0.47091872,-1.1646141,1.4072244,1.5439157
E2L1_TGAGTCAGTAGTTACC_s6,7.8562536,-1.3982769,-1.1141406,1.7681932,2.2024107
E2L5_TCATACTAGCCTCTTC_s6,8.038383,-0.22236714,-1.0289984,-0.19170164,1.8435818
E2L7_GTCTGTCCACGTCTCT_s6,7.506906,-0.839099,-0.7188008,-0.057586834,1.2440743
E2L3_AACACACAGGATTCCT_s6,7.5253468,-0.45671368,-1.049757,1.0842458,1.6679745
E2L1_ATCGTAGCATCTGGGC_s6,7.1355524,-0.7888045,-0.9391191,0.88231707,1.1974765
E2L2_TCAGTCCAGTGTACCT_s6,-0.80978996,2.5926943,0.49620008,-0.04381296,-1.0708605
E2L2_GTACAGTGTAACCAGG_s6,-1.1004534,2.071705,0.012459926,1.6831173,1.644509
E2L7_ACAACCATCAGCATTG_s6,0.30910748,-0.3667604,0.18567398,1.8133947,0.1997731
E2L2_GTAACCAAGTGATAAC_s6,-0.7947668,3.0275826,0.25826812,0.13316217,1.1796637
E2L4_GTCCTCAAGCTGTTCA_s6,0.70863754,-0.538937,-0.004252566,-0.31830788,0.14400762
E2L4_CAGTTAGCATGACGGA_s6,-0.9878334,2.1280897,-0.21586272,0.40371037,1.4291017
E2L6_AGGCCACCAAAGAACT_s6,0.60154355,-0.19144584,0.39426917,1.1185448,0.13337323
E2L8_AGTGTTGGTTAATGAG_s6,7.8605194,-0.6009025,-0.87199134,-0.016259164,0.58123815
E2L5_CTCATCGAGTTTCAGC_s6,0.74570507,-0.21219651,0.19222146,1.3396965,0.4366561
E2L5_ATCACAGGTCTTGCTC_s6,8.304987,-0.60088533,-1.440539,0.16798498,1.2584178
E2L7_ACTATTCAGTCCGCCA_s6,7.1126704,-0.5559371,0.92011786,-0.02747415,2.343271
E2L3_TCATTACTCCTGCCAT_s6,7.64098,-0.6141615,-1.1508744,-0.42686522,0.77129155
E2L1_TCGTAGATCCTCGCAT_s6,8.317762,-0.44274816,-1.6897305,0.9122647,0.42680472
E2L7_AAAGGTAGTACGGTTT_s6,0.390948,-0.25428224,0.28355345,-0.123243876,-0.28700548
E2L5_CAGGGCTGTACCAGAG_s6,-0.82311606,2.5808048,0.1369021,0.08123973,0.4882096
E2L2_CTCAACCCACGCGTGT_s6,8.709426,0.040283103,-1.6364574,0.024248004,1.3332638
E2L7_TAGGAGGGTGTACATC_s6,0.92580885,-0.2728359,0.45848307,0.3626395,-0.57795703
E2L4_CTCTCAGTCAACTGAC_s6,0.47320887,-0.4951672,0.25654846,0.0073078573,-0.19481085
E2L8_GCATGATGTGTTTACG_s6,0.68757147,-0.44265696,0.04169492,-0.19830821,-0.20962091
E2L6_CATAGACCAACCGACC_s6,7.9040327,-0.6342512,-1.0799284,0.10355987,0.8159169
E2L6_CGGGACTAGTGCACTT_s6,7.349773,-0.108772,-1.0442896,-0.38575405,0.7605107
E2L6_CCGTTCACATGAAAGT_s6,7.818561,-0.8350135,-1.6519349,-0.26075363,1.2239743
E2L3_TACTTGTTCCATCACC_s6,-0.20939523,2.6220229,1.0538096,-0.40256727,1.0711969
E2L7_TTTACTGAGAAACACT_s6,-1.0047066,2.3804479,0.009015607,-0.5685508,1.0898714
E2L4_CACGGGTTCGTCAGAT_s6,7.2759037,-0.4626759,0.30440214,-0.4917343,1.3189044
E2L3_AATGCCAGTGGGAGAG_s6,8.102672,-0.30132258,-1.4361099,0.10638045,1.6060013
E2L4_AGACCCGCAAGCAATA_s6,-0.965336,2.8909364,0.050676603,0.71458197,1.5956131
E2L5_CGCATAACACCCGTAG_s6,8.268286,-0.3803446,-0.96770126,1.12173,1.3185676
E2L2_GAAGAATTCATCCCGT_s6,-0.7545182,2.670617,0.8437473,-0.23726276,1.8251731
E2L2_GTGCACGAGGCCTGCT_s6,-0.72725487,2.4471712,-0.5628797,-0.037149176,2.301718
E2L7_GAGCTGCAGTGATTCC_s6,0.33196235,-0.19930287,0.002415115,-0.37709984,1.6517134
E2L8_TCCACCAAGCCTCGTG_s6,7.5459585,-0.2122179,-1.1378928,-1.6007121,-1.8789489
E2L3_TCACTCGCACCGCTGA_s6,7.865231,-0.6230932,-0.30794647,0.23529184,1.7788037
E2L3_CATTCTATCGCCTATC_s6,1.0082625,-0.47110793,-0.29552904,-0.12568069,-0.6304783
E2L6_ACGTCCTAGGCATCAG_s6,8.490349,-0.54308844,-0.59920317,-0.29450846,1.0453126
E2L3_GACGCTGCATACACCA_s6,-1.178447,3.0951855,0.018561685,-0.030791327,1.1436167
E2L7_AGGAGGTCAGAGTCAG_s6,0.8734857,-0.2409183,0.07740234,-0.05526416,-0.7122254
E2L3_ATACTTCGTCTCACAA_s6,7.4232545,-0.15015332,-1.2803869,0.19566008,0.8528489
E2L1_TCAATTCCACACTTAG_s6,7.3408165,-0.9766674,-1.4099706,0.12825066,0.9118669
E2L3_GTGTGGCCACGTCTCT_s6,7.069522,-0.31842887,-0.24328281,0.11713521,1.9860411
E2L1_GCGGATCAGTGATGGC_s6,7.8289213,0.21036409,-1.0032406,0.1768492,1.6891246
E2L3_GTTCGCTTCCGTCACT_s6,8.167248,0.0909177,-1.5730554,-0.21795303,1.3919604
E2L8_AGAGAGCGTGCTATTG_s6,0.5648358,-0.2781797,-0.07823022,0.4450979,-0.6100801
E2L5_TCATACTGTACCTAAC_s6,-0.36727846,2.6692815,0.4148321,-0.37331554,2.4818661
E2L2_TACGTCCTCTCTCGAC_s6,8.101328,-0.5926621,-0.7790152,1.3122854,0.59022427
E2L4_CTACATTCACCAAATC_s6,8.199523,-0.08073523,-1.3144882,0.12552805,1.1845404
E2L2_GTGGAAGTCATCTATC_s6,7.4109287,-0.07332825,-1.7479553,-0.23269872,0.7621335
E2L1_CATGCGGAGGTGCCTC_s6,0.8662103,-0.28946757,0.33815286,1.215421,-0.30585968
E2L2_GTCATGACACCTCGTT_s6,-0.8282021,2.451264,-0.49706092,1.1845152,0.5793575
E2L3_TCATACTTCAATCGGT_s6,7.726591,0.105299145,-1.007745,0.34321833,0.81868035
E2L5_TGTTACTCATATCGGT_s6,7.5063705,-0.9273007,-0.76667696,0.2908424,1.2628394
E2L1_AGACACTCACCTCAGG_s6,-1.12377,2.793207,-0.21228123,-0.22645937,0.5856689
E2L2_TAAGCGTGTCGAGCTC_s6,0.20965633,-0.52494675,0.22686219,1.5336679,-0.5878762
E2L4_CTGGACGAGCACTCGC_s6,6.961584,-0.3576995,-0.57577723,0.43341184,2.0517712
E2L6_CAGTTCCCAGTAGAAT_s6,7.9162483,-0.54691386,-1.10295,-0.090311036,1.0273055
E2L5_GTCATTTTCAAATGCC_s6,0.40876165,-0.13003087,0.34300476,-0.11151421,0.06359029
E2L2_TCATTACGTACGGCAA_s6,0.321678,-0.36848062,0.5364572,-0.21992953,-0.6643158
E2L7_CTCCATGGTGCGTCGT_s6,6.437145,-0.30893773,1.5256097,-0.32634628,2.2286153
E2L6_CTCCAACGTACGAGTG_s6,8.100741,-0.7543426,-1.2043211,-0.36272606,1.6388987
E2L4_GTGCAGCAGACTGAGC_s6,0.21716616,-0.42349723,-0.0050140377,1.0104808,-1.1173569
E2L6_TTGTGGAAGGCCTTGC_s6,7.1191998,0.027846895,-1.0366461,0.06314899,0.93117446
E2L3_GTTTACTCACCCTTGT_s6,0.65863925,-0.5687228,0.0726144,-0.39786908,-0.17528126
E2L3_CGCCAGAGTATGACAA_s6,7.617835,-0.070205495,-1.5564755,0.013466656,1.3267032
E2L4_TCGAACAGTACAGGTG_s6,0.4188798,2.2362692,-0.46994483,0.05582063,-0.027005792
E2L8_AATCACGTCTTTGCTA_s6,1.1031269,-0.14081919,0.56131697,-0.18533579,-0.33786738
E2L7_ATTCTTGAGTGTAGTA_s6,0.3752962,0.0022998974,-0.0155124925,-0.02440402,0.3799087
E2L2_TCAGTGAGTGTATTCG_s6,0.3191369,0.24057871,-0.46682,-0.3508686,2.153757
E2L1_AGCGCCAGTATACCTG_s6,7.6678653,-0.81685513,-1.1398262,0.07907276,1.4887967
E2L8_ATTCTACTCTTCGATT_s6,8.036988,-0.30456224,-1.3623089,-0.13388239,1.5345072
E2L1_CATTCTACACGTCGGT_s6,7.9137735,0.05196953,-1.2997167,-0.053592548,1.1878376
E2L4_TGATGCATCAGACTGT_s6,8.770311,-0.49662748,-1.3877293,0.58172005,0.13856924
E2L5_CCAATTTTCATTCGTT_s6,-0.8813244,2.806264,0.7524986,1.0198174,0.06803152
E2L7_AGGGTTTGTACCTATG_s6,0.14018121,0.0653041,0.13327563,0.13195558,-0.18379757
E2L4_GCACATACAAGCTCTA_s6,0.46324763,-0.1909663,0.36831215,-0.10854296,-0.88093185
E2L6_TGTACAGTCCACGGAC_s6,7.552281,0.24989983,-1.3862448,0.1328431,0.58067346
E2L1_TGTAAGCTCGCGATCG_s6,-1.0976251,3.0523221,-0.017678916,0.86022913,1.6632
E2L7_GCAACATGTTCTCCTG_s6,0.20629226,-0.12715402,0.03342571,1.218857,0.0060242116
E2L7_ATTGTTCCATCATCTT_s6,-1.4730668,2.6753316,-0.030786056,0.5648079,0.8377355
E2L3_TGAGTCATCGGCATCG_s6,-0.53479326,2.846139,0.59272605,-0.14145155,2.4818678
E2L3_GTCTCACTCTCATAGG_s6,0.78019446,-0.39914238,0.19745745,0.43954557,0.18679145
E2L4_GAGGCAAAGCCATCCG_s6,7.9753733,-0.945628,-1.0642039,1.1046877,1.7278782
E2L4_ATGAAAGCAATTCTTC_s6,8.395284,-0.11584976,-0.97149765,-0.12660325,1.0346477
E2L3_CATCGGGTCGCAATGT_s6,0.46785662,-0.14799324,0.68085223,0.05740592,-0.57202995
E2L2_AACGTCAGTTTGTTCT_s6,-0.7273199,2.5877445,0.12512937,-0.016861811,0.3329035
E2L1_TACCGAAGTCATCCGG_s6,7.833457,-0.26604584,-1.0920985,-0.018686697,0.9528332
E2L8_GGGCTCACAATGCTCA_s6,8.416063,-0.19969755,-1.3466048,1.0521655,0.5478818
E2L4_TTGCTGCAGAGGCTGT_s6,7.4215517,-0.14501175,-0.83271194,0.49180394,1.4605513
E2L1_GATGAGGGTTCGTTCC_s6,8.257735,-0.3285358,-0.68430936,-0.23889697,1.3049394
E2L8_TGACGCGCAGCTTCGG_s6,7.5870905,-0.84114873,-1.4901193,1.377053,0.43566322
E2L8_GACATCACATGTCAGT_s6,0.8394612,-0.1360004,-0.47122505,-0.07207407,-0.46242487
E2L7_CGTGAATTCTCGCTCA_s6,7.8273005,-0.36433256,-1.453854,-0.1755011,1.3237181
E2L1_CAGCCAGGTCTTACAG_s6,8.268303,-0.49761352,-0.9056099,0.83090365,0.018976986
E2L2_TCCATCGAGTTCCATG_s6,7.7661896,-0.15545136,-0.93193275,0.82950246,1.058173
E2L8_AGAAATGCATAGGAGC_s6,-1.3392758,2.3000093,0.03937905,-1.0306244,0.53538954
E2L7_TCACGGGGTAAGATTG_s6,7.5835843,-0.19450735,-1.1085954,0.15628827,1.5069125
E2L5_TGGATCACACACGGAA_s6,8.758065,-0.19884916,-0.7284123,0.22483593,1.1061647
E2L3_GTATTTCTCCGGTAAT_s6,0.32074076,-0.21720032,0.055199906,-0.8650694,-0.747429
E2L1_AATGCCAGTGCTCTCT_s6,8.122548,-0.93102354,-1.3790736,-0.5852455,1.1681406
E2L5_TACTTCACAAATAGCA_s6,-1.3517361,2.646109,0.1101307,-0.11946746,0.5979073
E2L2_GCAGTTAAGGACAGTC_s6,7.5811977,-0.7027105,-1.1722474,0.5969181,1.8378813
E2L7_GTCATGACATCGATGT_s6,8.093629,-0.27682528,-1.5091563,0.64646083,0.021727324
E2L7_GGGTCTGGTTCGGCGT_s6,0.26966178,-0.18818773,0.28946197,0.019401178,1.615159
E2L5_CTTTCAACACAGACGA_s6,8.140833,-0.5312015,-1.8304474,-0.20821588,1.2418915
E2L3_TACAACGCATCGATGT_s6,-1.2745557,2.9342415,-0.2868888,-0.2664339,0.7809038
E2L6_CCGTGAGGTCACTCTC_s6,0.47014806,0.04708734,0.5820866,-0.4825077,-0.6425775
E2L7_AGGGCCTTCCCATGGG_s6,-0.97215587,2.7373738,0.97546405,0.48844308,1.1983429
E2L2_CTTCGGTGTGAATAAC_s6,0.7312756,-0.3994119,0.932819,-0.6919887,0.6811311
E2L3_AACGGGATCTTGGTGA_s6,-0.65590656,2.7826557,0.48709923,0.47538203,0.7786439
E2L1_ACTCCCACAGAAATCA_s6,-0.74982846,2.9595544,-0.3278042,-0.32246006,0.28617015
E2L7_CGTCCATAGTCAATCC_s6,-0.61698794,2.8081343,0.99471563,0.81264776,0.8383477
E2L6_CAACGATCACTGCTTC_s6,7.71298,-0.375376,-1.212667,-0.49744803,0.95438135
E2L2_TAACCAGTCCTCACCA_s6,6.0961,-0.16208892,2.727368,-1.2366767,1.5222526
E2L2_GTTCATTGTCTGTCAA_s6,6.514112,-0.5568592,-0.8155064,0.6166204,2.0995407
E2L6_GGTGTCGTCAATCAGC_s6,0.1539177,-0.3452537,0.45558652,1.3777332,-0.60400647
E2L2_GTTGTAGGTAGGCTGA_s6,6.968517,-0.3012941,-1.2647623,-0.020201758,0.24972856
E2L1_ATGGAGGCAGTTTGGT_s6,7.901924,-0.5846704,-0.864348,0.9188405,0.9978137
E2L1_TTTGTTGCAAACGAGC_s6,8.243194,-0.40084827,-0.9169968,0.12835978,1.7484179
E2L7_ACAAAGATCATGGAGG_s6,0.8770405,-0.20593402,-0.10980812,-0.79227555,0.15969929
E2L3_CCTTTGGGTACAGAAT_s6,0.63843817,-0.35027608,0.1860398,-0.35979664,1.1411083
E2L3_ATCGATGCATTCTCCG_s6,8.287598,-0.31722948,-1.0944741,-0.3542341,1.7885883
E2L5_CATGGTATCTGGGATT_s6,0.08431065,-0.15941969,0.59032875,1.0884607,-0.77597266
E2L5_CAATACGGTCACTTAG_s6,7.7343717,-0.45796153,-1.045239,0.18494456,0.9239098
E2L4_ACATTTCTCCCGTTCA_s6,7.421463,-0.24781534,-1.8065794,0.70550525,-0.29495034
E2L4_TAACTTCTCCTTATAC_s6,8.28312,-0.7850247,-1.7050561,0.9517927,0.7331205
E2L5_AGGCATTCAGCAGTCC_s6,0.9194208,-0.11510609,0.2938462,-0.2491777,-0.43202877
E2L1_ACCACAATCAGATTGC_s6,8.7814455,-0.60769486,-1.5212379,-0.2839613,1.082732
E2L7_CTCTCGACAAGTGTCT_s6,8.011815,-0.20567511,-1.5799351,0.45742446,1.5838438
E2L8_TGCGGGTAGGCAGGTT_s6,7.8529453,-0.34166107,-0.9096344,0.3170445,1.0429467
E2L5_CTCAAGATCGAACTCA_s6,-0.09074779,-0.22199348,0.7046952,-0.56156766,-0.40467852
E2L2_TTCGCTGTCGTCGCTT_s6,7.798427,-1.1462319,-1.2243991,0.53851396,1.3718555
E2L3_ACCTGTCCAGCTGTTA_s6,6.0574327,-0.5847805,1.8845491,-0.37888363,2.1277251
E2L5_GTGAGTTAGAAAGCGA_s6,0.070956446,0.0051731914,0.024670709,1.3941602,-0.3962969
E2L4_CATGCTCAGACTGAGC_s6,7.6003966,-0.4382729,-1.1015731,-0.23595501,0.37877503
E2L5_CTCACTGTCGTGGACC_s6,0.53615916,-0.17713687,-0.3965891,-0.5552312,0.51441026
E2L6_TCGACGGAGTCGAAGC_s6,7.908006,-0.39995238,-0.4431637,-0.04984854,2.3922062
E2L3_CAACGATTCCATCCGT_s6,0.62439984,-0.056707144,-0.28851554,0.6808238,1.1859505
E2L5_GAGAAATAGCTGGTGA_s6,7.7815557,0.19986027,-1.4111556,-0.73383844,1.529439
E2L2_GTCATTTTCTTTACAC_s6,8.697072,-0.69394386,-1.3717237,0.4226485,1.2386833
E2L2_TTCAGGATCTTCGATT_s6,-0.48874545,2.8112276,0.3378795,-0.6482874,2.0214677
E2L7_CGTCCATCAGACGGAT_s6,7.2151346,-0.62411046,0.43157226,0.33500183,1.766486
E2L3_AGTGATCTCCAATGCA_s6,6.9709477,-0.45153677,-1.0255901,0.44189727,1.0365937
E2L7_GCATCTCAGTGTAGTA_s6,6.45791,-0.35056233,-1.0239717,0.11712447,0.58602583
E2L4_TGTGGCGTCGCAAGAG_s6,8.12521,-0.5587523,-1.2981865,1.0694855,0.8262198
E2L6_CAGCCAGCAGATTTCG_s6,8.713267,-0.45041808,-1.1288172,-0.38903338,1.7030857
E2L3_CTTGAGAGTCGATTCA_s6,0.8670309,-0.41068682,-0.55029815,-0.54551625,-0.5694853
E2L6_ATCACGAGTACGTGTT_s6,8.859771,-1.0727934,-1.3726656,0.8851458,1.2181234
E2L2_GCTTGGGCATCATTGG_s6,8.792403,-0.6045748,-1.1960431,-0.04014948,0.5120697
E2L5_ACGTAACTCAGCTTGA_s6,-1.7878041,2.9226882,0.39160046,0.18129462,1.4708071
E2L8_CATCGCTAGAAGCGCT_s6,7.097356,0.07801741,-1.0887905,-0.53891915,1.1960245
E2L6_GTCACTCTCTGCTGAA_s6,-0.642006,2.3382165,-0.07337322,0.26571453,0.748134
E2L3_TCAGTCCAGTTGGAGC_s6,7.579555,-0.8034823,-1.1824863,0.9204359,0.0025655925
E2L5_GTAAGTCGTTGCGGCT_s6,0.831912,-0.37097618,-0.3096188,-0.3332605,-0.24235594
E2L1_CCTAAGACACTACCGG_s6,-1.1213179,3.2598863,0.3227394,0.21689028,1.6410165
E2L2_TCCGTGTCACCTCAGG_s6,-0.23195255,1.6941307,-0.19471416,0.44620574,1.7738361
E2L3_GGTGGCTAGATCCTAC_s6,7.8504105,-0.28763252,0.7851657,-0.7145686,2.4148526
E2L6_GCATGATAGCTGAGCA_s6,8.625699,-0.1077256,-1.2752942,0.5506264,1.9705045
E2L1_CGTAAGTTCAAGCCTA_s6,7.500233,-0.91070414,-1.0007305,1.0528511,0.9233683
E2L3_AGGTGTTAGAGATCGC_s6,7.3992734,-0.33992112,-0.97776407,0.4279781,0.49251375
E2L2_TGTGATGGTGTAGTGG_s6,7.7549367,0.1409549,-0.9932988,0.5211419,1.1585106
E2L6_ATGCCTCCATGACAAA_s6,8.102986,-0.3251558,-1.0478295,0.31302637,2.0992162
E2L4_TCTCACGCAGAGGAAA_s6,8.666502,-0.010433473,-0.68858624,-0.7352162,1.3148092
E2L5_GGCAGTCGTGTCTTCC_s6,0.59500575,-0.35083824,0.062201526,0.83258134,-0.3784735
E2L6_AGGCATTCATCTAACG_s6,7.9980946,-0.2596331,-0.9147337,-0.04307677,1.0069269
E2L6_CAGATCATCAATCAGC_s6,0.59234273,-0.12873816,0.21723098,0.56815547,0.051977098
E2L7_CGATGCGCAGGAGGTT_s6,-0.76494724,2.9552011,-0.15380682,0.5664013,0.5580559
E2L7_GTGCTTCTCCATAAGC_s6,-1.3276333,2.3933399,0.5585763,0.59876335,-0.40755337
E2L3_GAAGAATTCTCGACGG_s6,8.634408,-0.51603645,-0.50684536,0.6824947,1.6346751
E2L1_AGTCAACGTCACATTG_s6,0.80752456,-0.37834242,-0.3365124,0.22311653,1.7052686
E2L8_AAGAACAAGTAAAGCT_s6,7.7930717,-0.2587455,-0.88232386,-0.5713887,1.6908627
E2L4_AGTAACCAGGACGGAG_s6,1.2386171,-0.16634169,0.2510624,-0.4582702,2.1584425
E2L1_GCTTGGGAGAGATCGC_s6,7.847174,0.14648953,-2.021936,-0.09910446,-0.51759434
E2L3_CTCATGCTCTGCAGCG_s6,1.2132032,-0.42745078,-0.17931359,0.30284798,-0.0143532455
E2L1_TTGCATTCAACACAGG_s6,0.27922434,-0.32786846,-0.12448551,1.6218761,-0.7689787
E2L1_AATTCCTGTTCGAGCC_s6,8.473035,-0.9552587,-0.8612824,0.04424897,0.474749
E2L3_GGTGAAGAGGACACTG_s6,0.46463138,-0.09977451,0.12777583,-0.29330248,1.6274865
E2L6_GCCAACGTCGTTCTGC_s6,8.1948595,-0.6100755,-1.3651468,-0.22419393,1.3296695
E2L2_CGGACACGTAACATGA_s6,0.36435446,-0.38226375,-0.38765267,-0.62566966,0.8147805
E2L7_AGGGTTTTCTATACTC_s6,-0.642757,2.4418752,0.21616977,0.69692075,1.3990846
E2L6_ATCCGTCGTTGAAGTA_s6,7.9207397,0.034161955,-0.96035624,0.7571703,2.49475
E2L6_GGATGTTAGAGCATAT_s6,0.20967135,0.056821965,0.80038327,-0.46736392,-0.15903452
E2L6_TTGGGATCAGCGTTGC_s6,7.8192663,0.03820573,-0.7947843,-1.0302308,1.0331949
E2L2_GTCAAACGTTACGTAC_s6,7.164535,-0.54484487,-1.3706552,-0.4635306,0.5258524
E2L5_GCTGGGTTCTGGTTGA_s6,0.9833713,-0.7901685,0.18466991,-0.54053044,1.391544
E2L6_CGTGAATGTGTCGCTG_s6,8.036645,-0.5649119,-1.1612105,0.4690486,1.9548168
E2L8_CATACAGTCGATTGAC_s6,7.1579885,-0.40514445,-1.4249886,-0.29599786,0.4536511
E2L3_GTTACGATCCGCGATG_s6,8.1645775,-0.51497906,-0.5570211,0.18483931,1.1455873
E2L6_GATTCTTGTAGGCAAC_s6,-1.3427588,2.6826184,-0.31533095,0.17797899,0.5697359
E2L4_AAGACAAGTCGTGTTA_s6,0.77985114,-0.2306994,-0.24516118,1.2587847,-0.7570046
E2L3_GAACTGTGTTGTTTGG_s6,-1.6544447,2.9229288,0.60886854,0.5358652,0.9594146
E2L2_CAGGGCTAGCACTGGA_s6,7.461754,-0.502144,-1.4541166,0.35104406,2.331021
E2L2_AGAGAATTCCAGTACA_s6,0.59424925,-0.17256908,0.33705565,0.5175274,-1.2810162
E2L4_AGAACCTCAAGGATGC_s6,-0.95883,2.9378617,0.48591554,1.5695231,0.5073334
E2L6_AAGTTCGAGCACTCTA_s6,7.3947673,-0.109334394,-0.8562686,-0.44543648,1.8665625
E2L6_TCAATTCTCATGCGGC_s6,8.124838,-0.9823332,-1.6105534,1.3157636,0.7808321
E2L5_CAAGAGGGTGTATTCG_s6,8.405023,-0.6623158,-1.4441066,0.25691873,0.80908215
E2L6_GCATTAGCAGTTTGGT_s6,8.305637,-0.73024994,-0.8774697,-0.6695013,1.3931253
E2L1_AAGCCATCAGTTGTTG_s6,1.2278653,-0.17162469,-0.62582916,0.23477593,0.3595735
E2L8_AACACACAGCTCGCAC_s6,-0.45063365,2.637914,1.3686678,0.5873994,1.6510384
E2L2_CATTGAGTCACATACG_s6,8.763398,0.09721252,-1.428666,0.6264598,0.5677254
E2L6_ATTCCCGCACCCTATC_s6,8.2387295,-0.71692383,-0.9810768,-0.5700363,1.4143004
E2L4_AACCATGGTGTTTGCA_s6,7.2429605,-0.3628694,-0.7432585,0.6981889,1.2656212
E2L6_CAACAGTTCAGTCCGG_s6,-1.0345342,2.4703104,0.019470757,0.22759509,1.1445327
E2L3_AGCGATTCATCATTGG_s6,0.6787263,-0.55995685,0.44351164,-0.35843325,-0.88392735
E2L3_TGCGGCACAGCCGTTG_s6,0.3617587,-0.32283202,-0.1144215,-0.14048293,-0.031759024
E2L7_TCCCATGCAGAGTCTT_s6,8.072064,-0.17040014,-1.0394809,-0.53388155,1.0249426
E2L1_GACTCAAAGCATGCGA_s6,1.4077379,-0.046864405,0.029806351,0.10286996,-0.24138822
E2L8_GATGAGGGTGATACTC_s6,1.0785843,-0.015760567,-0.07125681,0.036419123,-0.76854634
E2L1_CTCAGAATCCATCTCG_s6,7.863671,-0.78674716,-0.6908632,-1.0110997,1.1953149
E2L7_AGAGAATCACGTCATA_s6,0.026558567,-0.5393136,0.020996183,0.091362655,0.4494425
E2L1_TTCCAATTCAAGGCTT_s6,7.8184443,-0.7733975,-1.0164367,0.50054055,1.4500881
E2L7_GTGAGGATCGAAGGAC_s6,8.177445,-0.33861598,-1.425576,0.58162963,1.5859437
E2L1_TCTTGCGTCCCATTTA_s6,0.33776063,0.25710368,0.84097487,-0.37486815,-0.12072177
E2L2_CCAATTTAGATGACCG_s6,0.4805542,-0.020812307,0.327618,1.5654361,0.030338436
E2L6_CTTAGGACAAAGCACG_s6,0.733506,0.09621013,-0.06977366,1.2012029,-0.4135086
E2L8_AAGACAATCAGATGCT_s6,7.6467204,-0.2204183,-0.9580371,0.37714028,1.4061303
E2L2_TCATCCGCAGTTAGGG_s6,7.891062,-0.508018,-1.0620031,-0.24528228,1.210349
E2L2_AGGTTGTAGAACTTCC_s6,-1.1201191,2.5526326,0.062365163,0.057816744,1.2703913
E2L8_GATTGGTCATATACCG_s6,7.234614,0.2926611,-0.8541414,0.44498298,1.5232927
E2L4_GCATTAGAGCGTTAGG_s6,0.6529389,-0.29726177,-0.42313942,-0.0751312,-0.52450955
E2L3_GTGGAAGGTATCTCGA_s6,8.272155,-0.55065626,-0.9572808,0.2509889,1.0963666
E2L5_TCTTCCTTCCACGTGG_s6,0.740036,-0.21189705,0.4109405,0.4404812,-0.5690942
E2L6_GTAGATCCACATGAAA_s6,-0.8946031,2.742319,0.37150988,-0.026709288,0.56430686
E2L6_ATCGTGACACGAGGTA_s6,-0.22575867,0.09087087,0.07852371,1.7704408,-0.5620812
E2L2_GGCTGTGCAGCTGTCG_s6,0.33584926,-0.25527072,-0.8221221,0.4461383,-0.08306295
E2L1_ATTTCTGAGAAGTATC_s6,0.785002,0.0396935,-0.28851846,-0.64352137,0.053242177
E2L6_TGGGATTCAAGCGATG_s6,-1.4038694,3.0764277,0.8737484,-0.10184194,1.1985418
E2L2_CAGATACAGCGCATCC_s6,7.980438,-1.0550063,-0.6713224,-0.8451872,1.6390302
E2L2_CCATCACAGTCACGAG_s6,0.1742376,-0.15928021,-0.053237192,-0.6260419,0.13953772
E2L1_CATACCCGTTTACGTG_s6,-1.1613512,2.490941,0.07892986,0.00844115,-0.8460658
E2L6_CTCCTTTGTTAGAGTA_s6,7.8470993,0.21064106,-0.8978882,-0.4320072,0.7439737
E2L5_CTAACCCCAAGTCCAT_s6,7.457676,0.010303795,-1.1121187,0.7613168,2.6040485
E2L6_GTTCTATGTTATGGTC_s6,-0.95139843,2.684456,0.22723514,0.29637223,1.8318977
E2L2_TCTCCGACAAACGTGG_s6,8.265568,-0.6722936,-1.5993057,0.8013291,1.4381021
E2L5_ATAGGCTCACCACTGG_s6,0.8233494,-0.37587136,-0.34317166,-0.5139953,1.9321253
E2L1_ATCTTCATCCAACTGA_s6,0.11652058,-0.3174681,0.16372928,-0.034751296,-0.41744944
E2L4_TCTCTGGCAATGCAAA_s6,-1.2596745,2.792864,0.2254076,0.15931123,0.40812057
E2L7_GTAACCACAGCTATTG_s6,-0.47912028,1.9924325,-0.20377266,0.025492981,0.851763
E2L6_ACAAGCTGTGTCTAAC_s6,0.31665206,-0.36776257,0.0694621,0.080089524,0.20964259
E2L2_GCCCGAAAGCCGATTT_s6,8.077257,-0.4237542,-0.78787875,0.07897869,1.5071961
E2L8_CCACTTGAGTCAGAGC_s6,0.49813572,-0.23820858,-0.29878312,-0.09885149,0.8905904
E2L4_AGACACTCACTCTGCT_s6,7.5563235,-0.8460581,-0.7039915,-0.27907813,2.5318465
E2L2_AGACAAACACATTGTG_s6,7.55338,-0.27981347,-1.1356269,0.692291,2.5891724
E2L1_CCGTGAGAGTAGCCAG_s6,0.6485073,-0.52705777,0.5328045,-0.64956176,-0.08607054
E2L1_GAATCGTGTGTACGCC_s6,8.127407,-0.33951688,-0.49436843,-0.14176227,1.0487913
E2L5_TCGGATAAGCTGGTGA_s6,7.8756843,-0.6939711,-1.2924763,0.24967106,0.05628094
E2L2_AAACGAACAGAGCCCT_s6,0.430893,-0.43729305,0.44809473,0.64568627,-0.40015942
E2L6_GTGTAACCACGCGTGT_s6,8.345978,-0.34427673,-0.8771614,0.88891566,1.43977
E2L6_CAGTGCGAGACATCCT_s6,8.773421,-0.50004566,-0.91023564,0.5341381,1.4801092
E2L5_TTTCAGTAGCAACTCT_s6,0.3942439,-0.4852967,-0.27966526,1.4954003,-0.019734323
E2L7_GACAGCCTCATGCCAA_s6,6.3071585,0.041862927,1.9742867,-0.15244856,2.4890013
E2L4_GGTGTTAAGTAAACGT_s6,-0.82338893,2.6666362,0.5316364,-0.19836009,-0.070260644
E2L2_GTGTAACAGCGGACAT_s6,0.6470021,-0.37843657,0.41068736,0.7993747,-0.5257586
E2L1_CGGCAGTGTGCATCTA_s6,0.64870477,-0.3180995,0.16622679,-0.37612408,-0.14620292
E2L3_TGGGAAGCAGTTGTCA_s6,6.8999157,-0.7288927,2.3525205,-0.9946999,1.4889654
E2L6_TCGTGGGAGGCTTAGG_s6,8.225768,0.08703243,-1.7477682,-0.04688704,0.9535706
E2L6_GACTATGGTATGCGTT_s6,0.6347965,-0.40755498,0.16781266,-0.69224197,0.21315604
E2L4_TTGTGGAAGGTCCCTG_s6,-0.19527224,2.5784733,0.61679953,0.010104254,1.3204283
E2L7_AAGGAATTCTTGGATG_s6,7.1407437,-0.5532428,0.23625773,-0.8920239,1.284384
E2L3_TGAACGTTCGGATAAA_s6,0.94022566,-0.29158944,0.27763125,0.5637787,2.283525
E2L5_GTCGCGACATCGGAAG_s6,0.46077067,-0.4485608,0.517336,2.1295352,-1.0777003
E2L5_GTTACCCCATCCGGTG_s6,8.16016,-0.020027462,-1.0155132,-1.4074724,1.1805296
E2L4_TTCATGTGTGACAACG_s6,0.33309087,-0.20929101,0.44765136,-0.073972195,-0.13626666
E2L7_CGGAACCGTAATCAAG_s6,0.8799093,-0.33609617,0.11562313,0.103149354,0.17221794
E2L6_CGTCCATTCACATACG_s6,0.7529088,-0.15574351,-0.48032507,-0.37604678,1.5308716
E2L1_GTAATCGGTAAGATAC_s6,-1.4190724,2.7432976,0.13261995,-0.11875593,1.0342624
E2L3_TTCCGGTCATCGCTCT_s6,0.35335952,-0.39921674,-0.4768356,-1.0694366,-0.7246462
E2L7_ACGTCCTTCAGCATTG_s6,0.33476263,-0.181932,0.64524883,-0.013230443,0.63653374
E2L7_GTAGGTTAGTGCACTT_s6,-0.9027158,2.9848356,0.2844183,0.22291104,0.86027515
E2L3_AAAGTCCTCCGAGATT_s6,0.32795027,-0.27826378,0.8797097,0.15786988,-0.1078659
E2L6_ATGAGTCAGACTAGAT_s6,0.90048677,-0.22509122,-0.37239438,-0.37519473,-0.15696931
E2L1_GAGTTGTTCTGAGATC_s6,0.52458906,-0.3083392,0.28528476,0.8464254,0.025022358
E2L3_CTCACTGCAGGTAGTG_s6,0.62028986,-0.30196822,-0.2559174,-0.4311631,-0.3632709
E2L8_TGTCAGAAGAGGGTAA_s6,0.23602346,0.09182212,-0.44918212,1.0629952,0.14223114
E2L1_TAACGACGTTAGTCGT_s6,-0.9799617,2.626822,0.33686933,0.92138404,0.2269659
E2L5_TCAGGTAGTGTGTGTT_s6,7.5645328,0.2960043,-1.0967774,0.50601417,1.2565875
E2L6_TGTTACTTCTTACACT_s6,-0.6809463,2.856752,0.25522768,0.44975495,1.7103217
E2L7_AACTTCTCATGAGTAA_s6,7.6227303,-0.22168487,-0.49125856,0.6346347,0.8063334
E2L5_TTAGTCTTCGACATTG_s6,8.957495,-0.61530817,-0.6180885,-1.2072157,1.6042495
E2L4_TATTCCAAGTAGAATC_s6,6.963922,-0.40835965,-1.0661455,-0.0014281869,0.42406863
E2L1_ATCTTCATCCCTTCCC_s6,8.653677,-0.42728645,-1.4055327,0.33424342,1.2560931
E2L7_TGGAGGACATTGCTGA_s6,-1.8474673,2.825215,0.13725054,1.037767,0.52190274
E2L1_TCCACCACATCCTCAC_s6,7.528553,-0.36733222,-1.5907778,-0.74655336,1.6231889
E2L4_TCAGTTTAGCTTAAGA_s6,-1.16021,2.5919478,0.13520576,0.7983373,2.7828572
E2L2_TAACCAGCAAGTGATA_s6,8.115731,-0.75452983,-1.1580575,0.87695205,0.8073203
E2L8_GCATGATGTGGCAACA_s6,7.806088,-0.4311935,-1.2339855,-0.6321372,0.54445183
E2L4_TCATATCGTACGAGTG_s6,0.47151595,-0.54037535,0.22559932,-0.059663802,-0.7484621
E2L6_ATCGTAGGTAGACGGT_s6,0.54623663,0.025978934,0.024576169,0.080093846,-0.061092526
E2L2_AACCAACGTGATACTC_s6,8.223955,-0.7704713,-1.4628767,0.28163737,1.0702468
E2L4_CATCAAGGTCGCATGC_s6,7.7836094,-0.66147524,-0.71219575,1.6027253,1.2275387
E2L6_CATTTCAGTACGTTCA_s6,0.51778716,-0.21961379,-0.10829832,-0.50289506,1.7250199
E2L1_TCATTTGAGTAACAGT_s6,0.6091814,-0.18703683,-0.10261735,0.12099816,0.2614455
E2L4_GGCGTCACATGCCGAC_s6,1.1363996,-0.7046286,0.5335514,0.08159298,-0.6090579
E2L7_TGGGAGAGTACGGCAA_s6,8.626442,0.108539425,-1.5001949,-0.7407746,1.3010393
E2L5_TCATGAGTCAGACAAA_s6,8.664855,-0.3997619,-0.6836512,0.8098445,1.2660248
E2L7_TCTGGCTAGTGCAACG_s6,8.130186,-0.17522104,-1.1350337,0.012139812,1.2879813
E2L8_GGTCACGGTGGTATGG_s6,7.7443304,-1.1189613,-1.0288697,-0.42215204,1.4811766
E2L8_CACTGGGGTGTACGCC_s6,0.5208999,-0.42681226,0.24690677,0.25670367,-0.42316467
E2L8_TTTCGATAGATAGTCA_s6,1.0948322,-0.33595872,0.460958,-0.3296411,-0.66797006
E2L8_GAGGCAATCTCAAAGC_s6,0.3519328,-0.13824156,0.09778102,0.0061700046,0.15740746
E2L6_ACTTCGCAGTGATCGG_s6,8.151253,-0.6249458,-1.7998618,-0.38285783,1.0719512
E2L2_GATGGAGTCCAATGCA_s6,0.5512927,-0.42177117,0.22567564,0.74411356,-0.4780222
E2L3_CCACGAGTCGGTCTGG_s6,0.833583,-0.5024694,-0.6170679,-0.62752265,0.38617378
E2L3_AGGTTACTCGAAGGAC_s6,8.063196,-0.09045684,-0.7422249,-0.5983295,1.4226186
E2L7_GTTTGGAGTTACTCAG_s6,0.4354543,-0.26007062,0.07308389,0.66504616,-0.15635449
E2L4_CTACATTGTCAGACGA_s6,0.6372131,-0.2156803,0.35890228,0.3442363,0.85799336
E2L7_GAAATGACATCGATGT_s6,8.118275,-0.52025974,-0.8179059,0.8790207,0.86830735
E2L7_GCGTTTCTCTAGGAAA_s6,-1.0084989,2.872338,-0.12520465,-0.33157068,-0.67684406
E2L5_CACGTTCCAGCGCTTG_s6,7.149944,-0.22920108,-0.9028896,0.0710931,1.8644637
E2L3_TCTCAGCCAGTGACCC_s6,1.0750654,-0.5340768,0.5988444,1.6716272,-0.5536897
E2L1_TCTCTGGTCTACCTTA_s6,7.665742,-0.72744405,-1.0231601,0.2717821,0.42211002
E2L4_CTTCCGAGTCGAGTGA_s6,-1.2237972,2.391349,0.09922228,0.6256376,1.4792266
E2L3_GTCGAATGTCCGTTTC_s6,-0.9808644,2.8664644,0.058297075,0.4149682,0.29345557
E2L3_CTTTCGGCACGGCGTT_s6,0.5939385,-0.032847665,-0.14336213,-1.3144099,1.2318715
E2L5_TCTACATAGAAACACT_s6,8.152724,-0.6935315,-0.7176447,-0.21735069,1.1018693
E2L4_CATGGATCACTCCCTA_s6,8.118142,-0.6886153,-0.84681815,-1.0051349,1.8824321
E2L8_GGTAACTTCGAGAAAT_s6,8.011929,-0.4316804,-1.8084272,0.08874552,1.4439316
E2L5_AGAAATGGTGCAGATG_s6,0.08761552,-0.23462828,0.6686941,-0.4967479,-0.45541027
E2L8_CAATTTCAGAGCTGAC_s6,8.326657,-0.28431758,-1.2644513,0.24971277,1.0678229
E2L6_TCATTGTCAACTGCTA_s6,0.60708994,-0.29928586,0.3424848,-0.37590683,0.2652616
E2L1_GACTCAATCATGGGAG_s6,8.169254,-0.50046575,-1.3775327,1.5135794,0.054571033
E2L5_ATGAGGGTCCCATAGA_s6,7.4994254,-0.2406506,-1.4054835,0.5689974,0.86202985
E2L4_TACTTGTCACCCTTGT_s6,7.739823,-0.26728985,-0.9984837,0.44210988,1.4004748
E2L1_AGATAGAAGGATTCAA_s6,7.3562546,-0.24332273,-1.1857169,-0.27527106,0.8271774
E2L7_GCGTTTCCATGGGAAC_s6,0.525917,-0.03455374,0.08255922,-0.14787555,-0.62133527
E2L3_CGAGGCTTCAGTGATC_s6,8.033287,0.1037494,-0.7023752,0.4069096,0.8745229
E2L1_TGTTCATGTACAGTTC_s6,0.37996465,-0.19590878,0.53667724,-0.35648578,-0.25589973
E2L7_GGGAGTAAGAGTCAAT_s6,-0.5769721,2.2812917,-0.56384563,0.11734712,-0.46627355
E2L2_AAGGAATTCGCCCAGA_s6,1.0728769,-0.28180465,0.12614904,-0.14541404,-0.64611286
E2L2_GTCGAATAGCTCTTCC_s6,8.221538,-0.78068656,-1.2247789,-0.73163867,0.7901415
E2L6_CAACCTCTCTCTCCGA_s6,7.3967247,-0.59920466,0.012496401,-0.12585723,3.0382373
E2L2_GGTAATCGTCGAAGCA_s6,8.239423,-0.5791015,-1.4292805,0.6009513,1.8203788
E2L1_TACAACGCAACTTGCA_s6,0.3645293,-0.022390652,0.39658216,-0.0014165342,-0.85947555
E2L6_TCATATCTCCATTGTT_s6,7.9418244,-0.60413736,-1.3122205,0.11353429,1.8236668
E2L5_AATTTCCAGGAACGTC_s6,0.440318,-0.13680956,0.20904511,-0.031201854,0.020958453
E2L1_TTGAACGCATGCACTA_s6,7.842849,-0.76667696,-1.1331791,0.83690315,1.1301032
E2L8_GTTCTATGTCACTTCC_s6,0.3101261,-0.20929559,-0.06640667,-0.1868474,0.20696998
E2L7_AGCTTCCGTCACAATC_s6,6.8439217,-0.5334325,-0.99487054,1.2422491,1.3681707
E2L7_ACTGTGACACGCGCTA_s6,8.028114,-0.25804058,-0.890988,0.9327491,1.0798261
E2L3_GGTAATCCAAACCGGA_s6,-1.0329258,2.7279172,-0.3104062,-0.21449816,3.0540783
E2L8_GGTGTCGCAAGCACCC_s6,8.620956,-0.26644367,-0.8407965,-0.5964968,1.5276601
E2L8_GGGTGAATCGAGCACC_s6,7.1766763,-0.06633759,-0.54139555,-0.47214627,0.5941206
E2L8_CCAATTTCAAAGCTCT_s6,0.70979553,-0.07466088,-0.19281003,-0.49394542,1.6295407
E2L1_ATGGAGGTCGGCCTTT_s6,7.685024,-0.8940213,-1.01579,0.71213996,1.2438633
E2L7_GCATGATTCGGCATCG_s6,-0.04241213,-0.013029788,0.13749686,1.3271012,-0.6419613
E2L7_CGTGAATTCATGAGTC_s6,0.5548232,-0.28477213,0.24560916,-0.47116843,1.456813
E2L2_CCTAACCGTAGCTCGC_s6,7.952539,-1.1008189,-1.2869694,1.4726832,0.5246359
E2L8_TCTGGCTTCCGCAACG_s6,0.9101577,-0.29031527,-0.015584551,-0.7385311,0.16798332
E2L1_TGCGGGTTCTAGGCCG_s6,0.82089806,-0.28632218,0.017509503,-0.28732204,1.3993881
E2L6_CTTACCGGTATTTCCT_s6,5.8471794,-0.50459325,2.0652976,-1.350533,3.0582886
E2L3_AATTCCTTCCGGACGT_s6,0.81333876,-0.65611374,0.7005548,-0.41652572,-0.2452468
E2L7_CGTTGGGGTCCAGCGT_s6,8.188954,-0.3267827,-0.886958,0.46922755,0.39978382
E2L2_CATCGGGTCCTACGAA_s6,8.503767,-0.42689827,-1.0310568,-0.90496737,1.3769159
E2L7_GTCGTAAGTACCACGC_s6,7.7508593,-0.58915514,-1.0777695,-0.3659631,1.3854877
E2L2_GGTAACTTCATCCTAT_s6,8.265811,-0.43743733,-1.023555,0.43359512,0.6558367
E2L8_TGGAGAGTCACATCAG_s6,0.6080777,-0.4357036,0.10473569,1.0432267,-1.5321951
E2L5_CTCTGGTAGGTCATAA_s6,7.7383876,-0.65971565,-1.3254079,0.3075804,2.054374
E2L7_GATGACTAGTATGATG_s6,0.7204814,-0.45012635,-0.26644975,-0.16196747,1.5934803
E2L2_CCTCAGTCAGCTACTA_s6,0.5098883,-0.07853029,-0.26240432,0.26305902,-0.6639249
E2L8_AGGCTGCGTGAGGAAA_s6,7.502894,-0.11158442,2.3874292,-0.7958409,1.9104466
E2L3_TCAATTCCACACCTGG_s6,8.235942,-0.4385817,-1.2838929,0.8703821,1.9868402
E2L8_CTCAAGAGTCGCGGTT_s6,7.8681674,-0.8760656,-0.5679733,1.9588722,0.99576473
E2L5_GTATTTCGTGGCTGCT_s6,0.24075726,-0.57476914,0.3155758,1.5439982,-0.7270632
E2L4_GCCCGAAAGCAGCGAT_s6,0.79461807,-0.31849822,-0.6550711,-0.61156994,-0.08470726
E2L5_TAAGTCGTCAACTACG_s6,0.65548253,-0.19960892,0.24982285,1.0704831,-0.9061235
E2L4_TTGCTGCCAATCCAGT_s6,0.35641694,-0.2737158,0.288261,1.0660703,-1.128906
E2L2_GACTCTCCAATTGCAC_s6,8.462196,-0.7836782,-1.3343045,0.78580475,0.12746087
E2L3_TCCATGCCAACCAACT_s6,7.23646,-0.57237136,-0.8797332,0.93783176,1.4402301
E2L4_AAGTTCGTCGTGGGAA_s6,8.207118,-1.1175122,-0.95556,-0.043141335,1.3871769
E2L1_TTCTAACTCTTCGTGC_s6,0.8969645,-0.2677412,0.2800622,0.12945297,-0.4871731
E2L2_ATGGATCCAGCTCATA_s6,-0.12373413,-0.10316939,0.27296314,-0.64349675,0.7543848
E2L7_CGTTAGACAATTGAGA_s6,8.173061,-0.3022341,-1.578225,0.23108998,1.3547032
E2L8_CTGAGCGTCCCAAGTA_s6,7.71025,-1.0431964,-0.9851522,-0.023326084,0.675576
E2L2_AGAACCTTCTAGAGCT_s6,-0.8516092,2.1581855,-0.21392417,-0.03728597,0.6586361
E2L6_CAGCCAGTCAAACCCA_s6,7.263616,0.214265,-1.1359681,1.4630061,0.29105157
E2L1_ACCATTTCAATCCTAG_s6,0.31158602,-0.25010154,0.103330664,-0.6518647,-0.40757987
E2L6_CGTGAATTCTTGGTGA_s6,-0.2678429,2.8174756,-0.1006023,-0.17850827,2.5894787
E2L3_TCCTCGAGTGGTCCCA_s6,6.4613743,-0.32126302,1.9673798,-1.1124402,1.9489598
E2L7_GGAAGTGAGCATACTC_s6,-0.19728595,-0.18249889,0.7622773,0.04178311,0.008030146
E2L7_GCCCAGAGTATGCAAA_s6,8.436065,-0.48688376,-1.1800206,-0.21480489,0.7506838
E2L5_CGTTGGGGTGACCGAA_s6,0.90581167,-0.549081,-0.18928593,-0.06619839,-0.9462359
E2L2_GCATTAGGTCTCCTGT_s6,7.874905,-0.8136365,-0.9676272,0.18400474,0.88816667
E2L1_ACACGCGAGAGAGGGC_s6,7.2359233,-0.18360294,-1.4107635,0.49533576,0.63349295
E2L2_TTCGGTCAGTACCGGA_s6,7.306793,-0.10310219,-0.26016796,1.4638529,0.36013207
E2L4_CTCCTCCAGAAGTCCG_s6,-1.0280843,2.4399254,0.11330086,-0.72392964,0.5535328
E2L7_ACTATTCAGATACCAA_s6,-0.7006575,2.501506,-0.062047772,-0.5822464,0.9506855
E2L2_TGTAGACCAATTCGTG_s6,8.68288,-1.048391,-1.2341627,-0.24219017,2.424194
E2L1_GAGTTTGAGGAACGCT_s6,0.5941658,-0.06515479,-0.19602367,-0.02075097,1.4052794
E2L5_GAGAGGTGTAGCTTGT_s6,8.090808,-0.10975295,-1.2374958,-0.09477268,1.8120456
E2L2_TTTCACACAAGCGCTC_s6,6.4794517,-0.010982115,2.7703638,-0.33856356,0.739049
E2L5_TCGTGCTCAGAGCCCT_s6,6.9421644,-0.48293224,2.532945,-1.7641512,0.76597106
E2L4_AGCGCCAGTCAAAGTA_s6,-1.239835,2.9081397,0.58618736,-0.27728677,0.25431657
E2L8_AGGGAGTTCGTTACCC_s6,7.6959596,-0.61661416,-0.53501123,-0.92967916,0.8615515
E2L5_GTGAGGAGTGTCCTAA_s6,7.9186144,-0.40267512,-1.0753994,-0.29548666,1.2716722
E2L5_TTGACCCAGACTAAGT_s6,7.8777437,-1.0817858,-1.0596695,1.4606035,1.4614056
E2L5_GGGTCTGGTAGCTTTG_s6,0.24293756,-0.3183524,-0.18647012,0.25600493,0.12839645
E2L6_TCCATCGCATCCGTTC_s6,0.7230668,-0.45199353,0.171862,-0.3300751,1.6314398
E2L5_CGTGATATCATTCGTT_s6,7.937058,-0.4830995,-0.5947472,1.4665602,1.9011725
E2L6_GAAGCCCTCGAGTCCG_s6,7.8794208,-0.07120583,-1.0182434,1.5162673,1.1473653
E2L3_CCCAACTGTGGCCCAT_s6,0.9339812,-0.36151248,0.3482831,1.7170966,-0.19357118
E2L2_CGAATTGTCGTAATGC_s6,7.44668,-0.51216966,-0.02933745,-1.1564573,1.115053
E2L6_TGAGGGATCATTGGTG_s6,8.425402,-0.7344158,-1.3135121,0.4438848,1.583251
E2L3_CACAGATTCAAAGGTA_s6,0.76415235,-0.011348791,-0.12612522,-0.02799721,-0.3348123
E2L4_GTTACCCAGCGATTCT_s6,-0.6085739,2.8907866,0.021276,-0.0617615,0.4349463
E2L2_AGACCCGCAGCCGGTT_s6,0.9977036,-0.35796958,0.06955371,-0.12282853,0.124712855
E2L1_GGCTTGGTCCCGTGTT_s6,0.6166662,-0.33366,0.5895187,0.09079859,0.27478507
E2L4_CTAAGTGCATACAGAA_s6,7.7845526,-0.13602078,-1.020567,-0.97712183,0.12377125
E2L3_CGAGAAGTCACGGGCT_s6,0.25942466,2.3502016,0.5187951,1.1552913,1.6978085
E2L5_GAGTGAGCATCACCAA_s6,0.92625695,-0.13977268,-0.17407015,-0.29274046,1.3952236
E2L6_GAGTCTAGTACCACGC_s6,7.4040866,-0.474522,-1.0315412,0.37209463,1.62343
E2L6_GATCACAGTTGTCTAG_s6,0.3043778,-0.02198213,-0.42018542,1.3530116,-0.8233167
E2L7_GGGAGATCAGTAGGAC_s6,7.956312,-0.47701547,-1.0983608,0.16925544,1.4735929
E2L4_CAACCTCAGTATGACA_s6,0.6295806,-0.18143037,0.33288577,1.6895066,-0.8946878
E2L5_CTAACCCAGGTAAGAG_s6,0.70695025,-0.17227736,0.43216798,0.03545852,1.4327359
E2L7_CAAGAGGCATGTTTGG_s6,7.673136,-0.42063537,-1.3930392,0.8335413,0.82341164
E2L1_AACCTGAGTAGACGGT_s6,0.9795462,-0.32870626,0.25817078,-0.5526044,-0.23519897
E2L4_AGACCCGAGAGTGTTA_s6,8.184195,-0.1954845,-1.3519107,-0.21205787,1.3311601
E2L2_ATGATCGTCACCATAG_s6,0.5753519,-0.34318584,0.14066227,-0.52007186,-0.46605152
E2L6_AGTTAGCAGTGCAAAT_s6,8.440468,-0.20861211,-0.6786706,1.5762668,1.4690347
E2L4_TTGTGTTCAGCTGTGC_s6,0.34977525,-0.48645487,0.48497602,-0.78180677,-0.22260168
E2L1_CCCTAACAGTGCTAGG_s6,8.206981,-1.0897882,-1.572791,0.43521237,1.18371
E2L3_ACACGCGGTGTTCCAA_s6,8.300489,-0.19820449,-1.0870252,0.19026427,0.98969924
E2L5_TCCACCATCGATGCTA_s6,7.4540854,-0.18341239,-0.66669154,0.91005737,1.3686025
E2L4_ACGTCCTGTTCCTAAG_s6,-0.7819725,2.8738902,0.2481581,-0.33974242,1.1757482
E2L1_TCATCCGAGAAGCCAC_s6,8.004378,-1.1028383,-1.0688161,-0.4502071,0.7896855
E2L1_ACTATTCAGCCTGGAA_s6,9.115311,-0.29007077,-0.9450582,0.030362368,0.7983105
E2L6_GTTGTGATCTAGCCTC_s6,0.3964118,-0.40650114,0.13357115,-0.41310316,0.9407793
E2L6_TAGATCGGTCGGTAAG_s6,-1.0332177,2.9132113,0.31118804,-0.77804416,0.8756881
E2L1_GGAATGGGTGTCTTGA_s6,7.526438,-0.3876357,-1.2241842,-0.1892623,0.7077979
E2L4_CCATAAGTCCGAGATT_s6,6.742222,-0.25979692,1.4799045,-0.06653999,1.5195037
E2L7_TTTCACATCTACTATC_s6,-0.7131729,2.4340358,-0.41929963,-0.10274976,2.7708178
E2L6_ATTTCACAGCGCATCC_s6,-1.346679,2.5939724,0.3233507,1.5498165,0.4650398
E2L1_GAGTGAGCACACACTA_s6,-0.58014685,2.7318187,-0.44612968,0.20927109,1.5030806
E2L2_GAAGCGAGTTGATCGT_s6,-0.61823994,2.716972,0.14502278,0.096848935,0.9517876
E2L6_CTAGGTACACTCCCTA_s6,0.5356667,-0.22234671,0.041347176,-0.123115174,1.4822454
E2L6_TGTGCGGTCGTGGCTG_s6,8.199064,-0.6546303,-1.2083824,0.6306337,1.0845456
E2L4_CGTTCTGCATCCCGTT_s6,0.4505188,0.01757846,0.13696468,-0.23047589,-0.51428753
E2L2_TACAGGTGTGCAGATG_s6,-0.88148946,1.8985932,-0.18192776,-0.6379739,1.5575895
E2L3_TTCCTTCCAGGAATCG_s6,7.363878,-0.5846131,-1.2349875,-0.54567325,1.8343523
E2L6_ATAGACCGTACGTGAG_s6,0.7821405,-0.30304956,-0.19204701,-0.03129533,0.25771993
E2L8_CTCCGATCAACGACAG_s6,7.661893,-0.47622856,1.5260671,-0.2989636,3.0106313
E2L2_CAATACGCATCCGAGC_s6,8.314854,-0.3572326,-1.3807563,0.82218283,0.556634
E2L3_TGTTCATCACGCCACA_s6,1.0047888,-0.40389422,-0.3585498,0.38030946,-0.8545053
E2L2_TCACAAGCATTGACTG_s6,-0.72236985,2.407568,0.03048458,-0.045411527,1.3603519
E2L1_ACCTACCCAACAAGAT_s6,7.0239305,-0.48081017,-0.75423914,-0.07769166,-0.010880321
E2L7_CCCGAAGCATGAATAG_s6,7.4845037,-0.73807096,-0.9802269,1.6485981,1.5821117
E2L5_CCGTGAGGTCAAGCCC_s6,8.515305,-0.22154081,-1.9741197,0.60842246,1.2449975
E2L5_ACTGATGTCGCAGTTA_s6,0.5583932,-0.22117302,-0.386349,0.10663773,0.2669141
E2L1_TCGTGGGCACGTAACT_s6,8.021332,-0.085691676,-1.2267358,0.44363362,1.1281121
E2L4_CAGCAGCTCCTGGGTG_s6,8.437813,-0.8264869,-1.036072,0.05070561,0.86851573
E2L7_TCTGTCGAGTGCTCAT_s6,6.461141,-0.352885,-1.1536603,-0.011440024,2.6093345
E2L1_TAGGTACAGTTCTACG_s6,8.231393,-0.9364857,-1.424151,-1.1383713,0.85370016
E2L6_CAACAACCACGAGGTA_s6,0.1935167,-0.1228915,0.31015494,0.13094378,-0.31947464
E2L8_CCTAAGATCATTTGGG_s6,0.8579458,0.0749696,-0.39834687,0.046971545,-0.010717213
E2L1_TTTACGTCAAGACGAC_s6,8.139002,-0.9758808,-1.3260435,0.34573776,1.2240882
E2L3_ATGATCGTCTCTTAAC_s6,-0.7103782,2.69866,-0.009143317,0.9761999,0.3588551
E2L3_TGTTGAGAGTGCAGCA_s6,6.483905,-0.36255413,1.8751093,-1.2771896,2.0004432
E2L2_GTAGGTTCAGTATGAA_s6,-0.371127,2.5277987,0.34960625,-0.75343394,1.5712214
E2L2_CCCAACTAGTAGGTTA_s6,8.894696,-0.920946,-0.911717,0.81235635,1.1799297
E2L7_TGATGGTCAAGTTCCA_s6,8.004333,-0.8294772,-0.91361314,1.0660435,3.015767
E2L2_TTCAATCTCCATCGTC_s6,5.733619,1.7116575,-1.109047,1.2433174,1.2054024
E2L4_GAAATGACAACTACGT_s6,7.889556,-0.52085817,-1.1646585,1.4832431,1.5134798
E2L1_GTAAGTCCAGCGTGCT_s6,7.3722706,-0.5704595,-0.7853622,0.7555897,1.0860307
E2L2_GCATCTCTCCCGATCT_s6,0.4090055,-0.26429003,0.54273313,-0.16779932,-0.33383232
E2L5_CTCCGATAGGAGAGTA_s6,8.221823,-0.5468963,-0.74747056,-0.10132136,2.3006823
E2L4_TGTAACGGTACAGCGA_s6,-1.479929,2.7767134,-0.23465456,0.17689927,1.6433845
E2L7_TCACAAGTCTTCGCTG_s6,-1.0889816,2.1461828,-0.35121965,0.21051942,-0.26109102
E2L7_GTTACAGGTCCGGTGT_s6,6.0333757,-0.5776666,2.2090256,-0.33412772,1.7625498
E2L7_CATGCAAGTGCTATTG_s6,0.82407427,-0.27877572,-0.27766725,1.081489,-0.15030906
E2L1_TACCTCGCAAAGGAGA_s6,7.5109487,-0.7322705,-1.1475315,0.8657954,1.0679817
E2L5_CTCCACAGTCACTTCC_s6,7.025058,-0.34069756,-1.3254322,1.6383297,0.33976263
E2L8_GTCACTCTCCACATAG_s6,7.9657693,-0.5958739,-0.98392415,0.13074961,1.8239279
E2L6_TTTGATCCAGCTAACT_s6,0.58936965,-0.2793647,-0.19294177,1.3872677,-0.67885
E2L5_GTTGTGACACTCGATA_s6,8.4830065,-0.879017,-1.4040928,0.69340724,1.0812389
E2L6_TGCTGAACAACATACC_s6,7.2635064,0.6043655,-1.1535597,1.1631253,1.0761517
E2L3_ATCGTCCAGCGTTCCG_s6,6.3596535,-0.7997754,2.0081964,-0.5924355,2.132636
E2L3_ACCTGTCAGGGCTTCC_s6,-1.1673563,2.876693,0.40605506,-0.12502614,1.1699922
E2L1_AACTTCTAGGGACCAT_s6,7.510337,-0.5286511,-0.6169687,-1.3455809,1.0133085
E2L7_GGTAGAGCACAGTATC_s6,-0.552494,2.9728813,-0.32449964,1.0685563,1.0177158
E2L6_GTTACCCAGACAGTCG_s6,0.5064548,-0.087170124,0.22541687,1.1562215,-0.21484831
E2L3_TCTACATTCTCTCGAC_s6,0.34855306,-0.4254641,0.41741818,-0.05145693,-0.081869066
E2L5_TGATGGTCAAACAGGC_s6,0.57284695,-0.18036978,0.28768998,0.37488717,-0.6529808
E2L2_AGTAGTCCAATAACCC_s6,7.810302,-0.5881296,-0.63298255,0.08087529,2.1510162
E2L3_CTCAGTCAGAGGCGGA_s6,0.71613145,-0.4637857,-0.09897693,-0.7088221,1.3380711
E2L2_AGGCATTCATTGAGCT_s6,6.3320694,-0.45542473,2.4759784,-0.8188977,1.9149857
E2L8_TCGGTCTAGAGGCGTT_s6,0.3057289,0.09960004,0.28414622,0.31932852,0.11945957
E2L8_ATCGCCTTCGCCAGTG_s6,8.369,-0.44783896,-1.0195192,0.23450792,2.0991569
E2L3_AATGGAATCACACCGG_s6,7.957527,-0.4009408,-0.6215604,0.29356205,1.1304663
E2L3_GAAGTAATCTCGTGGG_s6,0.27501646,-0.23682936,0.8263478,-0.14566608,0.23590031
E2L5_GCTGAATGTTGCAAGG_s6,4.3989167,-0.036981247,-1.3078538,2.131635,0.41130075
E2L3_GGAGCAATCCATACTT_s6,8.572528,-0.32637957,-0.96659166,0.76025194,0.66094977
E2L7_TGTCCCAGTCTTCATT_s6,0.57413465,-0.34704137,0.12300999,-0.26805836,0.95888245
E2L3_AACTTCTAGGCTCACC_s6,8.39756,-0.36252347,-1.2811121,0.3793599,0.5004066
E2L4_CATTCCGTCTCGTGGG_s6,0.5224231,-0.110580176,0.06383369,-0.32753223,2.2085953
E2L2_GGCACGTGTAAGCAAT_s6,8.456402,-0.25860244,-0.98281157,-0.38267583,0.5669607
E2L8_CCTACGTGTAACGGTG_s6,7.2464204,-0.64698505,-1.0104579,0.95078325,1.1515843
E2L1_GATCATGCATTCACCC_s6,7.542159,-0.09958625,-0.66191673,-0.27306932,1.2688026
E2L8_GACTTCCCATCGATAC_s6,-0.23881814,2.784371,-0.11543504,-0.2625373,1.470174
E2L8_ATGTCTTCAGCTGCCA_s6,0.2809126,-0.12838535,-0.109212995,1.5632453,0.1463576
E2L1_TAACTTCTCTCAACGA_s6,0.48450977,0.3695662,-0.06714487,0.18764804,0.9975523
E2L7_AGGGTTTAGTTTGCTG_s6,6.1243553,0.49565437,0.5151231,1.7649907,1.3835506
E2L2_TCCACCAAGCTGGAGT_s6,7.8331347,-0.3707272,-0.6873494,-0.12531894,1.1258693
E2L7_GTTTGGAAGCTGTGCC_s6,0.9553094,-0.15772712,0.1330227,0.9280045,-0.40298197
E2L3_GTGTAACTCTCTCAAT_s6,1.0473356,-0.41028014,0.12575817,-0.6099433,0.341928
E2L8_ACTGTCCCAGCTATTG_s6,0.5887419,-0.33555496,-0.8138833,-0.73936963,1.4525518
E2L1_CATTCTAGTGGCTTGC_s6,0.3426598,-0.004772395,0.06974865,-0.58127105,1.0637174
E2L7_CGGGCATTCATTGCTT_s6,7.941934,-0.18581367,-1.008579,-0.31485376,1.5516565
E2L7_TCAGGGCAGATGATTG_s6,7.6852946,-0.21763626,-0.7572514,0.3224964,2.1078162
E2L1_CGTTCTGCAAATGGTA_s6,8.013349,-0.76123327,-1.312398,-1.173317,1.6075822
E2L5_CTCCGATCAGCTACCG_s6,8.265499,-0.8935882,-0.8157437,-0.66795504,1.7468812
E2L1_CTAACCCCAGGCATGA_s6,-0.45563412,2.3408654,-0.26460564,0.8334363,1.3903015
E2L8_GCCATGGAGCCTCTCT_s6,8.293353,-0.6319503,-1.2385858,-0.97620803,0.82337224
E2L4_ACGTAGTCATAAGCGG_s6,7.1834073,-0.36143005,-0.8781312,0.119219854,0.85387754
E2L7_ACGTTCCCACAGGATG_s6,7.0590467,-0.261301,-0.53888893,-0.8343758,2.2346969
E2L6_CAACAACAGCGCCTCA_s6,8.365184,0.00034083799,-0.7075459,0.22501418,0.79942644
E2L7_ATGGGAGCATAGGTAA_s6,7.8238387,-0.25550634,-1.199683,-0.4146685,0.98509
E2L5_TCACAAGCATTCACCC_s6,6.3695846,-0.31241474,1.8001637,-0.94844675,1.0239756
E2L6_TCAAGACGTCGTGGTC_s6,7.8994927,-0.25490177,-0.9897947,-1.2269969,1.76487
E2L8_TCGAAGTCACTTACAG_s6,7.9554935,-0.30943722,-0.5021609,0.22164093,2.4135268
E2L2_ATTTCACTCGGACCAC_s6,0.29454738,-0.26427487,-0.76800483,-0.32055062,-0.51947093
E2L8_ACATGCAAGCAGGCAT_s6,0.7033476,-0.2476699,-0.20393386,0.55056226,0.8020049
E2L1_GTCTTTAGTTCCATTT_s6,0.5653134,-0.4764367,-0.2910985,1.6769828,-0.55971473
E2L2_AGTAGTCAGACTCTTG_s6,6.4787197,-0.56837606,0.040357597,1.440759,0.5205233
E2L2_AAGACTCAGCTGGTGA_s6,-1.5321305,3.2128606,0.7975685,0.17747915,0.5195267
E2L2_GTCACGGAGGGTTGCA_s6,8.075553,-1.3842556,-0.72104377,-0.5395709,1.4070731
E2L8_GACTATGGTCTCTCAC_s6,-1.392976,2.8172991,0.18203966,0.21131381,1.4976513
E2L6_TTAATCCCACCCTGAG_s6,0.42296794,-0.33803892,0.33978885,-0.66777384,0.9304786
E2L2_TGCTTGCCATGCCGGT_s6,8.186386,-0.29204738,-1.5812817,-0.74568516,1.6201818
E2L4_CCTAAGATCAACTGGT_s6,-0.7128488,2.2582915,-0.44189554,-0.48321873,0.76976925
E2L1_CTGTACCAGACGAGCT_s6,7.3205776,-0.3397829,-0.42068118,-0.14622775,1.3427792
E2L2_CTTCAATAGTATGGCG_s6,7.4067736,-0.13854414,-1.1329174,-0.37555832,0.76395005
E2L6_CTTCCTTCATCAGCGC_s6,1.0080132,-0.42959744,-0.17682922,-0.39974433,1.2357657
E2L2_CCTCCTCAGAAGTCCG_s6,5.6841316,1.2985935,-1.4192138,0.7274099,0.41644692
E2L1_ACTATCTTCCGATAGT_s6,7.7618775,-0.7565551,-1.3343947,-0.52337897,1.3957453
E2L5_ATTCATCAGTAAACAC_s6,1.2498283,-0.06917394,0.026802873,-0.45789376,0.24131253
E2L4_GCTCAAATCCGCGATG_s6,8.0564,0.07884735,-0.23261943,-0.2956316,0.56856966
E2L6_AACCTTTCACGATTCA_s6,-0.7811845,2.606623,0.02418687,0.35221034,-0.6193259
E2L6_GACAGCCCAAGGCAAC_s6,7.904964,0.06479494,-1.2958076,-0.4246369,1.7195215
E2L1_CAGAGCCAGATCCCAT_s6,0.718444,-0.042837407,-0.18498063,0.77021664,-0.335884
E2L6_ATTCCATGTAGAATGT_s6,8.295082,-0.6509915,-1.3670086,0.85828763,1.2029161
E2L2_AAGACTCAGTAGCTCT_s6,5.7293367,-0.1136705,-0.1708318,-0.20596422,1.4079647
E2L8_ATTCCTATCTACGGTA_s6,0.967174,-0.36809665,-0.14480132,0.043761075,1.868784
E2L4_CTCACTGGTAAGACCG_s6,0.43681335,0.10580031,-0.04797624,1.4138584,-0.11854565
E2L5_GGCTTGGCACAACGCC_s6,7.2498846,-0.16277276,-0.5240604,-0.081608966,0.53951275
E2L6_TTGATGGTCTGTTCAT_s6,0.31059134,-0.10015114,-0.2876782,-0.41648275,0.16868567
E2L5_TTAGGCAGTGTCGCTG_s6,-0.95388347,2.6253111,0.07383214,0.06169036,0.6103747
E2L3_GATGAGGCATCATTGG_s6,7.6594906,-0.54599077,-1.4180809,0.816661,0.96192575
E2L7_ATCGGATGTTGCCAAT_s6,8.703228,-0.11666015,-0.9251717,1.0564065,1.3796995
E2L2_GCCCGAACACTTACAG_s6,6.902294,-0.27403823,-1.08206,0.9267672,1.613083
E2L6_CTCGAGGGTTTGATCG_s6,0.7251592,-0.23928696,-0.40967014,-0.71908224,0.25491235
E2L4_CTTGATTGTCGCAGTC_s6,-0.5877717,2.890978,-0.18740125,-0.047663122,0.7262926
E2L4_GTCGTAAGTAGCGTAG_s6,7.500764,-0.21872891,-0.88220423,0.013695046,0.50729465
E2L5_CGAGTTATCACTGATG_s6,6.9258327,-0.09944939,1.4717886,-1.053221,1.8089273
E2L4_TCCACGTGTATCTCGA_s6,8.234909,-0.5694619,-1.2912233,0.4103779,1.4709883
E2L1_CGATGCGTCGCTCTAC_s6,7.6807284,-0.585487,-1.367704,-0.8868629,-0.6039469
E2L4_ATGCATGGTCCAAGAG_s6,8.2095585,-0.70540607,-0.24407373,0.49552608,1.5418401
E2L4_ATTGGGTTCGCGTAGC_s6,0.46576026,-0.21719393,0.81908774,-0.32490444,1.1919985
E2L3_TCAGTGACAAAGCTAA_s6,0.23759532,-0.24079756,-0.19620559,0.08201267,1.602696
E2L1_AGTTCGAAGACCTGGA_s6,-0.8065033,2.9686785,0.38034973,0.023759335,2.19146
E2L7_ACTGATGTCCTCTCTT_s6,0.6396331,-0.49890345,-0.18833338,-0.30786496,-0.15200062
E2L7_ACAGCCGGTTGTTGCA_s6,7.4418235,-0.27626663,-1.4227142,-0.31935155,1.040558
E2L7_TTACCGCAGATGCCGA_s6,8.051011,-1.1497034,-0.8497027,-0.11271556,1.4129442
E2L2_GGGCTCAGTCTTCCGT_s6,1.0444169,-0.21243645,0.5904153,0.09267476,0.909791
E2L3_CTTCGGTGTGGGCTCT_s6,0.53109837,-0.2483306,0.9254544,1.5228566,-0.7840797
E2L5_GGGTGTCCAAGAATAC_s6,0.19830558,-0.20500585,-0.50667846,1.2364855,-1.0647354
E2L5_GTGAGGAGTGAATGAT_s6,7.556032,-0.4810551,-1.0143185,-0.42774028,1.5063603
E2L1_TCACATTAGTTGAAAC_s6,-0.6390605,3.1001263,0.44436377,-0.3821248,-0.7321899
E2L5_CACCGTTAGGGTGAAA_s6,7.561527,-0.7756741,-1.2556964,0.48254862,1.08833
E2L6_GACTGATTCATTCGGA_s6,8.156288,-0.55188453,-1.3300214,-0.20741777,0.8868352
E2L8_CTCAAGAAGGTAAGTT_s6,1.1155915,-0.38712183,-0.031239744,-0.5587707,-0.085480064
E2L3_TTACTGTTCATTGCGA_s6,0.34203863,-0.045148488,-0.2216199,0.39375332,-0.95876384
E2L5_AGCGCCATCAAGCCTA_s6,7.5599065,-0.44419068,-0.819316,0.13156708,1.4205104
E2L3_CATTGAGCAAATACGA_s6,0.16454402,-0.3242025,0.20401801,0.14799637,-0.2475467
E2L4_GGCTTGGAGGAGCTGT_s6,0.7510593,-0.5888856,-0.15933229,0.096138194,0.14177161
E2L1_TCTCAGCTCGAAGCCC_s6,8.019833,-0.47250247,-1.1216401,0.042798907,1.8211216
E2L5_ATTACTCCAGCGTAGA_s6,6.8506975,0.09656003,-1.4125615,0.80863285,2.2096252
E2L7_ACTTTCACATTGCAAC_s6,0.4351796,-0.46420696,0.47045115,1.8973596,-0.52286994
E2L1_TGAATCGCATCCGTGG_s6,7.433236,-0.47817147,1.627041,-0.3563658,1.7685337
E2L6_GTCGTTCCAGAGGTAC_s6,-0.13346827,-0.24287306,0.1593407,0.008726761,-0.030427575
E2L5_GTGATGTAGTGGTGGT_s6,8.201296,-0.33729866,-1.6596726,-0.110132456,1.4649405
E2L1_CATACTTAGGAAAGAC_s6,-0.67469794,2.4675567,0.43860692,0.52680403,0.76963335
E2L6_CGAGTTAGTAACTAAG_s6,7.0420704,-0.5108224,3.1229663,-1.179658,0.83285135
E2L5_AGAGCCCCACCACATA_s6,-1.2066019,2.733391,0.5323186,0.69757617,0.22866252
E2L4_ACACAGTTCCGATGCG_s6,8.424138,-0.32522184,-1.2300994,0.48333526,1.4547626
E2L7_ATGTCTTGTCAAGCGA_s6,-0.86541533,2.3150704,-0.05819703,0.50163275,-0.109430104
E2L4_AGGGTCCTCTCTCCGA_s6,7.777187,-0.5694132,-0.8619262,-0.054704964,1.3443117
E2L1_TCCTTCTGTAACATAG_s6,6.995701,-0.55054694,-1.4379233,-0.60210377,1.8307884
E2L3_AATCACGGTGTCATCA_s6,8.221996,-0.85584205,-1.0287125,0.88866186,1.2633374
E2L2_GTTAGACAGTGGAATT_s6,1.0716969,-0.14197962,0.41638398,-0.47412568,-0.2983246
E2L2_CGGGTGTTCGGTAAGG_s6,-1.1848387,3.3821635,1.0398071,0.044585004,1.1323228
E2L2_ATGATCGAGAGAATCT_s6,7.0122013,-0.5429013,-0.99231714,-0.612497,1.4111449
E2L7_CTGCCATCATAGGCGA_s6,8.736877,-0.44987112,-1.0939721,1.5530179,1.6157545
E2L8_GCTTGGGCATGAGAAT_s6,-2.0393224,2.8444135,-0.23715205,-0.8067808,1.6462182
E2L4_CGTTAGACACAACGTT_s6,7.451135,-0.5874694,-1.4140135,-0.8852404,1.2593163
E2L8_AAACCCAGTGAATGTA_s6,7.537281,-0.7350862,-0.90767217,-0.5127782,2.1170177
E2L5_AAGAACAAGTCTCGTA_s6,8.837582,-0.65118885,-1.436927,0.23843895,0.19373247
E2L4_GAAACCTCATGCCATA_s6,0.2507631,-0.2306568,-0.010886434,-0.28020543,0.57008576
E2L6_CTCATTATCAACTACG_s6,7.3619823,-0.3673295,-0.95417136,-0.1662094,1.278527
E2L5_TTCACGCTCCATAAGC_s6,1.1602764,-0.26118323,0.09470202,0.17997587,0.5575903
E2L6_AGTTAGCGTAGACGGT_s6,-0.9340211,2.7987728,0.10578944,-0.45107865,0.60604787
E2L8_GTCAAGTTCACGGGAA_s6,0.19108826,-0.14820573,-0.011291802,0.07616781,0.6609036
E2L5_TAACACGAGTCTGTAC_s6,7.389844,-0.24095447,-1.3755884,0.0174786,0.6390663
E2L4_CGCGTGACACTCACTC_s6,8.484746,-0.7174601,-0.739008,-0.5122124,1.3357543
E2L1_TTTGGTTGTTAGAGAT_s6,8.06324,-0.7819395,-1.5812297,0.7656754,0.41322657
E2L7_CTCCCTCAGTCATAGA_s6,7.297521,-0.07993598,-2.0446312,-0.21033652,1.288839
E2L3_TAAGCCAGTGAGACCA_s6,0.97416747,-0.7082289,0.38213512,-0.7050951,0.76447344
E2L4_CAACAGTCAGAGGTAC_s6,0.58525056,-0.35910875,-0.013148367,-0.20993619,0.12669677
E2L5_TTGGGCGTCATTGCTT_s6,0.47760993,-0.3175289,0.290555,-1.1174655,0.85664654
E2L4_TGGAGAGAGCCTCTCT_s6,0.720652,-0.17024565,-0.014552286,0.13658398,1.19159
E2L6_TCACAAGGTGACGCCT_s6,7.6630054,-0.98565507,-0.7261871,-0.15854393,1.0117911
E2L6_TATTCCAAGGGCTAAC_s6,8.491986,-0.16529095,-0.33435813,0.23914331,1.3767306
E2L8_TAGACTGCATGGGATG_s6,1.0769588,-0.40887234,0.04676668,0.507908,0.5182632
E2L5_GCGGATCTCTTTACAC_s6,-0.44740883,2.231408,-0.009939654,-0.18976036,1.1999462
E2L2_ACCTACCCACTAGGTT_s6,7.4703555,-0.63719493,-0.66064554,0.49845257,1.8657615
E2L4_AAGTCGTGTTGAGTCT_s6,0.3175533,-0.08050508,0.32113972,1.4706682,-1.3449094
E2L3_GTACAGTGTCCGGTCA_s6,0.800121,-0.1707256,0.5490436,-0.048710406,0.5540727
E2L5_GTTATGGTCCGAGCTG_s6,-0.65428275,2.3888733,0.5342077,0.13636099,0.7065612
E2L6_CACAACAGTCTAGGTT_s6,0.37465823,-0.48396605,-0.043337137,-0.7144614,-0.40087086
E2L2_GAGACCCCAATCGTCA_s6,0.32570374,-0.07474973,-0.6999303,-0.002966255,1.5342486
E2L7_GCGATCGAGGGCCCTT_s6,8.001932,-1.1811328,-1.4325978,-0.46765152,1.0625403
E2L6_TGTTGGATCAGGTAAA_s6,-1.1678803,1.9396011,0.300114,0.37753615,1.8373711
E2L1_ATGAAAGAGTGGTGGT_s6,-0.8584288,2.9654627,0.21090087,0.8455641,0.97323716
E2L3_AGTGATCGTTCGGTTA_s6,8.117584,-0.57606375,-1.2095448,0.607608,1.4002839
E2L4_ACCTACCAGTTGTAGA_s6,7.5044184,-0.16721469,-1.4629261,-0.1752812,1.0499334
E2L6_ATTACTCTCGAATCCA_s6,7.8345456,-0.4467301,-1.703246,-0.79598653,1.855149
E2L7_CAGCAGCGTCTCAGGC_s6,8.242474,-0.6944184,-0.9131209,0.8120002,0.5063343
E2L5_GAGGGTAAGGCATGCA_s6,-0.7156128,3.0940363,-0.034780517,0.42807722,-0.42959774
E2L8_AGGTTACTCGTGGCGT_s6,8.042013,-0.8068769,0.60171616,-0.7673651,1.0893009
E2L2_GGGTATTTCAGGAACG_s6,8.17521,-0.6005145,-0.9325013,-0.5181285,1.1111304
E2L1_TACCGAACAAGTGGGT_s6,8.277442,-0.049542874,-1.459978,-0.6763303,1.3936791
E2L8_ATCACAGCATCATCCC_s6,0.74774474,-0.2964178,0.3343994,-0.27039093,0.14891583
E2L6_CATGCCTCACTTCATT_s6,0.34486043,-0.5769974,0.01650349,-0.22124824,-0.15965807
E2L2_GTAATGCAGAAGCGCT_s6,0.072081834,2.1210167,0.5617198,-0.62908655,0.79921186
E2L6_TGGTGATAGCGCCTAC_s6,0.5619062,-0.25919342,0.16029024,-0.34169805,0.067994
E2L6_ATTATCCAGGAGAATG_s6,7.6769304,0.059539676,-1.3659717,0.26900083,1.1227136
E2L1_CTCTCGATCCATACTT_s6,8.087552,-0.796106,-0.2715992,-0.114211015,0.70013356
E2L5_AGAGCAGCATACCAGT_s6,-0.34499714,2.7640135,0.96076405,0.45394254,0.76496553
E2L1_TGCACGGCAAACCGGA_s6,-0.4163254,0.1680711,-0.05317781,1.6647164,0.085333645
E2L4_TTTGGTTCAAACACGG_s6,-0.64128935,2.5343714,0.39071822,0.41165155,0.5255667
E2L3_AAGCGTTCAGACCAGA_s6,7.308518,-0.5167917,-1.2258705,1.2564933,1.9488504
E2L5_GAGGGTAGTCACGTGC_s6,0.5425354,-0.15180129,0.82498884,-0.37774575,-0.056904823
E2L2_ACTATGGTCACTAGCA_s6,0.3227194,-0.4556596,0.5709168,0.24859086,-1.1214912
E2L6_TGACCCTCACAGTCCG_s6,-1.0525832,2.430222,-0.5211995,-0.051903248,1.1360798
E2L7_CATACAGGTCCGGATC_s6,6.9045115,-0.25211883,2.2464755,-0.88431746,2.2175531
E2L3_GAAATGAAGTAGGTTA_s6,7.74568,-0.5534321,-0.5398401,-0.7284299,1.730422
E2L8_CACATGATCTGGCCGA_s6,-0.3427712,2.63249,-0.04896888,-0.20120531,0.8953709
E2L5_ATGGATCAGAGCTGAC_s6,0.66689867,-0.5418418,0.24076423,0.07671714,-0.19341664
E2L7_CATTGAGTCCCGTGAG_s6,7.7528944,-0.6035755,-1.21798,-0.80437165,2.086428
E2L7_TGGAACTTCCAACCGG_s6,0.3357839,-0.29543322,-0.20894599,1.7254275,-0.56713057
E2L6_ATCCCTGCATAGGTAA_s6,8.366463,-0.48883098,-1.4154874,0.9674846,1.4236076
E2L8_ACGTAACTCAGGAAAT_s6,1.1215014,0.03790002,-0.08378037,-0.16740099,-0.065267
E2L5_GGTAACTCAGCGAACA_s6,8.036156,-0.8477107,-1.1830096,0.5295119,1.6882064
E2L2_GATGAGGTCAGAGCAG_s6,7.128256,-0.23007861,-0.74679565,0.60233766,2.2918086
E2L1_TCCGGGAGTTTCGTAG_s6,8.999545,-0.97445095,-1.2899538,1.6935476,1.5121504
E2L1_CCACGTTGTTCTCACC_s6,6.5370703,-0.22952506,2.6652424,-0.8851003,2.0861192
E2L7_TGTTCTACAGTAGTGG_s6,7.724163,-0.4229572,-1.0273155,0.72227335,1.8041898
E2L4_GGGTTTAAGCTTTCCC_s6,0.8078994,-0.48882815,-0.13565958,0.47045732,0.5998641
E2L5_TTCCGGTAGTGGCGAT_s6,8.175023,-0.46375605,-1.0966554,-0.0073675513,1.1024548
E2L4_GCGGAAAGTGACTGTT_s6,8.302975,-0.8105024,-1.1511573,-0.24490432,0.8336227
E2L3_ATCACAGGTCTTTCAT_s6,0.2571784,-0.25879592,0.40988618,0.7278401,0.32529745
E2L4_AACCATGAGCGACTTT_s6,0.57584256,0.026816938,0.27265924,1.4430579,0.47725755
E2L7_GAGGGATAGATGGGCT_s6,-0.7014282,2.5188768,0.3168358,-0.052722424,1.9048684
E2L4_TCCTTCTCATAATGAG_s6,7.559394,-1.0000687,-0.91546565,0.96985286,1.6681966
E2L6_GAGTCTAGTGGCACTC_s6,0.7528162,-0.20692053,-0.44323328,0.42788237,1.3750048
E2L4_GTGCAGCCACCTCTAC_s6,0.9198291,-0.35182735,0.44461024,1.1319008,-1.1549177
E2L3_TTACCGCAGGTTCCAT_s6,7.2305107,-0.88291377,1.5638816,-1.1821129,1.8294857
E2L6_AATCACGTCTCGTGGG_s6,7.467753,-0.31336695,-0.893671,0.6051236,1.2467273
E2L8_TCTCTGGAGTGCAACG_s6,8.5610895,-0.15723455,-0.70438945,0.30464447,2.3302014
E2L3_TCTCACGAGCTAGTTC_s6,-0.89321065,2.7851992,-0.6029792,0.07528122,-0.060910404
E2L4_TAGAGTCAGTCGTTAC_s6,1.0632794,0.19877596,-0.21740918,-0.3986286,0.7472267
E2L8_CAATACGAGTGGAAAG_s6,7.7582426,-0.39245838,-1.1823319,-0.5216951,1.7402089
E2L1_CATTCATAGCTTACGT_s6,0.34160084,-0.07459683,0.38777146,-0.22700556,1.7497947
E2L2_CCTGCATGTTAGCTAC_s6,8.09822,-0.3656879,-1.343582,-0.20008709,0.4021682
E2L7_ACGGAAGGTCAACCTA_s6,0.6029017,0.035864495,-0.5641824,1.4158437,-0.04868433
E2L6_CCAATGACAGGTGACA_s6,7.379279,-0.26542526,-0.9587388,-0.050081596,0.24534246
E2L4_GATGACTAGCGTACAG_s6,0.85860276,-0.18508592,-0.23516801,-0.58037424,0.93072736
E2L6_TCACGGGGTCCGACGT_s6,0.5424526,-0.10100025,-0.012482255,1.3015712,-1.3669137
E2L6_CTGGCAGTCGTGCGAC_s6,8.606281,0.30283165,-2.0600426,0.3862164,1.1838832
E2L6_GTACAACTCCCTCTTT_s6,7.4279904,-0.62542593,-0.6974244,1.0621215,0.73348105
E2L6_TATATCCTCTTAGGAC_s6,8.453638,-1.0490081,-1.6613079,1.1164936,0.41678718
E2L7_TTGAGTGGTGAACTAA_s6,8.519997,-1.1064961,-0.9841859,0.015142947,0.977793
E2L7_AGGTTGTGTAATCAAG_s6,8.1238365,-0.3625299,-0.78729695,-0.029608846,1.5903883
E2L2_AATGAAGGTCAAACGG_s6,7.915772,-0.48452052,-0.7643709,-0.07623193,1.0524197
E2L2_CTTACCGGTCCTACGG_s6,7.909696,-0.4581939,-1.3637937,0.73541653,1.4885454
E2L4_CTGGACGCACTGGATT_s6,0.3510074,-0.38636944,0.24205515,-0.8140061,1.3786163
E2L7_TCACAAGAGTCTTCCC_s6,-1.0896322,2.4473422,-0.05165396,0.1610747,0.9409889
E2L8_GGCTGTGCAGGTGTTT_s6,0.75574166,-0.15280724,-0.33348736,-0.58356225,1.1665051
E2L3_TTACGCCAGACAAGCC_s6,-0.8401111,2.3212612,0.045330122,0.55068827,0.21419057
E2L2_ATTCCTACAAAGGTTA_s6,8.264583,-0.10384594,-1.1705115,0.09331532,1.9615352
E2L5_CACTGTCGTATCTTCT_s6,-0.6014503,2.4738257,-0.2696175,0.23693082,1.8943688
E2L2_CCGATGGGTGTATCCA_s6,0.40722287,-0.34122846,0.43858847,1.047331,-0.9677604
E2L5_GTAGCTACATGCCGGT_s6,0.5775544,-0.17196861,-0.5036883,-0.3267624,-0.20575899
E2L5_AAAGAACAGGTTCATC_s6,7.8544283,-0.10313231,-0.9651994,0.4776425,1.1647341
E2L1_GGGAGTATCTAAACGC_s6,0.52030575,-0.31316334,0.09269876,-0.11968097,-0.30416822
E2L5_GTTACCCCAGGAGACT_s6,0.42273825,0.10189274,0.6346796,-0.1369852,0.16144681
E2L1_CTGTACCCAGATTTCG_s6,0.58435065,-0.29901803,0.33680597,0.6910963,-0.8833967
E2L8_TCCCACAGTGTACATC_s6,8.001277,-0.41840562,-0.9213827,1.174263,1.7216368
E2L8_CATTGTTCATAACTCG_s6,0.6735205,0.1661267,0.35555848,0.28154728,0.086657435
E2L4_AACAAAGAGCCTCTGG_s6,-0.051948424,0.52695966,0.055036895,-0.07369134,1.2854815
E2L6_ATCACTTCAACGATCT_s6,7.658937,-1.1491852,-1.7257407,1.0336134,0.5527601
E2L4_AGGTTGTCAGTCAACT_s6,0.75793386,-0.30583844,0.10862139,0.13602331,-0.6297653
E2L3_CTACCTGGTACGCTTA_s6,0.34065205,-0.5146476,-0.23549682,-0.123512745,-0.2543922
E2L3_GTACAGTAGTACAGAT_s6,-0.8763261,2.510051,0.18185706,-0.07973251,0.56656826
E2L7_CATGCGGGTAGCACAG_s6,8.137065,-0.38060606,-1.0372678,-0.9434231,1.0194911
E2L4_ACGTCCTGTGGTTCTA_s6,7.978185,-0.016547948,-1.4338404,0.41839597,0.21554443
E2L6_TGATGCACAAAGGAGA_s6,8.647202,-0.51095283,-1.2459964,1.0073118,0.6861816
E2L5_TAACACGTCTGTCGTC_s6,0.6575279,-0.2792169,0.17759903,-0.7128366,0.071303755
E2L1_TAACACGCACATATGC_s6,-0.38645977,2.6818027,0.2869284,0.8827275,0.23617944
E2L6_GGTAATCCACACCGAC_s6,-1.1672516,2.8332667,0.77634794,-0.9394264,1.4655037
E2L4_CGGTCAGGTTCGCGTG_s6,0.4669171,0.089251295,0.619507,-0.35429895,-0.18266244
E2L4_TGGGAAGAGGTCATAA_s6,0.25163504,-0.23724438,0.08757591,1.3526169,-0.9977337
E2L3_AGAGAATCACTGAGGA_s6,7.5587077,-0.20853658,-0.86464024,0.7599536,1.1483676
E2L4_TAACCAGAGACCATTC_s6,7.6794934,-0.7368221,-0.9678266,-0.0032667369,1.4342598
E2L7_CATCCACAGATGAAGG_s6,0.22074948,-0.43643725,0.1179336,1.5405592,-1.1434255
E2L6_CATTGCCGTACTGCCG_s6,8.714901,-0.8488042,-0.8980017,-0.68102586,1.0152094
E2L3_GGTAGAGGTGAGCAGT_s6,7.8527584,-0.17810705,-1.5977633,-0.1098742,1.6367558
E2L5_GAGACTTCAAGAGGTC_s6,0.35635382,-0.33361918,0.20358908,-0.42509085,2.414696
E2L2_ATGCATGTCGACGAGA_s6,6.3000655,-0.5819226,3.210532,-0.9818717,1.514035
E2L5_AATGGCTTCGAGAAGC_s6,0.25551885,-0.3054218,-0.22039446,1.2047566,-0.6368182
E2L3_TCTTGCGGTTCTTAGG_s6,-1.4573828,2.770374,0.15894964,-0.65090084,1.2042775
E2L8_GCGTGCAGTAGCGTAG_s6,-0.22525308,-0.39539835,0.5481256,-0.5577799,1.4490286
E2L4_CGAATTGGTAGCGTAG_s6,0.7522697,-0.39435416,0.12986569,-0.5499337,0.32864788
E2L5_ATTACCTCAAGTGCTT_s6,-0.6490655,2.8722522,0.08139472,0.105133384,0.17044738
E2L6_CCTATCGTCGCGTTTC_s6,8.047749,-0.44514003,-0.7062483,-0.78445476,0.9217708
E2L6_AGCGTATTCCATCTAT_s6,7.070852,-0.4359521,-0.023683287,0.1136632,2.2583985
E2L8_AGGGTGAAGAGGATGA_s6,0.6477869,-0.33066168,-0.4729664,1.39031,-0.7660619
E2L8_CGGGACTGTGCAACAG_s6,7.1885505,-0.4051596,1.851605,-0.4660676,1.0739944
E2L2_GTTGTAGTCGAGCCAC_s6,7.8340774,-0.57365346,-0.8225728,0.15593259,0.75606567
E2L2_ACTTCCGAGCGATGCA_s6,7.180347,-0.16004772,-1.5981827,0.51298773,1.417333
E2L4_CTTACCGGTGTGTCCG_s6,0.24302733,0.0193303,-0.14344056,0.57238555,-0.64139724
E2L6_GGAGGATCACCCTCTA_s6,8.210912,-0.6970114,0.02225619,0.8120437,2.2386446
E2L7_GAGGCAAGTATTTCTC_s6,0.9826292,-0.22437507,0.10747691,0.13608705,-0.061559767
E2L2_ACTTCGCAGGAGTATT_s6,1.2731682,-0.31345814,-0.49381667,-0.46070823,-0.9848251
E2L3_GCCAGCAAGTCAGAGC_s6,0.52501166,-0.16321047,-0.6047732,-0.5259806,1.151633
E2L6_CAAGGGACATGTGGCC_s6,7.8369794,-0.85288954,-0.94223994,1.2764034,0.9080218
E2L6_TTCTCTCGTTTGCCGG_s6,-0.3366953,2.4149559,-0.044094786,-1.0029505,-0.3949831
E2L6_ACACAGTAGTTGCTCA_s6,0.5366499,-0.24095093,0.19625852,0.9986877,-0.7199045
E2L2_ATTTACCTCCATTTCA_s6,0.300352,-0.20176859,-0.12391064,-0.347466,-0.023103118
E2L7_ATTATCCAGGACGCTA_s6,-0.12081277,2.5533001,-0.702891,0.2715221,0.10691014
E2L8_CAGCCAGTCCATGCAA_s6,7.2653794,0.26841083,-0.88780123,-0.7569673,0.34635195
E2L2_TCGACGGAGATGGTAT_s6,8.675712,-0.412743,-1.0997993,1.0794575,1.8979294
E2L5_TGCTGAAAGCCTATTG_s6,8.3092985,-0.8270488,-1.6705486,1.155639,1.6673709
E2L3_AGGATCTAGTAATCCC_s6,7.5821047,-0.83080506,-1.3603538,1.2778114,0.54361135
E2L4_GTGCGTGTCTGATGGT_s6,7.9281774,-0.31488946,-0.83160955,-0.47818884,1.2380631
E2L4_ATGGATCTCTACGGTA_s6,8.356016,-0.52130246,-1.15758,0.92692417,1.3744838
E2L7_TTTGATCCACATTCTT_s6,0.58831936,-0.021187063,-0.011990989,-0.6648059,0.01121217
E2L3_TTCCTCTAGCACCGAA_s6,7.520631,-0.40839034,-1.0215333,0.5521788,1.713793
E2L6_ACTTATCCATCATTTC_s6,7.243188,-0.44022244,-0.9551306,0.13628313,1.0093973
E2L5_GAATCACAGCAATTCC_s6,7.6814356,-0.3660726,-1.0980809,-0.49293578,1.4068329
E2L6_CGGGTCATCGGACTTA_s6,7.844162,-0.6546917,-0.96876806,0.071479544,1.3601937
E2L3_CCATAAGAGCTGAAAT_s6,7.273215,0.26519042,-0.78969103,0.29737103,1.415686
E2L1_GAGGGATTCATTTGCT_s6,7.928959,-0.2576652,-1.1933899,0.9199828,1.6406434
E2L5_TCATGCCGTGGCCTCA_s6,0.23227352,-0.3121691,-0.09840034,-0.16115344,0.120976865
E2L6_GATGATCTCAAGTTGC_s6,8.259102,-0.61651886,-1.3889974,0.102185264,0.9675823
E2L3_ATCGTCCCACATAGCT_s6,8.155233,0.12673375,-1.024572,0.34805775,1.9828
E2L5_GTTAGTGTCCATAGGT_s6,0.74541813,-0.18401857,0.07710223,0.15188694,-0.024323761
E2L6_GATCAGTTCGCCGAAC_s6,-1.083791,2.6892533,0.19968468,1.462697,1.5161537
E2L1_ACGGTCGTCGAGTACT_s6,0.67266434,-0.20536284,-0.8314178,-0.31053874,-0.42139587
E2L6_GCTGCAGCACCCTTGT_s6,8.325902,-0.3791836,-0.6719355,0.14548698,1.5198723
E2L6_AGTGTTGTCGCCTAGG_s6,7.843944,-0.36928645,-0.98653114,1.0272332,0.39827412
E2L2_ATTCTACAGGTACCTT_s6,0.5485811,-0.40420824,-0.30204004,-0.14281857,0.01211068
E2L7_ATCCACCCACAATTCG_s6,0.1939676,-0.30388725,0.22629799,1.4579142,-0.3151344
E2L6_AGGGTCCTCCGCACTT_s6,7.648227,-0.104460865,-1.1460584,-0.20638531,1.1814111
E2L3_GTCAAGTAGCGTCGAA_s6,7.574408,-0.8961632,-1.4074218,0.3112262,1.3256066
E2L6_CAGATACAGGGAGTTC_s6,7.1077466,-0.30411136,-1.345633,-0.8744713,1.429834
E2L7_GGCGTCATCGCAAGAG_s6,0.33397397,0.024501674,0.4180408,-0.30248922,0.36658582
E2L8_CGGGTGTGTCGAACGA_s6,7.3167953,0.014605153,-0.43615606,0.107356876,0.51223683
E2L2_CTGTAGATCGACATTG_s6,-1.3672028,2.593898,0.68149054,-0.3762324,1.1469235
E2L5_CATACCCTCTCAAAGC_s6,7.4017763,0.42523897,-1.2713339,0.6173665,0.33065957
E2L8_TGTTCATGTGACTGTT_s6,0.258954,-0.08573568,0.059255026,0.64023125,1.8485247
E2L8_TAACACGTCCTCTTTC_s6,0.45360023,-0.14699224,0.21878183,-0.13931137,0.2517796
E2L2_ATTGTTCTCGTGTCAA_s6,8.218673,-0.7316317,-0.756598,0.14953592,1.0834293
E2L8_TTTCATGTCCGGCAAC_s6,7.2942224,0.101562664,-1.3453007,0.45661187,1.3015836
E2L5_CCAAGCGGTAGCTGTT_s6,8.303426,-0.9588335,-1.2116342,0.87500376,0.78284734
E2L5_GTGCAGCCAAACGAGC_s6,7.774217,-0.42335713,-1.6205525,1.816584,2.0071216
E2L3_TAGAGTCAGAGCAAGA_s6,8.283435,-0.73279184,-0.704504,-0.22024132,0.583174
E2L8_AGGCATTAGTGCAGGT_s6,7.047896,-0.5105582,2.5476494,-0.40120566,1.3143226
E2L1_TTCTGTAGTGCCGTTG_s6,7.7307215,0.097091615,-0.827015,0.33106577,1.7213194
E2L8_GCCATTCAGCGTCGAA_s6,6.674678,0.024717007,2.6920981,-0.3324914,1.6672239
E2L4_CCGGGTAGTCCACATA_s6,7.8309507,-0.39963663,-1.1296082,-0.96875215,0.84870577
E2L6_GTGTGATAGTGTTCCA_s6,7.9860287,-0.13397084,-1.4244725,0.81787044,1.9854133
E2L7_AGATGCTTCGTCGATA_s6,0.5520529,-0.39361387,0.86537737,0.024483725,0.42489517
E2L7_TTTGGTTAGGCATCTT_s6,0.8873957,-0.28805298,-0.825651,-0.43146193,2.1581302
E2L5_TGTGGCGCATTGACCA_s6,8.250672,0.22090724,-0.77495456,0.6627777,0.25249013
E2L1_CTTACCGCAAACGTGG_s6,0.52054334,-0.13473608,-0.2402704,-0.22089879,-0.84405357
E2L3_AGATCCAAGTCCCAAT_s6,-1.121871,2.894725,-0.060578503,-0.4005065,0.99322104
E2L5_GAGTGAGGTAGGGAGG_s6,7.5978956,0.011795051,-1.2756279,-0.9294426,0.6730739
E2L1_ACTTAGGGTGTAACGG_s6,6.625967,-0.24928653,-0.4547239,-0.0054033846,1.2097546
E2L8_CTATCTAAGAGGACTC_s6,8.272549,-0.4405007,-1.3494453,0.5319392,1.0172594
E2L3_CGGGTGTGTGCCCGTA_s6,0.43215254,-0.2700756,0.57306325,0.15893394,-0.48885456
E2L1_CTGGCAGGTAAGCGGT_s6,7.8502803,-0.029641308,-0.59793025,-0.27659336,1.5483193
E2L7_CATGCTCCACGCCACA_s6,-1.0537752,2.6872373,0.21391547,0.5936605,1.2947934
E2L3_AGGGCCTTCGTGGCTG_s6,7.0310926,-0.5948765,-1.4416028,0.77948564,0.4460424
E2L5_GCCAGCATCTCGTCAC_s6,-0.7053292,2.6309054,0.038785264,0.1688923,1.2583638
E2L2_GACTCTCAGGTTATAG_s6,7.8567557,-0.44076827,-1.2326812,-0.45982176,1.0654202
E2L6_CATCCCAGTTCCTAAG_s6,6.382791,-0.019726671,3.0150707,-1.1370789,1.4602551
E2L3_ACGGGTCAGGGTGAGG_s6,8.389391,-0.56827444,-1.298027,0.19305061,1.9715835
E2L1_AGATCCAAGAAACCCG_s6,7.7908854,-0.32307473,-0.5157026,0.15365696,0.9875369
E2L4_CTCCCTCCAGAGGGTT_s6,7.8455086,0.14921714,-1.001403,0.51741475,0.8677286
E2L6_AGACACTGTTGGTAGG_s6,0.84571344,-0.13840893,0.555879,0.102614865,1.0277575
E2L3_TGCGGGTCAAACTAGA_s6,7.9418826,0.19448638,-1.5735415,0.09161113,0.7209109
E2L2_AGTCTCCTCTATGTGG_s6,-0.87891346,2.3012278,0.67307734,0.40647283,0.8832694
E2L4_AACCACAGTACTTCCC_s6,1.208514,-0.65175843,-0.11717857,-0.26349926,1.2566007
E2L4_GACTCAAGTTATGTCG_s6,0.11161441,-0.5007871,-0.17156316,0.5793357,-0.26072052
E2L4_ATCCATTGTTCGGCGT_s6,7.7915354,-0.5654523,-1.1991944,-0.14533085,2.00032
E2L2_GACACGCAGGGCGAGA_s6,0.792861,-0.6092497,-0.2937937,0.20271601,-0.5283148
E2L1_CACATGACAAGCGAGT_s6,8.439875,-0.5215277,-1.1258856,-0.52404374,1.2965709
E2L5_TAACACGAGTATAGAC_s6,8.088741,-0.4977404,-0.87709934,0.089961395,1.7995842
E2L8_CTCATTACAGAACCGA_s6,0.7386373,-0.3594702,0.0019185785,0.10328652,1.6824679
E2L4_GGCACGTGTTGGGACA_s6,7.6275945,-0.6533221,-1.262914,0.52684635,1.6478418
E2L2_AGTGACTCACACTGGC_s6,0.7034633,-0.2548007,-0.11033698,-0.14367786,-0.5179219
E2L8_CTGAATGTCTCCCAAC_s6,-1.1787065,3.032473,1.135019,-0.1120476,0.16686201
E2L2_GGAATGGAGGAGTACC_s6,6.2290382,-0.40322503,2.0833457,-0.560434,1.6972146
E2L7_AAACGCTTCAATGCAC_s6,7.4472423,0.037873913,-1.0168661,0.51984763,0.5409641
E2L1_AGGGCTCAGCGGGTTA_s6,7.7652607,-0.32568082,-0.9992116,0.25137916,2.1606035
E2L8_GTCGCGAGTTTACGTG_s6,6.2512774,-0.05104494,-0.55374825,0.15963474,1.3710977
E2L1_GGGTCTGAGACCTTTG_s6,-0.5691372,2.3411036,-0.91399807,-0.010797992,0.9037383
E2L5_CGATCGGCATTGACAC_s6,7.8432684,-0.51740706,-1.5880631,-0.35917836,1.6191454
E2L2_CCCTAACAGGCACTAG_s6,7.7835484,-0.10628346,-0.98790884,-0.27832165,0.46048287
E2L7_ACAGGGAAGGCATCAG_s6,7.684307,-0.5481643,-0.5481154,0.22130392,0.8183352
E2L8_TCATCATGTTTGAAAG_s6,6.594441,0.029895648,2.5197833,-0.8015005,1.7843858
E2L1_CTCAGAACACTAGGCC_s6,-1.5268029,2.727503,0.49151438,0.59082115,0.7689382
E2L6_GATGTTGTCTTACGGA_s6,0.6431532,-0.17833029,0.39697665,1.1163322,-0.56069696
E2L1_GTGGCGTTCAACTACG_s6,0.25149027,-0.21677774,-0.07815303,0.27000695,1.8005903
E2L3_TACCGGGCAACGCCCA_s6,-0.7651288,2.690303,0.35250953,0.52562517,1.088463
E2L1_CAATACGAGCCGGATA_s6,0.82353294,-0.39467454,0.02880804,-0.29126632,1.4223139
E2L1_CAACCTCGTGTATTGC_s6,6.037696,-0.82476157,1.6249604,-0.1653089,0.89795923
E2L4_CATTGAGAGCTGTTAC_s6,0.4146399,0.034678817,-0.20365916,0.36315882,1.6600419
E2L1_GTACAACAGGACAAGA_s6,7.9156938,-0.61751807,-1.325648,0.9767672,0.95746756
E2L7_ACCCAAAGTTAATCGC_s6,-0.7749497,2.4656045,0.5393546,0.053726643,1.0510399
E2L4_ACTTTCATCATCCCGT_s6,0.63510716,-0.22822434,0.11601772,0.09499726,0.35054252
E2L1_AGACAAAAGATTGACA_s6,8.617192,-0.9651959,-1.7160082,-0.6631687,1.0391446
E2L7_TTTCCTCCACCTCTGT_s6,7.8948474,-0.574617,-0.9655915,0.20111425,1.2943423
E2L8_CGCCATTCACTAGTAC_s6,7.977205,-1.0646409,-1.4027569,0.7065345,2.8662415
E2L3_TTACCATTCATCCTGC_s6,8.072934,-0.71479595,-1.3194302,-0.17075138,0.9106976
E2L4_TAAGCACCACGACGTC_s6,7.2315564,-0.49037012,1.3095844,0.080318674,2.1842241
E2L8_AAGGAATCATCATTTC_s6,0.9493299,-0.029664483,0.10077844,-0.23049903,0.7272095
E2L8_CAACCTCTCCACTAGA_s6,7.103041,-0.17997256,-1.0832597,-0.52479136,1.6861727
E2L2_TCAAGTGCACTTTAGG_s6,7.1739683,-0.21405657,-0.7426182,-0.6962342,1.0131766
E2L6_CTTCGGTCATTGGGAG_s6,-0.06327926,-0.21766683,-0.14243312,1.5037692,-1.5857457
E2L2_GAAATGAAGACCGTTT_s6,0.22272158,0.12867892,0.07681243,0.36801076,-0.8554986
E2L3_CCGGTGATCAGTCATG_s6,7.3479385,-0.13820112,-0.1609001,-0.47109866,1.2042131
E2L2_CTTTCAAAGGGCAGGA_s6,7.7496605,-0.16158995,-1.1727895,0.21756329,0.8825343
E2L4_TGACGCGAGGATTCAA_s6,-1.4334635,2.3406422,0.041665025,0.4454232,1.1588893
E2L7_GTGTGATAGATGTTAG_s6,7.9824743,-0.6150347,-1.5830756,1.2977782,1.0616407
E2L1_GAAATGATCCTGGGAC_s6,0.83819103,-0.21842873,-0.2999426,0.17474502,-0.4145832
E2L7_GATCATGCAAACCACT_s6,8.447093,-0.34006444,-1.4412084,-0.05112526,1.3765736
E2L7_TATCAGGTCTCTCCGA_s6,7.8452253,-0.42639697,-1.7239231,0.41442487,1.5208917
E2L6_TCATTCAGTGGTCAAG_s6,7.58721,-0.44694695,-1.23061,0.1987375,1.7694969
E2L8_TGGAGGAAGTAGCAAT_s6,-1.0076278,2.842998,0.26514137,-0.09614564,0.22211438
E2L5_GGCTGTGTCGGTCACG_s6,8.462161,-0.09222536,-0.52997166,1.076238,1.3937191
E2L6_ACTTCCGAGCTCGCAC_s6,7.563028,0.1487065,-1.4031106,1.0562022,3.1611502
E2L2_GTGCGTGAGGTGCCAA_s6,0.18563174,0.5004045,-0.24409787,-0.43456542,1.1067038
E2L7_CATCGGGTCGCACGGT_s6,0.29958624,-0.5200685,0.31487015,1.5229697,-0.9785184
E2L7_GCTTTCGGTGACACAG_s6,8.696162,-0.06997004,-1.0077616,0.99034214,2.078013
E2L7_CCAATGAAGCAACTTC_s6,7.7591143,-0.2521361,-1.0185838,-0.3024078,1.7891681
E2L3_CGTCCATAGCGCCTTG_s6,8.267448,-0.8709886,-0.8252211,-0.27324733,2.2366598
E2L1_GAGTTTGAGGAAGTAG_s6,0.17204353,0.23367569,0.12709235,-0.24609219,1.5964166
E2L5_GCAGCTGGTATGATCC_s6,8.136984,-0.5254059,-1.4503909,0.58601665,1.85412
E2L4_GGTGTTAAGCCAAGTG_s6,7.529111,-0.21122387,-0.7239819,0.049139798,1.7780681
E2L4_CTGTACCCACTTGACA_s6,0.483281,-0.07340091,0.32820365,-0.19827709,-0.43273532
E2L2_ATACTTCGTGGTAACG_s6,-1.9435238,3.2271929,-0.13863747,-0.5195733,0.65307415
E2L7_CTTCCTTGTAGTCTTG_s6,0.52592015,-0.31498224,0.3657589,-0.0010671169,0.10285592
E2L5_TCAGCAATCACTTTGT_s6,-0.9886601,2.404022,-0.2214818,-0.33169585,0.95751095
E2L1_CTCCCTCGTGTGTTTG_s6,0.1948792,-0.43500635,0.6862663,-0.055098176,-0.7852354
E2L8_ACAGCCGAGTAACCTC_s6,0.36336225,-0.31553856,0.25487807,-0.59209096,1.7144816
E2L6_AGGGAGTGTTTAGTCG_s6,7.797831,-0.100641504,-1.0904095,0.9477482,0.47807753
E2L3_GGTGTCGTCAGGTGTT_s6,-0.7396804,2.5684545,0.028450143,0.045501053,1.8327196
E2L6_AGAAGTAGTCGGAAAC_s6,0.05436574,-0.44602707,-0.14282963,-0.33164087,0.95353603
E2L6_ATCCACCGTGGCCCAT_s6,7.5742564,-0.29334038,-0.9949529,-0.021883398,2.2356648
E2L5_GCAGCTGCACTGGAAG_s6,8.543732,-0.1313555,-0.68661946,0.23671058,1.4665668
E2L6_CAGGCCAAGAGATCGC_s6,8.191927,0.21693176,-0.9294407,-0.3202452,1.1461242
E2L7_GGGTAGACATGTTCAG_s6,7.355216,-0.38614604,-1.2109826,-1.6762725,-0.4796317
E2L5_TTACAGGCACCATTCC_s6,7.5146456,-0.45014274,-1.5747607,0.77453935,0.6319956
E2L3_TCATGGATCATTTGTC_s6,7.188921,-0.27773532,-0.5856155,-0.14510205,0.20010859
E2L7_TGCATCCAGTCACTGT_s6,-1.2651011,2.9778647,0.50993586,-0.11918575,0.4880728
E2L6_ACTGTGATCCTGGGAC_s6,8.241075,-1.0976222,-0.73026556,2.0337286,1.1680993
E2L8_CTGGCAGCATTATGCG_s6,7.6975985,0.20249534,-0.70870453,0.49466798,1.9935163
E2L2_ATACCTTCATCGTGGC_s6,7.6193233,-0.15707535,-1.843514,0.38236034,0.60556126
E2L8_ATCACAGGTCGATTTG_s6,7.950434,-0.18926562,-0.5689074,0.23434684,0.9509393
E2L2_ACTTTCAAGAGGTTTA_s6,8.174873,-0.44350418,-0.9208999,0.23570353,1.0686957
E2L4_TTATTGCAGCTGAAGC_s6,0.6437007,-0.22948517,-0.34235504,0.091349736,-0.44390178
E2L7_CTGCAGGCATGACCCG_s6,7.7130485,-0.26984096,-0.7457908,0.3186546,1.7266879
E2L2_GTTCGCTGTGCGGTAA_s6,0.43722305,-0.4125868,0.19182226,1.2021792,-0.7216469
E2L1_ACTGATGAGCGCAATG_s6,0.080564305,-0.23037833,0.44663537,0.05882068,0.19113666
E2L2_GTGTCCTTCTCCCAAC_s6,7.270228,-0.36546308,-0.80329895,-0.47337782,0.9206568
E2L4_CGTGATATCTGAATGC_s6,0.10791665,-0.16732202,-0.18256803,-0.47525433,-0.28116143
E2L7_AGGCTGCAGACGTCCC_s6,-1.2099491,3.052458,0.8960105,0.58049923,1.5909812
E2L5_TATACCTAGTACTCGT_s6,7.7112722,-1.2454805,-0.71324426,-0.90883744,0.71721387
E2L6_AATTCCTTCTCTGCCA_s6,7.97014,-0.85234165,-0.6814971,-0.56559,1.3740883
E2L2_CGTAATGCAGAGTTCT_s6,0.5903607,-0.0724232,-0.121986374,1.4066836,-0.44344777
E2L7_CAGTTCCAGACGATAT_s6,7.912966,-0.16894919,-1.0345255,-1.1553216,1.0303597
E2L3_CCGGTAGAGAGTTGTA_s6,8.443845,-0.105080694,-0.95558256,-0.38097632,1.3124065
E2L3_TCGAAGTTCCTCTGCA_s6,7.7957063,-0.53015834,-1.0941441,-0.46733603,2.4712145
E2L2_CCGCAAGAGACATAAC_s6,0.96426344,-0.3872019,-0.14593498,-0.37331986,0.056770205
E2L1_GGCTGTGCAAAGGGCT_s6,8.188489,-0.4901089,-1.0775577,0.66815627,0.7853267
E2L5_TCCTAATTCTCCGAGG_s6,7.483456,-0.6753382,-1.1667173,0.76779854,1.3308895
E2L2_AGCGTATAGACGTCCC_s6,6.5582175,-0.5892354,-0.8861349,-0.25028843,1.0304024
E2L1_TAATCTCCAGCCGTCA_s6,7.5999403,-0.9942816,-0.9199649,0.523998,1.2809156
E2L5_TGATCAGTCATTGGTG_s6,-0.8007962,2.8814716,0.3825844,1.0445297,1.0830046
E2L7_ACTATTCCACCAGCGT_s6,7.7924924,-0.49825385,-1.8491013,0.18098302,1.3698903
E2L7_CTCCACAGTATTTCGG_s6,0.70665985,-0.5920112,-0.2125502,-0.19581325,1.4768205
E2L3_GTTGTCCAGCTGAAGC_s6,5.598912,-0.55113137,2.13876,-0.25476944,2.1415153
E2L8_AGCGCTGAGCTCTTCC_s6,-0.64522403,2.5034585,0.09911372,1.3547391,0.08124888
E2L4_GGCTGTGAGGACGCTA_s6,0.6250347,-0.3203607,-0.012108695,-0.6393005,-0.6089381
E2L1_TCCGTGTGTCGATTCA_s6,7.6833835,-0.26786184,-1.1606195,-0.26006916,0.7560194
E2L5_ATGAAAGCATTGGATC_s6,-1.1111425,2.275406,0.11572554,0.23532677,1.1352878
E2L7_AATCGTGCAAACCACT_s6,0.42416853,-0.45484808,0.034341305,-0.20757654,1.371012
E2L5_GGACGTCAGGTTGGTG_s6,0.25295812,-0.52445483,0.77265525,1.450849,-0.6624204
E2L2_GTCATGAAGTAAGGGA_s6,8.076,-0.3744033,-0.91422844,0.84452057,1.5731851
E2L5_GGGTAGACAGGACTTT_s6,9.331848,-1.4983827,-0.9375694,-0.40858284,1.1641347
E2L8_TGGTACAAGTCTGCAT_s6,8.306202,-0.62709105,-1.1749532,1.0940669,1.5576564
E2L2_ACGATGTGTGCCTATA_s6,-1.1038184,2.4154868,0.34990597,-0.20545024,0.19932291
E2L8_TCTCAGCTCGAAGCAG_s6,-1.2005614,2.1528294,-0.23123057,-0.3198154,-0.8368986
E2L2_TCGGATAGTCGAGTTT_s6,0.58556366,-0.038720727,0.010305927,0.15543349,0.3323173
E2L8_TCCCATGTCCTGTTGC_s6,0.15794764,-0.25760615,0.10940955,0.2620793,-0.8194498
E2L4_TGGATGTGTATGTCCA_s6,8.356105,-0.5708227,-1.2366571,0.1940376,2.0426204
E2L6_TTGACCCTCTGGCCGA_s6,0.65626454,-0.28251716,-0.30233186,0.1499972,0.33835047
E2L2_AGGGTCCAGAGCCGTA_s6,0.7406016,-0.123083085,0.3394766,0.2962823,2.1335652
E2L5_CTCATGCTCCTCACTG_s6,7.6708593,-0.7017264,-1.0753305,0.5915337,0.8911853
E2L5_CCCAACTCACAGTCCG_s6,0.876526,-0.584487,-0.10538432,-0.28126276,0.16049331
E2L6_GAGTTACTCAAAGACA_s6,8.123929,-0.60824895,-1.6176594,0.99534106,2.2536843
E2L2_GGGTCACGTGCATCTA_s6,8.125678,-0.47126284,-1.4872701,-0.0029031783,1.4260777
E2L8_TGATGCATCCAGTTCC_s6,8.397745,-0.38058272,-1.5524148,0.28817207,1.2348247
E2L3_AGATCGTTCGAAGTGG_s6,6.5302925,-0.74331146,2.6422865,-1.2740002,2.1165807
E2L6_ACCACAAGTCGCATTA_s6,0.49708873,-0.41593686,0.72356665,0.051140755,-0.8528578
E2L3_TTGCCTGGTTCCTAAG_s6,0.696749,-0.40958256,-0.15715522,-0.4680447,1.0232532
E2L5_TACTGCCTCAGTAGGG_s6,0.7732228,-0.049079344,-0.46322316,-0.7115566,-0.3049745
E2L1_GGGTGTCTCGTAATGC_s6,0.16247533,-0.18132478,0.32002312,-0.22574374,-0.29913783
E2L1_TGGATCACATGACAGG_s6,8.320228,-0.47434542,-1.0671321,0.80349785,1.722091
E2L1_CTCGAGGAGGTGGTTG_s6,8.332547,0.08529854,-1.021977,0.31841165,0.03443849
E2L3_CGTGCTTGTTTACACG_s6,-0.444539,2.6489058,0.4035842,-0.28467733,0.36651656
E2L1_GACACGCGTGGGAGAG_s6,0.18521364,-0.2912151,0.3966654,2.3088531,-0.60170853
E2L3_TTCGGTCGTCGATTCA_s6,0.65830946,-0.25569084,0.47963452,-0.10605835,-0.71933687
E2L8_TATTGCTCATAACAGA_s6,8.603563,-0.15586749,-1.2613745,0.72872156,1.442185
E2L8_TCTCTGGCACAGAGCA_s6,7.870784,-0.3747609,-1.4672409,0.6435681,0.94154286
E2L1_TTACAGGTCTATCCAT_s6,0.4457708,-0.25356704,0.2717823,-0.7991044,1.1737586
E2L7_ACCAAACCAGAGCCCT_s6,7.8507833,-0.50344545,-1.3311336,1.1984135,0.95560956
E2L4_ACGCACGAGTGATAAC_s6,-1.1219234,2.654098,-0.012900148,-0.29027826,0.6620332
E2L5_TCTGCCATCTCTATAC_s6,-1.3439116,2.6019788,0.6963515,0.9744019,0.2915433
E2L2_CCACGAGGTTAGGGTG_s6,0.62033105,-0.25704,0.21642229,0.29783034,-0.070964396
E2L5_AAGTGAATCAAGCTTG_s6,-1.4948115,2.6691604,1.3251603,0.39443058,1.8718505
E2L1_CAAAGAAAGAACAGGA_s6,0.5473971,-0.17711034,-0.060696356,0.65902364,-0.74245095
E2L6_GTAACACGTGCCGGTT_s6,8.155205,-0.35443237,-0.9644623,0.5640612,1.8270726
E2L3_TAACACGGTCATCAGT_s6,8.2171755,0.15858091,-1.1652447,-0.10376031,1.5794808
E2L7_TCACTCGCATGACACT_s6,6.6453543,-0.109324165,-0.8455967,1.1615348,1.5394182
E2L1_GTCGAATTCGCGCTGA_s6,7.8835974,-0.21331385,-1.0242862,-0.57259625,1.1335831
E2L4_ATGCGATAGCCAAGTG_s6,-0.9311023,2.7223697,0.28998482,0.5876733,0.5973681
E2L1_TACGTCCTCTTCCACG_s6,0.4911016,-0.31968012,0.1523545,-0.30737934,0.023137063
E2L4_CACCGTTGTCTCTCCA_s6,0.5353444,-0.43581858,-0.19834824,-0.25421295,0.17007607
E2L7_CCCTCAACAGCTGCCA_s6,7.6615534,-0.386984,-1.1468405,0.5368039,0.68795663
E2L7_GACAGCCGTTCTCTAT_s6,0.67399406,-0.23122115,0.26577407,1.8648946,-0.63669515
E2L2_ACTATGGGTGGTCCCA_s6,7.245703,-0.6747373,-1.076814,-0.63424987,1.1736746
E2L8_CATGCGGCAACACTAC_s6,0.39245418,-0.44968098,0.73403937,0.28881526,-0.32540503
E2L1_GCAACATAGGCATCAG_s6,-1.8251437,2.892678,-0.1688948,0.03694032,1.2204902
E2L2_TCTCAGCTCGAGTCCG_s6,7.856461,-0.14772344,-1.0519499,0.3268991,2.2345576
E2L4_ACACGCGTCACGATAC_s6,7.969149,-0.43478334,-0.8290915,1.194326,0.8119356
E2L6_CAATCGAGTCCAAGAG_s6,7.982164,0.16897777,-1.9031013,0.71661144,0.969914
E2L2_TATGTTCCAAGACGGT_s6,8.167263,-1.1278903,-0.947223,-0.026852608,0.63009304
E2L8_GTGGTTAGTTTCCAAG_s6,7.872661,0.18565443,-0.8273912,-0.55588686,1.017102
E2L1_CCTCAGTTCCTGCTAC_s6,6.8687205,-0.3931465,1.1564187,-0.37601197,1.9341607
E2L6_TCTACCGCAGAACTTC_s6,7.46063,-0.24894635,-0.81216425,-0.27613288,2.3177469
E2L3_GGGCTCACAATAGTGA_s6,0.10943659,0.12748376,-0.25652325,0.23549192,1.1990376
E2L6_CAGATACGTCGATTCA_s6,0.5047678,-0.042871412,0.39221317,0.08501963,0.032380432
E2L6_ACCAACAAGTTTCTTC_s6,0.1893497,-0.5777876,0.17993096,-0.5945521,0.6091269
E2L8_TTCCGTGTCTAAGCGT_s6,7.4763036,-0.3528511,-1.171704,-1.257343,2.1136532
E2L2_GATGGAGAGGGCAAGG_s6,8.464433,-0.81272835,-1.1547711,0.5166321,2.46062
E2L2_GCAACATGTCCCTAAA_s6,-0.013024792,-0.3597949,0.22331561,-0.09152248,-0.6920644
E2L1_CAATCGAAGATCCCGC_s6,7.6340427,-0.68224776,-1.2726016,0.31708235,1.106039
E2L4_TCACTATCATCTCCCA_s6,0.42501086,-0.3778186,0.30322745,1.7362987,-0.38270703
E2L8_CTGTAGATCGGAATGG_s6,8.674162,-0.70604813,-1.5362486,-0.041561484,1.4922601
E2L4_GAGGCAAGTTACAGCT_s6,8.12984,-0.36515695,-0.942605,0.24423197,0.932029
E2L7_GGAGGATAGCATGCGA_s6,7.5718455,-0.37995413,-0.4104966,0.26065403,0.6407871
E2L7_AAATGGACACAAGTTC_s6,8.111497,-0.3845843,-1.1972905,0.8175333,0.2829268
E2L3_ACGATCAGTCGAATGG_s6,0.22207265,-0.42835468,-0.34030586,0.9863354,-0.7834798
E2L3_AGACAAACAACACAAA_s6,1.025175,-0.080708064,0.0725556,-0.38706166,-0.4306557
E2L5_TTGGATGGTCCCACGA_s6,7.8863482,-0.78847134,-0.29467744,0.047539055,1.3760118
E2L1_AGTGACTGTTAGTCGT_s6,7.3627133,-0.6925342,-1.6635281,0.5511313,1.7240808
E2L7_ACTTAGGAGTGTTGTC_s6,0.41570792,-0.35795808,0.0077365823,-0.00023411214,-0.3549322
E2L2_ATCGATGCACAAGCTT_s6,7.849351,-0.42654663,-1.4530342,-0.5298333,0.8602135
E2L6_GGTCTGGCATATCTGG_s6,1.1221977,-0.56437224,-0.30237564,-0.14512484,1.3094304
E2L6_GCGATCGCAGCACACC_s6,0.40670308,-0.08768697,-0.06355616,1.5845766,0.05113265
E2L4_CGGGACTCAATCGCCG_s6,7.625258,-0.49649513,-1.4493003,0.014251441,1.6488795
E2L6_TTTACTGGTTGACTGT_s6,7.2206087,-0.39528254,-2.2068648,0.67595613,1.038668
E2L7_TAAGCCATCTGTCGTC_s6,8.064113,-0.72254765,-1.118158,-0.45806974,1.6328976
E2L4_TGCTCCATCCACGTAA_s6,0.55266607,-0.50421065,-0.087267786,1.4605111,-1.5964235
E2L5_CATTGTTAGGATGAGA_s6,7.962824,-0.42289272,-1.6740282,2.0521047,0.33026254
E2L4_TCCGGGAGTAGTGCGA_s6,8.087942,-0.55105734,-1.273795,1.1799225,0.97209144
E2L2_ACATGCATCGACGCTG_s6,0.6051564,-0.035359792,-0.14075243,-0.25984955,-0.18353212
E2L5_GGTCTGGGTGAGGAAA_s6,0.31026664,-0.24846339,0.65088737,-0.3404547,0.3397204
E2L1_GTTGTCCGTGCACAAG_s6,7.0734515,0.08717325,0.6052752,-0.6424913,1.614542
E2L4_AGGTAGGGTAAGTTAG_s6,-0.97753596,2.5173771,-0.07982217,0.12908049,1.9103391
E2L3_GACCAATTCGGTATGT_s6,0.24165863,-0.20758703,-0.12612028,0.24249011,-0.0077738166
E2L6_GCCGTGAGTTATGACC_s6,8.173793,-0.6760077,-0.65224826,0.18777472,1.7425916
E2L8_AGGGAGTGTCAGATTC_s6,0.3271653,-0.15258315,-0.41550827,0.40529656,1.7837926
E2L4_GTCATGAGTAGGCAAC_s6,-1.1515702,2.3313196,-0.0013649873,-0.019404173,0.67701876
E2L4_TTGAACGAGTGACCTT_s6,6.602436,-0.45259702,2.3097026,-1.2901536,1.977127
E2L1_AGGCCACGTCTCGGAC_s6,-1.1072422,2.088301,0.38675147,-0.3698358,1.6092439
E2L4_CTAACCCCACTACACA_s6,6.8530674,-0.63092077,0.77331614,0.01879257,2.4441092
E2L6_GATGCTACAGATCCTA_s6,7.941267,-0.49770215,-0.6490385,-0.0820268,1.6504987
E2L8_ATGGATCAGTTCATGC_s6,8.189679,-0.8859678,-0.79588073,-0.13187522,0.9109887
E2L6_CGGAATTGTCAGACTT_s6,-0.85312337,2.3382747,0.918187,-0.40425318,1.0839939
E2L3_AGTGATCGTGGTAACG_s6,8.123374,-0.6901204,-1.239887,-0.3447481,1.2295185
E2L7_GTGTGATCACTGATTG_s6,-0.6334364,2.350814,1.1819711,-0.08585456,0.7853529
E2L2_CAAGGGATCTTAGGAC_s6,6.88401,-0.045953177,-1.4369833,0.0042056143,2.2920969
E2L1_AGTTCGAGTTTGGAAA_s6,1.252179,-0.046270162,0.16940357,-0.34017628,1.5001494
E2L8_CACGGGTAGACATAAC_s6,7.6797504,-1.019789,-0.9305887,0.7326095,0.86570585
E2L5_GTCATGACATTGGATC_s6,8.282294,-0.2116685,-1.0655471,0.53472245,0.9938638
E2L7_TAAGCCAGTCTCTCAC_s6,7.664586,-0.58023494,-0.48999906,-0.3124873,1.4511806
E2L8_AATCGTGAGTGAGTGC_s6,0.26513413,-0.2596464,0.60821986,-0.4112172,-0.18231344
E2L3_TTCGATTAGGTATAGT_s6,8.661712,-0.7605028,-0.822329,0.28341097,0.98383325
E2L1_GTAACACTCAAGCTTG_s6,7.850881,-0.3293823,-1.2384892,0.39190394,0.5223124
E2L7_TAGAGTCAGACCTGGA_s6,0.48224354,-0.017304216,-0.16788034,-0.6920867,1.6237767
E2L8_CAGCAGCTCTTGGTGA_s6,7.9913564,-0.23436046,-1.4740613,-0.22860712,1.2836021
E2L3_GTTGTAGCAGTGCGCT_s6,0.7698624,-0.19733013,0.13618998,0.1150298,-0.3957148
E2L2_TCATCATTCTGCACCT_s6,-0.07391949,0.39234716,-0.4764259,0.112788975,1.5161251
E2L3_AGAACAAGTGATACAA_s6,7.618968,-0.30057868,-0.24251805,0.35988063,1.0805
E2L6_AGAGAGCCATCACAGT_s6,0.2925122,-0.09454653,0.17611179,1.0256392,-0.53076065
E2L1_ATGCCTCAGAAGAACG_s6,7.579755,-0.5320671,-1.4079561,1.0749747,1.3483282
E2L7_GTTCATTCACGGCTAC_s6,8.378716,-0.58760846,-0.7848816,1.9184902,1.8309705
E2L2_AGGGCCTGTATTCCGA_s6,-1.5850856,2.742058,-0.67914677,0.008548468,1.1159832
E2L7_TCATTACCAACGAGGT_s6,7.874822,-0.27769688,-1.6371493,0.44681376,2.370914
E2L8_CCACGAGTCTCCTGCA_s6,0.31468114,-0.38314065,-0.74979085,0.8635131,-0.42865422
E2L8_AGAAATGGTTGACGGA_s6,7.4458065,-0.10217394,-1.0273017,0.5813358,1.5974696
E2L7_AAGATAGTCCCAAGCG_s6,8.487276,-0.38613552,-0.65347236,0.5756271,1.4823416
E2L4_CTCATCGGTTCTTGCC_s6,6.3989286,-0.32209045,2.3148012,-1.6603134,1.0578809
E2L6_TCGTGGGTCTAAGGAA_s6,0.1875141,-0.2136637,0.510478,2.2552826,-0.26014975
E2L2_TCTTGCGGTTTCACTT_s6,0.36896002,-0.04006555,-0.31008577,-1.081729,0.24780902
E2L3_CTCATTACAACAGCCC_s6,7.6464148,-0.92959636,-0.84182,0.012348399,0.8532109
E2L5_CTGTGAAGTCCTACGG_s6,0.26866078,-0.24485119,-0.49810627,-0.49084982,0.41506374
E2L8_GAACGTTGTGCATGTT_s6,8.426695,-0.079149336,-1.1650412,0.3804347,1.8079672
E2L8_GTCGTAATCAGCTTGA_s6,7.7679715,-0.5342321,-0.8116816,0.06504364,0.26470327
E2L2_CTAACCCGTTCGTGCG_s6,0.86230844,-0.083496556,0.20399004,-0.1887884,0.19850332
E2L2_GACCAATGTGATCATC_s6,-0.75426304,2.3956282,0.27865514,0.06229745,-0.23038116
E2L6_AGGTTGTTCGCCTAGG_s6,-1.088899,2.2369876,0.67906433,0.62722135,1.869598
E2L7_AATGAAGTCTTCTCAA_s6,7.696109,-0.20684752,-0.72582245,-1.2560815,1.1689777
E2L1_TTGCTGCCACGTAACT_s6,1.4062161,-0.41291034,0.3818063,-0.20894283,-0.057719618
E2L5_GTTGCGGCAAGCAGGT_s6,1.3263471,-0.45105734,0.042694777,-0.29668468,-0.1449407
E2L3_GGGACCTGTTTACGAC_s6,0.49230447,-0.38959393,0.7216372,-0.052955225,-0.21602103
E2L6_GCCAGGTTCTGTCTCG_s6,0.54704833,-0.26311377,0.017385611,0.6079542,0.120280266
E2L2_ACTCCCACAGAGTTCT_s6,7.519741,-0.31985712,-1.1766,0.33136183,1.5215526
E2L5_GGATCTATCACGGGAA_s6,1.0016328,-0.09142339,0.1310468,-0.566609,-0.692922
E2L2_CGTGCTTAGAGAGCAA_s6,0.3987019,-0.05955822,0.13143753,-0.70176685,0.32376555
E2L6_GCCAACGTCTTTCTAG_s6,-0.8083805,2.1932356,-0.36066747,0.44026792,-0.18753031
E2L5_TTTGACTTCTAGGCCG_s6,6.60169,-0.62554973,2.400569,-1.6111318,1.4232203
E2L7_GTGCAGCGTAGGTACG_s6,0.48354977,-0.21807405,-0.063244276,-0.4931546,0.0138968825
E2L7_AACAAAGGTTTGGGAG_s6,7.4534173,0.43341625,-1.4316539,-0.13898085,0.20141616
E2L5_TGCCGAGGTCTGTGAT_s6,0.101959325,-0.2141445,0.10732719,-0.6447133,0.080869526
E2L5_GTAACCACAGCTACAT_s6,8.014875,-0.31809533,-0.97766906,-1.3918035,1.3749306
E2L5_TCTGTCGGTATCGCAT_s6,8.947827,-0.24638921,-0.91049105,1.6869814,-0.43586195
E2L6_TGCATGATCGTAATGC_s6,0.7797072,-0.21314436,-0.25783363,0.015185058,-0.1890306
E2L2_TACCGAAGTACTAGCT_s6,0.52579343,-0.36300784,0.052398212,1.0679803,0.14441657
E2L6_AGCTTCCGTGCGGTAA_s6,0.6063558,0.0077730156,0.45433506,0.47464085,-0.28291267
E2L1_TCCATGCTCGTGTTCC_s6,8.008999,-0.25466633,-1.4078878,0.36305103,0.6950111
E2L5_AGGACTTTCGACATAC_s6,8.843376,-0.23344015,-1.8588512,0.8411568,0.20517173
E2L6_TGGCGTGTCCACGAAT_s6,-0.93612117,2.2416515,0.47584254,1.0203424,0.894535
E2L1_ATCCATTCAGAACTCT_s6,7.68586,-0.059841696,-1.4012506,1.3028954,1.1215086
E2L1_AGGGTGATCCTTCGAC_s6,0.8605306,-0.34788814,-0.041138507,0.069610015,1.5021529
E2L7_ATTCGTTGTATCATGC_s6,1.0423102,-0.46686223,-0.15956742,0.28073952,-1.0557451
E2L5_TACAGGTTCGCTAAAC_s6,7.671925,-0.6147216,-1.1893891,1.2645671,1.0808967
E2L4_TACAACGCACACGTGC_s6,7.596558,-0.9460806,-1.0990567,-0.19641803,0.3731598
E2L5_GATTCGATCGTTATCT_s6,-1.6672596,2.2690156,0.96120745,0.18104891,0.36710843
E2L7_TAGACTGTCAAACGAA_s6,-0.55370396,2.7937286,0.74954873,1.1608434,0.63170564
E2L7_TTCAGGAGTGCCTTTC_s6,0.62553155,-0.21314861,-0.08062738,-0.3983919,-0.5208057
E2L4_TTTGGAGCATGACGAG_s6,-1.1534089,3.1917922,-0.34991065,-0.26827848,0.89458036
E2L8_AGCCAATAGAGTCGAC_s6,-1.3345633,2.6094227,0.4471255,-0.06713951,0.7652041
E2L7_ACGCACGCAACTGTGT_s6,0.5064471,-0.26426387,-0.4648691,-0.6952113,-0.41779917
E2L6_CGATCGGTCTCGCAGG_s6,8.440409,-0.0650235,-1.1010145,0.91117126,1.3250287
E2L8_ACATTTCCACCCTTAC_s6,8.466797,-0.7029902,-1.4429415,-0.46756843,1.4402177
E2L7_CAGGCCAGTACCCACG_s6,7.443952,-0.3299272,-1.0507193,-0.055255234,1.413883
E2L6_AAGGTAAGTTACGTAC_s6,8.491706,-0.62633747,-1.3220515,1.0896538,0.76786625
E2L7_CAACGATAGTCTTCGA_s6,0.5512834,-0.18934962,0.27671847,-0.37277943,-0.19375369
E2L5_ACATCGAAGAGGCGGA_s6,7.512834,-0.43379217,-1.086288,-0.0071004033,0.9269931
E2L6_ATGCATGGTTCGAGCC_s6,-0.9857865,2.1308477,0.21369407,0.9117247,0.9415977
E2L7_CCGTAGGTCCATCTGC_s6,-1.3280072,2.4100068,-0.049702488,1.2150332,0.9362234
E2L4_CCACTTGTCCTTATAC_s6,1.114214,-0.22219124,-0.20727843,-0.4337628,1.8014104
E2L7_TGGATGTCACTGGCGT_s6,8.012125,-0.49890757,-0.7330751,-0.008594438,0.21515995
E2L2_TGCAGTACAAAGGCGT_s6,7.9143095,-0.40115327,-0.4589247,0.0764267,1.5516762
E2L5_CTTTCGGAGCGGGTTA_s6,8.245965,-0.4579661,-0.5012239,1.2748294,1.006691
E2L7_TCCTAATAGGGCAGGA_s6,0.7117047,0.138845,0.22725227,-0.7366285,-0.22508332
E2L4_GAGCCTGAGGCCGCTT_s6,8.175225,-0.69612545,-1.3481059,-0.0013964474,1.9470961
E2L2_AGGGTGAGTTTACACG_s6,8.195128,-0.7182667,-1.7921215,0.25605884,0.90855694
E2L8_AGCGATTCAGACGATG_s6,8.67996,-0.18882516,-0.73042446,-0.4653448,0.3360793
E2L1_TTGCCTGCAGGGTTGA_s6,-0.9884014,2.4187543,-0.17588024,-0.50480026,1.1123798
E2L7_TCCCAGTTCCGCGATG_s6,0.7684792,-0.39389318,0.6130915,-0.22771555,0.025748074
E2L5_CACGTTCTCGAGAACG_s6,0.54821587,-0.4138743,0.08463998,0.42798513,-0.91141
E2L1_TGTGATGCAATTTCGG_s6,-0.008119591,-0.17715533,0.26906982,1.763432,-0.8677698
E2L5_TGCGACGTCCAGCTCT_s6,8.534212,-0.532235,-1.1433276,0.83025765,1.3786509
E2L5_TGAGCATCACACGCCA_s6,0.846092,-0.41721132,-0.021642568,-0.24665965,0.42559013
E2L3_TTCGCTGCATGCTGCG_s6,0.76287544,-0.5201274,0.28869346,-0.141388,-0.25439662
E2L3_GATGACTTCATGTCAG_s6,7.6865063,-0.6009989,-1.2268494,0.04461068,0.61846465
E2L8_GGAATGGGTTGTATGC_s6,8.402108,-0.76516503,-0.53536123,0.08871707,0.94252497
E2L6_AGAGAATGTAGAATGT_s6,8.206284,-0.10997476,-1.1484874,0.71423936,2.6631334
E2L3_TCCTAATCACCTGCGA_s6,0.68122816,-0.10217376,-0.09198262,1.2900978,-0.74631554
E2L5_TCGGGTGTCTCGTCAC_s6,8.021342,-0.100617774,-1.0149907,0.034371763,1.5937326
E2L1_TATCTTGCAAGATCCT_s6,8.342514,-0.4265812,-0.4011333,-0.055892676,1.9043154
E2L2_GTCCACTTCGCGTCGA_s6,7.9415407,-0.68096715,-1.3762716,-0.51678145,1.9069507
E2L7_TCAGTGACAATCGCCG_s6,0.3979472,-0.61217475,0.16472013,2.0620787,-0.79942733
E2L7_CATAAGCAGGACAGTC_s6,7.7892027,0.07894083,0.111382306,0.19339772,2.7156403
E2L5_AAGCGTTGTGTATTGC_s6,0.49169633,0.18398763,-0.28895968,1.0225656,-0.68937457
E2L5_TTCCTTCAGGTAAGGA_s6,-1.2992625,2.5813577,0.5062514,-0.46067822,0.4897016
E2L4_GGGTAGACAACTGAAA_s6,8.687412,-0.39882246,-0.80807257,0.062083513,1.2479624
E2L7_GTGTCCTCATCCGAAT_s6,-1.1557881,2.2651863,0.77442324,0.5673233,0.71200645
E2L4_TTCCGGTAGACGTCCC_s6,8.353998,-0.15284176,-1.12738,0.04702969,2.0342815
E2L5_GGAGAACAGAGGTTTA_s6,0.8990439,-0.2563823,0.0113859475,0.8514494,0.18846679
E2L4_GATAGCTGTATACCTG_s6,-1.7544401,2.782808,0.6467788,0.3311248,0.3914493
E2L5_TCGTGCTTCACATACG_s6,0.13286266,-0.34753966,-0.5504771,-0.13399646,1.3827001
E2L5_ATCACAGTCGGTCAGC_s6,7.3900676,-0.076207384,-0.9813058,-0.3743804,2.1523035
E2L4_TAAGTCGAGGTATAGT_s6,8.2263,-0.24561265,-1.0919521,0.08541171,-0.0834212
E2L8_CTTGAGAAGAGGTGCT_s6,0.2725249,-0.12814027,0.4017636,1.4896517,0.07723886
E2L8_TGTTGAGAGATTCGCT_s6,8.525365,-0.6315636,-1.2262871,0.5664623,0.8289659
E2L4_TGGAACTTCACCTACC_s6,7.9252057,-0.6612018,-0.795102,0.6819544,1.4400398
E2L7_CTTTCAAAGGAAGAAC_s6,8.7644,-0.91042256,-0.99810594,-1.2995332,1.4105825
E2L2_CTACTATTCGTTCTAT_s6,0.3748283,-0.4951509,-0.027496135,0.36374292,-0.7168716
E2L7_TGATGGTGTGAGCGAT_s6,7.993084,-0.74685156,-1.4349099,0.32250768,0.3797755
E2L3_GAAGGGTCATACCAGT_s6,7.6948156,-0.86072564,-0.6025725,0.3172736,0.648531
E2L8_TTTGACTGTCCCGCAA_s6,8.367562,0.06776171,-0.6327017,0.16910568,1.4786828
E2L7_ACGGGTCTCCGAGTGC_s6,0.61830866,-0.33128446,-0.39893717,1.6936057,-1.0025382
E2L8_CACGTTCCAGTGGCTC_s6,7.4897566,-0.23065455,-0.7159687,0.60955685,-0.16504264
E2L5_TTCCAATTCACCCTTG_s6,0.8275101,-0.35601845,0.2556408,-0.47934347,-0.10457507
E2L6_GGCTTTCAGATTCGCT_s6,7.8929944,-0.25058937,-0.9684878,-0.4765977,0.051165074
E2L7_CAGTGCGGTGGAATGC_s6,-0.9721504,2.4376142,-0.16891463,0.40560567,0.7205695
E2L8_CTCTCAGGTGCCCACA_s6,0.88897246,-0.44238037,-0.1824434,0.073270395,0.07529494
E2L4_TCGCACTAGGAACTAT_s6,0.3478058,-0.27170643,0.14678632,0.06469247,-0.5557406
E2L5_CATGAGTAGACTTCAC_s6,0.7617548,-0.22713862,0.23112762,-0.080806494,-0.20890534
E2L3_CCATAAGCAACGACTT_s6,7.444339,-0.29783565,-1.2378294,-0.05432494,1.4031847
E2L3_AACAGGGTCACATACG_s6,0.53491014,-0.47933486,0.05059985,0.23758061,-0.51091814
E2L5_GGGATCCCATGTTCAG_s6,0.5513556,-0.22886671,0.20401032,-0.8872813,1.7321786
E2L7_AACAACCAGGGTTAAT_s6,7.915516,-1.2382021,-1.7215929,-0.094178125,1.3790402
E2L4_TATCCTATCCGCGATG_s6,0.58228856,-0.4771876,0.19152078,-0.2586372,1.6590523
E2L4_GTTAGTGCAGAAGCGT_s6,0.56404185,-0.6037257,0.1976767,-0.88540334,1.0882602
E2L5_CTGCCATGTTAAGGAT_s6,-0.25562036,2.4768145,0.6650362,-0.08357231,1.906085
E2L7_CTTACCGGTCACTCGG_s6,0.53954846,-0.31888825,0.27020693,-0.12885709,-0.38469136
E2L5_CTATCTACAGAGAAAG_s6,8.491018,-0.17495877,-1.2086924,-0.27317232,1.610626
E2L3_AGAAGCGAGAAGTCTA_s6,7.714058,-0.49158385,-1.0113151,0.8238417,1.2285807
E2L4_CGAGGAACAACACACT_s6,0.384535,-0.049984876,0.77640384,1.1494914,-0.77646834
E2L8_CTGCTCACAATGTCTG_s6,7.585835,-0.6800734,-0.9930383,0.5832056,2.2114618
E2L3_CGAGGAACAGAGGCTA_s6,7.890328,-0.15065596,-0.95220464,0.9263146,0.831915
E2L1_AAAGGGCGTAGACTGG_s6,0.22649878,0.44129097,-0.0016706455,-0.26320857,1.8325577
E2L4_GGGTTATTCGGACCAC_s6,-0.849511,2.652825,-0.12645136,0.775728,0.27842978
E2L8_TAAGCCAGTCTCAGGC_s6,0.71536434,-0.33901942,0.38923374,-0.010458723,-0.3986671
E2L5_CCTCCTCAGCCAAGGT_s6,0.38950145,0.6229262,0.2866481,1.2946193,-0.8853127
E2L7_GTGGGAAAGTAGAATC_s6,7.6924157,-0.25610206,-1.040182,0.79824513,1.6955233
E2L7_TCAGGGCAGATAACAC_s6,-0.9154189,2.3535917,-0.4060111,0.8044927,0.29969049
E2L5_CGTTAGAAGCACTCCG_s6,7.60474,-0.23189297,-1.2734271,0.13151821,2.0362906
E2L6_ATTCTACCAATGACCT_s6,8.752725,-0.80711955,-1.3971815,-0.53630835,0.6365607
E2L2_GTCTCACGTCACCACG_s6,0.49186012,-0.32412577,0.26453057,-0.46145946,0.0535177
E2L5_GTAGAGGTCTTCGACC_s6,8.3321905,-0.6711517,-1.5251838,-0.7902575,0.42200273
E2L3_GAAGCGAAGCACTAAA_s6,8.128041,-0.37651736,-1.4681914,0.68889487,0.7876524
E2L2_TGGGTTAAGGTCCCGT_s6,-1.0881658,2.394799,0.21977243,0.15492605,0.8958398
E2L4_GCCGATGAGTGGACTG_s6,7.7245917,-0.59830755,-1.2858245,0.21883838,2.004883
E2L1_GAAGTAAAGGCCACTC_s6,8.0274105,-1.0300659,-1.245449,0.3238141,1.0755839
E2L5_TTTCACAAGCGCCTAC_s6,7.8197136,-0.35407078,-1.0466917,1.4787767,1.3037007
E2L5_TCGAACAAGGCCACCT_s6,0.4410628,-0.50176716,0.52952045,1.7655746,-0.56501424
E2L1_TACAGGTAGGCCTGCT_s6,7.4672246,-0.4082576,-1.3556807,-0.4821157,0.6610303
E2L3_ATTCATCCACAGAGAC_s6,0.7013985,-0.19978386,0.24599114,-1.1613171,-0.008987576
E2L6_TCGATTTGTAAGATCA_s6,6.6807833,0.149565,-0.61946106,-0.049393505,1.4055178
E2L4_CCTCTAGCAATACAGA_s6,-0.93059987,2.8355498,-0.050988823,0.817844,1.9148843
E2L1_AGCATCAAGGAAGTCC_s6,7.3050237,-0.22754708,-0.8186588,-0.42337006,1.0184882
E2L5_ACCATTTTCGGTAAGG_s6,7.425287,-0.306398,-1.0771995,0.23170644,1.5174875
E2L3_ATTACCTGTTCAAGTC_s6,-1.5686016,2.7326841,0.7763186,0.5994847,0.7833183
E2L7_CTGGACGAGACGCATG_s6,6.6947737,-0.10241185,-0.93191135,-0.30150104,1.9882838
E2L8_TCGACGGAGAAGCGCT_s6,8.683826,-0.46760017,-0.9774419,0.41956067,1.4037585
E2L7_ATTGTTCCACTTACAG_s6,8.39062,-0.06916626,-1.1260122,1.0605584,1.2450118
E2L4_GGATCTAGTCTAGGTT_s6,7.5405545,-0.6032255,1.2541295,-0.7030045,1.2691102
E2L5_GGGCGTTGTCCACGCA_s6,1.0022929,-0.3595235,-0.64520335,0.07099067,0.11877942
E2L5_AAGATAGCACCTCAGG_s6,7.057926,-0.7971817,-0.83704275,1.6165742,0.63590306
E2L5_GAGGGATGTACAGTAA_s6,7.7485275,-0.7485632,-0.6749979,0.27629453,2.035162
E2L4_TTTAGTCTCCTGTTGC_s6,0.4457568,-0.23144886,-0.30879283,0.06653094,-0.33787692
E2L5_GAGAAATCACGGCACT_s6,8.675329,-0.40069905,-1.2826757,1.1152408,0.9635124
E2L8_TGCACGGTCCCGAGTG_s6,7.0091777,-0.28978908,1.0524079,-0.94339436,2.0000646
E2L4_AGGATCTCACGCTGTG_s6,0.69973695,-0.21383491,0.056435272,-0.14517674,-0.17873168
E2L7_AGGCTGCCAACTTGCA_s6,-1.4149196,2.6553907,0.08489971,1.4837006,1.1376829
E2L7_AGACCCGAGATTGATG_s6,0.31953216,-0.34722924,0.4109146,-0.57051027,0.08645505
E2L1_TCATATCGTCGTACTA_s6,7.642892,-0.09072722,-0.94867206,0.5181947,2.5950637
E2L6_GACATCATCTCAACCC_s6,0.28385264,-0.22648986,0.1845162,1.4533724,0.48228225
E2L3_GAGTGAGTCGCCGATG_s6,0.44390312,-0.37745023,0.30195162,1.337984,-0.50545275
E2L8_AACCAACTCTGTAACG_s6,7.661282,0.22197409,-1.3599973,1.0351228,0.7398542
E2L8_GATCCCTTCAAGCTGT_s6,7.930732,-0.39675307,-1.0129527,0.1902128,0.22756457
E2L6_GGGCGTTGTCGTTTCC_s6,8.021547,-0.7347249,-1.2759227,-0.6998899,1.6759496
E2L1_CGATGCGAGAGCCCAA_s6,-0.65022266,2.662888,0.26733866,-0.85573614,1.0108228
E2L7_GTAGATCGTCAAGCGA_s6,0.7368381,-0.14227438,-0.72169423,-0.065734014,0.11855027
E2L6_AATTCCTCACATTCTT_s6,0.4958373,-0.11064625,-0.57277757,-0.22365263,-0.60496265
E2L5_AGACCCGAGTATAGGT_s6,8.2469015,-0.28042388,-1.0767299,-0.094981045,2.7199643
E2L5_ATGGAGGAGCGGCTCT_s6,7.9456387,-0.40746868,-1.1301628,0.30962342,0.87191033
E2L8_CATGCGGCAATGTGGG_s6,1.2689314,-0.5038877,-0.63741606,-0.99623334,-0.4623468
E2L4_TCATTCATCTACACTT_s6,-1.5229926,3.0986373,0.99241066,0.21526054,0.7044811
E2L8_TCAAGACAGCGTCTCG_s6,0.5519828,-0.25084627,0.48263663,-0.19662306,1.2206221
E2L2_AAGGTAATCTAGGCAT_s6,7.898257,-1.0657544,-1.8099351,0.5390602,1.4447374
E2L2_TCGTGCTCACGGTGTC_s6,8.038356,-0.23016624,-1.03879,0.4388557,0.7168537
E2L5_TAGATCGCAAATCGTC_s6,8.389247,-0.556236,-0.8995305,1.1348732,1.4553193
E2L4_AGTGATCGTAAGGCTG_s6,1.4973919,-0.5868852,-0.4021837,-0.61029136,-0.2629018
E2L2_CAGATTGCAAGTCATC_s6,8.28458,-0.35507664,-1.023061,-0.22657157,1.6069866
E2L7_CCGGACAAGTGGACTG_s6,7.423086,-0.90339094,-0.6854575,-0.094417505,0.32336432
E2L7_TGATGCAGTATGGTAA_s6,8.321029,-0.4857443,-0.588213,0.7214085,2.2165854
E2L8_GAAGCCCAGGACTATA_s6,0.2764278,-0.3174038,0.6204263,-0.378523,-0.4929798
E2L4_CTGTCGTGTGTTCCAA_s6,0.5923115,-0.32103592,-0.102408126,-0.26615682,-0.41741952
E2L5_GATAGAACAAGTGCAG_s6,8.245445,-0.20548986,-1.0459102,0.3295958,1.537027
E2L5_ACAAAGAAGCTCTTCC_s6,7.8788214,-0.14437604,-1.4927626,0.8969226,1.5367963
E2L1_CACACAAGTCGCGTCA_s6,-1.0922716,2.7451348,-0.5130142,0.61996955,0.9844135
E2L6_ACGGTTAAGTGGCAGT_s6,0.93578535,-0.19473198,0.09377779,-0.19143811,-0.34701976
E2L3_AGGACTTGTGAATAAC_s6,7.969385,-0.91822463,-1.0762666,0.40600678,1.6575341
E2L6_GCATTAGAGCATTGTC_s6,7.8277473,-0.41328385,-0.71182585,0.41829908,2.2085438
E2L8_ACTCCCACAATTTCTC_s6,-1.216244,3.0968342,0.23346648,0.63588154,1.0202897
E2L1_GTGTGGCCATCGGCCA_s6,7.8573656,-0.78738123,-0.9025403,-0.8560819,0.9601226
E2L6_ACTCCCAGTGGCCCAT_s6,8.293056,-0.6478761,-0.758503,0.6383419,0.77997893
E2L7_TTTCACAAGTCATGCT_s6,0.42926994,-0.12902074,0.06381124,-0.012637645,1.862252
E2L6_GGCTGTGAGTATGAGT_s6,0.77748704,-0.4762437,0.30951747,-0.06569569,-0.14932126
E2L7_GACGCTGCATGTAACC_s6,8.230579,-0.30540466,-1.3571368,1.6693805,1.7880065
E2L2_ATAGACCGTTCACCGG_s6,8.278453,-0.26448762,-0.77156025,0.96387935,0.9175215
E2L3_TAACACGCAGCTTCGG_s6,7.754594,-0.24795721,-0.68279874,0.011198238,0.2794635
E2L8_ATCTCTACATCGGAGA_s6,8.612736,-0.43459183,-0.8669269,0.34565306,0.5902518
E2L3_TATCCTACATACCGTA_s6,7.3610196,-0.46351954,-0.9540516,0.4446742,1.3447005
E2L2_CTCGAGGAGCAGCGAT_s6,7.9683695,-0.27174315,-1.2886355,0.86636245,2.8156438
E2L7_ACTATTCGTAATGCTC_s6,8.504239,-0.52151686,-0.001355445,-0.21202904,2.0929923
E2L7_TGAACGTAGATTGTGA_s6,7.7898984,-0.46865374,-0.95280826,1.0577959,2.3739595
E2L4_AAAGGATCATCATCCC_s6,7.8888936,-0.07914674,-1.3947928,1.4207929,1.5927951
E2L1_TCGCACTAGAGTCTTC_s6,8.394502,-0.013197374,-0.6641883,-0.5375472,1.8015916
E2L5_CCTATCGAGCCGGAAT_s6,0.14810014,0.028244603,0.15726377,-0.01907213,2.2425535
E2L1_GGGCGTTCAAGTCATC_s6,1.3552778,-0.6722585,0.10611141,-0.4298312,1.800533
E2L2_GTAAGTCCAACTGGTT_s6,0.62555444,-0.06678972,-0.17693363,1.5100591,0.12777722
E2L8_ACTCTCGTCCCATACC_s6,0.7739004,-0.20587745,0.391444,-0.007747546,-0.2653482
E2L8_GAGTTACGTCCCTGAG_s6,8.028022,-1.1721075,-1.345507,0.38392934,0.098014176
E2L3_GCCGATGAGCTCGGCT_s6,0.29066738,-0.3566818,0.5816586,1.0833504,-0.3210907
E2L1_GATTCGACAGCTACTA_s6,8.4335,-0.6435476,-0.9277541,-0.8711681,0.7475667
E2L7_TGGAACTCAGCGTTTA_s6,7.6560526,0.051858414,-1.276172,0.3282703,0.79019606
E2L1_CACGTTCCAGATTTCG_s6,0.7262664,-0.22769588,0.4972648,-0.036857277,-0.810162
E2L6_GTGAGGACAAATTGCC_s6,7.9526615,-0.0708237,-1.5424908,0.25601703,1.8469896
E2L6_TTACCATCAAGGCAAC_s6,7.1036463,-0.29718608,-1.5739516,0.7254155,0.3813697
E2L3_AAGTACCCAATAGGGC_s6,0.83842736,-0.44207862,0.18903112,-0.26038843,-0.12021068
E2L7_GACTGATAGTTACGGG_s6,8.439877,-0.66302156,-0.9992918,0.7667097,1.2507412
E2L2_ACCGTTCAGGCATGGT_s6,0.5020009,-0.051819146,-0.06354585,-0.03310457,-0.96670043
E2L8_CAACAGTCATACAGCT_s6,-0.78259003,2.5430217,0.111337475,0.32767278,1.5945528
E2L4_GGGATGATCACGACTA_s6,8.053627,-0.14028583,-0.8708962,-0.028517097,1.87632
E2L5_CCTGTTGGTAGCGAGT_s6,0.97157574,-0.5408348,-0.13043717,-0.33880287,1.0112954
E2L7_CTCATTAAGGGACTGT_s6,7.9933834,-0.48240858,-1.2162735,0.41662616,0.85778296
E2L6_GACTCAACAATCCTAG_s6,7.6917024,-0.68299437,-0.9774069,0.23880185,1.7643862
E2L2_TTGGGCGTCCGAGTGC_s6,7.7277794,-0.8198282,-0.9934864,-0.66661406,1.8128976
E2L3_ACTTCCGTCCAGTACA_s6,-0.033722747,2.6056223,-0.24817577,0.3404939,0.66720235
E2L8_ACCCTTGAGGATATGT_s6,7.6561003,-0.6427536,-0.96705276,1.0393157,3.4365497
E2L1_GCCTGTTCAGGTTCCG_s6,0.23104161,2.8213992,-0.08343743,0.38250804,-0.6892873
E2L6_AGGAATAGTTCTCACC_s6,0.35809913,-0.2980184,0.32966536,1.8053403,-0.64150125
E2L6_GTCTACCGTCTTCGAA_s6,0.23521012,-0.25537384,0.16773061,1.1340007,-0.83336437
E2L5_TGGGTTACAGTAGATA_s6,8.117775,-0.4957783,0.1152657,-0.850454,1.9780576
E2L8_AACCTGATCCACGGAC_s6,7.875883,-0.2830661,-1.2776349,0.7217094,1.0840291
E2L7_ATTCCTATCATGCATG_s6,8.01507,-1.1726902,-1.0201317,0.6520943,1.5147198
E2L6_TCTGCCACAAGACAAT_s6,-1.1854048,3.015903,0.08484883,0.17366964,1.910994
E2L1_GGTTCTCGTAACGGTG_s6,0.76563466,-0.26915523,0.40245438,0.2672665,-0.2879274
E2L4_GTTTACTCACGTGAGA_s6,7.9322886,-0.5485684,-1.2750076,-0.6437288,1.3216016
E2L5_GGGTCTGGTACCTATG_s6,0.8885709,-0.3434604,-0.14244331,0.13594191,1.5099422
E2L5_ACATCCCAGCCGCTTG_s6,-0.9934258,2.520452,-0.3800906,0.50923955,1.2276766
E2L8_GCTGAATTCTCTATGT_s6,8.235435,0.027103681,-1.1319026,0.14742236,0.09529626
E2L1_TTGGGCGCACGAAAGC_s6,7.5477,-0.27894875,-1.171499,-0.16880402,1.1980557
E2L6_CCTATCGAGCCTAGGA_s6,-1.2519606,2.9203494,0.3235898,-0.26853764,0.10685974
E2L4_GGTCTGGCACGGCTAC_s6,8.653621,-0.4253063,-1.5890204,0.78584063,1.4572684
E2L6_TTCCTCTCAGACTGCC_s6,7.9858975,-0.03240365,-1.0380148,0.7717613,1.6889204
E2L5_AGCCAGCGTGATATAG_s6,0.82973,-0.11219452,0.2968871,0.8228244,-0.16628438
E2L4_GGTAGAGAGGCATCAG_s6,8.208191,-0.39903286,-0.797203,1.0201508,1.9245111
E2L8_AATTCCTAGTGCCGAA_s6,0.46003255,-0.48089486,0.09338613,-0.11626838,-0.13119301
E2L2_GATGTTGAGCTGTCCG_s6,0.2866174,-0.3741503,0.55437714,1.4319466,-0.5607161
E2L8_ACGTAACCACACTGGC_s6,8.542972,-0.7074088,-1.1046268,-0.1158899,0.9669161
E2L4_ATTTCTGTCGTTACCC_s6,0.1121599,2.0910184,0.14214899,0.86244476,0.18904513
E2L1_CGACAGCCATTGAGGG_s6,6.2168612,-0.7144364,2.45178,-0.42578328,2.2751312
E2L5_GATGCTACAACCGACC_s6,0.6236029,-0.4589852,-0.46854332,-0.65516216,0.6383312
E2L2_GAGCTGCGTTGGGACA_s6,0.92913747,-0.18763451,0.65006244,-0.054945245,-0.841933
E2L8_CCCTGATGTATGACAA_s6,0.30051172,-0.1851474,0.22412248,-0.10493894,0.15957984
E2L1_GAAGCGATCGTCGCTT_s6,8.201994,-0.17481792,-1.0021477,1.499799,0.066731095
E2L6_CGGAATTAGCCAGAGT_s6,-0.701565,2.4633157,-0.018194726,-0.29756528,0.46221015
E2L5_CTGCAGGTCCGGCTTT_s6,-0.8739776,2.7731023,-0.49941733,-0.4628718,1.1173753
E2L2_GTGAGCCAGGGCAGAG_s6,0.5573014,-0.18243995,-0.00034192856,-0.19616346,-0.31338078
E2L2_TTCTTCCCAACACGAG_s6,7.3356733,-0.040955566,-0.9608222,-0.6315377,0.55106604
E2L7_GCCCAGAAGAGGTCAC_s6,-0.9303057,2.5122452,0.17394674,-0.7204525,0.0588696
E2L4_AAACGAAGTATCGGTT_s6,8.044057,-0.026677705,-1.0907094,0.74176896,1.1695068
E2L7_TACGGTAAGTGCCAGA_s6,-1.4328357,3.039885,0.37680316,0.19845544,1.3322482
E2L2_GACTCTCTCCTGATAG_s6,7.770703,-0.59993875,-1.2885897,0.40033466,0.76110274
E2L8_ACATCCCCACCTGCTT_s6,0.497674,0.053942047,-0.31452304,-0.42431635,0.8318521
E2L5_AGACAAAAGTCTCCTC_s6,7.904329,-0.41677982,-0.9189826,0.8061255,2.4313948
E2L7_TGAGCGCCATCGAAGG_s6,0.6158801,-0.2603523,-0.046389453,-0.5509137,0.11039099
E2L8_AGTCATGTCCTCTGCA_s6,8.645946,-0.8911819,-1.650959,-0.6585967,1.0692248
E2L2_ATGACCAGTTAGAGTA_s6,7.7920094,-0.37386772,-0.87966377,0.75659984,2.1225348
E2L4_CTCCTCCCACACCAGC_s6,0.6598281,-0.37288728,0.19008599,1.3336562,-0.1777522
E2L7_CATTCTATCATAGCAC_s6,8.295848,-0.37989473,-1.2364111,0.06623457,0.88774776
E2L5_GAGTTTGAGCCGTAAG_s6,-1.4001667,1.97077,0.61089295,1.073455,2.1448314
E2L6_GATAGCTTCGTGCATA_s6,-1.3776385,3.1635127,0.7455726,0.6156921,1.0759814
E2L2_GTGTTCCCACCCTTAC_s6,0.797275,-0.22472005,0.18336454,-0.03573346,1.6549517
E2L4_ACGTAACTCAAGAGTA_s6,0.96720624,-0.5970298,-0.33540162,0.3669107,-0.10300526
E2L2_TGTTCTATCGCCTTGT_s6,0.3830251,-0.4825809,-0.47208276,-0.0542809,0.22970128
E2L4_GCGGATCTCATTTGTC_s6,-0.54905367,2.3814445,0.30495635,-0.6454525,1.1396953
E2L4_GCACGTGAGCTTCTAG_s6,7.6763496,-0.5075114,-1.155246,0.055668667,1.7672998
E2L8_GTAGAAAGTGAGGCAT_s6,8.150156,-0.5349816,-0.9060764,0.60768086,0.63525105
E2L7_GAGTCATAGGCGTCCT_s6,0.17207116,-0.18442807,-0.07354516,0.18135187,0.38120282
E2L3_ATGAAAGGTGTCTTCC_s6,0.6619426,-0.23182309,0.09131109,-0.48023784,0.94502115
E2L7_ACTCTCGAGGCTGTAG_s6,0.19917178,-0.5665637,-0.4587991,0.05629523,1.4527723
E2L4_AACACACTCGTGTGAT_s6,7.9441333,-0.39928323,-1.4201343,-0.08244936,1.1860572
E2L1_CGAAGTTTCGGCTTGG_s6,0.21140167,-0.62575847,-0.20275456,-0.5402974,-0.41724896
E2L4_CGTAAGTAGGAGTCTG_s6,6.9816985,-0.32903776,0.12343371,-1.0511916,1.1227865
E2L5_GAGGCCTGTTGCATGT_s6,8.473807,-0.6746402,-1.5608338,0.7113421,1.6553524
E2L1_CCTCATGGTTCCGGTG_s6,-1.5674837,2.736524,0.40338975,0.3931976,1.4617631
E2L2_TACAGGTGTTGTCCCT_s6,8.154062,-0.41887864,-1.8914568,-0.32075644,0.6284301
E2L5_GATTGGTAGAGTCTTC_s6,7.5697193,-0.063819736,-0.61932516,0.18592359,2.0308545
E2L3_CATTTCACATCAGTGT_s6,8.257979,-0.63050145,-1.3552055,-0.15806645,1.599287
E2L1_CGAAGGAGTTCAACGT_s6,6.8084755,-0.77371687,2.1651258,-1.0022535,1.8978807
E2L3_TCCGGGAGTCGCCACA_s6,0.20294598,-0.2473909,-0.18747427,-0.18073684,1.6880839
E2L3_AGGGTCCGTTTGGAGG_s6,7.094593,0.024117276,-0.77128536,-0.28735694,0.9477
E2L2_GTTAGTGAGCAAACAT_s6,0.30319807,-0.2660045,0.7347688,-0.3822215,-0.71935284
E2L1_GTTTGGAGTAGATGTA_s6,7.6733236,-0.06557253,-1.1324754,0.5188668,0.8581693
E2L3_TCCTAATGTGTTGCCG_s6,7.9271293,-0.29091096,-1.566454,-0.56446105,1.6283138
E2L7_CTTGAGACACTTCAAG_s6,8.05581,-0.27385166,-1.3233082,-0.094082214,1.1243622
E2L8_CTTCGGTCACAATGCT_s6,7.6224194,-0.053950876,-0.79597634,1.1837598,1.0960882
E2L5_AAAGGATTCGTAACAC_s6,-1.1820804,2.772622,1.090919,-0.36398733,0.9591514
E2L7_TCATCATTCAACCTCC_s6,8.197425,-0.19153187,-1.1239336,0.12778546,1.6245955
E2L8_AGAGCCCTCAAGCCAT_s6,0.0419358,-0.0091683455,-0.31352055,-0.11540787,1.3713506
E2L5_GGCTTTCGTCACCGAC_s6,0.8572873,-0.24007183,-0.20448194,-0.46723974,0.32695246
E2L8_ATTTCACGTGCGAGTA_s6,7.7731957,-0.69377524,-0.09884981,-0.14061649,0.064110845
E2L4_CGTTGGGAGCGTCTGC_s6,0.6051504,-0.137838,-0.29712537,0.49373105,0.3371658
E2L1_TACTGCCAGCCAGACA_s6,0.5450983,-0.39619675,0.21225542,-0.742424,-0.07073817
E2L4_GGGCTACTCGGAATTC_s6,-1.2173034,2.9873326,0.14517315,0.50524616,0.6731746
E2L8_CGATCGGGTGCATTAC_s6,7.7189417,0.20353049,-0.6640747,-0.282905,1.3486639
E2L5_AGGCCACGTATGGTTC_s6,7.3789206,-0.24933103,-0.8292298,-0.09537389,1.6379787
E2L5_GAACGTTTCCGTACGG_s6,8.107641,-0.14878812,-0.82170945,1.232512,0.46159482
E2L4_CGGACACCAATTTCGG_s6,7.5763474,0.24045862,-0.7399999,0.021800354,1.7738398
E2L3_TACCCACTCGAGATAA_s6,7.7939253,-0.09466098,-1.4646415,1.4046636,1.7308329
E2L8_ATGAGTCGTAACATAG_s6,-0.290579,2.3975515,0.28937823,0.85136485,1.1699696
E2L6_GCAGCTGCACGCAAAG_s6,0.15614155,-0.22997063,0.086676575,1.4149435,-0.80677897
E2L2_AAGCCATAGCATGATA_s6,0.168171,-0.020396013,0.46790004,-0.22649035,0.09869787
E2L4_CGGCAGTAGACTGTTC_s6,8.02496,-0.69545746,-0.9787017,-0.045202166,1.0963401
E2L7_CACTGAAGTTACCTGA_s6,0.47245863,-0.18766248,0.20853108,-0.5838829,0.14087248
E2L7_GATAGCTGTGCATACT_s6,-1.164003,2.501665,0.07955333,0.5871129,1.0307078
E2L3_CTGTGGGGTTGGAGAC_s6,0.24345738,0.087093174,0.471654,-0.74327475,1.4681587
E2L1_GTAGTACTCCTCAGGG_s6,0.7023081,-0.55991495,0.17405482,-0.360034,-0.08103824
E2L8_TGGGAGAGTTGTGTAC_s6,0.341921,-0.35280502,0.3396873,0.14757301,-0.82421243
E2L7_GGAGGATTCCTCACCA_s6,-1.6778269,2.4507005,-0.10229587,0.2521729,0.4389278
E2L1_GGGCGTTAGTTCGCAT_s6,-0.86290216,2.6931753,-0.1346545,0.7050231,0.8633661
E2L6_TCATACTAGATGCTTC_s6,0.64780056,-0.4205047,0.7123581,0.9621987,1.100191
E2L2_CTCTCAGAGGTCACAG_s6,7.750069,-0.7726615,-0.70235705,-0.07763423,2.488957
E2L2_GGTGTTACACTTACAG_s6,7.369962,-0.09954108,-1.2422017,1.0246701,1.8405323
E2L5_GAGTTACGTGTCATCA_s6,7.8525467,-0.83140236,-1.1864612,0.25686246,0.08052623
E2L5_GCCGTGAGTTGCCTAA_s6,-0.002293855,-0.16359293,0.4186709,0.32415712,1.7583097
E2L6_CTCCAACTCACCTGTC_s6,7.4104004,-0.9616474,-1.2373667,-0.19555712,0.9522643
E2L4_CGTTCTGAGGTAGACC_s6,7.8178487,-0.18085101,-0.74571925,-0.19088018,1.3190764
E2L8_TTCCTTCTCCATAGGT_s6,8.104531,-0.17608702,-1.353628,0.4609251,0.9690402
E2L7_CGGTCAGTCCGGCAGT_s6,1.3183826,-0.39110622,-0.44376078,-0.6678821,0.29799733
E2L3_ACAACCAGTGTTACAC_s6,0.62513846,-0.13642268,0.21791677,0.19050786,1.0286126
E2L5_CTCCCTCAGCATTGAA_s6,7.7458367,0.05719156,-0.82001585,0.5682713,1.2901263
E2L1_ATCCATTCAACCACAT_s6,7.3642335,-0.20668994,-0.8839671,0.820853,1.9070095
E2L4_ATACCGAGTCCCGCAA_s6,8.125444,-0.57908297,-0.6705868,-0.065833434,1.6436894
E2L7_TGGGCTGAGGGCCAAT_s6,0.4426388,-0.28309643,0.088287145,0.016501814,-0.087269664
E2L3_TTCACGCCAAATAGCA_s6,-1.2387924,2.9697104,0.1965376,0.13676304,1.2843964
E2L8_CTGATCCAGTGTACCT_s6,7.022353,-0.526986,-1.3977075,0.6004675,1.2347374
E2L5_CCGATCTTCTGCTCTG_s6,1.165586,-0.21699439,-0.1042434,-0.14426607,-0.39489123
E2L1_AACAAAGCACTCCACT_s6,8.4556055,-0.17326583,-1.6590708,0.48728842,1.1065211
E2L5_AGCTACAGTAGGACCA_s6,8.479681,-0.4387352,-1.4531349,0.17626442,2.2401776
E2L3_TGTGGCGTCTTCTCAA_s6,7.925987,-0.48915252,-0.7488916,-0.5790869,1.4470371
E2L8_GTTTACTTCTCCAAGA_s6,-0.52888507,2.4099715,-0.4171624,0.29438663,0.015105367
E2L4_AACCACATCATGAGTC_s6,0.6558428,-0.5068784,0.5527169,-0.11863172,0.09682438
E2L4_TAGGTACTCCTAGAGT_s6,7.8699307,-0.33581132,-1.7329638,0.12241866,0.2515531
E2L5_GTTCATTAGTATTGCC_s6,7.097005,-0.5333212,1.2985272,-0.73061097,2.026041
E2L3_TTCGGTCTCAGCGCGT_s6,7.908127,-0.0657714,-0.66613036,0.61450124,1.1072097
E2L7_ATCATTCGTAAGCAAT_s6,0.1564086,-0.28028947,0.41428736,-0.4064101,-0.013976693
E2L8_AGGGTCCTCGAGCTGC_s6,0.4951245,-0.255715,0.14054684,1.1585876,-0.64593416
E2L2_AGACCCGTCATCTGTT_s6,7.4142685,-0.10675514,-0.21660616,-1.09874,2.17396
E2L8_CCTACGTCATGACCCG_s6,0.26646268,0.09599745,-0.027458262,-0.35706705,-0.49666423
E2L4_TGTAACGAGAGTCACG_s6,-1.233906,2.9328642,0.44688916,-0.0030263364,0.82980424
E2L4_ATACCTTTCGCTAGCG_s6,-0.35264143,2.7212262,0.10989758,1.2646849,1.0929759
E2L1_TCATCCGTCATGTCAG_s6,-1.6176839,2.7224314,0.22399515,0.21442524,0.5755943
E2L4_CGACAGCGTATTGCCA_s6,0.46470866,-0.2611856,0.77717066,-0.33412755,-0.5207437
E2L2_TCGCTCATCTGTGCTC_s6,0.89796746,-0.35538417,0.13836658,-0.44616744,0.8895977
E2L7_CTAGACAAGCGTATAA_s6,8.595656,-0.81870633,-0.72484636,0.9734039,0.21716431
E2L8_TCATGCCAGTGAACAT_s6,0.6828577,0.015194401,0.262366,0.00816454,-0.1632168
E2L2_GTAGGTTAGCCTGCCA_s6,-0.9737886,2.6817937,0.56184596,-0.5192887,1.6420937
E2L6_GCGGAAATCAATCCAG_s6,0.34082857,-0.19742867,0.39070773,-0.24233302,1.5168412
E2L2_CCTTTGGGTGACGTCC_s6,0.3342688,-0.44120532,0.3358125,-0.3928175,-0.3903671
E2L8_GTAATCGCAATCTGCA_s6,-0.85680914,2.2085166,0.09121478,0.22128733,-0.26555285
E2L6_TATTGGGTCAGCTGAT_s6,7.7189302,-0.019487299,-0.72835404,1.0098501,1.6985686
E2L5_GATCATGTCGTCAACA_s6,0.27281162,-0.24830759,0.13731855,1.0193261,-1.0881801
E2L3_CTCCCAAAGTATTCCG_s6,6.2998176,-0.6591419,2.3914838,-0.68449825,1.7311512
E2L6_CACATGACATCAACCA_s6,0.7303498,-0.27014354,0.9118401,-0.75200146,0.029452711
E2L3_CATCGGGCAATCTAGC_s6,0.3003227,-0.15252152,0.39601585,-0.3067577,-0.120257914
E2L5_AGGATCTTCTGGACTA_s6,8.1842785,-0.23376709,-0.8799336,0.66678035,0.8321301
E2L5_ACAGAAAAGCCTCACG_s6,7.7903724,-0.13152565,-1.3874646,0.45348054,0.40459153
E2L8_GGGTTTAAGTATGATG_s6,8.419668,-0.8765561,-0.90379137,-0.31844276,1.3056419
E2L3_TGTGGCGGTAGTCGTT_s6,0.9372235,-0.40495074,0.26947796,-0.74397796,-0.58064175
E2L5_GATGACTCATAGCACT_s6,7.874376,-0.81481963,-1.5086118,0.296795,1.3313428
E2L4_GCACGTGGTGGAAGTC_s6,0.5981801,-0.22016022,-0.11050368,-0.05303578,0.4358505
E2L8_CTCTCAGTCTACCACC_s6,7.0514736,0.23512286,-0.935396,-0.14477,1.5663865
E2L5_AGGGTGACAGATACTC_s6,7.5011063,-0.056965467,1.0239884,-0.35585654,1.2754059
E2L1_TTGGATGAGGGCCAAT_s6,-1.1833823,2.6560726,0.22553357,0.2185698,1.1117622
E2L3_TTCCACGCAGAACCGA_s6,0.14086708,0.108530246,0.14835861,0.09480697,-0.164619
E2L4_GTAGGAGAGCCTTTCC_s6,7.1187077,-0.17866237,-1.4256136,-0.6508199,0.55579615
E2L5_TGGGCGTCATCCTGTC_s6,8.675142,-0.24338417,-1.0923004,0.672424,0.5318034
E2L8_GTCAAACCAGGCTACC_s6,0.36899662,-0.52567774,0.563248,-0.21254596,-0.35899717
E2L7_GTGGAAGCATCCTTGC_s6,8.225916,-0.4465041,-0.9111363,-0.7024429,0.32992157
E2L4_AACAACCCAAACGGCA_s6,8.209925,-0.5153109,-1.541275,0.9149932,1.7220606
E2L7_ATACCGAGTAGGAGGG_s6,1.449146,-0.4396178,-0.6692437,-0.16765107,1.8019077
E2L2_TACACCCTCTCCGCAT_s6,0.5710162,-0.80504024,-0.85095245,-0.38058382,1.4869893
E2L5_ATTCCATTCCATGCAA_s6,8.081242,-0.13670516,-1.1726854,-0.31606263,1.1568038
E2L3_CTCAGTCTCCTCCACA_s6,7.2226844,0.9593728,-0.18693477,-0.0038838834,-1.2942526
E2L3_AGACACTCAAATGAGT_s6,8.4634695,-0.42163277,-1.1243807,-0.92511934,0.81393814
E2L7_TGCATGATCTGGTGGC_s6,8.063225,-0.30286038,-1.1428416,0.3756196,1.4956305
E2L3_GTGGAAGAGCTTAGTC_s6,0.70940506,-0.25284284,0.46279192,-0.092324056,-0.4515519
E2L5_TACCTGCTCACAAGGG_s6,8.313985,-0.24270475,-1.217889,0.12408398,1.2946396
E2L6_CAAGGGAAGGGCGAGA_s6,6.7676015,-0.67544043,1.7998621,-0.25394982,1.4922388
E2L1_GCGTTTCTCACGAACT_s6,-0.55052406,2.0766575,-0.014365299,-0.55913746,-0.09637496
E2L3_TCATCATGTATCGTTG_s6,7.2300186,-0.34348783,0.5786569,-0.23558824,0.32995814
E2L4_AGGACGACAACACAGG_s6,8.664675,-0.11143568,-1.5860835,0.761245,0.5610186
E2L3_GATGATCTCACCGACG_s6,8.6401615,-0.5861155,-1.1810207,-0.30678105,0.8837427
E2L2_TCCTGCATCAACTTTC_s6,-0.39600402,2.4157004,0.26131734,0.3240668,0.03518802
E2L5_CACGGGTCAAGCTGCC_s6,0.42905164,-0.05644667,0.3978323,-1.1113064,1.6760447
E2L4_TGCACGGAGGTGCTTT_s6,8.115337,-0.40311712,-0.8134373,-0.61011416,0.69293284
E2L6_CGACAGCCAGAGATGC_s6,0.36282235,-0.19366316,0.12938876,0.10147917,0.1846042
E2L8_ATTCTTGCAAGGCGTA_s6,-0.7232575,2.4791129,-0.7091019,0.9267757,0.30574
E2L4_CATCAAGGTAATGCGG_s6,7.755606,-0.22686458,-1.5293484,-1.3187972,1.626183
E2L8_TGGCGTGCAATAGAGT_s6,0.5374612,-0.6078757,-0.8807265,0.09894578,-0.27094036
E2L4_GGCGTCATCAGAACCT_s6,-0.34761876,1.8774353,0.04895396,0.7982107,2.039124
E2L7_AGGTGTTTCTCTCGAC_s6,0.5915097,0.029289592,-0.13671166,-0.28679615,-0.40964767
E2L5_CGTAGTAGTCGTCGGT_s6,1.0527226,-0.3823559,-0.25172862,0.4501863,-0.15267989
E2L5_TCATCATGTGGACCAA_s6,-0.87167454,2.6402535,0.57301855,-0.061004534,1.1392555
E2L5_GGTAGAGGTGCTAGCC_s6,7.5716844,-0.064696655,-0.884126,0.33798742,0.39744756
E2L4_CGGGTCATCGACATAC_s6,0.41256055,0.07446948,-0.026545025,-0.5584615,-0.8139794
E2L8_AACCTGATCACTGCTC_s6,8.060144,-0.53703725,-0.7399472,0.66456765,1.5420028
E2L2_TGCGGCAAGTGCCGAA_s6,8.44637,-1.0601984,-1.2912605,-0.020949319,1.144981
E2L1_CAAGACTGTACTAGCT_s6,8.623527,-0.9710447,-1.3347392,-0.48837984,1.0655895
E2L7_GCAGGCTAGGTCCCGT_s6,0.02854234,-0.5744245,0.049496915,-0.53766066,0.12847564
E2L4_ACCACAATCGCTGATA_s6,7.727447,0.19857022,-0.8813815,-0.24529396,0.5056779
E2L7_CATTCTAAGCTAAACA_s6,8.56871,-0.83901674,-0.11237251,0.1038515,1.8884714
E2L7_TAGAGTCCAAGCTCTA_s6,1.2859759,-0.5754975,-0.52499115,-0.4120721,1.3816346
E2L8_TTCACCGGTGACGCCT_s6,-0.77224314,2.4760373,-0.057338193,-0.70619595,0.15651953
E2L2_TCCACCAAGTGGAATT_s6,7.022975,-0.085051544,-1.4535939,1.0653704,0.7762158
E2L8_GTAGAAAAGACTCCGC_s6,0.068666175,0.19409057,-0.0784903,0.12659967,1.227495
E2L1_TCCTCGATCCACGGAC_s6,0.21924317,-0.44899634,0.062077302,0.18512005,0.45972252
E2L4_TTTAGTCTCCTTCTTC_s6,0.6160375,0.055031292,-0.1747404,0.15531862,-0.46649617
E2L3_TCATGTTAGGCAGGGA_s6,8.292221,-0.7377156,-0.70269173,1.6093174,1.8173207
E2L8_GCCCGAATCTATTCGT_s6,8.347076,-1.0755779,-1.2982955,-0.4886806,2.0593457
E2L8_AACTTCTGTCTCAGGC_s6,8.020746,-0.84101397,-1.0002922,0.40632778,2.1979449
E2L8_TATCCTATCAGCAATC_s6,0.76454365,-0.14821689,0.14579715,-0.19923721,-0.73112833
E2L8_CAACGGCTCGGTATGT_s6,8.615155,-0.54060364,-1.1872197,1.2920082,0.6335615
E2L2_CTCCACACACTAACGT_s6,8.315649,-0.47747737,-1.6244911,-0.109696865,1.0323923
E2L1_AACCAACCAGTGCCTG_s6,-0.6385812,2.5925007,0.20247653,-0.19690153,1.2925214
E2L5_TAGGGTTTCGCACGAC_s6,8.117679,-0.48497295,-1.6619456,0.25043517,1.218401
E2L5_CCTCCTCAGTAAGCAT_s6,0.2554738,0.15772143,-0.09192812,-0.039854288,1.350767
E2L3_CTGCAGGCATCTCAAG_s6,7.8420362,-0.46933004,-1.3018053,0.758074,1.5737964
E2L5_GGGTAGACACAGTCCG_s6,0.50281715,-0.36448574,0.14942594,-0.055438876,0.18225655
E2L3_AGGCCACGTGTCCCTT_s6,0.87045723,-0.052349143,0.4302851,-0.39982092,-0.48483035
E2L1_TTTCAGTCATCCGTTC_s6,0.34462819,-0.3192861,0.0028607994,0.3609824,0.2108976
E2L7_TCCTTTCAGGTGAGAA_s6,7.553745,-0.72421604,-1.4264135,0.79926294,1.2127808
E2L6_TCAATTCGTAAGAACT_s6,8.059019,-0.67052436,-1.2169012,0.5625252,0.4603823
E2L8_AACACACAGATGAAGG_s6,8.151121,-0.63614154,-1.2163806,0.3292379,1.376513
E2L3_GCAGGCTAGCGTCTCG_s6,7.649155,-0.5113091,-0.71561897,-0.20747507,1.3420684
E2L3_GAGGCCTCATGGCTGC_s6,0.9175812,-0.43758944,-0.14513558,-0.72129864,1.0701392
E2L2_CTCATGCAGGTAGATT_s6,0.6320212,-0.3823197,-0.2752987,-0.6520546,-0.4278698
E2L7_AGTAACCAGCGGTAGT_s6,0.8702107,-0.26857314,-0.05679675,0.24573222,0.0288696
E2L6_GATGATCGTGCCTACG_s6,7.644555,-1.0120177,-1.2647171,1.0992336,-0.17652485
E2L2_GAATCACGTGGTCCGT_s6,-1.0658058,2.3990467,0.05076258,0.4563903,1.1660625
E2L1_TTTAGTCTCCGATGTA_s6,7.5756187,-0.3407036,-1.5559465,0.9088284,1.6885384
E2L7_TGTGAGTGTAATTGGA_s6,7.8549967,-0.30981103,-1.4750757,0.24454601,1.1470159
E2L5_GGAAGTGCATACCAGT_s6,0.654987,-0.03372356,0.028478717,-0.30251276,-0.28218317
E2L6_GTAGCTAAGAAGAGCA_s6,7.1418066,-0.47771096,2.4990766,-0.9847865,1.2039601
E2L2_TCGACGGTCCGTATAG_s6,8.600843,-0.24046496,-0.81477785,1.3972485,0.37825817
E2L4_ATCCCTGCACTGTGTA_s6,0.72924244,-0.4831021,0.13300553,0.07038432,-0.695052
E2L7_GTGTCCTGTTAACCTG_s6,-0.63324296,2.7015243,-0.08001751,0.19026414,1.8369007
E2L7_TTGTTTGGTTCCATTT_s6,-1.3502271,2.6761477,-0.11285474,-0.18062021,-0.72293425
E2L2_AGGCTGCAGGGAACAA_s6,7.272207,-0.4156653,-0.60910183,-0.4357078,1.5616705
E2L8_GACTTCCGTAGGGAGG_s6,-0.88074696,2.7796464,0.13677405,0.16169517,1.2563212
E2L1_AGAGAGCGTAAGTTAG_s6,7.809744,-0.026911736,-1.6168113,0.8471559,0.8727746
E2L4_ATGGGTTAGTTGTCAC_s6,-1.4934695,2.3936753,-0.28700638,-0.3033728,0.8639484
E2L4_GCTTTCGCAACTGAAA_s6,0.48241663,-0.11357671,-0.20242068,0.37769687,-0.00076267123
E2L3_CCTTTGGGTGACTGAG_s6,0.12597246,-0.16405888,0.2629241,1.2534556,-0.7787709
E2L2_TTTATGCTCCGACAGC_s6,0.37617007,-0.35344663,0.11949071,1.3985037,-0.38880205
E2L7_CAAGGGAAGACTGTTC_s6,0.58551925,-0.36044848,-0.3120568,-0.16602433,-0.6192484
E2L5_CCGGTGAAGGACATCG_s6,0.9658245,-0.17507283,-0.17093825,0.15162097,-0.53702784
E2L3_ACCAAACTCGGCAGTC_s6,-0.75364304,2.6886034,0.10379974,0.19957875,0.7045249
E2L2_GGTAATCCAGAACCGA_s6,5.921018,-1.1410054,-0.7852858,0.6692471,0.78451097
E2L6_ACCATTTGTCCGAAGA_s6,7.157902,-0.23857415,0.5664758,-1.1143203,1.1504376
E2L4_AAGTCGTAGCACACAG_s6,-0.71529144,2.4313915,0.031151935,-0.041975185,0.90209603
E2L2_GGTGATTTCTGTTCAT_s6,7.718347,-0.7031676,-0.7383522,0.092036545,1.2413781
E2L8_ACAGGGAAGAAGCTGC_s6,0.43059888,-0.17245294,-0.33112803,-0.5347513,0.918041
E2L1_ATCGATGGTCCCTGTT_s6,8.401262,-0.55899066,-1.4503946,0.42736176,0.3833378
E2L7_TGGGAGATCCGTTGAA_s6,6.938999,-0.013003044,-1.1675092,0.6984446,1.2969118
E2L7_GTGCGTGTCGGCATAT_s6,0.8031432,-0.53617406,-0.07841845,-0.36672544,-1.000749
E2L5_TAACTTCGTTCGTACA_s6,7.1032887,0.008809812,-0.65574735,-0.7378606,2.2597365
E2L4_TGTCCCATCTAGGAAA_s6,0.39141488,-0.4370257,-0.090498276,1.043374,-0.9317978
E2L2_TGTCAGAAGAGGTCGT_s6,8.021442,-0.71239763,-1.6033137,0.042571664,1.6786265
E2L2_ATTCAGGGTCTGTAAC_s6,7.9500594,-0.17985976,-1.2534025,-0.65053046,1.0065298
E2L5_CTGATCCCATGTTCAG_s6,7.93519,-0.023111895,-1.1478043,1.0436523,1.3675201
E2L8_GTGTGGCTCATTGAGC_s6,8.246224,-0.44195986,-1.19232,0.74275553,1.4351621
E2L5_TCGTGCTCATGTAACC_s6,7.8405337,-0.19352534,-1.0190377,-0.68014747,1.898848
E2L4_TGATGGTAGGCCTAAG_s6,0.37429544,0.053158615,-0.07627248,2.020957,-0.54115474
E2L1_GGATCTACATCTTTCA_s6,0.5344706,-0.23275448,-0.039606754,-0.3099624,-0.4335664
E2L6_AGTCAACTCTGGGAGA_s6,0.44925994,-0.42072067,0.6972502,0.22688209,-0.5293646
E2L6_CCGATGGAGAGTCACG_s6,0.56874716,-0.22912611,0.3235843,-0.41787097,-0.2644655
E2L4_TCACATTCACAAGGTG_s6,-0.87155277,2.4432585,0.8057169,-0.41994047,0.5459139
E2L4_GGGTTTAAGTCGAAGC_s6,7.252996,0.00787067,-0.9799515,0.29933795,1.0947709
E2L5_TGCAGGCAGCTTACGT_s6,8.527903,-0.5778449,-1.3678392,-0.011905089,1.0037239
E2L6_TATCCTACATACCATG_s6,7.903382,-0.51114255,-1.6275815,0.06907894,1.3325646
E2L3_AATGAAGGTCTGGTTA_s6,7.845772,-0.40903014,-1.2922988,-0.39905465,1.058783
E2L8_ATTACCTGTCTGTGAT_s6,8.015767,-0.22779776,-0.8212662,1.1129698,0.93057525
E2L6_TGACTCCCATCTCGTC_s6,8.231178,-0.798525,-0.76465666,-0.62547797,1.9260242
E2L6_GTGTTCCTCGGTCACG_s6,8.941105,-0.5047772,-0.60726416,-0.64701164,0.65963006
E2L6_GTGTTAGGTCGCATGC_s6,0.4167144,-0.00098579,-0.07116078,-0.32794815,-0.18395644
E2L7_CCTGCATAGAAACCAT_s6,7.9255457,-0.43372902,-1.4242423,-0.3902479,0.45009226
E2L8_GTTGAACAGACTCAAA_s6,7.6452565,-0.7325662,-1.2450341,1.0781287,1.1482584
E2L4_GCATCGGAGAGGCGGA_s6,0.3367026,0.042372186,0.19792026,-0.14883709,-0.6225393
E2L8_CTGTCGTGTGCGCTCA_s6,7.8395104,0.16408044,-1.1042578,0.81468135,0.73426414
E2L5_CACCGTTCAGGTATGG_s6,8.40939,-0.3285086,-0.024148019,-0.8438474,1.1171415
E2L7_AGGTGTTAGCCAGTAG_s6,8.1523285,0.30223393,-1.5704426,-0.47833955,0.7318631
E2L8_TCCACCACAACCGGAA_s6,8.044612,-0.20977956,-1.536037,-0.037105024,0.7723093
E2L5_TATTGGGTCCGCACTT_s6,8.194041,-0.12727886,-1.5408089,-0.21001737,-0.12955207
E2L1_AATGACCTCCGTACGG_s6,7.7774024,-0.08026485,-1.2272954,0.93284106,0.38552064
E2L6_TGCATCCCAGACTCTA_s6,7.738902,-0.2519237,-0.8206608,0.18247679,1.0648186
E2L6_CGTGCTTTCTCGTTTA_s6,-0.5102652,2.37505,0.12858115,1.3627659,-0.15714735
E2L5_AGGGCTCTCTACCTTA_s6,8.245955,-0.03129282,-1.5189941,0.8468517,1.3887193
E2L4_AAGTCGTCATTGAAGA_s6,0.6139283,-0.19570734,-0.6988266,0.30621636,0.90957975
E2L2_TACTGCCGTGACAACG_s6,7.914594,0.158584,-1.567994,0.8570222,1.8138582
E2L3_ACTATTCGTGTCCCTT_s6,0.33219042,-0.59796023,-0.11965889,-0.5964794,1.2100172
E2L5_AGGACTTCAAATACAG_s6,0.7823621,-0.28820145,0.7841331,-0.20860419,-0.19934729
E2L8_CGGACACCACGCCACA_s6,6.7973075,-0.1512076,2.7443316,-1.0231378,1.3758787
E2L4_AGCATCAAGGAATTAC_s6,-0.73376745,3.0938773,0.443746,0.25386637,1.2889029
E2L5_ACGGTCGAGGCCCAAA_s6,0.10835608,-0.20135048,0.17190863,1.1569195,-0.9343989
E2L3_GGACGTCCACGCAGTC_s6,7.752637,-0.5228381,-0.93642026,-0.90651757,0.6640431
E2L2_TGCATCCCACCGGAAA_s6,7.540382,-0.3212775,-1.2242376,0.90898967,1.0278345
E2L5_TGCATGAGTTGGTACT_s6,-1.0541633,2.7385762,-0.18518914,0.56205475,0.29449472
E2L4_CATACAGGTCACTGAT_s6,-1.0204513,2.998893,0.1181395,-0.16739851,0.94565403
E2L6_GCACGGTAGTTGCGAG_s6,7.459264,-0.8934014,-0.9761523,-0.3685369,1.2950687
E2L2_CGTGATATCTGTTGGA_s6,8.190537,-0.55360126,-0.9682971,-0.017582178,0.53335786
E2L8_TACATTCTCGGAATGG_s6,7.9611626,-0.24094656,-1.2290576,-0.20150831,1.6915199
E2L6_CAGAGCCCACAAATAG_s6,0.7311301,-0.32461685,0.1439721,0.20591338,1.4184644
E2L6_CAAGAGGAGGCACTAG_s6,8.019283,-0.65696055,-1.2843899,-0.11406803,1.3512383
E2L2_GTCCCATGTACAAACA_s6,8.324842,-0.36760458,-1.2875923,-1.0143231,1.4780846
E2L3_ATCAGGTGTTTGGCTA_s6,-0.7528443,2.9435506,0.19688669,0.56360924,1.6574433
E2L5_CATGCGGGTTTAGTCG_s6,-0.6516508,2.3585064,-0.1453385,-0.23907875,0.58152765
E2L7_CATCGCTCATGGGAAC_s6,8.109254,-0.87826335,-0.8980377,-1.6713557,1.433512
E2L6_CATGCCTGTGGTACAG_s6,7.6557403,0.21720394,-0.9919936,-0.40707535,1.3990834
E2L5_CGATGGCAGAAGGTAG_s6,0.29260677,-0.22089405,0.51664674,0.862159,-1.0530344
E2L2_TTGCCTGGTAGCGTCC_s6,7.929012,-0.2628294,-1.0787213,0.9810775,2.6021395
E2L8_TTACGCCTCTCAACCC_s6,0.5918124,-0.3398515,0.6117558,0.9875691,-0.5568416
E2L8_TCGCACTAGTGGTTGG_s6,7.0960007,-0.5675,-1.0682685,0.7257319,1.9839463
E2L7_TTTATGCCACAAGCCC_s6,-0.9136623,2.737666,0.5548424,0.7422209,0.15379241
E2L6_CATAGACAGAAGTCTA_s6,8.419893,-0.7818458,-0.90518945,0.39340183,0.4934552
E2L8_CTACGGGAGTTGTACC_s6,8.31918,-0.716421,-1.6384037,0.5072983,0.94552404
E2L3_CTACCCACACTTCAGA_s6,7.730347,-0.27472764,-1.0786974,0.30187315,0.32141355
E2L7_GAGATGGGTTGCAAGG_s6,6.6896706,0.08812037,-1.2205083,0.29004523,1.6177907
E2L3_CGGAGAATCTATCGTT_s6,0.835423,-0.2883762,0.24558474,-0.37692058,-0.13274339
E2L3_GAGTGAGGTCCTACAA_s6,0.32078245,-0.39352378,0.05037741,0.45119315,-0.9065211
E2L6_ATCCATTGTGTCCGGT_s6,7.2380805,-0.7213372,0.28305447,-0.8157927,1.7633185
E2L8_GTGACGCAGGACCCAA_s6,6.914231,-0.20591554,-0.94144005,-0.040449336,1.6784592
E2L1_GGTCTGGAGGCCCAAA_s6,8.407096,-0.9932678,-0.6705342,-0.04131487,1.0767508
E2L2_TCCTTTCTCGCATGAT_s6,0.62513256,-0.5696595,0.29915577,1.6907539,0.31471476
E2L3_GGGCCATCATCTTCGC_s6,-1.2233888,2.734355,0.37223274,-0.4048081,1.0880864
E2L8_CGAAGGAGTCGTTTCC_s6,7.89325,-0.6683769,-0.70925814,-0.20981081,0.8069438
E2L4_GACTTCCCACTGCATA_s6,7.565274,-0.20205785,-1.2022434,0.20761612,0.7250024
E2L6_ATCACGACATGGCCCA_s6,0.18206124,-0.34866324,-0.5750598,-0.665978,0.46074873
E2L6_ATGTCTTCATACACCA_s6,7.608981,-0.2879607,-1.3290694,0.98230904,0.93222535
E2L4_ATCATTCTCATGTCAG_s6,1.2312236,-0.5742038,-0.25677305,0.20752096,0.22942266
E2L2_TCAAGCAAGCAGCCCT_s6,-1.3662939,2.513702,-0.42422527,-0.49800408,1.3279427
E2L6_GGTAGAGAGGTGCATG_s6,0.5540586,-0.38154832,-0.31030273,1.2592844,-0.1791397
E2L7_TGCTCCAAGTCTTCCC_s6,-0.738578,2.827777,-0.1514364,0.5758512,0.8278412
E2L2_AAAGAACCACCTGCGA_s6,8.207241,-0.45079663,-1.2646174,-0.66205984,1.9889524
E2L5_GATGTTGGTGATTGGG_s6,0.70693475,-0.025297083,0.5104633,-0.22089645,0.852521
E2L3_CAAAGAAAGGAACATT_s6,0.60237086,0.030949533,0.13482513,-0.52691984,-0.013530403
E2L7_CGCAGGTTCGCCATAA_s6,8.394199,-0.43347672,-1.2495301,1.7855691,1.1517808
E2L1_AATGACCTCCTACCGT_s6,-0.87229335,2.816499,0.19844593,-0.75394183,0.9432158
E2L2_TACCCACGTACCCGCA_s6,0.4580419,0.0070474,0.041279815,-0.35775098,1.4350834
E2L3_ACGGTTAAGGTGCATG_s6,7.5890265,-0.73885703,-1.2696034,1.2374426,1.9931365
E2L1_GAACGTTGTCGGCCTA_s6,-1.2189077,2.633469,0.5814051,0.061072826,1.1874344
E2L4_AATGACCTCTCGTCGT_s6,-1.0165404,2.561946,0.08210115,-0.11031185,1.0802573
E2L8_TCCACGTAGCGAAACC_s6,0.52363557,-0.44643983,-0.195421,-0.58790135,0.007781327
E2L8_GAAACCTTCGAGTTGT_s6,0.7037625,-0.33834654,0.29909053,-0.27768067,0.2639837
E2L8_TACACCCCAACAGTGG_s6,8.15186,-0.5426386,-1.0506908,-0.62198126,1.4629469
E2L6_TGAGGAGCACAGCGCT_s6,7.2753296,-0.43787515,-1.1728953,0.65460753,1.8579597
E2L3_GGTCACGTCTGGGTCG_s6,0.88620937,-0.4130389,0.17468861,0.044050917,-0.07947177
E2L2_TGTAAGCAGTCACTGT_s6,0.9302584,-0.39046422,0.14463334,-0.92237383,-0.15571061
E2L4_TTGACCCGTGTGTCCG_s6,0.622686,-0.22441284,0.045636006,-0.8674509,-0.7018428
E2L5_TCAGTTTTCGATACTG_s6,-0.8791622,2.4207382,0.022147303,-0.7481716,0.12987244
E2L5_GCTTTCGGTACTAACC_s6,0.429352,-0.22724637,-0.018366124,0.6360989,-0.1845395
E2L2_TAATTCCGTCATACCA_s6,7.4063287,-0.30889958,-0.7482788,-0.17310771,1.5421492
E2L5_TCTACATAGACAACAT_s6,-1.3944654,2.6912873,0.46976036,0.2364408,0.62384975
E2L7_TGCTTGCGTTCAACGT_s6,7.4133487,-0.18745929,-1.4471737,0.86704266,1.1187878
E2L8_GTAGAGGAGCCGTCGT_s6,0.45365557,-0.4288413,0.14961042,-0.22768167,0.9633605
E2L6_AGGTAGGCAGAGTCTT_s6,8.275403,-0.21085687,-1.3116765,1.4519467,0.33068186
E2L5_CTCCCAAGTCGCCTAG_s6,-0.7858056,3.0234945,0.6810551,0.1488023,1.4546816
E2L6_CCATCACCATCGATCA_s6,0.992054,-0.28757268,-0.18185826,-0.19906375,-0.16153035
E2L3_GGGTCACAGCGTCAGA_s6,7.669628,-0.33828634,-1.4849654,0.3898551,0.8725077
E2L1_GTGGAGAGTCGCGTCA_s6,7.7119713,-0.5770929,-0.6689056,0.9966174,0.8987332
E2L6_TCATGCCAGCGCCATC_s6,0.13740914,-0.22177127,0.4209683,-0.42699194,-0.4220739
E2L7_TTAGGCAAGGGAGGTG_s6,7.3976507,-0.13749942,-0.7897741,0.2884608,1.0818387
E2L8_ACACTGATCGTGCATA_s6,-1.114281,2.9925337,-0.18147258,0.24215907,-0.15877412
E2L2_TGGAGAGTCTAGATCG_s6,8.166799,-0.7766225,-1.054616,-0.23484218,1.2034135
E2L2_ACACGCGCAGCAGGAT_s6,-1.3618304,2.6943471,0.571658,0.48824447,0.5822237
E2L5_TGCTTCGCAAAGGGCT_s6,0.26831114,-0.49156833,0.05600189,0.09903784,-0.35667565
E2L7_TAGATCGCAGCTGGTC_s6,0.17275126,-0.125386,-0.3481521,1.3855842,-0.61458814
E2L6_TTCATGTGTGAGCCAA_s6,0.8828381,-0.37030205,-0.46533665,0.11452557,1.7055197
E2L7_AACGGGATCTATCACT_s6,1.8280189,0.13952073,-0.5550927,-0.37493023,1.3280425
E2L3_AGTACTGGTAATGTGA_s6,0.7611696,-0.33657432,-0.41426876,-0.11221696,-0.20011106
E2L3_GTGCACGAGTTCCATG_s6,1.10644,-0.21432482,-0.17485902,-0.1671093,1.5874207
E2L3_GATGCTATCTCATTTG_s6,8.250968,-0.5865408,-0.79075986,0.68041474,-0.22089803
E2L7_AGACCATTCGTTAGTG_s6,0.7061104,-0.30986276,-0.3947257,-0.24851777,0.14413416
E2L3_ATCCTATGTGCCTACG_s6,-0.79362524,2.5293548,0.6349169,0.14205292,1.0911603
E2L8_CCCGGAATCTCAATCT_s6,-0.99628675,2.5322037,1.3979591,-0.3609649,1.5013571
E2L7_AGTCACAGTAACAGGC_s6,0.91616803,-0.4358798,0.58810085,-0.6052136,0.04032895
E2L8_GGTTAACCACATTCTT_s6,7.655946,-0.18555853,-0.985306,1.8595325,0.69766426
E2L1_ATCGCCTGTGTTTGCA_s6,8.398004,-0.6812375,-1.3103733,-0.19236776,1.6620734
E2L2_TTGGATGTCTCGCTTG_s6,8.096694,-0.46730927,-0.024401147,-0.5625333,2.6127622
E2L3_CTAAGTGGTTCCAAAC_s6,0.94595736,-0.21585467,0.114356846,1.5629003,-1.1169761
E2L2_TTACGTTCAGTCTCTC_s6,6.90677,-0.33110565,-1.2547815,0.9716489,1.7488372
E2L4_CTTCAATCACGACAGA_s6,0.5686582,-0.5330511,0.08073531,0.2343901,1.5023215
E2L8_CGAATTGAGGAAAGGT_s6,7.9924054,-0.2064046,-1.8526449,0.4840015,0.94111323
E2L5_GTGCTTCCACTGCGAC_s6,-1.4222116,2.9451528,-0.03505683,0.7114245,0.34858596
E2L5_CCCGAAGGTGTAACGG_s6,0.790853,-0.21071042,0.7142208,0.03896299,-1.2203567
E2L7_TCATTTGTCGCAGAGA_s6,7.560667,-0.33110553,-1.6386938,0.64234734,1.0051742
E2L4_GGAACCCTCCCGTAAA_s6,0.3505721,-0.20490697,0.4151279,1.2187176,0.19164369
E2L2_TGAACGTCACCATTCC_s6,8.267205,-0.18613163,-1.2218791,0.52442586,0.57152045
E2L6_TTTCCTCGTCCGGTCA_s6,7.660023,-0.62164915,-0.68758357,-0.3365583,1.5465966
E2L3_TTTATGCGTCCAAGAG_s6,-1.1249863,3.0550117,0.5668368,-0.6147034,0.70838463
E2L1_CTACATTCAGGCATTT_s6,8.228369,-0.91012985,-1.3158177,1.7767646,1.8041153
E2L5_TACAGGTAGATCGCCC_s6,0.73298645,-0.15179524,-0.22181727,0.39232218,-0.9036976
E2L1_GCATGATTCCATCTCG_s6,7.521713,-0.8919493,-1.6880906,-0.4650672,1.6636666
E2L7_TCATGTTGTTTCCATT_s6,0.5034516,-0.0836131,0.23757659,-0.37927663,1.2851923
E2L1_CCGGTGACAAGGATGC_s6,7.8605566,-0.49435347,-1.3534541,-0.16250773,1.6406395
E2L6_CACGGGTTCTATGCCC_s6,8.1510105,-0.35171947,-0.96070945,0.15066843,1.1481762
E2L2_TTACCATTCGCGCTGA_s6,7.9496593,-0.88318247,-1.4227706,-1.1994424,1.8502808
E2L8_ATCGCCTTCACCTTGC_s6,7.7405944,-0.65021557,-1.0988938,0.602824,0.8965942
E2L8_CATACAGCATGGGCAA_s6,0.9073194,-0.142517,0.38452053,-0.3445264,-0.041445225
E2L7_AATCACGTCAAGCCGC_s6,-1.199135,2.5312598,0.05847167,0.7730772,1.320305
E2L6_GATCAGTCAGAGTCAG_s6,0.6877154,-0.38785177,-0.08813374,-0.035345837,-0.19053963
E2L6_AGGGCCTAGCGACATG_s6,8.128785,-0.40012774,-1.1452848,-0.9206767,0.8446789
E2L5_TCCGGGAGTAATCAGA_s6,8.2253,-0.62487495,-1.1971908,0.12643224,1.3560245
E2L7_GGAGATGTCGGCTGAC_s6,-1.0198898,3.378766,0.55586153,-0.97916806,1.2326586
E2L4_GTCACGGGTGCCTATA_s6,-1.0933872,2.9135883,0.44000533,-0.10631019,-0.0058724284
E2L7_CAGCCAGGTAGTCCTA_s6,0.9329679,-0.049357746,-0.544654,0.14914829,-0.16081181
E2L7_GGTAATCGTAAGGTCG_s6,0.51049453,-0.19019675,-0.6948241,-0.02224958,-0.52015185
E2L8_TCATTGTCACCTGATA_s6,0.6667408,-0.33501816,-0.31658322,-0.5650279,2.6769674
E2L7_TACGGGCAGACGATAT_s6,0.58654815,-0.3842455,-0.31664386,1.2922201,-0.56481403
E2L7_GTTGCGGGTCATCACA_s6,6.5453515,-0.27940816,-0.6002501,0.30516565,1.6560152
E2L5_CACATGACAATTGCGT_s6,8.370659,-0.068327755,-1.1054744,0.062237814,1.306185
E2L3_TACACCCTCGTGGACC_s6,7.745228,-0.2753415,-0.53503627,-0.23225291,1.8275607
E2L7_GCGGATCGTGTAACGG_s6,8.640282,-0.843293,-1.2526922,-0.09506485,1.2145213
E2L1_GCACTAATCTTACGTT_s6,-0.28985238,2.8512387,1.0233357,-1.3488133,0.7521952
E2L1_TGCGGCATCAACGCTA_s6,-0.30275366,2.1670952,0.28369743,-0.61318004,1.3700404
E2L1_CTTCTCTGTTCCTAGA_s6,0.46767136,-0.24418156,-0.16390759,0.06422192,-0.61751103
E2L1_CAATTTCCAGGACATG_s6,8.193809,-0.65987664,-0.98514175,-0.25627148,1.4672523
E2L5_CATACAGCAGTGTACT_s6,7.2459235,-0.25099456,-1.065556,0.30122882,1.1264328
E2L3_GCCAGTGGTGCGAGTA_s6,1.0794036,-0.33451888,-0.13639869,-0.09159696,-0.4548901
E2L3_TCAATCTGTCACAGAG_s6,0.2293247,-0.24072713,0.3020081,-0.445622,0.44472617
E2L2_TTGTGTTGTAGCTGTT_s6,7.9387126,-0.32750183,-0.9173839,-0.24572435,1.2300892
E2L5_CAACAGTCATCGGTTA_s6,7.918187,0.019692454,-1.0804701,0.7762769,1.0411863
E2L6_GTGAGCCCAGCTGTCG_s6,6.670207,0.28880668,-0.92903054,0.4518704,2.066701
E2L6_AACAAAGGTGGTCAAG_s6,8.172824,-0.14427412,-1.0163678,1.2480228,1.1539345
E2L2_CTGAGGCTCCGCAGTG_s6,7.41765,0.17402017,-1.0770934,-1.0111898,1.5502782
E2L3_TATCAGGCACGGTGAA_s6,6.8379507,-1.0103092,-0.63360655,1.658449,1.2368073
E2L8_TTAATCCGTGTCTTCC_s6,0.22520228,-0.22805841,0.10574565,1.516241,-0.61406356
E2L1_CTACAGAGTGCAAGAC_s6,8.354993,-0.66090214,-0.76923734,0.86749184,1.718787
E2L3_CCGGGTACACATGAAA_s6,0.36747268,-0.17268938,-0.31688282,1.0294362,-0.17659196
E2L5_CCGTTCAAGTGGATTA_s6,-1.2385525,2.5736418,0.4286459,0.10783689,-0.28677535
E2L5_TAAGTCGCAGAGTCAG_s6,7.819974,-1.1255772,-1.1199695,0.4877622,0.30745056
E2L3_TCAATTCGTCAAAGCG_s6,-1.6019088,2.8340821,0.84324944,-0.23535295,0.116892576
E2L8_AATTCCTAGCCTCAGC_s6,8.057051,-0.83362263,-0.77235925,-0.4828377,2.3155458
E2L6_GACTTCCAGGCTAACG_s6,0.40964055,-0.3082532,-0.04363257,-0.91534054,1.1777973
E2L4_ACCACAAAGAGTCACG_s6,-1.0438964,3.0413244,0.6500259,0.48767826,2.3098366
E2L7_CACTTCGTCCACAGCG_s6,7.3776975,-0.40965712,-0.89619833,0.8177646,1.2330154
E2L1_TCCGATCGTATGAGGC_s6,7.989388,-0.079594046,-1.2471334,-0.057733133,1.5377367
E2L3_CTCATCGTCTACCAGA_s6,0.5550445,-0.18952581,0.63561827,0.21593598,-1.0353569
E2L2_GAGGGATAGAATCGTA_s6,7.5961585,-0.3727192,-1.449964,-0.4018503,0.6173743
E2L5_TGCGGCAGTGTCATTG_s6,7.729956,-0.9243004,-1.1665398,-0.82835937,1.1880912
E2L3_TTTCGATTCAGCAATC_s6,0.31685075,-0.20146485,0.273283,0.06613444,-0.3157165
E2L1_GCCATGGAGTTGGACG_s6,0.34622756,-0.35563844,-0.045425467,0.23392074,0.42031825
E2L2_ATCGCCTAGTATGCAA_s6,-1.403016,3.021026,-0.35770854,0.2798492,0.9486116
E2L8_GCAGTTATCTTGGGCG_s6,0.62188894,-0.43040043,0.15314852,-0.7620582,-0.8397019
E2L4_TGAGTCATCAGTGCGC_s6,0.48441446,-0.1345941,-0.7028488,-0.58886415,-0.54270846
E2L7_TCACTATTCTTCGATT_s6,7.304258,0.27841276,-0.76603544,0.26636136,0.73983455
E2L3_GTCCACTAGGTAGACC_s6,0.09437551,1.8785568,-0.26085007,0.7233941,0.44082928
E2L8_CATCAAGCACACCTGG_s6,0.42581844,-0.25609365,0.06900495,-0.89564705,1.3466694
E2L3_CATCCGTGTGGGTATG_s6,7.3175583,-0.25260878,-1.1013263,0.2449336,0.86025757
E2L6_TCAGTTTCATTCTCTA_s6,7.192655,0.009304374,-0.64778715,-0.52229154,2.3889844
E2L8_ATCACTTAGACAACAT_s6,-0.9368584,2.487984,-0.68103904,-0.28712007,0.42969173
E2L1_GTTACGATCGAGAAGC_s6,-1.482493,2.4587405,1.1077489,-0.016069755,0.14754435
E2L2_GTCAGCGCAAAGCTAA_s6,7.8772607,-0.046131972,0.1039739,-0.23220916,2.0798826
E2L5_CTTACCGTCCTAGCCT_s6,8.117127,-0.057041857,-1.2457927,-0.50186855,1.11284
E2L4_TGACCCTCACATTGTG_s6,0.8146538,-0.30303195,-0.05734812,-0.055413857,1.0271957
E2L4_GTAGATCCAAAGACGC_s6,0.9136756,-0.377495,-0.41710714,-0.88090354,2.275937
E2L2_AGGGCCTTCTCACTCG_s6,-0.8877772,2.901022,0.67426443,-0.2647034,0.62202895
E2L7_CCTCCAATCAACGTGT_s6,6.4180584,-0.79313713,1.8020991,-0.07903145,1.9137102
E2L2_TTGTTCATCCTGATAG_s6,8.399043,-0.7497679,-1.7063478,0.29084903,1.1140372
E2L5_TGAGGTTAGTATGCAA_s6,7.7133875,-0.43777508,-0.8671044,0.5742126,0.06403825
E2L6_AGCCAATCATGTCTAG_s6,0.43502808,-0.5930592,0.3196677,0.3762943,-0.26815647
E2L7_TTGATGGCAATTGCCA_s6,0.48838705,-0.33626896,-0.61260635,-0.5031908,-0.047050595
E2L5_TGGCGTGGTATAGGAT_s6,0.024915848,0.2596225,-0.096370086,0.65318,-1.3151774
E2L7_TAGAGTCAGGTGCCAA_s6,0.20311792,-0.37216747,0.24005947,0.6858471,-0.13280684
E2L3_CCACTTGGTTGCTGAT_s6,0.68355286,-0.25050944,0.16338527,-0.043429345,-0.26667622
E2L3_ATTCGTTCAGGCATTT_s6,-0.97038513,2.590837,0.60217386,0.06155382,1.7032247
E2L3_ATAGACCTCTGTGTGA_s6,-0.6785608,2.3992865,0.14835766,0.017172992,0.5638604
E2L5_TCCATCGAGCAGCCCT_s6,1.1134245,-0.4044231,0.06082403,0.13773169,-0.14387116
E2L3_GCTGAATCAGGTAGTG_s6,7.8348455,-0.34769946,-1.2516974,0.12272248,1.7110116
E2L8_GCAGCTGGTTAGAAGT_s6,7.5485325,-0.4759081,1.4870245,-0.39988464,3.257073
E2L3_TGTCCACAGAGGCTGT_s6,0.49193195,-0.40445274,0.08485128,-0.12894127,-0.5661962
E2L3_TGGGTTACAGCAGGAT_s6,0.5388439,-0.26489323,0.28582406,-0.14033958,1.4542538
E2L5_GTTGCGGGTCCAGCAC_s6,0.49659017,-0.25728458,-0.6073629,-0.5356987,-0.4319538
E2L6_CCCATTGGTAGCCCTG_s6,8.447231,-0.3300855,-0.93027765,-0.25267822,2.0377212
E2L8_GTATTGGCAAGCTGCC_s6,-1.0647146,2.5334501,0.6338048,0.47182786,0.9664848
E2L4_GATTTCTTCATTTGTC_s6,0.7490747,-0.107462406,0.5290265,-0.30004537,0.15707096
E2L2_AAGATAGCACACTTAG_s6,-0.6576285,2.39361,0.47476736,-0.33242556,0.9903209
E2L5_TCCATCGGTGAATGAT_s6,-0.9964722,2.5324621,0.5594541,0.57962346,2.652019
E2L2_TCCCATGCACATATCG_s6,8.004426,-0.27815267,-0.8810814,-0.536374,1.0557288
E2L8_TCGCAGGTCACGACTA_s6,0.5308884,-0.03033948,0.14915825,0.091362014,0.9786478
E2L3_AGGGAGTAGAAGGGAT_s6,0.64142317,-0.22318642,-0.38424116,0.25391036,0.27177393
E2L3_ACCCTTGTCGAAGCCC_s6,7.8536286,-0.7282646,-1.0890607,-0.10956861,1.5034709
E2L2_TCGGTCTCAGACCATT_s6,-1.6978339,3.0517936,0.08496435,0.0722536,0.79349315
E2L5_ATTCCATAGTAGCCAG_s6,0.41777027,-0.46255612,0.49688238,-0.2366671,-0.198573
E2L2_AATGCCACAGAACTTC_s6,7.5218334,-0.6297096,-1.121791,-0.05738166,1.2994686
E2L3_CAGATACTCTCCGTGT_s6,6.828755,0.620453,-0.51573724,1.5016469,0.80075365
E2L7_GTTCTATGTCAAAGCG_s6,-0.86674273,2.5289695,-0.15652972,0.04301268,0.996973
E2L2_ATTCCTAAGACATGCG_s6,7.859386,-0.5070212,-1.288431,-1.1187234,1.7435694
E2L6_CGTAGTATCTGGCCAG_s6,0.30666646,-0.46685717,0.23561406,1.2341542,-0.5555484
E2L2_CTACTATCACTAGGTT_s6,0.41272923,-0.3723098,0.116977654,-0.16285186,-0.993232
E2L3_TTGAACGTCCGTACGG_s6,7.4900784,-0.6561016,-0.2915687,0.28555226,1.8410923
E2L3_GTAGCTACAACTGCCG_s6,-0.9017827,2.7602923,-0.30517,-0.42936647,1.638413
E2L5_TACCTCGCACCTGCAG_s6,8.192529,-0.99796975,-1.3716484,1.2129635,-0.1786316
E2L6_AGCCAATTCGGAATTC_s6,-0.82573503,2.753017,0.6174877,0.51971644,1.3229952
E2L4_TCACTCGAGGAGGTTC_s6,8.078763,-0.9304526,-1.2137216,-0.2823156,1.2947067
E2L1_TTACAGGTCTTACGTT_s6,-1.0874647,3.4543147,0.57456243,-0.2290462,1.2206863
E2L5_GTCGTTCTCTCCCTAG_s6,8.004145,-0.3179265,-1.6078874,0.8168675,1.242883
E2L1_TTGACCCGTTAGGGTG_s6,0.9847127,0.9321658,-0.1528416,0.45844227,-0.096989304
E2L6_GACCAATAGGATAATC_s6,0.2800846,-0.013358291,-0.118422575,0.8392738,-0.21431997
E2L7_CGCAGGTTCACGGTCG_s6,8.304523,-1.057075,-1.0922691,0.40478802,1.8144201
E2L6_CTACAGAAGGTAAGAG_s6,0.76136214,-0.39822596,-0.4240856,0.837569,-0.52566445
E2L1_TTTACTGTCGTCAGAT_s6,0.74140906,-0.2988494,-0.50147563,-0.4912517,1.2268186
E2L1_GAAGCGAAGTGTCATC_s6,0.8156182,-0.22613627,0.8159496,-0.2654156,0.55835736
E2L7_GGGACAATCCGAGTGC_s6,6.662635,-0.6194476,1.4418478,-1.036406,1.2231319
E2L4_TGCGGCAAGGATCACG_s6,0.03691474,-0.19478028,0.26792878,0.89202845,-0.8280934
E2L5_GAGAGGTCAAGTACCT_s6,7.8534565,-0.53850085,-1.009151,1.2354044,2.2821712
E2L3_GAAACCTTCCAGTTCC_s6,7.754249,0.22012934,-0.62475157,0.89517844,1.022476
E2L6_AGTCATGGTACCATAC_s6,-0.21809852,2.2749896,-0.512575,0.89804596,0.15755713
E2L6_GTCTACCCAAAGGCAC_s6,-0.9163269,2.492063,0.46910748,-0.36884362,1.4088851
E2L7_ATAGACCCAGGTGACA_s6,-1.1853038,2.9044294,0.13689233,-0.359163,1.7291402
E2L1_GCCCGAAGTTCGGCTG_s6,0.6354656,-0.17630976,-0.04075328,-0.6941681,0.9078554
E2L5_TGGAACTGTACTCGCG_s6,7.6783786,-0.743052,-0.9989794,-0.06819807,1.5744327
E2L6_GATCAGTGTGGTCCGT_s6,7.153226,-0.47478044,0.1546976,-0.5046901,2.5703073
E2L7_CAAAGAAAGGGCTAAC_s6,-0.9563251,2.5168886,0.32579237,-0.15766746,0.031761855
E2L6_TTCATGTTCGCTTACC_s6,8.472384,-0.5327282,-1.2528163,0.259668,0.8598739
E2L2_GGGACCTAGCTTTCTT_s6,0.9121894,-0.24265806,0.25928548,-0.0032877177,0.3696887
E2L6_AGAAATGTCCTGTACC_s6,0.45458892,-0.68560696,0.15812735,-0.38308442,1.4579291
E2L7_CTGCCATGTCCAGCAC_s6,7.807629,-0.88066417,-1.2092472,-0.19419365,1.7205403
E2L2_TCCCAGTGTAGGTCAG_s6,7.614828,-0.49310273,-1.3664109,1.2396127,0.8429115
E2L2_TAGTGCATCGCGTCGA_s6,8.269511,-0.8825691,-1.1915715,0.18997584,1.4420521
E2L8_CTCATCGTCGGTGTAT_s6,7.4351254,-0.73142296,-0.7779981,0.070558,2.0781355
E2L3_TAGGGTTTCGACACTA_s6,0.29059613,-0.17022122,0.35786137,-0.08963128,0.1223515
E2L7_CTCCCAATCGGACTGC_s6,8.00601,-0.94831467,-1.1941481,0.26703405,2.6310508
E2L5_CGTTCTGCATATGCGT_s6,7.251715,-0.1914804,0.7175205,-1.088941,1.2368133
E2L8_TGATGCATCAGACAAA_s6,7.0649257,-0.13523406,1.3927376,-0.65019363,2.087615
E2L4_AAAGTGACAAATAGCA_s6,0.46872368,-0.09810089,0.0731817,1.7965674,0.14505109
E2L2_ATGGGAGGTCTTACAG_s6,8.021031,-0.91473156,-1.2724488,1.8627177,2.268495
E2L3_TTTACTGAGTTACGAA_s6,0.043162335,-0.21804774,-0.051623408,1.1855693,-0.0016570985
E2L2_CTTCTCTGTCGTCGGT_s6,8.416059,-0.47261918,-1.554765,0.8683752,0.8262135
E2L8_GTAGAGGTCCGCACGA_s6,7.90117,-0.4153866,-0.6837367,-0.16522208,0.7397759
E2L8_GCACGTGCATCCAACA_s6,0.4550596,-0.1176274,-0.15859179,-0.21784094,-0.57406366
E2L3_TCTCACGAGCACACCC_s6,0.8606479,-0.5071737,-0.66526616,1.287833,-0.13846406
E2L7_ATCCACCGTGTATTGC_s6,7.7829027,-0.4844846,-1.0853842,0.85215044,0.5226935
E2L8_TGTCCACTCGTTGTGA_s6,8.155588,-0.44463742,-0.38507426,-0.32613158,1.7142878
E2L4_TCTCCGATCTAGACAC_s6,-1.4956858,2.4110746,-0.17145753,1.440534,1.8339554
E2L2_TTTCCTCTCGAATGCT_s6,6.804905,-0.04526078,-0.6432403,-0.6657239,0.5224837
E2L8_TCATGAGGTGCTTCAA_s6,0.45376986,-0.4258137,0.69520986,1.8397251,-0.19598967
E2L3_CTGTGAACAGTAACGG_s6,0.17435682,-0.3408475,0.26633802,1.3442824,-0.21103776
E2L1_TCCACGTAGTCATCGT_s6,8.1033745,0.23637395,-1.2572585,0.45634782,0.27259007
E2L7_GTGGGAAGTGAATATG_s6,-0.11177318,-0.12173081,0.25589916,1.4802345,-0.03536558
E2L3_ACATCCCTCGGCACTG_s6,-1.0892924,2.6656027,0.084811315,-0.23942107,1.161362
E2L2_GATTGGTCAGAATCGG_s6,7.938996,0.06663969,-0.93636286,-0.07703251,1.6379665
E2L3_TCTTTGAAGAAGCTGC_s6,0.15680769,-0.028098352,0.7700484,-0.016478091,-1.0037282
E2L2_CCTCTCCTCGCTGATA_s6,8.008002,-0.43136615,-1.3617748,-0.044528484,1.2598652
E2L4_GTATTGGAGACGACTG_s6,8.41634,-0.5761237,-1.4112701,1.1789087,1.4687277
E2L5_GGGTCTGCAAAGTGTA_s6,8.058773,-0.42318228,-1.4526979,0.731666,1.05826
E2L1_CATTGCCCATATGAAG_s6,7.871442,-0.6328441,-1.0120976,0.49054486,1.8503674
E2L1_GTCCTCAAGCATTGAA_s6,8.3213215,-0.09797364,-1.5523913,-0.0110384375,1.1051093
E2L8_TAGAGTCTCTCATAGG_s6,0.33610955,-0.06778967,0.2988225,-0.51994807,-0.030598164
E2L5_TATTGCTTCGGTTGTA_s6,0.5043171,-0.4591677,-0.08099121,1.223346,-0.9851694
E2L2_TTGTGGACACGGTGCT_s6,0.8082964,-0.25593284,0.18419848,-0.50490254,-0.72236997
E2L3_ATGGGTTAGCGTGAGT_s6,7.0557733,0.092509344,0.43733823,0.34959903,1.2822893
E2L2_CGAGTGCTCTGGACCG_s6,0.8813825,-0.3143569,0.37820086,-0.286631,0.8909134
E2L8_AACGGGAAGGAATTAC_s6,0.7714502,-0.19229537,0.6413115,1.3337451,-0.4523792
E2L1_GCAGCTGAGACACACG_s6,8.211514,-0.3177865,-0.5998183,-0.14229026,2.3188286
E2L8_CTGGACGTCCTATGGA_s6,8.318316,-0.6384692,-1.0866517,0.94901115,1.9340984
E2L3_GACATCATCCGACATA_s6,8.088908,0.10232403,-1.5125829,-0.39277583,1.6357795
E2L4_CAATACGTCGAGAAAT_s6,1.1398351,-0.54547143,0.3822483,-0.30732068,-0.0639492
E2L3_TAGACCAAGCGCTTCG_s6,-1.0937966,2.5074668,0.21011333,1.1645739,0.24709064
E2L5_GAAATGAAGCTCGCAC_s6,-1.1323798,2.8335192,0.31797495,0.5459194,0.5261438
E2L1_TCATGTTCAACTGTGT_s6,7.837566,-0.50763464,-1.4627688,0.31769383,0.76161814
E2L5_ACCTACCTCAGATGCT_s6,7.403307,-0.32255194,1.9601246,-0.013225675,1.7459354
E2L2_GTCAAGTGTATGCTAC_s6,-1.3790345,2.947668,0.09422664,1.2438128,1.4242871
E2L5_TATACCTGTTGTATGC_s6,1.242984,-0.5066048,0.7177796,-0.08846542,2.6141994
E2L1_GTATTGGTCTCTGAGA_s6,8.202182,-0.17725362,-0.60435283,-0.30992997,2.0363317
E2L3_TGGAGAGGTCATATGC_s6,7.67186,-1.1852864,-1.217561,1.8176646,1.915232
E2L1_CGTGAATCAATAGTAG_s6,0.625062,-0.6652607,-0.21757054,-0.553159,0.34846205
E2L8_ATGAAAGGTCGTGTTA_s6,6.803752,-0.19558421,-1.2591519,-0.637344,1.1746595
E2L8_CTATCCGCAAACTCTG_s6,7.5663843,-0.470433,-1.2248821,-0.17070282,1.6755428
E2L6_GAAGAATCACGTATAC_s6,7.1214657,-0.40904313,1.3921009,-0.6032053,1.3642468
E2L8_GAGTTACTCGGCTTGG_s6,-0.91821444,2.4413352,0.17705898,0.2447962,-0.16538158
E2L1_ATGGGAGAGTATGTAG_s6,7.379731,-0.67825556,-1.1225747,0.67071563,1.0366478
E2L5_CATCCCAGTTAAGCAA_s6,-0.88431627,3.101397,1.001728,-0.028908566,-0.092042774
E2L5_GCCAGTGTCATACGGT_s6,0.45132172,-0.34734514,0.08076521,1.217068,-0.1822334
E2L2_CATGCGGAGAATCGAT_s6,-0.8296236,1.9321122,-0.088017106,0.5363419,0.8562199
E2L8_GCCAGTGTCGAGAAGC_s6,8.329723,-0.48310533,-1.0494097,0.32493532,1.4354328
E2L6_AACGGGAAGGCCTAGA_s6,7.617825,-0.31406733,-0.946965,0.14551285,1.0212233
E2L2_CAAAGAACAGTGCCTG_s6,0.42098814,-0.008385476,0.16115114,-0.3062508,-0.6278672
E2L4_TGATCTTAGCTCGGCT_s6,8.196174,-0.20915037,-0.583149,-0.5052848,1.8360956
E2L3_GAAGCCCTCCAACTAG_s6,0.51915866,-0.41418242,0.6595742,-0.043539897,-0.016566455
E2L3_AACTTCTAGCTAGCCC_s6,7.555961,-0.5215137,-0.32221642,0.43529987,0.4631093
E2L2_ACATGCAAGTAAACTG_s6,8.836728,-0.05196918,-1.1661388,1.1686556,0.7910813
E2L6_GGTAACTGTTCACCGG_s6,-0.9390811,2.5757952,0.18347313,-0.07569477,1.9499195
E2L8_GCAGCCAGTGTCTAAC_s6,7.895864,-0.4387532,-1.3103397,0.6664973,-0.32234472
E2L8_CCGAACGAGATTGATG_s6,0.5886484,-0.27145484,0.37668127,-0.17949651,-0.61559284
E2L4_AGATCCACACTCCACT_s6,0.3892791,-0.5914413,0.36056,-0.84763074,1.1105227
E2L1_GTCATCCGTGGTTTGT_s6,-0.15335701,2.511559,0.27450103,-0.7567489,2.2232025
E2L2_GAACGTTTCATGACAC_s6,-0.93435836,2.1865602,0.056440666,0.05323659,0.9292942
E2L4_GTCACTCAGCGTGTTT_s6,8.518096,-0.9752145,-1.3234578,0.5661613,1.2183965
E2L2_TAGATCGGTCGGCACT_s6,-0.9346474,2.5211976,-0.12958516,0.28669885,0.7492322
E2L7_CCGGTGATCTAGAACC_s6,0.5678917,-0.36400348,-0.19048384,-0.0017411262,-0.4842049
E2L6_TACCCACTCATGAGTC_s6,8.284665,-0.73840076,-0.5850881,0.94332886,1.4425164
E2L2_GTCTTTATCTTGCAAG_s6,0.526772,-0.20327322,0.30990583,1.6611457,-0.6632888
E2L8_GATGATCAGGCTCTCG_s6,8.29736,-0.41967034,-0.856213,-0.18765245,1.5248089
E2L6_GGGTTATGTCCTGTCT_s6,0.7001023,-0.27306348,-0.4566549,-0.103126094,2.0086029
E2L7_GGTAATCAGTGCAACG_s6,0.20913722,-0.27316886,-0.28765512,1.0098697,0.10881221
E2L6_TAACCAGAGCGTGTCC_s6,8.592542,-0.8908841,-0.858446,-0.3482858,1.9859265
E2L4_AGACAAACAGTGTGCC_s6,8.366471,0.112577796,-1.1950389,1.5871177,1.7209972
E2L8_TTTCCTCCACCAATTG_s6,0.15657559,-0.46795458,0.5481877,1.0566627,-0.5592936
E2L5_TCACTATGTGGATACG_s6,0.28365958,-0.30365595,0.30357295,0.030326068,1.3695449
E2L2_TCGACGGAGATACGAT_s6,-0.86233187,2.5554652,0.3513592,0.45303893,0.19086307
E2L7_AGGGTCCCACACTTAG_s6,8.465249,-0.59059757,-1.487516,0.21496613,0.12319201
E2L2_TCTACCGGTACGATTC_s6,-1.1160673,3.164185,-0.06820811,1.1000612,1.6965597
E2L3_TTTCAGTCAATACAGA_s6,7.2695246,-0.6973321,2.2516284,-0.49451178,2.5774097
E2L8_CCACACTGTCTCTCCA_s6,7.5454035,-0.39067006,-1.625676,-0.35279864,0.50231004
E2L3_CAAAGAAGTCGAAGCA_s6,-1.4905877,2.8839004,0.8567959,0.7424484,1.5483768
E2L7_ACATCGACAGTTGGTT_s6,8.2554035,-0.2196827,-1.0821595,1.2938547,1.2359152
E2L1_GTTAGTGCAGCGACCT_s6,8.522283,-0.74887216,-1.3521875,0.03050436,1.8267928
E2L5_ATGGATCAGTCGTCTA_s6,-1.7294589,2.9524596,0.14952391,0.39642942,1.862816
E2L4_CAGTGCGTCATGCAGT_s6,0.37518778,-0.58057725,0.22180131,-0.19280928,-0.43169165
E2L7_AGCTACACAGCAGTAG_s6,0.7276456,-0.1273391,0.5588914,-0.2480239,1.3497005
E2L2_GCATCTCGTCGGATTT_s6,0.5427435,-0.51155126,0.6365066,-0.41269988,0.23488992
E2L4_CATCCCACACGTATAC_s6,-1.2769293,2.940927,0.079663575,0.60243404,1.2659292
E2L1_GAATCGTGTACAAGCG_s6,7.839011,-1.0721035,-0.9508316,0.1356712,1.7107992
E2L2_CCGTGAGAGGAATCGC_s6,-1.7905513,2.6300542,0.2634362,1.7549193,1.0441976
E2L8_CATTCCGTCTTAGCCC_s6,6.7465096,-0.6928354,-0.7386793,1.3644266,1.9469098
E2L1_GATGAGGTCGGTCAGC_s6,6.180638,-0.31660095,2.513366,-1.4824939,1.1331003
E2L2_AGACCATAGTTAGTAG_s6,6.695933,-0.66525173,2.8298821,-0.60587674,2.7598715
E2L2_CTTCCGAAGTCTTCGA_s6,7.191161,-0.46700794,-0.86508197,-0.27156097,0.38558558
E2L7_ATCACTTAGTGCACAG_s6,7.7987547,-0.39059964,-1.4405831,-0.9841647,1.5025694
E2L1_TCCGAAAAGGCAGGTT_s6,0.14147341,0.19519167,0.25614026,0.009259865,1.2744374
E2L4_TCTTTGATCAGTGATC_s6,-0.06399028,-0.17976032,0.8393675,1.4666142,-0.04095134
E2L8_TGACCCTGTATCCTTT_s6,0.5430736,-0.2874329,-0.18229549,-0.22431311,-0.8964809
E2L4_ACCACAACAGTTTGGT_s6,7.338034,0.051376007,-0.69758344,0.7668637,0.40797067
E2L3_AATCGACCAGGCTACC_s6,0.6603732,-0.37836772,-0.115697086,-0.26639313,1.6530608
E2L3_GAACACTTCGAAGTGG_s6,-1.345782,3.0053146,0.4340435,1.5469906,0.9751171
E2L1_TTGTTTGCAGCATCTA_s6,7.7733817,-0.11770502,-1.0928787,0.16652343,1.3210344
E2L8_CACTGAAAGAGAACCC_s6,8.136971,0.084754825,-1.2643951,0.56690645,2.8834085
E2L7_CGAGTGCGTGCCCGTA_s6,0.17514992,-0.17741416,-0.042456347,1.2773949,-1.0875831
E2L4_AGGGTTTAGTCATAGA_s6,-0.9551871,2.5132213,0.43750274,0.69250417,1.0107175
E2L1_AGGGTCCTCCACGTCT_s6,8.1026745,-0.634767,-1.087675,0.48538038,2.3276112
E2L8_TTTACGTCACTGCGTG_s6,-0.14949617,-0.24711365,0.1894117,-0.7727489,1.4517133
E2L8_GGTTAACCAAAGGCGT_s6,7.683586,-0.6479609,-1.6891035,0.84420234,0.4218354
E2L3_ATAGGCTCAGACCTAT_s6,8.069302,-0.2584466,-1.0708575,0.83844745,1.2760915
E2L5_TACGCTCAGTGAGTTA_s6,7.6043906,-0.42130795,-1.0274646,0.5299636,1.249275
E2L5_ATTCATCTCAACCCGG_s6,7.715378,-0.9206579,-1.4784535,-1.0341,1.4451841
E2L8_GGTGTTATCTGTGTGA_s6,6.9983563,-0.43973634,1.8771785,-0.65603364,2.3849616
E2L7_GCGTGCATCACTGTCC_s6,7.9209275,-0.08817906,-1.1532443,-0.010414124,-0.008826226
E2L3_TTACGTTTCTACGCAA_s6,6.8390927,-0.21610883,2.0300727,-1.18605,2.1335695
E2L7_AGTCATGAGCGACTTT_s6,7.827145,-0.5299956,-1.5242802,-0.01595071,2.44093
E2L8_CAGATTGGTCAGATTC_s6,6.7789307,-0.06869502,-1.0886989,1.1725857,0.9313947
E2L5_TCCTTCTCAGAGGCTA_s6,7.6889334,0.025167506,-0.87877727,0.16899781,1.004804
E2L7_GCTACCTAGACTTCCA_s6,0.5669838,-0.044161104,0.09706115,0.40090486,1.6499557
E2L3_AGCGATTAGTTTCGAC_s6,0.35389775,-0.13054769,0.13703161,-0.17585622,0.16065311
E2L1_ATCGTCCGTAAGTTAG_s6,0.39809003,-0.081617124,0.23775782,-0.4422616,-0.69307506
E2L5_CTGTGAAGTCCAAAGG_s6,0.3168792,-0.025300033,-1.0463791,-0.057075202,1.6274239
E2L4_AGAACAATCTCGAGTA_s6,0.37128797,-0.38965073,0.08863452,1.5661238,-0.8463793
E2L8_ACTTCGCCATGGAACG_s6,6.3703356,-1.22899,1.6169035,-0.66369134,2.8653288
E2L4_TAATTCCGTTTGATCG_s6,8.190197,-0.37626785,-0.9194844,1.0314734,1.7418246
E2L6_AGCGCTGAGCGTGTCC_s6,6.876396,-0.32679492,-0.8702758,0.43294227,0.7966242
E2L7_TGGAGGAGTAACTTCG_s6,7.801613,-1.1726241,-0.7843284,0.62795144,1.8800302
E2L8_TCTATACAGGTAGTCG_s6,8.7857485,-0.51806873,-0.52764577,-0.6000703,1.7833114
E2L6_CTCCACACAGCGGATA_s6,0.5833272,-0.48734728,-0.030692967,0.40348673,1.2983038
E2L1_AGACCATTCAGGAAAT_s6,8.705793,-0.43121612,-1.3566388,1.3217461,1.3046423
E2L3_CGTTAGACACAAAGTA_s6,-0.8388438,2.8104453,0.094592705,-0.07398602,1.6688527
E2L5_TCTGTCGTCACTGAAC_s6,7.866496,-0.33742094,-1.2357838,-0.44547224,1.9649272
E2L6_GAGACTTAGTGCTCGC_s6,0.27837163,2.558989,0.31203726,0.21731475,-0.4737385
E2L3_TCCCATGTCATCCTAT_s6,-0.9770558,2.3821735,-0.8622817,0.24257205,1.5086749
E2L6_AGTCATGGTCGTGATT_s6,0.17826921,-0.33682021,0.3763254,0.9351443,-1.0375997
E2L3_GGGACTCAGCCACCGT_s6,8.478695,-0.6554685,-1.340198,0.6327242,0.43155134
E2L8_AGGTCTAAGTACCCTA_s6,-0.92522347,2.153092,0.33529222,-0.6380343,2.5892801
E2L1_GACTATGTCGCACTCT_s6,-0.8805171,2.6123557,0.024785027,0.6052616,2.33339
E2L7_GGGCCATCACCGTGGT_s6,0.14536384,-0.06255426,0.28812537,-0.26538324,2.2101672
E2L4_AGTTAGCGTCTTACAG_s6,0.24711847,-0.28795317,-0.2775206,1.2455804,-0.31822944
E2L7_CAACAACTCTAACGCA_s6,8.21617,-0.8254001,-0.87887126,1.2156322,0.88342977
E2L7_ATGCCTCCAAAGGCTG_s6,0.04803648,1.8760923,0.25870204,0.33370826,0.3710096
E2L7_CACTAAGAGCCGAATG_s6,5.6820574,-0.65762347,2.561308,-0.62584525,1.1344512
E2L1_CTGTATTGTAGACACG_s6,7.6015844,-0.105858184,-0.7107789,0.4872583,1.5119635
E2L6_AAGCCATGTTGGCCGT_s6,1.0901941,-0.23168907,0.25343692,-0.18882757,0.0645313
E2L8_ATTCAGGAGGCCTTCG_s6,-0.94257176,2.5839272,0.13416606,-0.22145383,0.24437508
E2L5_TTACGTTGTATTGAGA_s6,7.6786723,0.08382067,-1.2864717,-0.9565533,1.4485984
E2L1_CCTCCTCAGATGGTCG_s6,6.949785,-0.55592185,-1.2915424,1.0192368,0.4172086
E2L6_GAAATGATCTTCACGC_s6,-0.7308038,2.724616,0.1844588,0.6155552,1.4835787
E2L7_GTCGCGAAGTGCAACG_s6,8.155935,0.15880054,-1.3264236,0.60215235,0.4695794
E2L7_GCACTAACACAGTCAT_s6,0.5899263,-0.3178757,0.12223298,-0.29264367,1.2201853
E2L8_TATCGCCCAATTGCGT_s6,5.325011,-0.18166824,-1.7792039,-1.8880355,1.2726591
E2L7_CTGATCCGTTGGTACT_s6,7.896756,-1.0604649,-0.3352966,0.91489625,1.84635
E2L6_GCACGTGCAAGATCCT_s6,0.5957042,-0.44390786,-0.13547212,1.0961295,-0.10614458
E2L8_GTCTCACCAGAGGTTG_s6,-1.0174351,3.0201137,-0.36165518,-0.82008916,1.919824
E2L1_CTATAGGGTGGCTCTG_s6,8.235995,0.092631854,-1.3740681,0.8334466,1.6307101
E2L5_CTCCTTTTCCACCTCA_s6,0.1563161,-0.23067015,0.22972858,1.2867917,-0.8069712
E2L4_GCTGAATCACTAGAGG_s6,-0.8436823,2.7113943,-0.18158637,1.5084462,0.42592433
E2L8_TCCACGTTCAGCTAGT_s6,0.3493509,-0.3731456,0.6557096,1.6921749,-1.0206239
E2L4_CCCATTGTCGTTCCCA_s6,0.7684454,-0.3151415,-0.12515722,-0.4473804,0.6860007
E2L6_TCCTGCAGTACAGTCT_s6,-0.27008456,2.4159305,0.82644105,1.0768371,0.25964952
E2L4_AGGTTGTTCGTTCTGC_s6,8.012672,-1.1250429,-0.7361596,1.0282825,1.2341402
E2L7_ACCACAATCCGTGACG_s6,0.33762205,-0.48716292,-0.15851,-0.54086906,0.25671947
E2L4_TAGACTGAGTCTTCCC_s6,0.85719925,-0.35870168,0.09822657,-1.0161792,1.8261181
E2L1_GTGCTGGTCTTCGCTG_s6,0.0988141,-0.04724717,0.49044204,1.7732754,-0.5210056
E2L6_ATCGTCCGTTGCTCCT_s6,7.601774,-0.36459282,-0.59739274,-0.6077754,1.7515874
E2L6_CTGTACCCACACGGAA_s6,8.375391,-0.20090117,-0.9602279,0.60449713,1.6051435
E2L5_CGTGCTTGTAGCTTGT_s6,0.12296412,0.29949957,0.42107737,0.41452986,1.2048252
E2L5_ATAGGCTAGCCGGAAT_s6,0.73559886,-0.14865275,-0.014114878,0.14760913,1.0073787
E2L8_CGGTCAGGTCTCTCCA_s6,8.253148,-0.44270417,-1.033065,-0.1693897,1.356691
E2L6_CCTCAACCACCTGATA_s6,8.1963415,-0.7296366,-1.4115028,0.50698406,1.005419
E2L1_TCTCTGGCAGTGTACT_s6,7.9625697,-0.5434887,-0.97949713,0.7806263,1.3418162
E2L1_AATCGACTCAGGGATG_s6,8.73673,-0.39137894,-0.9495625,-0.3345819,1.611784
E2L6_GTGTTAGTCTTCGCTG_s6,7.8439884,-0.30189556,-1.1391661,0.65413773,0.79282033
E2L1_CCTCATGAGACTTAAG_s6,0.48638585,-0.41037443,-0.100626975,-0.24213517,0.068787545
E2L4_AAACGCTTCATTCACT_s6,-0.905457,2.368433,-0.14480142,0.23876692,-0.31403276
E2L4_CATCGGGTCTCCGAGG_s6,1.1906351,-0.52812994,0.3358293,-0.7451989,-0.052393228
E2L6_CATAAGCTCAATCGGT_s6,0.7102079,-0.123733565,-0.3854993,0.74671096,-0.8684509
E2L5_GCGATCGAGCAAGTCG_s6,8.035127,-0.8283101,-0.79560643,-0.6577662,1.6709493
E2L8_CCGCAAGAGAGTTGAT_s6,0.5339928,-0.37419453,0.5603428,1.483795,0.75012946
E2L1_TCAGGGCAGCTGACAG_s6,0.5128598,0.24077551,0.020702576,-0.09597978,0.0925436
E2L2_TCATCATGTCCAGTTA_s6,7.772412,-0.17529063,-1.8242929,0.7843999,0.5907394
E2L8_TCAATTCTCGTAGTCA_s6,0.56446695,-0.1942434,-0.2678431,1.5542781,-0.5575276
E2L8_TAGACCAGTCGCACAC_s6,-0.8721142,2.6492312,0.68479383,0.90498394,-0.057944566
E2L5_TCTAACTAGTTCTCTT_s6,8.559773,-0.44854894,-1.3796474,1.0121775,0.45571697
E2L1_GGAGGATAGGTGGTTG_s6,0.9463001,0.2381951,0.16420016,2.0200436,-0.60181546
E2L1_AGGGCTCAGCTCTGTA_s6,-0.74765354,2.0247343,0.2564266,1.3990442,0.8884314
E2L4_GACTCTCGTGCCGTAC_s6,-1.3243965,2.922551,0.06679229,0.93654025,0.26525748
E2L3_TGCTCCATCCTTCACG_s6,0.361984,-0.4214496,0.9007036,-0.020830035,-0.646502
E2L8_TTCCTTCTCGGAAACG_s6,0.5297698,-0.111133486,0.25295556,-0.088416524,-0.37914023
E2L3_CATTGCCTCGTTACCC_s6,8.073244,-0.4520282,-0.57828575,-0.02943629,1.2146525
E2L2_AGGATCTAGACGACGT_s6,0.75948983,-0.03781889,0.6287247,0.036801428,1.477614
E2L3_AACAGGGGTACGCTAT_s6,-0.31742108,2.8940086,-0.29550833,-0.5292363,2.045293
E2L3_GGGTCTGCAAGTATAG_s6,7.8758097,-0.6503965,-1.1221037,-0.10256483,1.4486134
E2L7_GATCACAAGATGCAGC_s6,0.47333255,-0.38173527,0.22869034,1.8049818,0.14242345
E2L8_GTCCTCAGTTCCAGGC_s6,6.3757396,-0.30636653,2.2316222,-2.2742844,2.2255056
E2L1_AAGATAGAGTATAACG_s6,7.258176,-0.022097908,0.10988505,-0.670032,0.5370922
E2L1_GTGTTAGGTCATGACT_s6,7.9462824,-0.20769168,-1.2915145,0.3471378,0.5459186
E2L5_TCTGCCACACCGGAAA_s6,7.3840246,-0.6732598,-1.347985,1.4067721,1.1455039
E2L2_GCAGTTATCACACCGG_s6,0.36652422,-0.2764835,0.056221507,0.062980235,-0.46994674
E2L5_TATACCTTCGTTGTGA_s6,7.8616056,-0.7400811,-0.3679133,0.326072,1.6292768
E2L6_CTTCTAAAGGCGTCCT_s6,7.7622004,-0.50315684,-1.140991,-0.004685417,1.551358
E2L4_ACAAGCTGTGGGAGAG_s6,7.4938097,-0.6030483,-1.0091047,0.35238072,1.7554525
E2L8_TACCTCGGTGCGAACA_s6,8.028989,-0.76323366,-0.94546396,0.108627364,1.1826077
E2L5_CCCTAACAGACTTCAC_s6,7.3633285,-0.84010327,-0.9205026,0.26509678,0.6464977
E2L6_CGCCATTCAATAGTAG_s6,7.9331355,-0.4665149,-0.96310246,-0.23908128,1.0107172
E2L4_TTCGGTCCAAATCAGA_s6,-0.54172695,2.5841165,-0.1712974,0.010207206,1.7802284
E2L1_CCGGTAGTCTGTACAG_s6,-1.0915227,2.7398088,0.74549305,0.8436414,1.4934206
E2L2_CTAGGTAAGCCAGTAG_s6,0.9296991,-0.1786017,0.52951175,0.54341793,-0.09097722
E2L8_ACGGTTACAAGGTCGA_s6,0.103351645,-0.0570047,0.2697569,-0.1356369,1.9709363
E2L8_GCCAGCAGTCTGTCAA_s6,6.8245277,-0.13247168,-0.5236021,0.042478412,2.069586
E2L1_TGATGCATCTTACCAT_s6,7.719342,0.07033478,-0.9840764,0.29721838,1.120441
E2L8_TGACCCTTCTCTTGCG_s6,-1.5168298,2.6698177,1.0449028,0.5356939,1.06367
E2L7_GTAACACGTCAGGTAG_s6,6.890427,-1.086052,0.24589424,0.782524,1.1250889
E2L6_GATCCCTTCCTTGACC_s6,8.276826,-0.3166821,-1.246389,0.23783419,1.5884224
E2L5_TGCGGCAAGTTGGACG_s6,0.7073713,-0.42936307,0.14578253,-0.66988456,0.9618311
E2L3_TAACGACCATACCAGT_s6,0.601464,-0.104599744,0.34604684,-0.22672677,-0.0980365
E2L6_CTTGATTAGTACCATC_s6,7.4076433,-0.087411195,-0.46620286,-0.007887974,0.8339199
E2L5_CATCGTCAGTAACCTC_s6,7.377709,-1.1745265,-0.9219869,0.0399047,1.3752376
E2L6_GCTGGGTAGATGACAT_s6,8.296527,-0.24600077,-1.0709293,0.39333954,1.327622
E2L8_TCATGTTAGCATCCCG_s6,0.08415936,0.010522753,0.11329023,-0.027644426,-0.37473774
E2L2_TGACGCGTCTTACACT_s6,0.23320326,-0.30854818,0.3146867,0.997048,-0.5886098
E2L6_CGCCATTAGCGCCTAC_s6,7.687092,-0.09361495,-0.77955925,-0.57756776,2.0083904
E2L6_GTCTAGAAGACATCCT_s6,7.661989,-0.42064685,-1.256673,-0.35157716,1.4744717
E2L7_AGGAGGTGTGCAGATG_s6,7.6706467,-0.046856944,-1.0635153,0.051219463,1.9524732
E2L2_AGGGCTCGTCTCTCAC_s6,0.9603994,-0.35768905,-0.26959035,0.112586245,0.4336804
E2L8_CCTCCTCAGTCTGCAT_s6,6.9697123,-0.812197,-0.7500895,-0.20016344,1.8083725
E2L6_CCGAACGAGCTCCACG_s6,0.6421766,-0.43132603,-0.46262544,0.088933945,-0.43763942
E2L4_TACCGAAGTCGGTACC_s6,8.223084,-0.8986605,-1.351225,0.20458685,1.0016501
E2L1_TCCAGAATCGGACAAG_s6,0.76332784,-0.39405614,-0.44061935,-0.5984481,0.44363242
E2L3_ACTGATGGTACGATGG_s6,-0.7943521,2.1089606,0.9000861,-1.239364,0.6718242
E2L6_ACACCAACAACCCTAA_s6,-1.1096958,2.3888392,0.018684812,-0.44101006,1.6692983
E2L2_TCCTAATGTTATGTGC_s6,7.865521,-0.40734708,-1.2081275,-0.4184062,2.1344254
E2L4_GTACAACAGAATTTGG_s6,0.9532861,0.18030421,0.29394272,-0.64887536,-0.4669143
E2L8_ACAGCCGCAACCGCTG_s6,-0.7501769,2.3765671,-0.056819797,0.45712584,1.3696561
E2L3_GAGTCATGTGTTCCTC_s6,-0.99479777,2.5591471,0.6475216,0.7944937,0.44357857
E2L3_GCACTAAAGCCTTCTC_s6,6.946644,0.11852225,-0.9299625,-0.21451597,2.0455425
E2L2_CATGCAATCCTATTGT_s6,0.6077314,-0.2040522,-0.3661561,-0.8506879,0.0629538
E2L3_ACATCGATCTGTGTGA_s6,6.7562304,-0.50142455,-0.9187981,0.76386,2.5739696
E2L3_ACCCAAATCGCTACAA_s6,6.7491655,-0.45330757,1.6243072,-0.44133145,1.7939749
E2L7_CATAGACGTCTTAGTG_s6,7.300598,-0.43652993,-0.8229884,-0.14849684,0.99842376
E2L1_AGACAGGAGAGTGGCT_s6,0.55725735,-0.29324266,0.33364585,-0.19215079,1.5304092
E2L2_TCCTCCCGTATCGTTG_s6,1.1183536,-0.19541958,0.08973307,-0.5297706,-0.3285238
E2L5_AAGCGAGTCCTTCTGG_s6,-0.7828516,2.373187,0.9015753,0.24323489,2.07298
E2L6_TGCAGGCCACACGCCA_s6,7.323406,-0.51479536,-1.1911538,0.078409985,1.722584
E2L5_CAGCGTGGTATCGAAA_s6,8.343991,-0.8294051,-1.2574617,0.8941202,0.549425
E2L4_CCGTTCAGTTACGATC_s6,-1.3832282,2.4436784,0.17796344,0.49732155,0.59392226
E2L3_AAGCCATTCGTCGGGT_s6,-1.3210869,2.4039233,-0.27399048,0.65563256,0.04358098
E2L8_GTACAACAGGAGAATG_s6,7.8091226,-0.034786705,-1.3319187,1.2079833,0.49678653
E2L7_ATCACTTGTAGTCGTT_s6,-0.8842903,2.4000745,0.7588331,-0.8390931,1.7415338
E2L5_TTCCGTGAGCGATGCA_s6,8.454652,-0.044237703,-1.718157,0.21049014,0.5391398
E2L1_TGTAACGAGATGCTGG_s6,0.81998545,-0.2232146,0.34096146,0.0364639,-0.26424038
E2L1_TGATCAGGTTCGGTAT_s6,7.4485474,-0.10781531,-1.0194013,-0.22146605,0.694294
E2L7_CACAGGCAGGCATCGA_s6,0.608234,-0.46057042,0.11982574,-0.09001665,0.37608385
E2L5_CGATGCGAGCTATCCA_s6,7.9502163,-0.7321832,-0.8323771,-0.47700602,1.4553757
E2L2_TTTCATGTCCACGTAA_s6,8.4624195,-0.6786479,-1.6729997,-0.004498765,0.54777545
E2L2_AAGCATCTCCCATAAG_s6,0.58390546,-0.38553038,-0.38873503,-0.22547923,1.2455833
E2L8_GACGTTATCCTAGCCT_s6,6.84207,-0.55971116,-1.129984,1.2752053,1.7828362
E2L8_TGTAAGCCACTGAGTT_s6,0.4138621,-0.10416708,0.2640871,0.59003425,-0.04440111
E2L2_TTCTCTCCAGTGGGTA_s6,7.6766834,-0.3606695,-0.3224051,0.10505776,1.3501669
E2L5_AGGCATTAGAGGTTAT_s6,0.4096556,-0.13161135,-0.55247337,-0.0672344,1.7072463
E2L6_TCCTGCAAGGCAATGC_s6,-1.6063492,2.9405813,0.3874137,0.3886615,0.9616308
E2L4_ATCGGCGCAAACGGCA_s6,6.3717504,-0.08542845,2.1512103,-1.2782218,1.4313139
E2L7_ACTATTCTCTCGACCT_s6,0.02220263,-0.20145874,-0.31141078,0.18730332,0.25375915
E2L5_AGTGCCGCATGAATAG_s6,8.172529,-0.55803984,-1.4547385,0.39008906,0.7735443
E2L4_TGATTCTAGATCACCT_s6,6.7307105,-0.10783125,2.1051264,-0.43152672,1.1776922
E2L5_TAACCAGCACTACAGT_s6,0.43402863,-0.48640946,0.06743875,1.4001545,0.29995385
E2L2_TGATGGTAGGTCACCC_s6,-0.71401584,2.5170236,0.11604336,-0.11071353,0.6217588
E2L2_TGCAGATGTTATGACC_s6,8.288321,-0.7732245,0.63740396,-0.56092805,2.2937503
E2L4_TCGATTTTCCGTGGTG_s6,8.5437765,-0.40389097,-1.5995836,1.0782341,2.1858432
E2L8_TGGGTTACATTGCCTC_s6,7.4178085,-0.02523822,-0.68792665,0.06127487,2.1164732
E2L1_TGCTTCGAGGTAACTA_s6,0.14735101,-0.027246092,-0.031078886,1.5078692,-1.0661826
E2L3_ATCGTGAAGAATTGTG_s6,8.029863,0.142954,-1.5466049,-0.36489874,0.8970164
E2L2_ACTTTGTTCATCGCAA_s6,0.58769506,-0.0711053,0.076907374,-0.592239,-0.336429
E2L6_GATTCTTCATTACTCT_s6,7.7642407,0.07319766,-1.1990783,-0.3803332,1.4731925
E2L1_GTTGCTCAGCTGCCTG_s6,-0.7321799,2.5013216,0.1715047,-0.1445694,0.6332731
E2L7_ATCTCTAAGGCCACTC_s6,0.17729276,-0.21464184,-0.009159377,1.019309,-1.4287225
E2L7_AAGCGTTGTCGCATTA_s6,0.40701893,-0.25329155,-0.071681,-0.06701334,-0.8059197
E2L6_CTACATTCAACGATTC_s6,7.514754,-0.35799,-1.0927364,-0.28813523,0.38739678
E2L2_TTAGTCTTCTGCGATA_s6,8.074101,-0.08109778,-1.1771691,1.7364488,1.2688513
E2L4_GTTGCGGAGCGGGTTA_s6,6.7881093,-0.8604637,-0.75679743,0.8207306,0.98710656
E2L1_AAACGAAGTACGGTTT_s6,7.4765306,-0.7749453,-1.1511693,0.32849848,1.4342778
E2L2_GATGTTGTCACATTGG_s6,8.348648,-0.3559002,-1.1103967,0.3600526,0.57864195
E2L5_CCGTTCAAGATTAGAC_s6,7.087241,-0.21662283,-1.5000364,0.92347276,0.7933991
E2L7_TAGGAGGGTAGACAGC_s6,0.7774674,0.13312092,-0.72716,-0.12546128,1.9273508
E2L6_ATCACAGTCGTGGGTC_s6,1.1363623,-0.24213779,-0.101220004,-0.22389399,0.08349493
E2L3_GGGACCTGTTCCTACC_s6,7.3108273,-0.2494993,-0.98289305,-0.62948257,1.1409976
E2L5_AGAAGTAGTTGCCGAC_s6,8.22775,-0.5043739,-1.0170791,0.1945767,0.08259785
E2L6_GAGATGGAGAAGTCCG_s6,0.382358,-0.083728656,0.32367408,-0.5326937,0.98180425
E2L7_TTGGGTATCCATAGGT_s6,7.051577,-0.31171507,-1.4115276,0.5577998,1.5386847
E2L2_GTTTGGAGTTGGGCCT_s6,7.722907,-0.43365702,-1.0506921,-0.26734668,0.7821819
E2L1_CGTTGGGCAGTGTATC_s6,0.41668695,-0.35531038,0.24008986,0.37240744,-0.28632137
E2L2_TGCGGGTTCAACTCTT_s6,0.83804846,-0.65906346,-0.164873,-0.4759577,-0.120758206
E2L4_GACCGTGGTCACCGCA_s6,7.7580185,-0.61917144,-0.74991953,0.15873966,2.3343618
E2L1_CTGTGAATCATGAGAA_s6,0.3085203,-0.22101447,-0.3097925,-0.4976353,-0.25411695
E2L8_GTCCACTAGGGTACGT_s6,8.177913,-0.6649098,-1.3780988,0.096458256,0.6233305
E2L3_AGGGTGACACATGGTT_s6,8.531407,-0.49169317,-0.83163625,0.88545716,0.75577426
E2L5_TTGTGTTCAATACAGA_s6,-0.7528794,2.3667426,-0.06682892,-0.28745553,0.74448735
E2L7_CAAGGGAAGTATTCCG_s6,0.09299638,-0.50969076,0.4729557,1.7712679,-0.5492769
E2L4_CGGGTCAAGCGGACAT_s6,8.024735,-0.03165616,-0.8515624,-0.045921236,1.711448
E2L3_AGGCATTGTAGTATAG_s6,7.155374,-0.5741843,-1.0732642,0.8937572,1.3068185
E2L6_TCTCACGTCTTCGACC_s6,7.839856,-0.7852479,-1.3122559,1.1300449,0.8406418
E2L4_GGTTCTCCAGTAGATA_s6,0.4687137,-0.29312843,0.2242836,-0.31128663,0.6972022
E2L1_GGGAAGTAGAAGAGCA_s6,7.723515,0.2559297,-1.1963359,0.09454773,-0.51512337
E2L5_CAATGACAGTCACGAG_s6,0.9979583,-0.56950116,0.30529457,1.0380214,0.76217747
E2L7_TGCGATACACTACCCT_s6,7.423679,-0.5092,-1.102535,0.6451462,1.625391
E2L4_CGAGTTATCGAATCCA_s6,0.24326697,-0.09329803,-0.049737394,1.9267012,-1.1646442
E2L3_TGATCTTGTAGTGTGG_s6,1.0289993,-0.5456684,0.19562247,-0.64085186,1.6216553
E2L5_ACTTTCATCGCTTGAA_s6,8.335144,-0.903734,-1.134564,-0.19424511,1.2454273
E2L8_GCTGAATTCTCGTGAA_s6,6.729451,-0.3060726,0.93873423,-0.30568105,1.4460957
E2L3_ATCGTAGAGTGGACTG_s6,-0.9193393,2.6341097,-0.42188627,1.1427022,0.84091526
E2L5_ATGGATCAGTAAACGT_s6,7.6253347,-0.7561932,-1.3706322,0.25038168,0.5599251
E2L6_AGTTCCCCAGTTTCAG_s6,7.998814,-0.43829995,-0.6895868,0.20418385,0.82985497
E2L3_TCTACATCAAGAAATC_s6,0.5144473,-0.39769152,0.11831243,-0.5992792,-0.07262847
E2L5_TCTCAGCTCGCGTGAC_s6,7.271776,-0.3225602,-0.6723673,0.26609236,0.71202195
E2L3_GTGAGGAAGCTGAAAT_s6,7.8857036,-0.49207082,-0.34396508,0.14180146,1.3517857
E2L6_AGGCCACTCTCGTGAA_s6,7.9188275,-0.6550999,-0.8897087,0.3121847,1.1436138
E2L7_TTGTTTGGTTAGGCTT_s6,6.2971454,-0.5333987,1.9886591,-1.1117887,1.6146219
E2L8_CCAATGAGTCATAAAG_s6,0.5589314,-0.26257217,0.6713839,0.41914862,0.0084373355
E2L5_CTCAACCTCTTACCGC_s6,7.5315995,-0.5885772,-1.0076609,0.46812278,2.1121902
E2L2_GTAATGCGTTAGGGTG_s6,7.388537,-0.4695434,-0.86822385,0.1894833,1.4104156
E2L2_CTCCCAAGTATGGTTC_s6,-1.1864887,2.694183,-0.056298807,-0.17752984,1.1851672
E2L3_GCGGATCTCAAGTTGC_s6,7.0847526,-0.9384879,-1.0911254,1.3217909,1.1396481
E2L2_TGATCAGTCGTTCCTG_s6,7.7344494,-0.48866814,-0.96867,0.31453502,0.9727388
E2L2_CAACCTCTCCTGGGTG_s6,7.2800555,-0.11842233,-1.4313475,0.90050113,1.4060706
E2L4_AATGGCTGTGTCCAAT_s6,0.6721893,-0.121758714,-0.13155335,-0.8530043,-0.4682084
E2L7_TCTTCCTGTTGACGGA_s6,0.4176147,0.2163617,0.22025397,-0.31841898,-0.41200346
E2L6_CAGGCCATCGTAGTGT_s6,-1.0172474,2.4909594,0.20718586,-0.809353,-0.07514912
